CASE_ID,ACCIDENT_YEAR,PROC_DATE,JURIS,COLLISION_DATE,COLLISION_TIME,OFFICER_ID,REPORTING_DISTRICT,DAY_OF_WEEK,CHP_SHIFT,POPULATION,CNTY_CITY_LOC,SPECIAL_COND,BEAT_TYPE,CHP_BEAT_TYPE,CITY_DIVISION_LAPD,CHP_BEAT_CLASS,BEAT_NUMBER,PRIMARY_RD,SECONDARY_RD,DISTANCE,DIRECTION,INTERSECTION,WEATHER_1,WEATHER_2,STATE_HWY_IND,CALTRANS_COUNTY,CALTRANS_DISTRICT,STATE_ROUTE,ROUTE_SUFFIX,POSTMILE_PREFIX,POSTMILE,LOCATION_TYPE,RAMP_INTERSECTION,SIDE_OF_HWY,TOW_AWAY,COLLISION_SEVERITY,NUMBER_KILLED,NUMBER_INJURED,PARTY_COUNT,PRIMARY_COLL_FACTOR,PCF_CODE_OF_VIOL,PCF_VIOL_CATEGORY,PCF_VIOLATION,PCF_VIOL_SUBSECTION,HIT_AND_RUN,TYPE_OF_COLLISION,MVIW,PED_ACTION,ROAD_SURFACE,ROAD_COND_1,ROAD_COND_2,LIGHTING,CONTROL_DEVICE,CHP_ROAD_TYPE,PEDESTRIAN_ACCIDENT,BICYCLE_ACCIDENT,MOTORCYCLE_ACCIDENT,TRUCK_ACCIDENT,NOT_PRIVATE_PROPERTY,ALCOHOL_INVOLVED,STWD_VEHTYPE_AT_FAULT,CHP_VEHTYPE_AT_FAULT,COUNT_SEVERE_INJ,COUNT_VISIBLE_INJ,COUNT_COMPLAINT_PAIN,COUNT_PED_KILLED,COUNT_PED_INJURED,COUNT_BICYCLIST_KILLED,COUNT_BICYCLIST_INJURED,COUNT_MC_KILLED,COUNT_MC_INJURED,PRIMARY_RAMP,SECONDARY_RAMP,LATITUDE,LONGITUDE,COUNTY,CITY,POINT_X,POINT_Y
6393664,2014,2014-06-18,9420,2014-02-17,1500,018555,,1,2,9,1500,0,2,4,,1,051,"MANOR ST","ROBERTS LN",420.00,N,N,A,-,N,,,,,,,,,,Y,2,0,1,1,A,-,03,22350,,N,F,A,A,A,H,-,A,D,0,,,Y,,Y,,C,02,1,0,0,0,0,0,0,0,1,"- ","- ",35.411740000000002,-119.01261,KERN,UNINCORPORATED,-119.01279221,35.411661070000001
6660150,2014,2014-10-23,9420,2014-09-30,2120,018068,9420,2,2,9,1500,0,3,5,,2,070,"OWENS ST","GRACE ST",200.00,S,N,A,-,N,,,,,,,,,,N,2,0,1,2,A,-,08,22107,,F,G,B,E,A,H,-,C,D,0,Y,,,,Y,,-,99,1,0,0,0,1,0,0,0,0,"- ","- ",35.384900000000002,-118.985,KERN,UNINCORPORATED,-118.98379,35.388300000000001
6749180,2014,2015-02-03,9426,2014-12-05,0320,016828,,5,3,9,1500,0,1,1,,2,500,"RT 5","RT 46",250.00,N,N,B,-,Y,,,5,,,,,,,Y,2,0,1,2,A,-,01,23152,A,N,C,C,A,A,H,-,C,D,0,,,,Y,Y,Y,A,01,1,0,0,0,0,0,0,0,0,"- ","- ",35.61694,-119.65407,KERN,UNINCORPORATED,-119.65401079999999,35.616984379999998
9102867,2020,2020-11-20,1500,2020-04-12,1659,201083,WA02,7,5,3,1510,0,0,0,,0,4401,"RT 46","VALLEY ROSE PKWY",0.00,,Y,A,-,Y,KER,6,46,-,-,47.380,H,-,W,Y,2,0,2,2,A,-,09,21803,A,N,D,C,A,A,H,-,A,A,0,,,,,Y,,A,01,1,1,0,0,0,0,0,0,0,"- ","- ",,,KERN,WASCO,-119.39609527587891,35.601497650146484
9176680,2020,2020-12-15,1508,2020-10-21,1132,126,6B,3,5,2,1508,0,0,0,,0,,"RT 33","CADET RD",12.00,S,N,A,-,Y,KER,6,33,-,-,14.430,H,-,N,Y,2,0,1,2,A,-,09,21802,A,N,D,D,A,A,H,-,A,D,0,,,,Y,Y,,G,27,1,0,0,0,0,0,0,0,0,"- ","- ",35.142601013183594,-119.46321105957031,KERN,TAFT,-119.41078948974609,35.095855712890625
81575107,2021,2021-09-21,1502,2021-09-08,0541,1062,,3,5,6,1502,0,0,0,,0,North,"OLIVE DR","SANTA FE WY",2040.00,E,N,A,-,N,,,,,,,,,,Y,2,0,2,2,A,-,08,22107,,N,A,C,A,A,H,-,B,D,0,,,,,Y,,A,07,2,0,0,0,0,0,0,0,0,"- ","- ",35.420341491699219,-119.17215728759766,KERN,BAKERSFIELD,-118.22359466552734,33.968177795410156
92057025,2023,2023-04-28,9420,2023-01-12,1733,021534,,4,2,9,1500,0,1,3,,2,223,"STATE ROUTE 223","ROCKPILE ROAD",5000.00,E,N,A,-,Y,KER,,223," "," ",24.218,H,,R,Y,1,1,1,2,A,-,08,22107,,N,A,2,A,A,H,-,D,D,0,,,,Y,Y,Y,A,07,1,0,0,0,0,0,0,0,0,"- ","- ",35.209339141845703,-118.77004241943359,KERN,UNINCORPORATED,-118.77004241943359,35.2093505859375
94419220,2024,2025-06-23,9420,2024-07-09,"10  ",021870,,2,3,9,1500,0,3,5,,2,050,"MINNER AVE","HURRLE AVE",295.00,W,N,A,-,N,,,,,,,,,,N,2,0,1,2,A,-,03,22350,,F,G,1,D,A,H,-,D,D,0,Y,,,,Y,,-,99,1,0,0,0,1,0,0,0,0,"- ","- ",35.418930053710938,-119.02890014648438,KERN,UNINCORPORATED,-119.02880859375,35.4189453125
94652204,2025,2025-04-16,9420,2025-03-16,"33  ",022464,,7,3,9,1500,0,1,3,,2,096,"SR-99 N/B","DAVID ROAD O/C",91.00,N,N,A,-,Y,KER,,99," "," ",5.361,H,,R,N,2,0,1,2,A,-,03,22350,,F,G,B,E,A,H,-,D,D,0,Y,,,,Y,,A,01,1,0,0,0,1,0,0,0,0,"- ","- ",35.094718933105469,-118.97940826416016,KERN,UNINCORPORATED,-118.97942352294922,35.094718933105469
91134702,2019,2019-12-03,9830,2019-11-29,0728,019271,,5,1,9,1500,0,1,3,,1,022,"SR-58 E/B","BORON AVE",6864.00,W,N,A,-,Y,,,58,,,,,,E,Y,2,0,1,1,A,-,08,22107,,N,F,A,A,A,H,-,A,D,0,,,,,Y,,D,22,1,0,0,0,0,0,0,0,0,"- ","- ",35.006820678710938,-117.67153167724609,KERN,UNINCORPORATED,-117.67153167724609,35.006526947021484
91267276,2020,2020-07-13,9420,2020-05-15,1730,016691,,5,2,9,1500,0,3,5,,2,050,"MERLE HAGGARD DRIVE","PARK MOUNTAIN DRIVE",224.00,W,N,A,-,N,,,,,,,,,,N,1,1,0,2,A,-,11,21954,A,N,G,B,D,A,H,-,A,D,0,Y,,,,Y,,N,60,0,0,0,1,0,0,0,0,0,"- ","- ",35.440868377685547,-119.02752685546875,KERN,UNINCORPORATED,-119.02754974365234,35.440837860107422
91350121,2020,2020-11-20,9420,2020-10-29,1645,018117,,4,2,9,1500,0,2,4,,1,052,"ROBERTS LANE","SANFORD DRIVE",0.00,,Y,A,-,N,,,,,,,,,,Y,1,1,0,1,A,-,03,22350,,N,E,J,A,A,H,-,A,D,0,,,Y,,Y,,C,02,0,0,0,0,0,0,0,1,0,"- ","- ",35.408500671386719,-119.04280853271484,KERN,UNINCORPORATED,-119.04279327392578,35.408740997314453
91390441,2020,2021-02-08,9420,2020-12-07,2500,017256,,1,4,9,1500,0,1,3,,2,178,"STATE ROUTE 178","DEMOCRAT ROAD",10560.00,W,N,B,-,Y,,,178,,,,,,,Y,1,1,0,1,A,-,01,23152,A,N,E,I,A,A,H,-,D,D,0,,,,,Y,Y,A,01,0,0,0,0,0,0,0,0,0,"- ","- ",35.515129089355469,-118.68424224853516,KERN,UNINCORPORATED,-118.68409729003906,35.514873504638672
91808563,2022,2022-07-01,9420,2022-06-22,1735,019316,,3,2,9,1500,0,3,5,,2,520,"FAMOSO ROAD","DRIVER ROAD",0.00,,Y,G,-,N,,,,,,,,,,Y,2,0,1,2,A,-,05,21752,D,N,B,C,A,A,H,-,A,D,0,,,,,Y,,A,01,1,0,0,0,0,0,0,0,0,"- ","- ",35.602039337158203,-119.20433807373047,KERN,UNINCORPORATED,-119.20433044433594,35.602046966552734
91943376,2022,2023-06-09,9420,2022-06-25,0338,020409,,6,3,9,1500,0,1,3,,1,119,"STATE ROUTE-119 (TAFT HIGHWAY)","PAR STREET",1778.00,E,N,A,-,Y,KER,,119,,,26.685,H,,R,Y,1,1,0,2,A,-,11,21954,A,F,G,B,E,A,H,-,D,D,0,Y,,,,Y,Y,N,60,0,0,0,1,0,0,0,0,0,"- ","- ",35.267158508300781,-119.10276794433594,KERN,UNINCORPORATED,-119.10276794433594,35.267162322998047
82265555,2023,2023-12-19,1502,2023-12-15,2015,P63,,5,5,6,1502,0,0,0,,0,CENTRA,"OLD RIVER RD","MING AV",610.00,S,N,A,-,N,,,,,,,,,,Y,2,0,6,2,A,-,01,23152,A,N,B,C,A,A,H,-,C,D,0,,,,,Y,Y,A,07,1,3,2,0,0,0,0,0,0,"- ","- ",35.340171813964844,-119.11403656005859,KERN,BAKERSFIELD,-119.11437225341797,35.338027954101562
84429068,2024,2024-10-14,1502,2024-08-05,2214,P75,,1,5,6,1502,0,0,0,,0,METRO,"8TH ST","P ST",22.00,W,N,A,-,N,,,,,,,,,,Y,2,0,1,2,A,-,01,23152,F,N,C,E,A,A,H,-,C,A,0,,,,,Y,,A,01,1,0,0,0,0,0,0,0,0,"- ","- ",35.364509582519531,-119.01148223876953,KERN,BAKERSFIELD,-119.01190185546875,35.364570617675781
84434169,2024,2024-10-17,1502,2024-10-14,2359,P63,,1,5,6,1502,0,0,0,,0,SOUTH,"OWL CREEK DR","CURRENT CREEK WY",0.00,,Y,A,-,N,,,,,,,,,,Y,2,0,1,2,A,-,01,23152,A,N,A,E,A,A,H,-,C,D,0,,,,,Y,Y,A,01,1,0,0,0,0,0,0,0,0,"- ","- ",35.302898406982422,-119.12203979492188,KERN,BAKERSFIELD,-119.12181854248047,35.302444458007812
90214502,2016,2016-07-01,9420,2016-06-23,0100,019649,,4,3,9,1500,0,3,5,,2,672,"CALIENTE BODFISH RD.","CALIENTE CREEK RD.",16896.00,N,N,A,-,N,,,,,,,,,,Y,2,0,1,1,A,-,08,22107,,N,F,A,A,A,H,-,D,D,0,,,,,Y,,A,01,1,0,0,0,0,0,0,0,0,"- ","- ",35.330449999999999,-118.58677,KERN,UNINCORPORATED,-118.58681384,35.331317669999997
90680140,2018,2018-03-12,9830,2018-02-01,2225,012724,,4,3,9,1500,0,1,2,,1,053,"UNITED STATES HIGHWAY 395","BROWN ROAD",3168.00,N,N,A,-,Y,,,395,,,,,,,Y,1,1,2,2,A,-,05,21460,,N,A,C,A,A,H,-,D,D,0,,,,,Y,,A,01,0,2,0,0,0,0,0,0,0,"- ","- ",35.673580169677734,-117.82644653320312,KERN,UNINCORPORATED,-117.82647705078125,35.673530578613281
90872746,2018,2018-11-30,9830,2018-11-24,0738,019271,,6,1,9,1500,0,1,3,,2,010,"SR-58 W/B",KEENE,528.00,W,N,C,-,Y,,,,,,,,,,Y,2,0,2,1,A,-,03,22350,,N,E,I,A,B,H,-,A,D,0,,,,,Y,,A,01,1,1,0,0,0,0,0,0,0,"- ","- ",35.132999420166016,-118.34053802490234,KERN,UNINCORPORATED,,
7008461,2015,2017-01-12,9420,2015-07-19,0900,019184,,7,1,4,1503,0,1,3,,2,090,"RT 99","WOOLLOMES AV",200.00,S,N,B,-,Y,KER,6,99,-,-,54.600,R,4,N,Y,2,0,2,2,A,-,03,22350,,N,C,C,A,A,H,-,A,D,1,,,,,Y,,A,01,1,0,1,0,0,0,0,0,0,"- ","- ",35.764789999999998,-119.24312999999999,KERN,DELANO,-119.24442077,35.748610339999999
8048394,2016,2016-05-26,1500,2016-05-03,0544,200939,NASCO,2,5,3,1510,0,0,0,,0,4401,"PALM AV","PROSPERITY LN",182.00,S,N,A,-,N,,,,,,,,,,Y,2,0,1,2,A,-,03,22350,,N,C,C,A,A,H,-,A,D,0,,,,,Y,,-,"- ",1,0,0,0,0,0,0,0,0,"- ","- ",,,KERN,WASCO,-119.34918303000001,35.606310499999999
8310124,2017,2017-12-27,1502,2017-02-07,1002,1149,,2,5,6,1502,0,0,0,,0,VALLEY,"UNION AV","PLANZ RD",295.00,S,N,A,-,N,,,,,,,,,,Y,2,0,1,2,A,-,16,29004,B,F,D,C,A,A,H,-,A,D,0,,,,,Y,,E,22,1,0,0,0,0,0,0,0,0,"- ","- ",35.32479,-119.00315999999999,KERN,BAKERSFIELD,-119.00311048,35.324110619999999
9313795,2021,2021-09-30,1500,2021-08-19,1148,202421,WA-02,4,5,3,1510,0,0,0,,0,4401,"MCCOMBS RD","SCOFIELD AV",0.00,,Y,A,-,N,,,,,,,,,,Y,2,0,1,2,A,-,12,22450,A,N,D,C,A,A,H,-,A,D,0,,,,,Y,,A,01,1,0,0,0,0,0,0,0,0,"- ","- ",,,KERN,WASCO,-119.40241241455078,35.615951538085938
9826631,2025,2025-07-10,1507,2025-04-18,"555 ",302,100,5,5,3,1507,0,0,0,,0,,"SANTA FE WY","CHERRY AV",0.00,,Y,A,-,N,,,,,,,,,,Y,2,0,6,2,A,-,09,21802,A,N,D,C,A,A,H,-,B,A,0,,,,,Y,,A,01,1,2,3,0,0,0,0,0,0,"- ","- ",35.477588653564453,-119.2430419921875,KERN,SHAFTER,-119.24305725097656,35.477611541748047
80993524,2019,2019-05-22,1502,2019-05-20,0230,1188,,1,5,6,1502,0,0,0,,0,South,"HOSKING AV","WIBLE RD",0.00,,Y,A,-,N,,,,,,,,,,Y,2,0,1,1,A,-,01,23152,A,N,E,I,A,A,H,-,C,D,0,,,,,Y,Y,A,01,1,0,0,0,0,0,0,0,0,"- ","- ",35.280788421630859,-119.04055023193359,KERN,BAKERSFIELD,-119.03897857666016,35.281391143798828
94773781,2025,2025-07-23,9420,2025-05-19,"345 ",023401,,1,3,9,1500,0,1,3,,2,430,"STATE ROUTE 43","BURBANK STREET",0.00,,Y,A,-,Y,KER,,43," "," ",14.319,H,,R,Y,1,1,0,2,A,-,12,22450,A,N,D,C,A,A,H,-,D,A,0,,,Y,,Y,,C,02,0,0,0,0,0,0,0,1,0,"- ","- ",35.470748901367188,-119.26096343994141,KERN,UNINCORPORATED,-119.26094818115234,35.470748901367188
91924265,2022,2022-11-22,9420,2022-10-13,2000,021260,,4,2,6,1502,0,1,3,,2,095,"SR-99 99 S/B TO HOSKING AVENUE","HOSKING AVENUE",1003.00,N,N,A,-,Y,,,,,,,,,,N,1,1,0,2,A,-,11,21954,A,N,G,B,D,A,D,-,C,D,0,Y,,,Y,Y,,N,60,0,0,0,1,0,0,0,0,0,"- ","- ",35.284259796142578,-119.02799224853516,KERN,BAKERSFIELD,-119.02799224853516,35.284259796142578
92022165,2023,2023-03-20,9420,2023-03-11,2200,020782,,6,3,9,1500,0,1,3,,2,177,SR-178,"RANCHERIA ROAD",17424.00,E,N,B,-,Y,KER,,178," "," ",14.341,H,,R,Y,2,0,1,1,A,-,03,22350,,N,E,J,A,A,C,-,D,D,0,,,Y,,Y,,C,02,1,0,0,0,0,0,0,0,1,"- ","- ",35.447490692138672,-118.78652954101562,KERN,UNINCORPORATED,-118.78655242919922,35.447509765625
92436124,2024,2024-07-11,9420,2024-05-19,1547,021845,,7,2,9,1500,0,1,3,,2,090,"SR-99 N/B",SR-46,4752.00,N,N,A,-,Y,KER,,99," "," ",45.157,H,,R,Y,2,0,1,1,A,-,08,22107,,N,F,A,A,A,H,-,A,D,0,,,Y,,Y,,C,02,1,0,0,0,0,0,0,0,1,"- ","- ",35.614299774169922,-119.21211242675781,KERN,UNINCORPORATED,-119.21208953857422,35.614303588867188
94587793,2025,2025-02-24,9426,2025-02-14,2115,022349,,5,2,9,1500,0,1,1,,2,502,"I-5 S/B",SR-46,11616.00,S,N,A,-,Y,KER,,5," "," ",70.800,H,,L,Y,2,0,1,2,A,-,08,22107,,N,C,C,A,A,H,-,D,D,0,,,,Y,Y,,A,01,1,0,0,0,0,0,0,0,0,"- ","- ",35.590019226074219,-119.63057708740234,KERN,UNINCORPORATED,-119.63057708740234,35.590023040771484
94666239,2025,2025-04-28,9420,2025-04-20,"520 ",022819,,7,3,9,1500,0,2,4,,1,072,"CALIFORNIA AVE","WEBSTER ST",549.00,E,N,A,-,N,,,,,,,,,,Y,2,0,3,2,A,-,03,22350,,N,C,E,A,A,H,-,B,D,0,,,,,Y,Y,A,01,1,0,2,0,0,0,0,0,0,"- ","- ",35.368579864501953,-118.961181640625,KERN,UNINCORPORATED,-118.96192932128906,35.368598937988281
94749233,2025,2025-07-07,9420,2025-06-25,"548 ",021134,,3,3,9,1500,0,3,5,,2,630,"SR-99 S/B TO HOUGHTON RD","HOUGHTON RD",0.00,,Y,A,-,N,,,,,,,,,,Y,2,0,2,2,A,-,12,22450,A,N,D,C,A,A,H,-,A,D,0,,,,,Y,,D,22,2,0,0,0,0,0,0,0,0,"- ","- ",35.237358093261719,-119.01667785644531,KERN,UNINCORPORATED,-119.01510620117188,35.237556457519531
90549334,2017,2017-09-18,9420,2017-09-10,1952,019868,,7,2,9,1500,0,3,5,,2,070,"FLOWER ST","HALEY ST",50.00,W,N,A,-,N,,,,,,,,,,N,2,0,1,2,A,-,11,21954,A,N,G,B,D,A,H,-,D,D,0,Y,,,,Y,,N,60,1,0,0,0,1,0,0,0,0,"- ","- ",35.383690000000001,-118.97895,KERN,UNINCORPORATED,-118.97890013,35.383680290000001
90884275,2018,2018-12-17,9420,2018-12-07,0750,016828,,5,1,9,1500,0,1,3,,1,650,SR-65,"LERDO HIGHWAY",0.00,,Y,E,-,Y,,,65,,,,,,,Y,2,0,1,2,A,-,12,22450,A,N,D,C,A,B,H,-,A,A,0,,,,,Y,,A,01,1,0,0,0,0,0,0,0,0,"- ","- ",35.498649597167969,-119.07689666748047,KERN,UNINCORPORATED,-119.07656860351562,35.498676300048828
91297097,2020,2020-09-01,9426,2020-08-27,1902,015472,,4,2,9,1500,0,1,3,,1,118,SR-119,"ELK HILLS RD",3168.00,E,N,A,-,Y,,,,,,,,,,Y,2,0,1,1,A,-,01,23152,A,N,E,I,A,A,H,-,A,A,0,,,,,Y,Y,D,22,1,0,0,0,0,0,0,0,0,"- ","- ",35.144401550292969,-119.16220092773438,KERN,UNINCORPORATED,-119.4356689453125,35.189151763916016
91588023,2021,2021-10-05,9830,2021-03-29,2203,021751,,1,3,9,1500,0,1,3,,1,031,"STATE ROUTE 14 NORTHBOUND","MYER ROAD",357.00,S,N,A,-,Y,,,14,,,,,,N,N,1,1,0,3,A,-,03,22350,,F,G,B,E,A,C,-,D,D,0,Y,,,,Y,,A,01,0,0,0,1,0,0,0,0,0,"- ","- ",35.040740966796875,-118.16979217529297,KERN,UNINCORPORATED,-118.16983032226562,35.040725708007812
91598632,2021,2022-03-21,9420,2021-10-04,2130,020409,,1,2,9,1500,0,2,4,,1,051,"N . CHESTER AVE","WASHINGTON AVE",0.00,,Y,A,-,N,,,,,,,,,,N,1,1,2,2,A,-,09,21453,C,F,D,C,A,A,H,-,C,A,0,,,Y,,Y,Y,A,07,0,2,0,0,0,0,0,1,0,"- ","- ",35.415531158447266,-119.02127838134766,KERN,UNINCORPORATED,-119.02121734619141,35.41546630859375
91795659,2022,2022-06-15,9420,2022-05-07,1545,020634,,6,2,9,1500,0,1,3,,2,091,"STATE ROUTE 99 SOUTHBOUND","7TH STANDARD ROAD",1450.00,N,N,A,-,Y,KER,,99,,R,30.773,H,,L,Y,1,1,0,1,A,-,08,22107,,N,E,I,A,A,H,-,A,D,0,,,,,Y,,A,01,0,0,0,0,0,0,0,0,0,"- ","- ",35.443408966064453,-119.08793640136719,KERN,UNINCORPORATED,-119.08792877197266,35.443431854248047
81386431,2020,2021-01-13,1502,2020-12-03,1918,1268,,4,5,6,1502,0,0,0,,0,Valley,"H ST","BELLE TERRACE",209.00,N,N,A,-,N,,,,,,,,,,Y,2,0,1,2,A,-,11,21954,A,N,G,B,D,A,H,-,C,D,0,Y,,,,Y,,N,60,1,0,0,0,1,0,0,0,0,"- ","- ",35.345939636230469,-119.02191162109375,KERN,BAKERSFIELD,-119.02130126953125,35.347251892089844
82107686,2023,2023-07-03,1502,2023-06-22,1655,1400,,4,5,6,1502,0,0,0,,0,,"TRUXTUN AV","WESTWIND DR",114.00,W,N,A,-,N,,,,,,,,,,N,2,0,1,2,A,-,11,21954,A,N,G,B,E,A,H,-,A,D,0,Y,,,,Y,,N,60,1,0,0,0,1,0,0,0,0,"- ","- ",35.374038696289062,-119.04206848144531,KERN,BAKERSFIELD,-119.04290008544922,35.373882293701172
84679731,2025,2025-05-08,1502,2025-05-06,"131 ",P63,,2,5,6,1502,0,0,0,,0,SOUTH,"BERKSHIRE RD","PACIFIC PINES WAY",0.00,,Y,A,-,N,,,,,,,,,,Y,2,0,1,1,A,-,01,23152,A,N,E,I,A,A,H,-,C,D,0,,,,,Y,Y,A,01,1,0,0,0,0,0,0,0,0,"- ","- ",35.288848876953125,-119.07707977294922,KERN,BAKERSFIELD,,
90015234,2015,2015-10-19,9420,2015-08-20,0105,017243,,4,3,9,1500,0,1,3,,2,096,"SR 99, N/B","SANDRINI RD.",2112.00,S,N,A,-,Y,,,99,,,,,,N,Y,2,0,1,2,A,-,03,22350,,N,C,C,A,A,H,-,C,D,0,,,Y,,Y,,C,02,1,0,0,0,0,0,0,0,1,"- ","- ",35.119219999999999,-118.98712999999999,KERN,UNINCORPORATED,-118.98720582,35.119195959999999
90028964,2015,2017-09-01,9420,2015-08-18,0343,018117,,2,3,9,1500,0,3,5,,2,620,"BRIMHALL ROAD","SUPERIOR ROAD",3329.00,W,N,A,-,N,,,,,,,,,,Y,1,1,2,1,A,-,01,23152,A,N,E,I,A,A,H,-,D,D,0,,,,,Y,Y,D,22,0,1,1,0,0,0,0,0,0,"- ","- ",35.368949999999998,-119.24532000000001,KERN,UNINCORPORATED,-119.24547303999999,35.368867109999997
90237419,2016,2016-08-04,9420,2016-07-30,1249,018608,,6,1,9,1500,0,3,5,,2,070,"PALM DRIVE","QUINCY ST.",100.00,N,N,A,-,N,,,,,,,,,,Y,2,0,3,2,A,-,03,22350,,N,D,C,A,A,H,-,A,D,0,,,,,Y,,A,01,1,0,2,0,0,0,0,0,0,"- ","- ",35.362749999999998,-118.90776,KERN,UNINCORPORATED,-118.96973022,35.380621929999997
6336631,2014,2016-05-10,1502,2014-01-09,2228,965,,4,5,6,1502,0,0,0,,0,,"RT 204","19TH ST",9.00,N,N,A,-,Y,KER,6,204,-,-,3.630,H,-,N,Y,2,0,1,2,A,-,11,21453,D,N,G,B,B,A,H,-,C,A,0,Y,,,,Y,Y,N,60,1,0,0,0,1,0,0,0,0,"- ","- ",,,KERN,BAKERSFIELD,-119.00291212,35.376271129999999
9520682,2022,2023-07-05,1502,2022-02-02,1818,1223,,3,5,6,1502,0,0,0,,0,SOUTH,"PANAMA LN","AKERS RD",546.00,W,N,A,-,N,,,,,,,,,,Y,1,1,3,4,A,-,05,21650,,F,A,C,A,A,H,-,C,D,0,,,,,Y,,A,01,1,1,1,0,0,0,0,0,0,"- ","- ",35.295730590820312,-119.04994964599609,KERN,BAKERSFIELD,-119.04962921142578,35.295932769775391
82047219,2023,2023-04-18,1502,2023-04-14,1343,P45,,5,5,6,1502,0,0,0,,0,METRO,"UNION AV","ALPINE ST",446.00,N,N,A,B,N,,,,,,,,,,Y,2,0,3,7,A,-,01,23152,A,N,B,D,A,A,H,-,A,D,0,,,,,Y,Y,A,07,1,1,1,0,0,0,0,0,0,"- ","- ",35.369998931884766,-119.00250244140625,KERN,BAKERSFIELD,-119.00293731689453,35.370002746582031
90025531,2015,2015-10-19,9420,2015-09-24,0530,018909,,4,3,9,1500,0,2,4,,1,071,"FAIRFAX ROAD","EUCALYPTUS DRIVE",390.00,N,N,A,-,N,,,,,,,,,,N,2,0,1,2,A,-,07,21658,A,F,B,C,A,A,H,-,C,D,0,,,Y,,Y,,-,99,1,0,0,0,0,0,0,0,1,"- ","- ",35.369,-118.93201999999999,KERN,UNINCORPORATED,-118.93193176,35.366229959999998
90031109,2015,2015-10-19,9420,2015-09-21,1835,015896,,1,2,9,1500,0,3,5,,2,060,"NORRIS RD","CRESTMORE ST",25.00,E,N,A,-,N,,,,,,,,,,N,2,0,1,3,A,-,08,22107,,F,G,B,E,A,H,-,B,D,0,Y,,,,Y,Y,D,22,1,0,0,0,1,0,0,0,0,"- ","- ",35.419699999999999,-119.0783,KERN,UNINCORPORATED,-119.07823619,35.41968
90095780,2015,2016-01-21,9420,2015-12-18,1145,014811,,5,1,9,1500,0,1,3,,1,184,SR-184,"MOUNTAIN VIEW ROAD",0.00,,Y,A,-,Y,,,,,,,,,,Y,2,0,1,2,A,-,12,21453,A,N,D,C,A,A,H,-,A,A,0,,,,Y,Y,,G,25,1,0,0,0,0,0,0,0,0,"- ","- ",35.165300000000002,-118.54518,KERN,UNINCORPORATED,,
91560381,2021,2021-09-01,9420,2021-08-20,2110,021296,,5,2,9,1500,0,3,5,,2,672,"PANAMA LN.","OSWELL ST.",1056.00,E,N,A,-,N,,,,,,,,,,Y,2,0,5,3,A,-,05,21650,,F,A,C,A,A,H,-,D,D,0,,,,,Y,,D,22,2,3,0,0,0,0,0,0,0,"- ","- ",35.295970916748047,-118.94989776611328,KERN,UNINCORPORATED,,
91879139,2022,2022-09-30,9420,2022-09-28,1753,021534,,3,2,9,1500,0,2,4,,1,075,"SOUTH UNION AVE","MING AVE",150.00,S,N,A,-,N,,,,,,,,,,Y,2,0,1,2,A,-,03,22350,,N,C,C,A,A,H,-,A,D,0,,,,,Y,,A,01,1,0,0,0,0,0,0,0,0,"- ","- ",35.338829040527344,-119.00295257568359,KERN,UNINCORPORATED,-119.00309753417969,35.339076995849609
92265808,2023,2023-12-19,9830,2023-12-13,"740 ",017237,,3,1,9,1500,0,3,5,,2,003,"BACKUS ROAD","58TH STREET WEST",0.00,,Y,A,-,N,,,,,,,,,,Y,2,0,2,2,A,-,09,21804,A,N,D,C,A,B,H,-,A,D,0,,,,,Y,,A,01,1,0,1,0,0,0,0,0,0,"- ","- ",34.950839996337891,-118.23435974121094,KERN,UNINCORPORATED,-118.23435211181641,34.950897216796875
92296207,2024,2024-03-14,9426,2024-01-07,2328,021365,,7,3,9,1500,0,1,3,,2,331,"STATE ROUTE 33","DENNIS ARK ROAD",956.00,N,N,A,-,Y,KER,,33," "," ",24.971,H,,R,Y,1,1,0,1,A,-,08,22107,,N,F,A,A,A,H,-,D,D,0,,,,,Y,,A,07,0,0,0,0,0,0,0,0,0,"- ","- ",35.196609497070312,-119.54531860351562,KERN,UNINCORPORATED,-119.54528045654297,35.196636199951172
90574541,2017,2017-10-19,9426,2017-10-16,0832,016921,,1,1,9,1500,0,1,1,,2,504,"I-5 S/B",SR-58,1056.00,S,N,A,-,Y,,,5,,,,,,S,Y,2,0,2,2,A,-,08,22107,,N,D,C,A,A,H,-,A,D,0,,,,,Y,,D,22,2,0,0,0,0,0,0,0,0,"- ","- ",35.396769999999997,-119.39421,KERN,UNINCORPORATED,-119.39438306,35.396533699999999
90697319,2017,2018-04-03,9420,2017-11-26,0325,020784,,7,3,9,1500,0,3,5,,2,672,"NORTH RANCHO DRIVE","HERRING ROAD",2640.00,N,N,A,-,N,,,,,,,,,,Y,1,1,3,2,A,-,05,21650,,N,A,C,A,A,H,-,D,D,0,,,,,Y,Y,M,46,1,2,0,0,0,0,0,0,0,"- ","- ",35.159149999999997,-118.85086,KERN,UNINCORPORATED,-118.85086219,35.158133069999998
90770305,2018,2018-07-16,9830,2018-07-15,0916,019317,,7,1,9,1500,0,1,3,,2,030,"SR-14 N/B","AVENUE A",2640.00,N,N,A,-,Y,,,14,,,,,,N,Y,2,0,2,1,A,-,01,23152,A,N,E,I,A,A,H,-,A,D,0,,,,,Y,Y,A,07,1,1,0,0,0,0,0,0,0,"- ","- ",34.828670501708984,-118.1697998046875,KERN,UNINCORPORATED,-118.17002105712891,34.82867431640625