CASE_ID,ACCIDENT_YEAR,PROC_DATE,JURIS,COLLISION_DATE,COLLISION_TIME,OFFICER_ID,REPORTING_DISTRICT,DAY_OF_WEEK,CHP_SHIFT,POPULATION,CNTY_CITY_LOC,SPECIAL_COND,BEAT_TYPE,CHP_BEAT_TYPE,CITY_DIVISION_LAPD,CHP_BEAT_CLASS,BEAT_NUMBER,PRIMARY_RD,SECONDARY_RD,DISTANCE,DIRECTION,INTERSECTION,WEATHER_1,WEATHER_2,STATE_HWY_IND,CALTRANS_COUNTY,CALTRANS_DISTRICT,STATE_ROUTE,ROUTE_SUFFIX,POSTMILE_PREFIX,POSTMILE,LOCATION_TYPE,RAMP_INTERSECTION,SIDE_OF_HWY,TOW_AWAY,COLLISION_SEVERITY,NUMBER_KILLED,NUMBER_INJURED,PARTY_COUNT,PRIMARY_COLL_FACTOR,PCF_CODE_OF_VIOL,PCF_VIOL_CATEGORY,PCF_VIOLATION,PCF_VIOL_SUBSECTION,HIT_AND_RUN,TYPE_OF_COLLISION,MVIW,PED_ACTION,ROAD_SURFACE,ROAD_COND_1,ROAD_COND_2,LIGHTING,CONTROL_DEVICE,CHP_ROAD_TYPE,PEDESTRIAN_ACCIDENT,BICYCLE_ACCIDENT,MOTORCYCLE_ACCIDENT,TRUCK_ACCIDENT,NOT_PRIVATE_PROPERTY,ALCOHOL_INVOLVED,STWD_VEHTYPE_AT_FAULT,CHP_VEHTYPE_AT_FAULT,COUNT_SEVERE_INJ,COUNT_VISIBLE_INJ,COUNT_COMPLAINT_PAIN,COUNT_PED_KILLED,COUNT_PED_INJURED,COUNT_BICYCLIST_KILLED,COUNT_BICYCLIST_INJURED,COUNT_MC_KILLED,COUNT_MC_INJURED,PRIMARY_RAMP,SECONDARY_RAMP,LATITUDE,LONGITUDE,COUNTY,CITY,POINT_X,POINT_Y
91023014,2019,2019-07-03,9420,2019-06-27,2130,018387,,4,2,6,1502,0,2,4,,1,051,"N. CHESTER AVE","E. MONETA AVE.",0.00,,Y,A,-,N,,,,,,,,,,Y,2,0,1,2,A,-,09,21801,A,N,D,C,A,A,H,-,C,D,0,,,Y,,Y,Y,A,07,1,0,0,0,0,0,0,0,1,"- ","- ",35.409500122070312,-119.02089691162109,KERN,BAKERSFIELD,-119.02095031738281,35.409561157226562
91303774,2020,2020-10-01,9420,2020-09-04,0420,020093,,5,3,9,1500,0,3,5,,2,050,"FERGUSON AVE","IRIS ST",76.00,W,N,A,-,Y,,,,,,,,,,Y,1,1,0,2,A,-,01,23152,A,N,E,A,A,A,H,-,C,D,0,,,Y,,Y,Y,C,02,0,0,0,0,0,0,0,1,0,"- ","- ",35.514598846435547,-119.01689910888672,KERN,UNINCORPORATED,-119.01674652099609,35.415851593017578
91444895,2021,2021-04-07,9420,2021-04-03,0955,018225,,6,1,9,1500,0,2,4,,1,072,"NILES STREET","GLENWOOD DRIVE",0.00,,Y,A,-,N,,,,,,,,,,Y,2,0,1,2,A,-,09,21801,A,N,D,C,A,A,H,-,A,A,0,,,Y,,Y,,A,01,1,0,0,0,0,0,0,0,1,"- ","- ",35.223300933837891,-118.57060241699219,KERN,UNINCORPORATED,-118.95188903808594,35.375965118408203
6292092,2014,2016-01-13,1502,2014-12-15,0605,1167,,1,5,6,1502,0,0,0,,0,,"24TH ST","OAK ST",250.00,W,N,B,-,Y,KER,6,178,-,R,1.710,H,-,W,N,1,1,0,2,A,-,11,21955,,N,G,B,D,A,H,-,D,D,0,Y,,,,Y,,N,60,0,0,0,1,0,0,0,0,0,"- ","- ",,,KERN,BAKERSFIELD,-119.01516603,35.38115097
6455950,2014,2014-07-10,9420,2014-04-15,1505,018377,,2,2,9,1500,0,3,5,,2,050,"BRISTOL AV","LOWELL DR",189.00,N,N,A,-,N,,,,,,,,,,Y,2,0,1,3,A,-,03,22350,,N,B,E,A,A,H,-,A,D,0,,,Y,,Y,,C,02,1,0,0,0,0,0,0,0,1,"- ","- ",35.433840000000004,-119.01725999999999,KERN,UNINCORPORATED,-119.01720238999999,35.433829969999998
6718187,2014,2015-03-13,9426,2014-11-17,0532,14794,,1,3,9,1500,0,1,3,,2,581,"RT 58","WASCO WY",2112.00,E,N,A,-,Y,KER,6,58,-,-,29.150,H,-,W,Y,1,1,1,2,A,-,09,21801,A,N,D,C,A,A,H,-,D,D,0,,,Y,,Y,,D,22,0,1,0,0,0,0,0,1,0,"- ","- ",35.39902,-119.43913999999999,KERN,UNINCORPORATED,-119.44072850000001,35.399080769999998
6854696,2015,2015-07-15,9420,2015-05-29,2210,019459,,5,3,9,1500,0,1,3,,1,119,"RT 119","GOSFORD RD",20.00,W,N,A,-,Y,KER,6,119,-,-,27.310,H,-,E,Y,1,1,0,2,A,-,01,23152,A,F,C,C,A,A,H,-,C,A,0,,,,,Y,Y,D,22,0,0,0,0,0,0,0,0,0,"- ","- ",35.267209999999999,-119.09174,KERN,UNINCORPORATED,-119.09234675,35.267133659999999
6889762,2015,2015-05-05,1502,2015-04-13,2040,P63,,1,5,6,1502,0,0,0,,0,VALLEY,"CHESTER AV","LA FRANCE DR",160.00,S,N,A,-,N,,,,,,,,,,Y,2,0,3,2,A,-,08,22107,,N,E,I,A,A,H,-,C,D,0,,,,,Y,,A,01,1,1,1,0,0,0,0,0,0,"- ","- ",,,KERN,BAKERSFIELD,-119.01916667,35.342610980000003
6938511,2015,2015-07-15,9420,2015-05-12,2330,019533,,2,3,9,1500,0,3,5,,2,550,"W TULARE AV","POPLAR AV",600.00,E,N,A,-,N,,,,,,,,,,Y,2,0,1,1,A,-,01,23152,A,N,E,I,A,A,H,-,D,D,0,,,,,Y,Y,D,22,1,0,0,0,0,0,0,0,0,"- ","- ",35.507150000000003,-119.29427,KERN,UNINCORPORATED,-119.29400616,35.507130019999998
92247763,2023,2023-11-29,9426,2023-10-01,1505,017321,,7,2,9,1500,0,3,5,,2,082,"MAIN DRAIN ROAD","7TH STANDARD ROAD",3432.00,N,N,A,-,N,,,,,,,,,,Y,1,1,1,1,A,-,08,22107,,N,F,A,A,A,H,-,A,D,0,,,,,Y,,M,46,1,0,0,0,0,0,0,0,0,"- ","- ",35.026531219482422,-119.03334045410156,KERN,UNINCORPORATED,-119.55883026123047,35.447662353515625
94424408,2024,2024-10-09,9420,2024-08-19,1150,020366,,1,1,9,1500,0,1,3,,2,090,"STATE ROUTE 99 (SR-99 N/B)","STATE ROUTE 46",1528.00,N,N,A,-,Y,KER,,99," "," ",44.595,H,,R,Y,1,1,0,1,A,-,08,22107,,N,E,I,A,A,H,-,A,D,0,,,,,Y,,D,22,0,0,0,0,0,0,0,0,0,"- ","- ",35.60614013671875,-119.21157073974609,KERN,UNINCORPORATED,-119.21167755126953,35.606136322021484
94515111,2024,2024-12-24,9830,2024-12-12,1337,019872,,4,1,3,1509,0,1,3,,2,012,"STATE ROUTE 58 E/B","DENNISON RD",1320.00,E,N,C,-,Y,KER,,58," ",R,93.104,H,,R,Y,2,0,1,1,A,-,01,23152,A,N,F,8,A,B,H,-,A,D,0,,,,,Y,Y,A,07,1,0,0,0,0,0,0,0,0,"- ","- ",35.136039733886719,-118.42659759521484,KERN,TEHACHAPI,-118.42652893066406,35.136146545410156
91576054,2021,2021-09-21,9426,2021-08-31,2228,016804,,2,3,9,1500,0,1,1,,2,504,"RT 5","STATION RD.",500.00,S,N,A,-,Y,,,5,,,,,,,Y,2,0,1,2,A,-,08,22107,,F,C,2,A,A,H,-,D,D,0,,,,Y,Y,,G,25,1,0,0,0,0,0,0,0,0,"- ","- ",35.331268310546875,-119.30169677734375,KERN,UNINCORPORATED,-119.30191040039062,35.330978393554688
91705751,2022,2022-02-22,9830,2022-02-12,2125,022390,,6,2,9,1500,0,1,3,,1,061,SR-178,"RANDSBURG WASH RD",9504.00,E,N,A,-,Y,SBD,,178,,,4.017,H,,R,Y,2,0,3,1,A,-,08,22107,,N,F,A,A,A,H,-,D,D,0,,,,,Y,,A,01,1,2,0,0,0,0,0,0,0,"- ","- ",35.637550354003906,-117.56842041015625,KERN,UNINCORPORATED,-117.56838226318359,35.637477874755859
91713377,2021,2022-03-02,9420,2021-11-19,0807,020672,,5,1,9,1500,0,1,3,,2,430,"STATE ROUTE 43","TAUSSIG AVENUE",19.00,N,N,E,-,Y,,,43,,,,,,,Y,1,1,2,2,A,-,03,22350,,N,D,C,A,A,H,-,A,A,0,,,,Y,Y,,A,01,2,0,0,0,0,0,0,0,0,"- ","- ",35.652408599853516,-119.33094024658203,KERN,UNINCORPORATED,-119.33092498779297,35.652408599853516
91789893,2022,2022-06-07,9420,2022-03-22,0450,021566,,2,3,9,1500,0,1,3,,2,091,"STATE ROUTE 99 SOUTHBOUND","MERCED AVENUE",2904.00,N,N,B,-,Y,KER,,99,,,39.676,H,,L,Y,1,1,0,2,A,-,03,22350,,N,C,C,A,A,H,-,D,D,0,,,,Y,Y,,G,25,0,0,0,0,0,0,0,0,0,"- ","- ",35.537269592285156,-119.19322204589844,KERN,UNINCORPORATED,-119.19325256347656,35.537261962890625
91835003,2022,2022-08-08,9830,2022-07-30,0055,022202,,6,3,9,1500,0,2,4,,1,032,"SIERRA HWY","MARIE AVE",90.00,N,N,A,-,N,,,,,,,,,,N,2,0,1,2,A,-,11,21956,A,N,G,B,E,A,H,-,D,D,0,Y,,,,Y,,N,60,1,0,0,0,1,0,0,0,0,"- ","- ",34.850070953369141,-118.16072845458984,KERN,UNINCORPORATED,-118.16077423095703,34.850143432617188
91862663,2022,2022-09-12,9830,2022-09-09,0449,022202,,5,3,9,1500,0,1,3,,1,031,"SR-14 S/B","PURDY AVE",0.00,,Y,A,-,Y,KER,,14,,R,14.390,H,,L,Y,2,0,2,2,A,-,09,21801,A,N,D,C,A,A,H,-,D,D,0,,,,Y,Y,,A,01,1,0,1,0,0,0,0,0,0,"- ","- ",35.024761199951172,-118.16602325439453,KERN,UNINCORPORATED,-118.16603088378906,35.024757385253906
90834937,2018,2018-10-12,9420,2018-09-29,1825,019531,,6,2,9,1500,0,3,5,,2,671,"LOWE STREET","CENTER STREET",160.00,S,N,A,-,N,,,,,,,,,,N,2,0,1,2,A,-,11,21954,A,N,G,B,E,A,H,-,B,D,0,Y,,,,Y,,N,60,1,0,0,0,1,0,0,0,0,"- ","- ",35.250160217285156,-118.92548370361328,KERN,UNINCORPORATED,-118.92549896240234,35.250141143798828
91281979,2020,2020-08-06,9420,2020-07-01,0805,017256,,3,1,9,1500,0,3,5,,2,040,"GRANITE ROAD","FAMOSO ROAD",1171.00,S,N,A,-,N,,,,,,,,,,Y,1,1,0,1,A,-,01,23152,A,N,E,I,A,A,H,-,A,D,0,,,,,Y,Y,A,01,0,0,0,0,0,0,0,0,0,"- ","- ",35.604789733886719,-118.95023345947266,KERN,UNINCORPORATED,-118.95028686523438,35.604755401611328
91293634,2020,2020-08-27,9420,2020-08-07,1320,017972,,5,1,9,1500,0,3,5,,2,671,"MALAGA RD","SUNSET BLVD",0.00,,Y,A,-,N,,,,,,,,,,Y,2,0,2,2,A,-,09,21802,A,N,D,C,A,A,H,-,A,D,0,,,,Y,Y,,G,25,1,1,0,0,0,0,0,0,0,"- ","- ",35.223461151123047,-118.8602294921875,KERN,UNINCORPORATED,-118.86028289794922,35.223480224609375
91296645,2020,2020-09-01,9420,2020-06-04,2318,021134,,4,3,9,1500,0,2,4,,1,075,"SOUTH UNION AVENUE NORTHBOUND","MING AVENUE",195.00,N,N,A,-,N,,,,,,,,,,Y,1,2,0,3,A,-,01,23152,A,N,E,I,A,A,H,-,C,D,0,,,,,Y,Y,A,07,0,0,0,0,0,0,0,0,0,"- ","- ",35.340229034423828,-119.00283050537109,KERN,UNINCORPORATED,-119.00311279296875,35.34002685546875
91298390,2020,2020-09-03,9426,2020-08-26,2345,019896,,3,3,9,1500,0,1,1,,2,502,"I-5 S/B","MAIN DRAIN RD",4224.00,S,N,A,-,Y,,,5,,,,,,S,Y,2,0,4,2,A,-,01,23152,A,N,C,C,A,A,H,-,D,D,0,,,,,Y,Y,A,01,2,2,0,0,0,0,0,0,0,"- ","- ",35.566360473632812,-119.60746002197266,KERN,UNINCORPORATED,-119.60740661621094,35.566421508789062
91536163,2021,2021-08-03,9426,2021-06-27,0013,018633,,7,3,9,1500,0,1,3,,2,330,SR-33,"LOKERN ROAD",0.00,,Y,A,-,Y,,,33,,,,,,,Y,1,1,0,2,A,-,09,21802,A,N,D,C,A,A,H,-,D,D,0,,,,Y,Y,,A,07,0,0,0,0,0,0,0,0,0,"- ","- ",35.397331237792969,-119.66480255126953,KERN,UNINCORPORATED,-119.66484069824219,35.397304534912109
82319895,2024,2024-02-22,1502,2024-02-15,1123,P45,,4,5,6,1502,0,0,0,,0,METRO,"CALIFORNIA AV","99 N OFF TO CALIFORNIA RAMP",0.00,,Y,B,-,Y,,,,,,,,,,N,2,0,1,2,A,-,05,21651,B,N,D,C,A,A,H,-,A,A,0,,,Y,,Y,,C,02,1,0,0,0,0,0,0,0,1,"- ","- ",35.368709564208984,-119.03988647460938,KERN,BAKERSFIELD,-119.00292205810547,35.368534088134766
90174183,2016,2016-05-06,9430,2016-04-27,0555,015185,,3,3,9,1500,0,1,1,,2,054,"I-5 N/B (GOLDEN STATE FREEWAY)","GRAPEVINE RD.",4224.00,N,N,A,-,Y,,,5,,,,,,N,Y,2,0,1,1,A,-,01,23152,A,N,E,I,A,A,H,-,D,D,0,,,,,Y,Y,A,01,1,0,0,0,0,0,0,0,0,"- ","- ",34.951410000000003,-118.93398000000001,KERN,UNINCORPORATED,-118.93407606,34.95137965
90201579,2016,2016-07-19,9420,2016-05-14,2315,017560,,6,3,9,1500,0,1,3,,1,119,"STATE ROUTE 119 (TAFT HIGHWAY)","GREEN ROAD",615.00,W,N,A,-,Y,,,119,,,,,,,Y,1,1,1,2,A,-,01,23152,A,N,C,C,A,A,H,-,D,D,0,,,Y,,Y,Y,C,02,0,0,1,0,0,0,0,1,0,"- ","- ",35.26717,-119.12175000000001,KERN,UNINCORPORATED,-119.12174987,35.26721757
90482099,2017,2017-06-20,9420,2017-06-11,1120,018116,,7,1,9,1500,0,2,4,,1,052,"ROBERTS LANE E/B TO MANOR STREET S/B",MANOR,233.00,W,N,A,-,N,,,,,,,,,,N,2,0,1,1,A,-,03,22350,,N,E,I,A,A,H,-,A,D,0,,,Y,,Y,,C,02,1,0,0,0,0,0,0,0,1,"- ","- ",35.409959999999998,-119.01302,KERN,UNINCORPORATED,-119.01305157,35.410162999999997
90502680,2017,2017-09-12,9495,2017-06-23,1230,019834,,5,1,9,1500,0,1,3,,1,011,"STATE ROUTE 41","YORK AVENUE",16368.00,S,N,A,-,Y,,,41,,,,,,,Y,1,1,5,2,A,-,08,22107,,N,D,C,A,A,H,-,A,D,0,,,,,Y,,A,01,1,3,1,0,0,0,0,0,0,"- ","- ",35.780149999999999,-120.1288,KERN,UNINCORPORATED,-120.12877478,35.780083329999997
90599192,2017,2017-11-21,9830,2017-11-14,2325,019900,,2,3,9,1500,0,2,4,,1,026,"BUSINESS ROUTE 58 EAST","PROTEUS RD.",800.00,W,N,A,-,Y,,,,,,,,,,Y,2,0,2,1,A,-,08,22107,,N,F,A,A,A,H,-,D,D,0,,,,,Y,,A,07,1,0,1,0,0,0,0,0,0,"- ","- ",35.034689999999998,-118.11418,KERN,UNINCORPORATED,,
8614762,2018,2018-05-01,1509,2018-04-13,2235,988,W,5,5,3,1509,0,0,0,,0,001,"MEADOWBROOK CT","UTILITY POLE #2365540E",60.00,W,N,A,-,N,,,,,,,,,,N,2,0,1,2,A,-,00,20001,B,F,G,B,E,A,H,-,C,D,0,Y,,,,Y,,A,01,1,0,0,0,1,0,0,0,0,"- ","- ",35.115749359130859,-118.45323944091797,KERN,TEHACHAPI,,
9024421,2019,2020-01-21,1500,2019-09-26,1925,202381,WA02,4,5,3,1510,0,0,0,,0,4401,"E ST","6TH ST",0.00,,Y,A,-,N,,,,,,,,,,N,2,0,1,2,D,-,00,,,N,G,B,C,A,H,-,D,D,0,Y,,,,Y,,-,"- ",1,0,0,0,1,0,0,0,0,"- ","- ",,,KERN,WASCO,-119.33509826660156,35.595588684082031
9828877,2025,2025-07-02,1511,2025-05-18,2143,53341,3,7,5,2,1511,0,0,0,,0,00A,"CALIFORNIA CITY BL","72ND ST",0.00,,Y,A,-,N,,,,,,,,,,Y,2,0,1,1,A,-,00,23123,,N,E,I,A,A,H,-,C,D,0,,,,,Y,,A,01,1,0,0,0,0,0,0,0,0,"- ","- ",35.125801086425781,-117.99997711181641,KERN,"CALIFORNIA CITY",-117.99906158447266,35.125560760498047
81002636,2019,2019-06-04,1502,2019-06-01,2119,1185,,6,5,6,1502,0,0,0,,0,South,"DISTRICT BL","ASHE RD",20.00,W,N,A,-,N,,,,,,,,,,Y,2,0,1,2,A,-,03,22350,,N,C,C,A,A,H,-,C,A,0,,,Y,,Y,Y,A,01,1,0,0,0,0,0,0,0,1,"- ","- ",35.313129425048828,-119.07450866699219,KERN,BAKERSFIELD,-119.07451629638672,35.313121795654297
81425762,2021,2021-03-12,1502,2021-03-04,1857,1223,,4,5,6,1502,0,0,0,,0,North,"ROSEDALE HWY","DEAN AV",46.00,E,N,A,-,Y,,,,,,,,,,Y,1,1,0,2,A,-,11,21954,A,N,G,B,D,A,H,-,C,D,0,Y,,,,Y,,N,60,0,0,0,1,0,0,0,0,0,"- ","- ",35.383548736572266,-119.11727142333984,KERN,BAKERSFIELD,-119.11692810058594,35.383548736572266
81843091,2021,2022-08-18,1502,2021-12-06,1821,1213,,1,5,6,1502,0,0,0,,0,METRO,"UNION AV","20TH ST",61.00,S,N,A,-,N,,,204,,,,,,,N,1,1,0,2,A,-,11,21954,A,N,G,B,D,A,H,-,D,D,0,Y,,,,Y,,N,60,0,0,0,1,0,0,0,0,0,"- ","- ",35.376220703125,-119.00321960449219,KERN,BAKERSFIELD,-119.00291442871094,35.376216888427734
6290480,2014,2014-05-09,9420,2014-04-09,1500,17061,,3,2,9,1500,0,3,5,,2,672,"EUCALYPTUS DR","ORANGEWOOD ST",0.00,,Y,A,-,N,,,,,,,,,,Y,1,1,4,2,A,-,05,21650,,N,A,C,A,A,H,-,A,D,0,,,,,Y,,A,01,1,1,2,0,0,0,0,0,0,"- ","- ",35.365310000000001,-118.91042,KERN,UNINCORPORATED,-118.91064013,35.365320009999998
6290534,2014,2015-12-29,9420,2014-04-08,1326,19206,,2,1,9,1500,0,1,3,,2,178,"RT 178","KISSACK BAY RD",308.00,W,N,A,-,Y,KER,6,178,-,-,49.280,H,-,W,Y,1,2,0,2,A,-,05,21460,A,N,A,C,A,A,H,-,A,D,0,,,,,Y,,B,07,0,0,0,0,0,0,0,0,0,"- ","- ",35.64817,-118.41925000000001,KERN,UNINCORPORATED,-118.41926272000001,35.647771419999998
6291263,2014,2016-01-14,1509,2014-08-14,1555,932,T,4,5,3,1509,0,0,0,,0,2501,"VALLEY BL","S CURRY ST",0.00,,Y,A,-,N,,,,,,,,,,Y,1,1,0,2,A,-,03,22350,,N,G,B,D,A,H,-,A,D,0,Y,,,,Y,,A,07,0,0,0,1,0,0,0,0,0,"- ","- ",35.124560000000002,-118.45147,KERN,TEHACHAPI,-118.44992001,35.124310049999998
6597390,2014,2016-05-12,9430,2014-08-18,1040,016388,,1,1,9,1500,0,1,1,,2,053,"RT 5","GRAPEVINE RD",350.00,N,N,A,-,Y,KER,6,5,-,-,10.250,H,-,S,Y,2,0,5,3,A,-,07,21658,A,F,B,C,A,A,H,-,A,D,1,,,,,Y,Y,A,01,2,2,1,0,0,0,0,0,0,"- ","- ",34.940770000000001,-118.93109,KERN,UNINCORPORATED,-118.93097840999999,34.94020604
6951468,2015,2016-11-05,9420,2015-05-23,0500,017243,,6,3,6,1502,0,1,3,,2,093,"RT 99","OLIVE DR",855.00,N,N,A,-,Y,KER,6,99,-,-,28.030,H,-,S,Y,2,0,3,1,A,-,01,23152,A,N,E,I,A,A,H,-,B,D,1,,,,,Y,Y,A,01,1,1,1,0,0,0,0,0,0,"- ","- ",35.414749999999998,-119.05833,KERN,BAKERSFIELD,-119.05720418999999,35.41409616
8939135,2019,2021-05-25,1500,2019-01-28,1635,,,1,5,9,1500,0,0,0,,0,,"COMANCHE POINT RD","JACKS HILL RD",0.00,,Y,A,-,N,,,,,,,,,,N,1,1,0,2,A,-,12,22450,A,N,D,G,A,A,H,-,A,A,0,,Y,,,Y,,L,04,0,0,0,0,0,1,0,0,0,"- ","- ",35.094509124755859,-118.66098785400391,KERN,UNINCORPORATED,-118.66107940673828,35.094558715820312
92231112,2023,2023-11-08,9420,2023-10-28,2210,022151,,6,3,9,1500,0,2,4,,1,072,"VINELAND RD","VISTA COLINA DR",54.00,S,N,A,-,N,,,,,,,,,,N,2,0,2,2,A,-,01,23153,A,N,A,C,A,A,H,-,C,D,0,,,,,Y,Y,A,01,1,1,0,0,0,0,0,0,0,"- ","- ",35.359458923339844,-118.89649200439453,KERN,UNINCORPORATED,-118.89643096923828,35.359519958496094
94400574,2024,2024-09-19,9420,2024-09-12,2158,022464,,4,2,9,1500,0,1,3,,1,119,SR-119,"OLD RIVER ROAD",0.00,,Y,A,-,Y,KER,,119," "," ",26.286,H,,R,Y,2,0,1,1,A,-,01,23152,A,N,E,I,A,A,H,-,C,A,0,,,,,Y,Y,D,22,1,0,0,0,0,0,0,0,0,"- ","- ",35.267219543457031,-119.10954284667969,KERN,UNINCORPORATED,-119.10954284667969,35.267181396484375
94523019,2024,2025-01-02,9420,2024-12-13,1925,021144,,5,2,9,1500,0,1,3,,2,090,"SR-99 N/B","MERLE HAGGARD DR",10560.00,N,N,A,-,Y,KER,,99," "," ",32.885,H,,R,N,2,0,1,1,A,-,01,23152,A,N,F,A,A,A,H,-,D,D,0,,,Y,,Y,Y,C,02,1,0,0,0,0,0,0,0,1,"- ","- ",35.463611602783203,-119.11637115478516,KERN,UNINCORPORATED,-119.11639404296875,35.463588714599609
94532183,2024,2025-01-09,9426,2024-10-31,"656 ",019592,,4,1,9,1500,0,3,5,,2,085,"LERDO HIGHWAY","ROWLEE ROAD",0.00,,Y,A,-,N,,,,,,,,,,Y,1,1,0,2,A,-,12,22450,A,N,D,C,A,A,H,-,A,A,0,,,,Y,Y,,G,25,0,0,0,0,0,0,0,0,0,"- ","- ",35.500431060791016,-119.47467041015625,KERN,UNINCORPORATED,-119.47470092773438,35.500446319580078
94709548,2025,2025-06-02,9420,2025-05-23,"955 ",018607,,5,1,9,1500,0,2,4,,1,064,"OLIVE DRIVE","KNUDSEN DRIVE",100.00,E,N,A,-,N,,,,,,,,,,Y,2,0,1,1,A,-,08,22107,,N,E,A,A,A,H,-,A,D,0,,,,,Y,,M,97,1,0,0,0,0,0,0,0,0,"- ","- ",35.412250518798828,-119.058349609375,KERN,UNINCORPORATED,-119.05844116210938,35.412269592285156
90652324,2018,2018-01-31,9420,2018-01-27,1508,019459,,6,2,9,1500,0,3,5,,2,672,"WHEELER RIDGE ROAD","SANDRINI ROAD",1584.00,S,N,A,-,N,,,,,,,,,,Y,2,0,1,1,A,-,01,23152,A,N,E,I,A,A,H,-,A,D,0,,,,,Y,Y,D,22,1,0,0,0,0,0,0,0,0,"- ","- ",35.118850708007812,-118.91465759277344,KERN,UNINCORPORATED,-118.91464996337891,35.11767578125
90818050,2018,2018-09-20,9420,2018-07-23,2214,020672,,1,3,9,1500,0,2,4,,1,051,"MANOR STREET NORTHBOUND","CHINA GRADE LOOP",384.00,S,N,A,-,N,,,,,,,,,,Y,1,1,0,1,A,-,01,23152,A,N,E,I,A,A,H,-,C,D,0,,,,,Y,Y,A,07,0,0,0,0,0,0,0,0,0,"- ","- ",35.425579071044922,-119.01267242431641,KERN,UNINCORPORATED,-119.01266479492188,35.425731658935547
90982832,2019,2019-05-06,9420,2019-04-24,2010,019531,,3,2,9,1500,0,2,4,,1,072,"NILES STREET","WEST DRIVE",25.00,W,N,A,-,N,,,,,,,,,,N,2,0,1,2,A,-,11,21954,A,N,G,B,D,A,H,-,D,D,0,Y,,,,Y,,N,60,1,0,0,0,1,0,0,0,0,"- ","- ",35.3780517578125,-118.97428131103516,KERN,UNINCORPORATED,-118.97412109375,35.377967834472656
91273464,2020,2020-07-23,9420,2020-05-12,2030,016691,,2,2,9,1500,0,2,4,,1,075,"SOUTH UNION AVENUE","CURNOW ROAD",0.00,,Y,A,-,N,,,,,,,,,,Y,1,1,3,2,A,-,09,21802,A,N,D,C,A,A,H,-,D,A,0,,,,,Y,,A,01,2,1,0,0,0,0,0,0,0,"- ","- ",35.259571075439453,-119.00315856933594,KERN,UNINCORPORATED,-119.00314331054688,35.259552001953125
91461440,2021,2021-04-29,9420,2021-04-24,0155,021402,,6,3,9,1500,0,2,4,,1,072,"EDISON HIGHWAY","MOUNT VERNON AVENUE",200.00,E,N,A,-,N,,,,,,,,,,Y,2,0,1,2,A,-,08,22107,,F,D,C,A,A,H,-,C,D,0,,,,,Y,,-,99,1,0,0,0,0,0,0,0,0,"- ","- ",35.370849609375,-118.96678161621094,KERN,UNINCORPORATED,-118.96682739257812,35.370918273925781
92157073,2023,2023-08-29,9420,2023-07-24,"500 ",021632,,1,3,9,1500,0,3,5,,2,070,"STERLING ROAD","HILLBURN ROAD",20.00,N,N,A,-,N,,,,,,,,,,N,2,0,1,2,A,-,11,21954,A,F,G,B,D,A,H,-,C,D,0,Y,,,,Y,,N,60,1,0,0,0,1,0,0,0,0,"- ","- ",35.37969970703125,-118.94078826904297,KERN,UNINCORPORATED,-118.94081115722656,35.379653930664062
81229447,2019,2020-04-27,1502,2019-11-17,1735,1181,,7,5,6,1502,0,0,0,,0,Metro,"BRUNDAGE LN","T ST",6.00,E,N,A,-,N,,,,,,,,,,N,2,0,1,3,A,-,10,21950,A,F,G,B,B,A,H,-,C,D,0,Y,,,,Y,,-,99,1,0,0,0,1,0,0,0,0,"- ","- ",35.353031158447266,-119.00916290283203,KERN,BAKERSFIELD,-119.00850677490234,35.353919982910156
81359779,2020,2020-12-07,1502,2020-12-04,2351,1338,,5,5,6,1502,0,0,0,,0,Metro,"NILES ST","BROWN ST",82.00,W,N,A,-,N,,,,,,,,,,N,2,0,1,2,A,-,11,21954,A,N,G,B,D,A,H,-,C,D,0,Y,,,,Y,,N,60,1,0,0,0,1,0,0,0,0,"- ","- ",35.379291534423828,-118.97875213623047,KERN,BAKERSFIELD,-118.97893524169922,35.379135131835938
81373577,2020,2020-12-23,1502,2020-12-21,1220,1291,,1,5,6,1502,0,0,0,,0,Valley,"GATEWAY AV","ENTERPRISE WY",640.00,W,N,A,-,N,,,,,,,,,,Y,2,0,1,1,A,-,03,22350,,N,E,I,A,A,H,-,A,D,0,,,Y,,Y,,C,02,1,0,0,0,0,0,0,0,1,"- ","- ",35.350101470947266,-118.97406768798828,KERN,BAKERSFIELD,-118.97566986083984,35.349918365478516
81407335,2021,2021-02-12,1502,2021-02-09,1025,1347,,2,5,6,1502,0,0,0,,0,Metro,"TRUXTUN AV","WESTWIND DR",31.00,S,N,A,-,N,,,,,,,,,,N,2,0,2,2,A,-,09,21801,A,N,D,C,A,A,H,-,A,D,0,,,,,Y,,A,01,1,0,1,0,0,0,0,0,0,"- ","- ",35.374038696289062,-119.04206848144531,KERN,BAKERSFIELD,-119.04262542724609,35.373912811279297
90144658,2016,2016-03-28,9420,2016-03-17,0545,019868,,4,3,6,1502,0,1,3,,2,585,"SR-58, E/B FROM COTTONWOOD RD","COTTONWOOD RD",5.00,E,N,A,-,Y,,,58,,,,R,,E,N,2,0,1,2,A,-,10,21950,A,N,G,B,B,A,H,-,C,A,0,Y,,,,Y,,A,01,1,0,0,0,1,0,0,0,0,"- ","- ",35.35192,-118.98514,KERN,BAKERSFIELD,-118.98514,35.35192