CASE_ID,ACCIDENT_YEAR,PROC_DATE,JURIS,COLLISION_DATE,COLLISION_TIME,OFFICER_ID,REPORTING_DISTRICT,DAY_OF_WEEK,CHP_SHIFT,POPULATION,CNTY_CITY_LOC,SPECIAL_COND,BEAT_TYPE,CHP_BEAT_TYPE,CITY_DIVISION_LAPD,CHP_BEAT_CLASS,BEAT_NUMBER,PRIMARY_RD,SECONDARY_RD,DISTANCE,DIRECTION,INTERSECTION,WEATHER_1,WEATHER_2,STATE_HWY_IND,CALTRANS_COUNTY,CALTRANS_DISTRICT,STATE_ROUTE,ROUTE_SUFFIX,POSTMILE_PREFIX,POSTMILE,LOCATION_TYPE,RAMP_INTERSECTION,SIDE_OF_HWY,TOW_AWAY,COLLISION_SEVERITY,NUMBER_KILLED,NUMBER_INJURED,PARTY_COUNT,PRIMARY_COLL_FACTOR,PCF_CODE_OF_VIOL,PCF_VIOL_CATEGORY,PCF_VIOLATION,PCF_VIOL_SUBSECTION,HIT_AND_RUN,TYPE_OF_COLLISION,MVIW,PED_ACTION,ROAD_SURFACE,ROAD_COND_1,ROAD_COND_2,LIGHTING,CONTROL_DEVICE,CHP_ROAD_TYPE,PEDESTRIAN_ACCIDENT,BICYCLE_ACCIDENT,MOTORCYCLE_ACCIDENT,TRUCK_ACCIDENT,NOT_PRIVATE_PROPERTY,ALCOHOL_INVOLVED,STWD_VEHTYPE_AT_FAULT,CHP_VEHTYPE_AT_FAULT,COUNT_SEVERE_INJ,COUNT_VISIBLE_INJ,COUNT_COMPLAINT_PAIN,COUNT_PED_KILLED,COUNT_PED_INJURED,COUNT_BICYCLIST_KILLED,COUNT_BICYCLIST_INJURED,COUNT_MC_KILLED,COUNT_MC_INJURED,PRIMARY_RAMP,SECONDARY_RAMP,LATITUDE,LONGITUDE,COUNTY,CITY,POINT_X,POINT_Y
90627441,2017,2017-12-27,9830,2017-12-16,1930,019872,,6,2,9,1500,0,3,5,,2,005,SR-178,"NORTH CHARLES STREET",270.00,W,N,A,-,Y,,,,,,,,,,Y,2,0,1,1,A,-,08,22107,,N,F,A,A,A,H,-,D,D,0,,,,,Y,,D,22,1,0,0,0,0,0,0,0,0,"- ","- ",35.617899999999999,-117.76759,KERN,UNINCORPORATED,,
6291035,2014,2014-10-20,9420,2014-05-22,1510,15261,,4,2,9,1500,0,1,3,,2,091,"RT 99","KIMBERLINA RD",5280.00,N,N,A,-,Y,KER,6,99,-,-,42.180,H,-,S,Y,1,1,3,2,A,-,03,22350,,N,C,E,A,A,H,-,A,D,1,,,,,Y,,A,07,0,0,3,0,0,0,0,0,0,"- ","- ",35.572270000000003,-119.20144000000001,KERN,UNINCORPORATED,-119.20175685,35.573011299999997
6449398,2014,2015-11-17,9420,2014-03-27,0018,18524,,4,3,4,1503,0,1,3,,2,091,"RT 99","WOOLLOMES AV",2640.00,N,N,C,-,Y,KER,6,99,-,-,54.980,H,-,S,Y,2,0,1,1,A,-,01,23152,A,N,E,I,A,B,H,-,D,D,1,,,,,Y,Y,A,01,1,0,0,0,0,0,0,0,0,"- ","- ",35.753810000000001,-119.29679,KERN,DELANO,-119.24688612,35.753807399999999
8699923,2018,2018-10-01,1502,2018-07-11,2145,1225,,3,5,6,1502,0,0,0,,0,VALLEY,"PANAMA LN","MONITOR ST",251.00,E,N,A,-,N,,,,,,,,,,Y,2,0,1,2,A,-,11,21956,A,N,G,B,D,A,H,-,C,D,0,Y,,,,Y,,N,60,1,0,0,0,1,0,0,0,0,"- ","- ",35.295810699462891,-119.01239776611328,KERN,BAKERSFIELD,-119.01104736328125,35.295894622802734
8724808,2018,2018-11-13,1502,2018-10-05,0936,1195,,5,5,6,1502,0,0,0,,0,METRO,"BRUNDAGE LN","A ST",31.00,E,N,A,-,N,,,,,,,,,,Y,2,0,2,2,A,-,03,22350,,N,C,C,A,A,H,-,A,A,0,,,,,Y,,A,01,1,1,0,0,0,0,0,0,0,"- ","- ",35.354080200195312,-119.02922058105469,KERN,BAKERSFIELD,-119.02934265136719,35.354000091552734
9269021,2021,2021-05-26,1506,2021-05-14,1808,2692,36,5,5,4,1506,0,0,0,,0,,"S HELENA ST","W WILSON AV",0.00,,Y,A,-,N,,,,,,,,,,Y,2,0,3,2,A,-,01,23153,F,N,H,A,A,A,H,-,A,A,0,,,,,Y,,-,,2,0,1,0,0,0,0,0,0,"- ","- ",35.617069244384766,-117.6767578125,KERN,RIDGECREST,-117.6767578125,35.617069244384766
9320510,2022,2022-03-10,1507,2022-01-25,1800,281,20,2,5,3,1507,0,0,0,,0,,"S SHAFTER AV","ELIZABETH AV",643.00,S,N,A,-,N,,,,,,,,,,N,1,1,0,2,A,-,11,21954,A,F,G,B,E,A,H,-,B,D,0,Y,,,,Y,,N,60,0,0,0,1,0,0,0,0,0,"- ","- ",35.489009857177734,-119.27845001220703,KERN,SHAFTER,-119.27848052978516,35.487236022949219
91348040,2020,2020-11-18,9420,2020-11-13,1810,020529,,5,2,9,1500,0,3,5,,2,040,"ROUND MOUNTAIN RD.","CHINA GRADE LOOP",3696.00,E,N,A,-,N,,,,,,,,,,Y,2,0,1,1,A,-,03,22350,,N,E,I,A,A,H,-,D,D,0,,,Y,,Y,,C,02,1,0,0,0,0,0,0,0,1,"- ","- ",35.428249359130859,-119.95514678955078,KERN,UNINCORPORATED,-118.95549011230469,35.4281005859375
91368656,2020,2020-12-16,9420,2020-12-12,1840,020529,,6,2,9,1500,0,1,3,,2,431,SR-43,"WASCO AVE.",10.00,N,N,B,-,Y,,,43,,,,,,,Y,2,0,1,1,A,-,01,23152,A,N,F,A,A,A,H,-,C,A,0,,,,,Y,Y,A,07,1,0,0,0,0,0,0,0,0,"- ","- ",35.546249389648438,-119.33148193359375,KERN,UNINCORPORATED,-119.33138275146484,35.546306610107422
91650184,2021,2021-12-13,9420,2021-06-15,1557,017243,,2,2,9,1500,0,1,3,,1,650,SR-65,SR-155,9504.00,S,N,A,-,Y,,,65,,,,,,,Y,1,1,1,2,A,-,01,23152,F,N,A,C,A,A,H,-,A,D,0,,,,,Y,,A,01,1,0,0,0,0,0,0,0,0,"- ","- ",35.736648559570312,-119.05893707275391,KERN,UNINCORPORATED,-119.05899047851562,35.736660003662109
92114236,2023,2023-07-11,9426,2023-06-21,1025,017254,,3,1,9,1500,0,1,1,,2,502,"I-5 N/B","ROWLEE ROAD",2904.00,N,N,A,-,Y,KER,,5," "," ",58.608,H,,R,Y,1,1,1,2,A,-,08,22107,,N,C,C,A,A,H,-,A,D,0,,,,Y,Y,,A,07,0,1,0,0,0,0,0,0,0,"- ","- ",35.461399078369141,-119.48285675048828,KERN,UNINCORPORATED,-119.48285675048828,35.461406707763672
92267083,2023,2023-12-20,9420,2023-12-10,"804 ",021981,,7,1,9,1500,0,1,3,,2,178,"STATE ROUTE 178","178 KER 19.50",178.00,E,N,A,-,Y,KER,,178," "," ",19.674,H,,R,Y,2,0,1,1,A,-,03,22350,,N,E,I,A,A,H,-,A,D,0,,,,,Y,,A,01,1,0,0,0,0,0,0,0,0,"- ","- ",35.474178314208984,-118.72956085205078,KERN,UNINCORPORATED,-118.72955322265625,35.474197387695312
94447415,2024,2024-10-28,9420,2024-10-04,1413,021981,,5,2,9,1500,0,1,3,,2,179,"STATE ROUTE 178","ISABELLA WALKER PASS ROAD",1584.00,E,N,A,-,Y,KER,,178," "," ",79.081,H,,R,Y,2,0,1,1,A,-,03,22350,,N,E,I,A,A,H,-,A,D,0,,,Y,,Y,,C,02,1,0,0,0,0,0,0,0,1,"- ","- ",35.669410705566406,-118.03584289550781,KERN,UNINCORPORATED,-118.03583526611328,35.669326782226562
81286012,2020,2020-08-14,1502,2020-08-09,2327,1322,,7,5,6,1502,0,0,0,,0,Centra,"REAL RD","GINNELLI WY",15.00,N,N,A,-,N,,,,,,,,,,N,1,1,0,2,A,-,11,21954,A,N,G,B,D,A,H,-,D,D,0,Y,,,,Y,Y,N,60,0,0,0,1,0,0,0,0,0,"- ","- ",35.329238891601562,-119.04345703125,KERN,BAKERSFIELD,-119.04338836669922,35.3291015625
82396695,2024,2024-05-23,1502,2024-05-04,1126,1430,,6,5,6,1502,0,0,0,,0,,"34TH ST","Q ST",0.00,S,Y,A,-,N,,,,,,,,,,N,2,0,1,2,A,-,11,21461,5,F,G,B,B,A,H,-,A,A,0,Y,,,,Y,,N,60,1,0,0,0,1,0,0,0,0,"- ","- ",35.390979766845703,-119.01046752929688,KERN,BAKERSFIELD,-119.01054382324219,35.3905029296875
90042280,2015,2015-11-02,9830,2015-10-21,0820,014986,,3,1,9,1500,0,3,5,,2,003,"OAK CREEK RD.","TEHACHAPI WILLOW SPRINGS RD",5808.00,E,N,A,-,N,,,,,,,,,,Y,2,0,1,3,A,-,01,23152,E,N,B,C,A,A,H,-,A,D,0,,,,,Y,,A,01,1,0,0,0,0,0,0,0,0,"- ","- ",35.052610000000001,-118.33553000000001,KERN,UNINCORPORATED,-118.37211714999999,35.044989800000003
90116162,2016,2016-02-16,9420,2016-02-13,0830,018643,,6,1,9,1500,0,1,3,,2,430,SR-43,"SHERWOOD AVENUE",61.00,N,N,B,-,Y,,,43,,,,,,,Y,2,0,3,1,A,-,01,23152,A,N,E,I,A,A,H,-,A,D,0,,,,,Y,Y,A,01,1,2,0,0,0,0,0,0,0,"- ","- ",35.674680000000002,-119.32997,KERN,UNINCORPORATED,-119.33015983,35.67471991
91254713,2020,2020-06-22,9830,2020-06-17,1300,018450,,3,1,9,1500,0,3,5,,2,003,"MOJAVE-TROPICO RD","TROTTER AVE",10.00,N,N,A,-,N,,,,,,,,,,Y,2,0,1,1,A,-,03,22350,,N,E,I,A,A,H,-,A,D,0,,,Y,,Y,,C,02,1,0,0,0,0,0,0,0,1,"- ","- ",34.965629577636719,-118.21288299560547,KERN,UNINCORPORATED,-118.2127685546875,34.965469360351562
91298184,2020,2020-09-03,9420,2020-08-26,1439,021589,,3,2,9,1500,0,2,4,,1,052,"NORRIS RD","CALIFORNIA ST",0.00,,Y,A,-,N,,,,,,,,,,Y,2,0,2,2,A,-,09,21801,A,N,A,C,A,A,H,-,A,D,0,,,,,Y,,A,01,1,0,1,0,0,0,0,0,0,"- ","- ",35.419498443603516,-119.0234375,KERN,UNINCORPORATED,-119.0234375,35.419509887695312
7140015,2015,2015-12-17,1506,2015-11-04,1733,7854,4,3,5,4,1506,0,0,0,,0,,"WARD AV","PALO VERDE DR",286.00,W,N,A,-,N,,,,,,,,,,N,2,0,1,2,A,-,08,22107,,F,G,B,E,A,H,-,C,D,0,Y,,,,Y,,A,07,1,0,0,0,1,0,0,0,0,"- ","- ",,,KERN,RIDGECREST,-117.67292015,35.644359999999999
8166969,2016,2018-09-24,1503,2016-10-04,0612,10159,1503,2,5,4,1503,0,0,0,,0,ALL,"CECIL AV","BELMONT ST",82.00,E,N,A,-,N,,,,,,,,,,Y,1,1,0,2,A,-,10,21950,A,N,G,B,B,A,H,-,C,A,0,Y,,,,Y,,A,01,0,0,0,1,0,0,0,0,0,"- ","- ",,,KERN,DELANO,-119.25750386,35.7759
8648425,2018,2018-12-13,1511,2018-11-22,1611,53303,,4,5,2,1511,0,0,0,,0,DIRT,THUNDERBIRD,CHRYSLER,98.00,E,N,A,-,N,,,,,,,,,,N,1,1,0,2,A,-,09,21804,A,N,D,C,A,A,G,-,A,D,0,,,Y,,Y,,C,02,0,0,0,0,0,0,0,1,0,"- ","- ",,,KERN,"CALIFORNIA CITY",-117.81952667236328,35.199760437011719
8855469,2019,2019-05-10,1502,2019-04-24,1831,1195,,3,5,6,1502,0,0,0,,0,,"BERKSHIRE RD","HAYDEN HILL ST",0.00,,Y,A,-,N,,,,,,,,,,Y,2,0,2,2,A,-,09,21801,A,N,D,C,A,A,H,-,A,A,0,,,Y,,Y,,A,01,2,0,0,0,0,0,0,0,2,"- ","- ",35.288570404052734,-119.01518249511719,KERN,BAKERSFIELD,-119.01460266113281,35.288600921630859
9256285,2021,2021-07-06,1508,2021-05-30,1717,141,,7,5,2,1508,0,0,0,,0,,"RT 33","CADET RD",3386.00,N,N,A,-,Y,KER,6,33,-,-,15.080,H,-,S,Y,1,1,2,1,A,-,01,23153,,N,F,A,A,A,H,-,A,D,0,,,,,Y,Y,A,01,0,2,0,0,0,0,0,0,0,"- ","- ",,,KERN,TAFT,-119.41794586181641,35.10321044921875
9321095,2021,2023-06-20,1502,2021-08-18,2020,1268,,3,5,6,1502,0,0,0,,0,METRO,"OAK ST","CHESTER LN",237.00,N,N,A,-,N,,,,,,,,,,Y,1,1,0,1,A,-,08,22107,,N,E,I,A,A,H,-,C,A,0,,,,,Y,,A,07,0,0,0,0,0,0,0,0,0,"- ","- ",35.365760803222656,-119.03840637207031,KERN,BAKERSFIELD,-119.03881072998047,35.365589141845703
92300772,2023,2024-01-30,9420,2023-12-10,1600,021915,,7,2,9,1500,0,1,3,,2,177,SR-178,"EDISON POWERHOUSE 1",16896.00,E,N,A,-,Y,KER,,178," "," ",18.690,H,,R,Y,1,1,0,1,A,-,08,22107,,N,E,I,A,A,H,-,B,D,0,,,Y,,Y,,C,02,0,0,0,0,0,0,0,1,0,"- ","- ",35.479339599609375,-118.74202728271484,KERN,UNINCORPORATED,-118.74203491210938,35.479335784912109
94482230,2024,2024-11-25,9420,2024-11-18,"30  ",022153,,1,3,6,1502,0,1,3,,2,584,"SR-58 E/B","WASHINGTON STREET",250.00,W,N,A,-,Y,KER,,58," ",R,55.876,H,,R,Y,2,0,3,2,A,-,01,23152,A,N,C,C,A,A,H,-,C,D,0,,,,,Y,Y,A,01,1,0,2,0,0,0,0,0,0,"- ","- ",35.352161407470703,-118.97724914550781,KERN,BAKERSFIELD,-118.97724914550781,35.352287292480469
90829417,2018,2018-10-05,9420,2018-09-23,1629,019442,,7,2,9,1500,0,3,5,,2,520,"ELMO HWY.","FAMOSO PORTERVILLE HWY.",0.00,,Y,A,-,N,,,,,,,,,,Y,2,0,6,2,A,-,12,22450,A,N,D,C,A,A,H,-,A,A,0,,,,,Y,,A,08,1,5,0,0,0,0,0,0,0,"- ","- ",35.689159393310547,-119.17743682861328,KERN,UNINCORPORATED,-119.17745971679688,35.689140319824219
91164959,2020,2020-01-14,9420,2020-01-08,2340,019903,,3,3,9,1500,0,1,3,,1,184,"SR-184 (MORNING DRIVE)","LEXINGTON AVE",170.00,N,N,A,-,Y,,,184,,,,,,,Y,2,0,1,3,A,-,01,23152,A,N,C,E,A,A,H,-,D,D,0,,,,,Y,Y,A,01,1,0,0,0,0,0,0,0,0,"- ","- ",35.370899200439453,-118.91419982910156,KERN,UNINCORPORATED,-118.91423797607422,35.370899200439453
91222976,2020,2020-04-08,9426,2020-03-21,2010,019896,,6,2,9,1500,0,1,3,,1,332,SR-33,"KERTO RD",1056.00,N,N,B,-,Y,,,,,,,,,,Y,2,0,1,2,A,-,05,21460,A,N,B,C,A,A,H,-,D,D,0,,,Y,,Y,,C,02,1,0,0,0,0,0,0,0,1,"- ","- ",35.086719512939453,-119.49024200439453,KERN,UNINCORPORATED,-119.40242767333984,35.086563110351562
91304379,2020,2020-09-14,9420,2020-09-09,2250,019963,,3,3,9,1500,0,1,3,,2,097,"SR-99 S/B",SR-223,300.00,N,N,A,-,Y,,,99,,,,,,S,Y,2,0,1,2,A,-,03,22350,,N,C,C,A,A,H,-,D,D,0,,,,Y,Y,,A,01,1,0,0,0,0,0,0,0,0,"- ","- ",35.210781097412109,-119.01094818115234,KERN,UNINCORPORATED,-119.01082611083984,35.210800170898438
91798830,2022,2022-06-20,9420,2022-06-19,0050,021601,,7,3,9,1500,0,2,4,,1,072,"NILES STREET E/B","LOCUST RAVINE",47.00,E,N,A,-,N,,,,,,,,,,Y,2,0,1,2,A,-,01,23152,A,N,B,E,A,A,H,-,C,D,0,,,,,Y,Y,A,01,1,0,0,0,0,0,0,0,0,"- ","- ",35.375740051269531,-118.96421813964844,KERN,UNINCORPORATED,-118.96445465087891,35.375801086425781
92163754,2023,2023-09-06,9420,2023-08-27,"305 ",021983,,7,3,9,1500,0,3,5,,2,060,"SR-99 S/B FROM ROSEDALE HWY","SR-99 S/B",270.00,W,N,A,-,Y,,,,,,,,,,Y,2,0,1,1,A,-,03,22350,,N,E,I,A,A,H,-,C,D,0,,,Y,,Y,,C,02,1,0,0,0,0,0,0,0,1,"- ","- ",35.383598327636719,-119.04570007324219,KERN,UNINCORPORATED,-119.04570007324219,35.383598327636719
9426706,2022,2022-04-20,1507,2022-03-30,1500,281,16,3,5,3,1507,0,0,0,,0,,"N VALLEY ST","WEST LERDO HWY",0.00,,Y,A,-,N,,,,,,,,,,N,2,0,1,2,A,-,10,21950,A,F,G,B,B,A,H,-,A,A,0,Y,,,,Y,,E,22,1,0,0,0,1,0,0,0,0,"- ","- ",35.499839782714844,-119.28275299072266,KERN,SHAFTER,-119.28275299072266,35.499862670898438
9473303,2022,2022-08-11,1506,2022-07-16,2332,0242,35,6,5,4,1506,0,0,0,,0,,"S SUNSET PL","S HELENA ST",51.00,E,N,A,-,N,,,,,,,,,,N,2,0,1,2,A,-,00,20001,B,M,G,B,E,A,H,-,C,D,0,Y,,,,Y,,A,01,1,0,0,0,1,0,0,0,0,"- ","- ",35.619369506835938,-117.68158721923828,KERN,RIDGECREST,,
9703142,2024,2024-07-25,1509,2024-05-04,2230,1029,E,6,5,3,1509,0,0,0,,0,,"E TEHACHAPI BLVD","S HAYES ST",0.00,,Y,C,-,N,,,,,,,,,,Y,2,0,1,1,A,-,03,22350,,N,H,A,A,B,H,-,C,A,0,,,Y,,Y,,C,02,1,0,0,0,0,0,0,0,1,"- ","- ",35.131309509277344,-118.44114685058594,KERN,TEHACHAPI,-118.44113159179688,35.131309509277344
81408060,2021,2021-02-15,1502,2021-01-10,1258,1223,,7,5,6,1502,0,0,0,,0,North,"HAGEMAN RD","COFFEE RD",0.00,,Y,A,-,N,,,,,,,,,,Y,1,1,1,2,A,-,09,21453,C,N,D,C,A,A,H,-,A,B,0,,,Y,,Y,Y,A,07,1,0,0,0,0,0,0,1,1,"- ","- ",35.401378631591797,-119.09219360351562,KERN,BAKERSFIELD,-119.09233856201172,35.401473999023438
84444990,2024,2024-10-25,1502,2024-10-02,"624 ",P99,,3,5,6,1502,0,0,0,,0,NORTH,"KRATZMEYER RD","SANTA FE WY",88.00,E,N,A,-,N,,,,,,,,,,N,2,0,1,2,C,-,18,,,N,H,F,A,A,H,-,A,A,0,,,,Y,Y,,-,"- ",1,0,0,0,0,0,0,0,0,"- ","- ",35.420341491699219,-119.17215728759766,KERN,BAKERSFIELD,-119.17216491699219,35.419761657714844
90780279,2018,2018-07-30,9830,2018-07-21,0438,021534,,6,3,9,1500,0,1,3,,1,022,"SR-58 E/B","BORON AVE",528.00,E,N,A,-,Y,,,58,,,,,,E,Y,2,0,1,1,A,-,08,22107,,N,F,A,A,A,H,-,D,D,0,,,,,Y,,A,07,1,0,0,0,0,0,0,0,0,"- ","- ",35.010101318359375,-117.64517974853516,KERN,UNINCORPORATED,-117.64517974853516,35.010078430175781
6991368,2015,2017-04-15,9420,2015-07-11,2205,019723,,6,3,9,1500,0,1,3,,2,155,"RT 155","DRIVER RD",1056.00,E,N,A,-,Y,KER,6,155,-,R,2.670,H,-,W,N,2,0,1,2,A,-,03,22350,,N,C,G,A,A,H,-,D,D,0,,Y,,,Y,,A,01,1,0,0,0,0,0,1,0,0,"- ","- ",35.761560000000003,-119.20245,KERN,UNINCORPORATED,-119.20166632999999,35.761423360000002
5912176,2014,2014-11-21,1502,2014-01-19,2215,784,,7,5,6,1502,0,0,0,,0,,"UNION AV","BERKSHIRE RD",25.00,S,N,A,-,N,,,,,,,,,,Y,1,1,3,2,A,-,01,23152,A,F,C,C,A,A,H,-,C,A,0,,,,,Y,Y,A,01,0,1,2,0,0,0,0,0,0,"- ","- ",,,KERN,BAKERSFIELD,-119.00314,35.288561399999999
6291261,2014,2014-10-23,9426,2014-08-10,2307,16780,,7,3,9,1500,0,1,1,,2,506,"RT 5","COPUS RD",4488.00,S,N,A,-,Y,KER,6,5,-,-,22.080,H,-,S,Y,1,1,6,1,A,-,08,22107,,N,F,A,A,A,H,-,A,D,1,,,,,Y,,A,08,0,1,5,0,0,0,0,0,0,"- ","- ",35.086359999999999,-119.02813999999999,KERN,UNINCORPORATED,-119.02817245999999,35.086237709999999
6291567,2014,2014-11-12,9830,2014-10-04,0540,014774,,6,3,9,1500,0,1,3,,2,012,"RT 58","SAND CANYON RD",5386.00,E,N,A,-,Y,KER,6,58,-,R,100.510,H,-,E,Y,1,1,0,2,A,-,08,22107,,N,E,I,A,A,H,-,D,D,1,,,,Y,Y,,A,01,0,0,0,0,0,0,0,0,0,"- ","- ",35.100560000000002,-118.30897,KERN,UNINCORPORATED,-118.30916865,35.100669830000001
6292026,2014,2016-01-14,1502,2014-02-12,1709,965,,3,5,6,1502,0,0,0,,0,,"30TH ST","Q ST",113.00,W,N,A,-,N,,,,,,,,,,Y,1,1,0,2,A,-,11,21954,A,N,G,B,D,A,H,-,A,D,0,Y,,,,Y,Y,N,60,0,0,0,1,0,0,0,0,0,"- ","- ",,,KERN,BAKERSFIELD,-119.01093862,35.386470000000003
6292407,2015,2017-04-25,1502,2015-03-02,1952,784,,1,5,6,1502,0,0,0,,0,,"BRUNDAGE LN","U ST",48.00,W,N,B,C,N,,,,,,,,,,N,1,1,0,2,A,-,11,21954,A,F,G,B,D,B,H,-,B,D,0,Y,,,,Y,Y,N,60,0,0,0,1,0,0,0,0,0,"- ","- ",,,KERN,BAKERSFIELD,-119.00660076,35.353910769999999
6411124,2014,2014-06-30,9426,2014-03-04,1218,016780,,2,1,9,1500,0,3,5,,2,087,"OLD RIVER RD","RT 166",7392.00,N,N,B,-,N,,,,,,,,,,Y,2,0,3,1,A,-,08,22107,,N,F,A,A,A,H,-,A,D,0,,,,,Y,,D,22,1,0,2,0,0,0,0,0,0,"- ","- ",35.077440000000003,-119.12554,KERN,UNINCORPORATED,-119.12633503000001,35.076234200000002
6501282,2014,2014-08-04,1502,2014-05-09,2319,1120,,5,5,6,1502,0,0,0,,0,,"COTTONWOOD RD","BRADSHAW ST",47.00,N,N,A,-,N,,,,,,,,,,Y,2,0,2,1,A,-,08,22107,,N,E,I,A,A,H,-,D,D,0,,,,,Y,,A,01,1,0,1,0,0,0,0,0,0,"- ","- ",,,KERN,BAKERSFIELD,-118.98546025,35.334468960000002
6536793,2014,2015-09-11,1502,2014-05-24,0114,1137,,6,5,6,1502,0,0,0,,0,,"COVENTRY DR","LARSON LN",13.00,W,N,A,-,N,,,,,,,,,,Y,2,0,1,1,A,-,03,22350,,N,E,I,A,A,H,-,C,A,0,,,,,Y,,A,01,1,0,0,0,0,0,0,0,0,"- ","- ",,,KERN,BAKERSFIELD,-119.03849,35.328449999999997
6559296,2014,2014-08-14,9430,2014-07-07,2145,106750,,1,2,9,1500,0,3,5,,2,004,"WHEELER RIDGE RD","SANTA ELANA DR",359.00,S,N,A,-,N,,,,,,,,,,Y,2,0,2,1,A,-,16,24002,A,N,H,A,A,A,H,-,C,D,0,,,,Y,Y,,G,26,1,1,0,0,0,0,0,0,0,"- ","- ",34.994669999999999,-118.94252,KERN,UNINCORPORATED,-118.94272479999999,34.99460964
6569705,2014,2014-08-27,9420,2014-07-20,1335,015119,,7,1,9,1500,0,3,5,,2,040,"ALFRED HARRELL HWY","FAIRFAX RD",2640.00,E,N,A,-,N,,,,,,,,,,Y,2,0,4,1,A,-,01,23152,A,N,E,I,A,A,H,-,A,D,0,,,,,Y,Y,D,22,1,3,0,0,0,0,0,0,0,"- ","- ",35.426310000000001,-118.94114999999999,KERN,UNINCORPORATED,-118.95032999999999,35.423200000000001
6612500,2014,2014-09-16,9426,2014-08-28,1903,018932,,4,2,9,1500,0,3,5,,2,081,"ASH ST","MONROE ST",60.00,W,N,A,-,N,,,,,,,,,,N,2,0,1,2,A,-,08,22107,,N,G,B,E,A,H,-,A,D,0,Y,,,,Y,,A,01,1,0,0,0,1,0,0,0,0,"- ","- ",35.151499999999999,-119.45269999999999,KERN,UNINCORPORATED,-119.45270051999999,35.151421620000001
6634872,2014,2016-04-09,1500,2014-06-27,1919,202027,WA01,5,5,3,1510,0,0,0,,0,4401,"RT 46","MAGNOLIA AV",0.00,,Y,A,-,Y,KER,6,46,-,-,49.021,I,5,W,Y,2,0,3,2,A,-,04,21703,,N,C,C,A,A,H,-,A,-,0,,,,,Y,,-,,1,1,1,0,0,0,0,0,0,"- ","- ",,,KERN,WASCO,-119.36700449999999,35.601524949999998
6674094,2014,2014-12-19,9430,2014-10-11,1640,18235,,6,2,9,1500,0,2,4,,1,024,"MIL POTRERO HWY","PINE CYN DR",0.00,,Y,A,-,N,,,,,,,,,,Y,2,0,1,2,A,-,03,22350,,N,D,C,A,A,H,-,A,D,0,,,Y,,Y,,C,02,1,0,0,0,0,0,0,0,1,"- ","- ",,,KERN,UNINCORPORATED,-119.16667993,34.85097004
6702005,2014,2015-01-23,9426,2014-11-03,0510,015548,,1,3,9,1500,0,3,5,,2,086,"7TH STANDARD RD","BRANDT RD",3400.00,W,N,A,-,N,,,,,,,,,,Y,2,0,1,2,A,-,05,21650,,N,B,C,A,A,H,-,D,D,0,,,,Y,Y,,A,01,1,0,0,0,0,0,0,0,0,"- ","- ",35.442210000000003,-119.38755,KERN,UNINCORPORATED,-119.38740324,35.442144130000003
6718478,2014,2014-12-15,9420,2014-10-25,1950,19686,,6,2,9,1500,0,2,4,,1,075,"SOUTH UNION AV","GARDEN DR",0.00,,Y,A,-,N,,,,,,,,,,Y,1,1,0,2,A,-,09,21801,A,N,D,C,A,A,H,-,D,D,0,,,Y,,Y,,A,01,0,0,0,0,0,0,0,1,0,"- ","- ",35.305880000000002,-119.00299,KERN,UNINCORPORATED,-119.00313,35.30589003
6789598,2015,2015-02-17,1502,2015-01-09,2048,976,,5,5,6,1502,0,0,0,,0,,"CALLOWAY DR","MEACHAM RD",473.00,S,N,A,-,N,,,,,,,,,,Y,2,0,2,1,A,-,01,23153,A,N,E,I,A,A,H,-,C,D,0,,,Y,,Y,Y,C,02,2,0,0,0,0,0,0,0,2,"- ","- ",,,KERN,BAKERSFIELD,-119.11006,35.389442029999998
6825182,2015,2016-02-17,1502,2015-02-02,2034,P63,,1,5,6,1502,0,0,0,,0,HILL,"HALEY ST","HEIGHT ST",0.00,,Y,A,-,N,,,,,,,,,,N,2,0,1,2,A,-,12,21453,A,F,G,B,B,A,H,-,C,A,0,Y,,,,Y,,-,99,1,0,0,0,1,0,0,0,0,"- ","- ",,,KERN,BAKERSFIELD,-118.97633003,35.393880070000002
6884688,2015,2016-10-31,9420,2015-03-27,0907,14850,,5,1,9,1500,0,3,5,,2,510,"RT 43","CECIL AV",25.00,N,N,A,-,Y,KER,6,43,-,-,37.750,H,-,N,Y,2,0,1,1,A,-,12,22450,A,N,E,J,A,A,H,-,A,A,0,,,,,Y,,D,22,1,0,0,0,0,0,0,0,0,"- ","- ",,,KERN,UNINCORPORATED,-119.35018909,35.775743030000001
6905561,2015,2016-09-02,9420,2015-06-19,2152,018135,,5,2,9,1500,0,2,4,,1,075,"SOUTH UNION AV","EAST PACHECO RD",0.00,,Y,A,-,N,,,,,,,,,,Y,2,0,3,2,A,-,09,21453,C,N,A,C,A,A,H,-,C,A,0,,,,,Y,,A,01,1,1,1,0,0,0,0,0,0,"- ","- ",35.310679999999998,-119.00287,KERN,UNINCORPORATED,-119.00299004999999,35.310390040000001
6906215,2015,2016-12-15,9420,2015-04-24,1650,018805,,5,2,6,1502,0,1,3,,1,176,"RT 178","OSWELL ST",2087.00,W,N,A,-,Y,KER,6,178,-,R,5.240,H,-,E,Y,2,0,1,1,A,-,08,22107,,N,E,I,A,A,H,-,A,D,1,,,,,Y,,A,01,1,0,0,0,0,0,0,0,0,"- ","- ",35.396079999999998,-118.9571,KERN,BAKERSFIELD,-118.95690288999999,35.39616496