CASE_ID,ACCIDENT_YEAR,PROC_DATE,JURIS,COLLISION_DATE,COLLISION_TIME,OFFICER_ID,REPORTING_DISTRICT,DAY_OF_WEEK,CHP_SHIFT,POPULATION,CNTY_CITY_LOC,SPECIAL_COND,BEAT_TYPE,CHP_BEAT_TYPE,CITY_DIVISION_LAPD,CHP_BEAT_CLASS,BEAT_NUMBER,PRIMARY_RD,SECONDARY_RD,DISTANCE,DIRECTION,INTERSECTION,WEATHER_1,WEATHER_2,STATE_HWY_IND,CALTRANS_COUNTY,CALTRANS_DISTRICT,STATE_ROUTE,ROUTE_SUFFIX,POSTMILE_PREFIX,POSTMILE,LOCATION_TYPE,RAMP_INTERSECTION,SIDE_OF_HWY,TOW_AWAY,COLLISION_SEVERITY,NUMBER_KILLED,NUMBER_INJURED,PARTY_COUNT,PRIMARY_COLL_FACTOR,PCF_CODE_OF_VIOL,PCF_VIOL_CATEGORY,PCF_VIOLATION,PCF_VIOL_SUBSECTION,HIT_AND_RUN,TYPE_OF_COLLISION,MVIW,PED_ACTION,ROAD_SURFACE,ROAD_COND_1,ROAD_COND_2,LIGHTING,CONTROL_DEVICE,CHP_ROAD_TYPE,PEDESTRIAN_ACCIDENT,BICYCLE_ACCIDENT,MOTORCYCLE_ACCIDENT,TRUCK_ACCIDENT,NOT_PRIVATE_PROPERTY,ALCOHOL_INVOLVED,STWD_VEHTYPE_AT_FAULT,CHP_VEHTYPE_AT_FAULT,COUNT_SEVERE_INJ,COUNT_VISIBLE_INJ,COUNT_COMPLAINT_PAIN,COUNT_PED_KILLED,COUNT_PED_INJURED,COUNT_BICYCLIST_KILLED,COUNT_BICYCLIST_INJURED,COUNT_MC_KILLED,COUNT_MC_INJURED,PRIMARY_RAMP,SECONDARY_RAMP,LATITUDE,LONGITUDE,COUNTY,CITY,POINT_X,POINT_Y
6950722,2015,2016-02-24,1502,2015-05-25,2222,1172,,1,5,6,1502,0,0,0,,0,CENTRA,"MING AV","STINE RD",342.00,W,N,A,-,N,,,,,,,,,,N,1,1,0,2,A,-,11,21954,A,N,G,B,D,A,H,-,C,D,0,Y,,,,Y,,N,60,0,0,0,1,0,0,0,0,0,"- ","- ",,,KERN,BAKERSFIELD,-119.05162513000001,35.33949569
6982178,2015,2016-11-05,9430,2015-06-27,0015,018681,,6,3,9,1500,0,1,1,,2,052,"RT 5",LEBEC,8448.00,N,N,A,-,Y,KER,6,5,-,-,3.270,H,-,S,Y,2,0,1,2,A,-,03,22350,,N,C,C,A,A,H,-,D,D,1,,,,Y,Y,,G,25,1,0,0,0,0,0,0,0,0,"- ","- ",34.856580000000001,-118.87571,KERN,UNINCORPORATED,-118.87568286,34.856761079999998
6983256,2015,2016-12-15,9420,2015-06-30,2355,018068,,2,3,9,1500,0,1,3,,2,223,"RT 223","GOSFORD RD",245.00,W,N,A,-,Y,KER,6,223,-,-,5.820,H,-,W,Y,2,0,2,2,A,-,01,23152,E,N,C,C,A,A,H,-,D,D,0,,,,,Y,,A,01,1,1,0,0,0,0,0,0,0,"- ","- ",35.208860000000001,-119.0933,KERN,UNINCORPORATED,-119.09320682000001,35.208844190000001
7006378,2015,2016-02-22,9420,2015-08-05,0030,018225,,3,3,9,1500,0,3,5,,2,040,"ALFRED HARRELL HWY","PANORAMA DR",2640.00,E,N,A,-,N,,,,,,,,,,Y,1,2,0,1,A,-,08,22107,,N,E,I,A,A,H,-,D,D,0,,,,,Y,,A,07,0,0,0,0,0,0,0,0,0,"- ","- ",36.416699999999999,-118.95887,KERN,UNINCORPORATED,-118.97235999999999,35.412109999999998
7006519,2015,2016-01-12,1506,2015-10-06,0956,7854,29,2,5,4,1506,0,0,0,,0,,"NORTH CHINA LAKE BL","COSO AV",28.00,N,N,A,-,Y,KER,6,178,-,-,102.230,H,-,E,Y,1,1,0,2,A,-,10,21950,A,N,G,B,B,A,H,-,A,D,0,Y,,,,Y,,-,,0,0,0,1,0,0,0,0,0,"- ","- ",35.623620000000003,-117.68640000000001,KERN,RIDGECREST,-117.66995131,35.627820939999999
7025605,2015,2015-08-17,1502,2015-07-11,0241,1120,,6,5,6,1502,0,0,0,,0,,"DONNA AV","2ND ST",0.00,,Y,A,-,N,,,,,,,,,,Y,2,0,1,2,A,-,09,21800,A,F,D,C,A,A,H,-,C,D,0,,,,,Y,,A,01,1,0,0,0,0,0,0,0,0,"- ","- ",,,KERN,BAKERSFIELD,-119.00703013,35.357040099999999
8047356,2016,2017-02-23,1502,2016-04-27,2231,1048,,3,5,6,1502,0,0,0,,0,,"UNION AV","CALIFORNIA AV",0.00,,Y,C,-,Y,KER,6,204,-,-,3.087,I,5,N,N,2,0,1,2,A,-,11,21456,B,F,G,B,B,B,H,-,C,A,0,Y,,,,Y,,N,60,1,0,0,0,1,0,0,0,0,"- ","- ",35.368279999999999,-119.00252999999999,KERN,BAKERSFIELD,-119.00294791,35.368454560000004
81037367,2019,2019-07-25,1502,2019-07-24,0754,P95,,3,5,6,1502,0,0,0,,0,Centra,"MING AV","EL PORTAL DR",0.00,,Y,A,-,N,,,,,,,,,,N,2,0,4,2,A,-,12,21453,A,N,D,C,A,A,H,-,A,A,0,,,,,Y,,A,01,1,2,1,0,0,0,0,0,0,"- ","- ",35.337940216064453,-119.08447265625,KERN,BAKERSFIELD,-119.08474731445312,35.337760925292969
81152279,2019,2019-12-25,1502,2019-12-17,1802,1181,,2,5,6,1502,0,0,0,,0,Hill,"PANORAMA DR","LOMA LINDA DR",115.00,W,N,A,-,N,,,,,,,,,,N,2,0,1,2,A,-,09,21802,A,N,H,G,A,A,H,-,C,D,0,,Y,,,Y,,L,04,1,0,0,0,0,0,1,0,0,"- ","- ",35.403591156005859,-118.99852752685547,KERN,BAKERSFIELD,-118.99890899658203,35.404392242431641
81186597,2020,2020-02-14,1502,2020-02-06,1521,1223,,4,5,6,1502,0,0,0,,0,Valley,"BRUNDAGE LN","LIGGETT ST",0.00,,Y,A,-,Y,,,,,,,,,,Y,2,0,1,2,A,-,17,21451,A,N,D,C,A,A,H,-,A,A,0,,,Y,,Y,,A,01,1,0,0,0,0,0,0,0,1,"- ","- ",35.353710174560547,-119.00131988525391,KERN,BAKERSFIELD,-119.00157928466797,35.353851318359375
81203618,2020,2020-03-09,1502,2020-03-04,0903,P45,,3,5,6,1502,0,0,0,,0,Valley,"CHESTER AV","RICHLAND ST",0.00,,Y,-,-,Y,,,,,,,,,,Y,2,0,6,4,A,-,12,21453,A,N,D,C,F,A,H,-,A,A,0,Y,,,,Y,,A,07,1,1,4,0,1,0,0,0,0,"- ","- ",35.352951049804688,-119.01870727539062,KERN,BAKERSFIELD,-119.01894378662109,35.352970123291016
81210564,2019,2020-03-18,1502,2019-12-12,1300,1195,,4,5,6,1502,0,0,0,,0,Valley,"MING AV","M ST",133.00,E,N,A,-,N,,,,,,,,,,Y,1,1,1,3,A,-,03,22350,,N,C,C,A,A,H,-,A,D,0,,,Y,,Y,,C,02,0,0,1,0,0,0,0,1,0,"- ","- ",35.339401245117188,-119.01515197753906,KERN,BAKERSFIELD,-119.01474761962891,35.339469909667969
81272362,2020,2020-07-22,1502,2020-07-19,0058,1338,,7,5,6,1502,0,0,0,,0,North,"STOCKDALE HWY","JENKINS RD",0.00,,Y,A,-,Y,,,,,,,,,,Y,2,0,2,1,A,-,08,22107,,N,E,I,A,A,H,-,C,A,0,,,,,Y,,A,01,1,0,1,0,0,0,0,0,0,"- ","- ",35.3548583984375,-119.15496826171875,KERN,BAKERSFIELD,-119.15435028076172,35.354530334472656
81286736,2020,2020-08-17,1502,2020-08-14,2137,1223,,5,5,6,1502,0,0,0,,0,Valley,"MING AV","HUGHES LN",68.00,W,N,A,-,N,,,,,,,,,,N,2,0,1,2,A,-,11,21954,A,N,G,B,D,A,H,-,C,A,0,Y,,,,Y,,N,60,1,0,0,0,1,0,0,0,0,"- ","- ",35.339530944824219,-119.03002166748047,KERN,BAKERSFIELD,-119.03028869628906,35.339542388916016
81331785,2020,2020-10-27,1502,2020-10-22,1930,1135,,4,5,6,1502,0,0,0,,0,Centra,"GOSFORD RD","WHITE LN",630.00,N,N,A,-,N,,,,,,,,,,N,2,0,1,2,A,-,09,21801,A,N,D,C,A,A,H,-,C,D,0,,,Y,,Y,,E,22,1,0,0,0,0,0,0,0,1,"- ","- ",35.318408966064453,-119.0921630859375,KERN,BAKERSFIELD,-119.09226226806641,35.320068359375
81393973,2021,2021-01-26,1502,2021-01-21,1412,1322,,4,5,6,1502,0,0,0,,0,Metro,"OAK ST","CHESTER LN",237.00,S,N,A,-,N,,,,,,,,,,Y,2,0,1,2,A,-,03,22350,,N,C,C,A,A,H,-,A,D,0,,,Y,,Y,,C,02,1,0,0,0,0,0,0,0,1,"- ","- ",35.365108489990234,-119.03840637207031,KERN,BAKERSFIELD,-119.038818359375,35.364288330078125
81459968,2021,2021-04-28,1502,2021-04-23,1035,1185,,5,5,6,1502,0,0,0,,0,Centra,"STOCKDALE HWY","DON HART DR E",2177.00,E,N,A,-,N,,,,,,,,,,Y,2,0,2,1,A,-,01,23152,F,N,E,I,A,A,H,-,A,D,0,,,,,Y,,A,01,2,0,0,0,0,0,0,0,0,"- ","- ",35.354328155517578,-119.10148620605469,KERN,BAKERSFIELD,-119.09688568115234,35.354328155517578
81489243,2020,2021-06-04,1502,2020-11-25,1249,1185,,3,5,6,1502,0,0,0,,0,Valley,"PLANZ RD","MC COURRY ST",0.00,,Y,A,-,N,,,,,,,,,,Y,1,1,0,2,A,-,01,23152,F,N,D,D,A,A,H,-,A,A,0,,,Y,,Y,,C,02,0,0,0,0,0,0,0,1,0,"- ","- ",35.324970245361328,-119.02626800537109,KERN,BAKERSFIELD,-119.02615356445312,35.324920654296875
8155747,2016,2016-11-03,1502,2016-10-20,1942,1195,,4,5,6,1502,0,0,0,,0,METRO,"BRUNDAGE LN","OLEANDER AV",20.00,E,N,A,-,N,,,,,,,,,,Y,2,0,1,2,A,-,11,21954,A,N,G,B,E,A,H,-,A,A,0,Y,,,,Y,Y,N,60,1,0,0,0,1,0,0,0,0,"- ","- ",,,KERN,BAKERSFIELD,-119.02542301,35.353989689999999
81572808,2021,2021-09-17,1502,2021-09-13,1403,P63,,1,5,6,1502,0,0,0,,0,North,"CALLOWAY DR","HARVEY CT",456.00,S,N,A,-,N,,,,,,,,,,Y,2,0,3,2,A,-,09,21801,A,N,D,C,A,A,H,-,A,A,0,,,,,Y,,A,07,1,1,1,0,0,0,0,0,0,"- ","- ",35.371341705322266,-119.11033630371094,KERN,BAKERSFIELD,-119.11012268066406,35.370079040527344
81659532,2021,2021-12-23,1502,2021-12-19,1706,1188,,7,5,6,1502,0,0,0,,0,Centra,"DEMARET AV","NEW STINE RD",0.00,,Y,A,-,N,,,,,,,,,,Y,2,0,4,2,A,-,09,21802,A,N,D,C,A,A,H,-,B,A,0,,,,,Y,,A,07,1,2,1,0,0,0,0,0,0,"- ","- ",35.351581573486328,-119.06072998046875,KERN,BAKERSFIELD,-119.06137847900391,35.351692199707031
81660885,2021,2021-12-24,1502,2021-10-24,0207,1225,,7,5,6,1502,0,0,0,,0,Hill,"UNION AV","LINCOLN ST",113.00,N,N,A,-,N,,,,,,,,,,N,2,0,1,2,A,-,11,21954,A,F,G,B,E,A,H,-,C,D,0,Y,,,,Y,,N,60,1,0,0,0,1,0,0,0,0,"- ","- ",35.388839721679688,-119.00282287597656,KERN,BAKERSFIELD,-119.00299072265625,35.388740539550781
8166844,2016,2017-03-28,1502,2016-10-10,1121,1181,,1,5,6,1502,0,0,0,,0,SOUTH,"WHITE LN","PIN OAK PARK BL",13.00,E,N,A,-,N,,,,,,,,,,N,1,1,0,2,A,-,12,21453,A,N,G,B,B,A,H,-,A,A,0,Y,,,,Y,,D,22,0,0,0,1,0,0,0,0,0,"- ","- ",35.31879,-119.09841,KERN,BAKERSFIELD,-119.09838852,35.318459179999998
8166849,2016,2017-04-04,1502,2016-08-20,0538,1212,,6,5,6,1502,0,0,0,,0,SOUTH,"MC KEE RD","RACINE AV",0.00,,Y,A,-,N,,,,,,,,,,Y,1,1,1,2,A,-,01,23152,E,N,A,C,A,A,H,-,C,D,0,,,,Y,Y,,A,01,0,1,0,0,0,0,0,0,0,"- ","- ",35.273919999999997,-119.04398,KERN,BAKERSFIELD,-119.04335003,35.274170060000003
8166968,2016,2017-05-09,1502,2016-12-08,1905,1033,,4,5,6,1502,0,0,0,,0,,"ASHE RD","BRONSON LN",110.00,S,N,B,C,N,,,,,,,,,,Y,1,1,0,3,A,-,11,21954,A,N,G,B,E,B,H,-,C,D,0,Y,,,,Y,,N,60,0,0,0,1,0,0,0,0,0,"- ","- ",35.328380000000003,-119.07435,KERN,BAKERSFIELD,-119.0745,35.328048150000001
8167023,2016,2017-09-12,1502,2016-11-11,1518,1195,,5,5,6,1502,0,0,0,,0,CENTRA,"MING AV","NEW STINE RD",0.00,,Y,A,-,N,,,,,,,,,,Y,1,1,3,4,A,-,01,23152,F,N,D,C,A,A,H,-,C,A,0,,,,,Y,Y,A,01,1,2,0,0,0,0,0,0,0,"- ","- ",35.338070000000002,-119.06059,KERN,BAKERSFIELD,-119.06098002,35.338230039999999
81696021,2022,2022-02-08,1503,2022-02-01,1805,10137,3011,2,5,4,1503,0,0,0,,0,,"HIGH ST","13TH AV",0.00,,Y,A,-,N,,,,,,,,,,N,2,0,2,2,A,-,09,21801,A,N,D,C,A,A,H,-,C,D,0,,,Y,,Y,,A,01,1,1,0,0,0,0,0,0,1,"- ","- ",35.772781372070312,-119.24786376953125,KERN,DELANO,-119.24787139892578,35.772758483886719
81711820,2022,2022-03-01,1503,2022-02-15,1550,10129,5011,2,5,4,1503,0,0,0,,0,,"1900 S LEXINGTON ST","QUINN CT",1147.00,S,-,A,-,N,,,,,,,,,,Y,2,0,2,2,A,-,08,22107,,F,E,I,A,A,H,-,A,D,0,,,,,Y,,A,01,1,1,0,0,0,0,0,0,0,"- ","- ",,,KERN,DELANO,-119.23714447021484,35.738002777099609
81716031,2022,2022-03-07,1502,2022-03-03,1115,P45,,4,5,6,1502,0,0,0,,0,CENTRA,"REAL RD","IVY CT",0.00,,Y,A,-,N,,,,,,,,,,Y,2,0,2,2,A,-,09,21801,A,N,D,C,A,A,H,-,A,A,0,,,,,Y,,A,01,1,0,1,0,0,0,0,0,0,"- ","- ",35.358509063720703,-119.04318237304688,KERN,BAKERSFIELD,-119.04345703125,35.358310699462891
81721539,2022,2022-03-14,1503,2022-03-06,1814,10129,5011,7,5,4,1503,0,0,0,,0,,"300 S HIGH ST","ALHAMBRA AV",274.00,S,-,A,-,N,,,,,,,,,,N,2,0,1,1,A,-,03,22350,,N,E,I,A,A,H,-,C,D,0,,,Y,,Y,,C,02,1,0,0,0,0,0,0,0,1,"- ","- ",35.759498596191406,-119.24423980712891,KERN,DELANO,-119.24360656738281,35.756580352783203
81761845,2022,2022-05-02,1502,2022-04-26,1317,P82,,2,5,6,1502,0,0,0,,0,VALLEY,"PANAMA LN","FINCH WY",180.00,E,N,A,-,N,,,,,,,,,,Y,2,0,3,2,A,-,05,21650,,N,A,C,A,A,H,-,A,D,0,,,,,Y,,A,01,1,0,2,0,0,0,0,0,0,"- ","- ",35.295841217041016,-119.01625823974609,KERN,BAKERSFIELD,-119.01516723632812,35.295883178710938
8186479,2016,2017-03-06,1501,2016-11-17,1514,980,12,4,5,3,1501,0,0,0,,0,001,"BEAR MOUNTAIN BL","MONROE ST",130.00,E,N,A,-,Y,KER,6,223,-,-,20.490,H,-,W,N,2,0,1,2,A,-,07,21658,A,N,H,G,A,A,H,-,A,D,0,,Y,,,Y,,L,04,1,0,0,0,0,0,1,0,0,"- ","- ",35.210630000000002,-118.83468999999999,KERN,ARVIN,-118.83612371,35.20906583
81912036,2022,2022-11-08,1502,2022-11-04,1950,P75,,5,5,6,1502,0,0,0,,0,CENTRA,"TRUXTUN AV","QUAILRIDGE RD",9500.00,E,N,A,-,N,,,,,,,,,,Y,2,0,1,2,A,-,03,22350,,N,C,C,A,A,H,-,D,D,0,,,,,Y,,A,01,1,0,0,0,0,0,0,0,0,"- ","- ",35.362201690673828,-119.08953094482422,KERN,BAKERSFIELD,-119.06012725830078,35.369110107421875
8204765,2016,2017-03-01,1506,2016-12-19,1610,7678,3,1,5,4,1506,0,0,0,,0,,"RT 178","N GORDON ST",40.00,W,N,A,-,Y,KER,6,178,-,-,99.710,H,-,E,N,2,0,1,1,B,-,22,,,N,F,-,A,A,H,-,B,D,0,,Y,,,Y,,L,04,1,0,0,0,0,0,1,0,0,"- ","- ",35.651699999999998,-117.68554,KERN,RIDGECREST,-117.68588303999999,35.65165202
82069564,2023,2023-05-16,1502,2023-04-18,1744,1338,,2,5,6,1502,0,0,0,,0,SOUTH,"CAMPUS PARK DR","EVENING STAR WY",100.00,E,N,A,-,N,,,,,,,,,,Y,1,1,3,2,A,-,01,23152,F,N,A,C,A,A,H,-,A,D,0,,,,,Y,,A,01,2,0,1,0,0,0,0,0,0,"- ","- ",35.318149566650391,-119.12290191650391,KERN,BAKERSFIELD,-119.12253570556641,35.317691802978516
82092209,2023,2023-06-13,1502,2023-05-22,2044,1418,,1,5,6,1502,0,0,0,,0,METRO,"CALIFORNIA AV","HALEY ST",15.00,E,N,A,-,N,,,,,,,,,,N,2,0,1,2,A,-,11,21954,A,N,G,B,D,A,H,-,C,D,0,Y,,,,Y,,N,60,1,0,0,0,1,0,0,0,0,"- ","- ",35.368759155273438,-118.98432922363281,KERN,BAKERSFIELD,-118.98403167724609,35.368572235107422
82139342,2023,2023-08-09,1502,2023-05-18,1004,P45,,4,5,6,1502,0,0,0,,0,METRO,"UNION AV","18TH ST",0.00,,Y,A,-,N,,,,,,,,,,Y,1,1,4,3,A,-,12,21453,A,N,D,C,A,A,H,-,A,A,0,,,,,Y,,A,01,0,0,4,0,0,0,0,0,0,"- ","- ",35.375659942626953,-119.00301361083984,KERN,BAKERSFIELD,-119.00300598144531,35.375221252441406
82156886,2023,2023-08-29,1502,2023-08-21,2043,1334,,1,5,6,1502,0,0,0,,0,,"24TH ST","OAK ST",300.00,W,N,A,-,N,,,,,,,,,,N,2,0,1,2,A,-,11,21954,A,N,G,B,D,A,H,-,C,D,0,Y,,,,Y,,N,60,1,0,0,0,1,0,0,0,0,"- ","- ",35.380550384521484,-119.03887176513672,KERN,BAKERSFIELD,-119.03856658935547,35.381191253662109
82242437,2023,2023-11-23,1502,2023-11-20,"201 ",1334,,1,5,6,1502,0,0,0,,0,,"23RD ST","C ST (N)",100.00,W,N,B,-,N,,,,,,,,,,N,2,0,1,1,A,-,01,23152,A,N,E,I,A,A,H,-,C,D,0,,,,,Y,Y,A,01,1,0,0,0,0,0,0,0,0,"- ","- ",35.380531311035156,-119.02642822265625,KERN,BAKERSFIELD,-119.02729797363281,35.380069732666016
82268958,2023,2023-12-22,1502,2023-06-27,2330,1225,,2,5,6,1502,0,0,0,,0,HILL,"WILLOW DR","OILDALE DR",299.00,W,N,A,-,N,,,,,,,,,,Y,1,1,0,1,A,-,01,23152,A,N,E,I,A,A,B,-,D,D,0,,,Y,,Y,,C,06,0,0,0,0,0,0,0,1,0,"- ","- ",35.398578643798828,-119.03103637695312,KERN,BAKERSFIELD,-119.03102111816406,35.40203857421875
82327240,2024,2024-03-01,1502,2024-02-16,2011,1418,,5,5,6,1502,0,0,0,,0,VALLEY,"PANAMA LN","BUROUGHS WY",180.00,E,N,A,-,N,,,,,,,,,,Y,2,0,1,2,A,-,11,21954,A,N,G,B,D,A,H,-,C,D,0,Y,,,,Y,,N,60,1,0,0,0,1,0,0,0,0,"- ","- ",35.295738220214844,-119.00215911865234,KERN,BAKERSFIELD,-119.00106811523438,35.2958984375
82360570,2024,2024-04-10,1502,2024-03-11,"235 ",1322,,1,5,6,1502,0,0,0,,0,VALLEY,"PANAMA LN","COTTONWOOD RD",3350.00,E,N,A,-,N,,,,,,,,,,Y,2,0,1,1,A,-,01,23152,G,N,E,I,A,A,H,-,D,D,0,,,,,Y,Y,A,07,1,0,0,0,0,0,0,0,0,"- ","- ",35.295631408691406,-118.98587036132812,KERN,BAKERSFIELD,-118.97415161132812,35.29595947265625
82380001,2023,2024-05-02,1502,2023-10-05,1002,1418,,4,5,6,1502,0,0,0,,0,METRO,"UNION AV","CALIFORNIA AV",0.00,,Y,A,-,N,,,,,,,,,,Y,1,1,0,4,A,-,01,23152,G,N,D,C,A,A,H,-,A,A,0,,,,Y,Y,,D,22,0,0,0,0,0,0,0,0,0,"- ","- ",35.368278503417969,-119.00253295898438,KERN,BAKERSFIELD,-119.00300598144531,35.368362426757812
8310340,2017,2017-02-27,1502,2017-02-05,0634,1181,,7,5,6,1502,0,0,0,,0,METRO,"H ST","22ND ST",3.00,N,N,A,-,N,,,,,,,,,,N,2,0,1,2,A,-,10,21950,A,F,G,B,B,A,H,-,B,A,0,Y,,,,Y,,-,99,1,0,0,0,1,0,0,0,0,"- ","- ",35.379100000000001,-119.02063,KERN,BAKERSFIELD,-119.02115992,35.379088230000001
83280786,2024,2024-08-02,1502,2024-07-10,"500 ",1430,,3,5,6,1502,0,0,0,,0,,"CALIFORNIA AV","PINE ST",320.00,E,N,A,B,N,,,,,,,,,,N,2,0,1,2,A,-,09,21801,A,N,C,G,A,A,H,-,D,A,0,,Y,,,Y,Y,L,04,1,0,0,0,0,0,1,0,0,"- ","- ",35.368671417236328,-119.03128051757812,KERN,BAKERSFIELD,-119.03060150146484,35.368511199951172
8404666,2017,2018-05-25,1502,2017-08-14,1626,1195,,1,5,6,1502,0,0,0,,0,CENTRA,"DISTRICT BL","CONRAD LN",1175.00,W,N,A,-,N,,,,,,,,,,Y,1,1,1,3,A,-,17,23109,A,N,C,C,A,A,H,-,A,D,0,,,,Y,Y,,A,01,1,0,0,0,0,0,0,0,0,"- ","- ",35.313209999999998,-119.08118,KERN,BAKERSFIELD,-119.08503356999999,35.313146930000002
8404824,2018,2018-06-19,1503,2018-03-13,0653,10159,1503,2,5,4,1503,0,0,0,,0,ALL,"CECIL AV","CASEY RD",5280.00,W,N,A,-,N,,,,,,,,,,Y,1,2,0,1,A,-,08,22107,,N,F,I,A,A,G,H,B,D,0,,,,Y,Y,,F,26,0,0,0,0,0,0,0,0,0,"- ","- ",,,KERN,DELANO,-119.31201934814453,35.775829315185547
8427083,2017,2017-08-17,1507,2017-07-28,0408,271,16,5,5,3,1507,0,0,0,,0,,"W LOS ANGELES AV","S SCHNAIDT ST",373.00,E,N,A,-,N,,,,,,,,,,Y,2,0,1,3,A,-,01,23152,A,N,C,E,A,A,H,-,C,A,0,,,,,Y,Y,A,01,1,0,0,0,0,0,0,0,0,"- ","- ",35.492629999999998,-119.28607,KERN,SHAFTER,-119.28599828999999,35.492629999999998
8427990,2017,2017-08-17,1502,2017-07-21,2103,1077,,5,5,6,1502,0,0,0,,0,HILL,"COLUMBUS ST","BERKELEY ST",0.00,,Y,A,-,N,,,,,,,,,,N,2,0,1,2,A,-,17,21208,A,N,H,G,A,A,H,-,C,D,0,,Y,,,Y,Y,L,04,1,0,0,0,0,0,1,0,0,"- ","- ",35.397779999999997,-118.98281,KERN,BAKERSFIELD,-118.98296012,35.3975601
84389532,2024,2024-09-11,1502,2024-09-03,"737 ",P17,,2,5,6,1502,0,0,0,,0,METRO,"TYREE TOLIVER ST","TEXAS ST",0.00,,Y,A,-,N,,,,,,,,,,Y,2,0,2,2,A,-,09,21800,B,N,D,C,A,A,H,-,A,D,0,,,Y,,Y,,C,02,1,0,1,0,0,0,0,0,2,"- ","- ",35.357311248779297,-118.98831176757812,KERN,BAKERSFIELD,-118.98857116699219,35.357570648193359
84539373,2024,2025-01-16,1502,2024-11-22,1923,1225,,5,5,6,1502,0,0,0,,0,VALLEY,"UNION AV","HOSKING AV",0.00,,Y,A,-,N,,,,,,,,,,Y,1,1,4,2,A,-,01,23152,G,N,C,C,A,A,H,-,C,A,0,,,,,Y,Y,A,07,4,0,0,0,0,0,0,0,0,"- ","- ",35.281219482421875,-119.00373077392578,KERN,BAKERSFIELD,-119.00315093994141,35.281368255615234
8504251,2018,2018-07-06,1502,2018-01-18,1803,1185,,4,5,6,1502,0,0,0,,0,HILL,"30TH ST","GARCES CIR",32.00,E,N,A,-,N,,,,,,,,,,N,2,0,1,2,A,-,11,21954,A,N,G,B,D,A,H,-,C,D,0,Y,,,,Y,,N,60,1,0,0,0,1,0,0,0,0,"- ","- ",35.386680603027344,-119.01761627197266,KERN,BAKERSFIELD,-119.01753997802734,35.386680603027344
8596205,2018,2018-04-16,1502,2018-03-24,1936," 1258",,6,5,6,1502,0,0,0,,0,METRO,"BRUNDAGE LN","CEDAR ST",2.00,W,N,B,-,N,,,,,,,,,,Y,2,0,2,2,A,-,09,21801,A,N,D,C,A,A,H,-,C,D,0,,,Y,,Y,,A,07,1,0,1,0,0,0,0,0,2,"- ","- ",35.354171752929688,-119.03034210205078,KERN,BAKERSFIELD,-119.03055572509766,35.354091644287109
8598087,2018,2018-05-08,1502,2018-04-02,1638,1033,,1,5,6,1502,0,0,0,,0,SOUTH,"HARRIS RD","WILDERNESS DR",20.00,E,N,A,-,N,,,,,,,,,,Y,2,0,1,1,A,-,03,22350,,N,E,I,A,A,H,-,A,A,0,,,,,Y,,D,22,1,0,0,0,0,0,0,0,0,"- ","- ",35.303619384765625,-119.08952331542969,KERN,BAKERSFIELD,-119.08922576904297,35.303470611572266
8601649,2018,2018-08-21,1502,2018-04-04,2316,1268,,3,5,6,1502,0,0,0,,0,HILL,"OSWELL ST","RT 178",0.00,,Y,A,-,Y,KER,6,178,-,R,5.451,R,4,E,Y,2,0,2,2,A,-,01,23152,A,N,D,C,A,A,H,-,C,A,0,,,Y,,Y,Y,C,02,1,0,1,0,0,0,0,0,2,"- ",TO,35.395248413085938,-118.94966888427734,KERN,BAKERSFIELD,-118.95315551757812,35.396205902099609
8648098,2018,2018-09-20,1502,2018-02-21,1817,1195,,3,5,6,1502,0,0,0,,0,CENTRA,"MING AV","LYMRIC WY",159.00,W,N,A,-,N,,,,,,,,,,N,1,1,0,3,A,-,11,21954,A,F,G,B,D,A,H,-,C,D,0,Y,,,,Y,,N,60,0,0,0,1,0,0,0,0,0,"- ","- ",35.339740753173828,-119.04615783691406,KERN,BAKERSFIELD,-119.04671478271484,35.339611053466797
8648498,2018,2019-01-14,1502,2018-03-26,2010,1167,,1,5,6,1502,0,0,0,,0,NORTH,"ROSEDALE HWY","COFFEE RD",90.00,E,N,A,-,N,,,,,,,,,,Y,1,1,1,5,A,-,01,23152,F,N,C,C,A,A,H,-,C,A,0,,,,,Y,,A,01,0,1,0,0,0,0,0,0,0,"- ","- ",35.383258819580078,-119.09237670898438,KERN,BAKERSFIELD,-119.09197998046875,35.383487701416016
8654009,2018,2018-07-17,1502,2018-06-28,2058,1268,,4,5,6,1502,0,0,0,,0,VALLEY,"PANAMA LN","FAIRFAX RD",6072.00,W,N,A,-,N,,,,,,,,,,Y,2,0,2,2,A,-,01,23152,A,N,A,C,A,A,H,-,D,D,0,,,,,Y,Y,E,22,1,0,1,0,0,0,0,0,0,"- ","- ",35.295280456542969,-118.93257141113281,KERN,BAKERSFIELD,-118.95237731933594,35.296031951904297
8700057,2018,2018-09-25,1502,2018-09-09,0624,1077,,7,5,6,1502,0,0,0,,0,NORTH,"COFFEE RD","GRANITE FALLS DR",18.00,S,N,A,-,N,,,,,,,,,,N,2,0,1,2,A,-,11,21950,B,N,G,B,D,A,H,-,C,A,0,Y,,,,Y,,N,60,1,0,0,0,1,0,0,0,0,"- ","- ",35.386711120605469,-119.09242248535156,KERN,BAKERSFIELD,-119.09233856201172,35.386772155761719
8720494,2018,2018-10-29,1502,2018-06-15,1803,1177,,5,5,6,1502,0,0,0,,0,NORTH,"HAGEMAN RD","SOUVEREIGN DR",123.00,E,N,A,-,N,,,,,,,,,,Y,2,0,2,2,A,-,01,23153,F,N,A,C,A,A,H,-,A,D,0,,,,,Y,,A,07,1,1,0,0,0,0,0,0,0,"- ","- ",35.398101806640625,-119.12312316894531,KERN,BAKERSFIELD,-119.12271118164062,35.398044586181641