CASE_ID,ACCIDENT_YEAR,PROC_DATE,JURIS,COLLISION_DATE,COLLISION_TIME,OFFICER_ID,REPORTING_DISTRICT,DAY_OF_WEEK,CHP_SHIFT,POPULATION,CNTY_CITY_LOC,SPECIAL_COND,BEAT_TYPE,CHP_BEAT_TYPE,CITY_DIVISION_LAPD,CHP_BEAT_CLASS,BEAT_NUMBER,PRIMARY_RD,SECONDARY_RD,DISTANCE,DIRECTION,INTERSECTION,WEATHER_1,WEATHER_2,STATE_HWY_IND,CALTRANS_COUNTY,CALTRANS_DISTRICT,STATE_ROUTE,ROUTE_SUFFIX,POSTMILE_PREFIX,POSTMILE,LOCATION_TYPE,RAMP_INTERSECTION,SIDE_OF_HWY,TOW_AWAY,COLLISION_SEVERITY,NUMBER_KILLED,NUMBER_INJURED,PARTY_COUNT,PRIMARY_COLL_FACTOR,PCF_CODE_OF_VIOL,PCF_VIOL_CATEGORY,PCF_VIOLATION,PCF_VIOL_SUBSECTION,HIT_AND_RUN,TYPE_OF_COLLISION,MVIW,PED_ACTION,ROAD_SURFACE,ROAD_COND_1,ROAD_COND_2,LIGHTING,CONTROL_DEVICE,CHP_ROAD_TYPE,PEDESTRIAN_ACCIDENT,BICYCLE_ACCIDENT,MOTORCYCLE_ACCIDENT,TRUCK_ACCIDENT,NOT_PRIVATE_PROPERTY,ALCOHOL_INVOLVED,STWD_VEHTYPE_AT_FAULT,CHP_VEHTYPE_AT_FAULT,COUNT_SEVERE_INJ,COUNT_VISIBLE_INJ,COUNT_COMPLAINT_PAIN,COUNT_PED_KILLED,COUNT_PED_INJURED,COUNT_BICYCLIST_KILLED,COUNT_BICYCLIST_INJURED,COUNT_MC_KILLED,COUNT_MC_INJURED,PRIMARY_RAMP,SECONDARY_RAMP,LATITUDE,LONGITUDE,COUNTY,CITY,POINT_X,POINT_Y
8766456,2018,2019-01-08,1502,2018-12-15,0753,1223,,6,5,6,1502,0,0,0,,0,VALLEY,"MING AV","CHESTER AV",0.00,,Y,A,-,N,,,,,,,,,,Y,2,0,2,2,A,-,01,23153,F,N,D,C,A,A,H,-,A,A,0,,,,,Y,,A,01,2,0,0,0,0,0,0,0,0,"- ","- ",35.339000701904297,-119.01799774169922,KERN,BAKERSFIELD,-119.01873016357422,35.339450836181641
8808365,2018,2019-07-02,1507,2018-10-29,1520,265,,1,5,3,1507,0,0,0,,0,,"NORTH SHAFTER AV","REDWOOD DR",215.00,S,N,A,-,N,,,,,,,,,,Y,1,1,1,2,A,-,09,21804,A,N,D,C,A,A,H,-,A,D,0,,,,,Y,,A,01,1,0,0,0,0,0,0,0,0,"- ","- ",35.510711669921875,-119.27819061279297,KERN,SHAFTER,-119.27820587158203,35.510089874267578
8870014,2018,2019-08-28,1503,2018-04-30,1656,10141,1010,1,5,4,1503,0,0,0,,0,,"GIRARD ST","GIRARD ST 2300",0.00,,-,A,-,Y,KER,6,99,-,-,57.453,R,4,N,Y,2,0,2,2,A,-,09,21801,A,F,D,C,A,A,H,-,A,D,0,,,,,Y,,A,01,1,0,1,0,0,0,0,0,0,"- ","- ",35.7894287109375,-119.24880218505859,KERN,DELANO,-119.25018310546875,35.788543701171875
8911007,2019,2021-06-02,1511,2019-12-30,0830,53303,2,1,5,2,1511,0,0,0,,0,00A,"CALIFORNIA CITY BL","FRONTAGE RD",0.00,,N,B,-,N,,,,,,,,,,Y,1,1,0,2,A,-,08,22107,,F,C,C,E,B,H,-,A,D,0,Y,,,,Y,,A,01,0,0,0,1,0,0,0,0,0,"- ","- ",35.038299560546875,-118.00598907470703,KERN,"CALIFORNIA CITY",,
8911174,2020,2020-06-16,1509,2020-05-19,1915,1005,E,2,5,3,1509,0,0,0,,0,,"EAST TEHACHAPI BL","RT 58",0.00,,Y,B,-,Y,KER,6,58,-,R,94.505,R,4,E,N,1,1,0,2,A,-,12,21453,A,N,G,B,B,A,H,-,B,A,0,Y,,,,Y,,M,47,0,0,0,1,0,0,0,0,0,"- ",EO,,,KERN,TEHACHAPI,-118.4083251953125,35.123569488525391
8911378,2020,2022-06-18,1509,2020-03-04,2145,1005,E,3,5,3,1509,0,0,0,,0,,"EAST TEHACHAPI BL","NORIA DR",0.00,,Y,A,-,N,,,,,,,,,,Y,1,1,0,2,A,-,03,22350,,N,D,C,A,A,H,-,D,A,0,,,Y,Y,Y,Y,C,02,0,0,0,0,0,0,0,1,0,"- ","- ",35.126178741455078,-118.40373992919922,KERN,TEHACHAPI,-118.40374755859375,35.126220703125
8911993,2020,2022-06-11,1500,2020-12-15,2019,202050,WA-02,2,5,3,1510,0,0,0,,0,4401,"RT 46","SCOFIELD AV",824.00,E,N,A,-,Y,KER,6,46,-,-,47.180,H,-,E,Y,1,1,2,2,A,-,08,22107,,N,A,C,A,A,H,-,D,A,0,,,,,Y,Y,A,01,0,1,1,0,0,0,0,0,0,"- ","- ",,,KERN,WASCO,-119.39964294433594,35.601493835449219
8939061,2018,2020-05-26,1502,2018-05-13,2306,1181,,7,5,6,1502,0,0,0,,0,VALLEY,"COTTONWOOD RD","WHITE LN",22.00,N,N,A,-,N,,,,,,,,,,Y,1,1,2,2,A,-,05,21650,,N,A,C,A,A,H,-,D,D,0,,,,,Y,Y,A,01,0,2,0,0,0,0,0,0,0,"- ","- ",35.317401885986328,-118.98565673828125,KERN,BAKERSFIELD,-118.98542785644531,35.3177490234375
8993945,2019,2020-01-13,1507,2019-11-20,0647,281,200,3,5,3,1507,0,0,0,,0,,"ZERKER RD","RENFRO RD",63.00,N,N,C,-,N,,,,,,,,,,N,2,0,1,1,A,-,03,22350,,N,H,A,A,B,H,-,B,D,0,,,,,Y,,M,57,1,0,0,0,0,0,0,0,0,"- ","- ",35.441669464111328,-119.15434265136719,KERN,SHAFTER,-119.15390777587891,35.456192016601562
90008830,2015,2015-10-19,9420,2015-08-12,2332,019723,,3,3,9,1500,0,1,3,,2,177,SR-178,"RANCHERIA RD",33792.00,E,N,A,-,Y,,,,,,,,,,Y,2,0,1,1,A,-,03,22350,,N,F,A,A,A,H,-,D,D,0,,,,,Y,,A,01,1,0,0,0,0,0,0,0,0,"- ","- ",35.473280000000003,-119.71786,KERN,UNINCORPORATED,,
90013378,2015,2017-09-07,9426,2015-05-29,2205,018610,,5,3,9,1500,0,3,5,,2,087,"BEAR MOUNTAIN BOULEVARD","RT 5",4224.00,W,N,A,-,N,,,,,,,,,,Y,1,1,0,2,A,-,01,23152,A,N,D,C,A,A,H,-,D,D,0,,,,Y,Y,Y,D,22,0,0,0,0,0,0,0,0,0,"- ","- ",35.209150000000001,-119.18134000000001,KERN,UNINCORPORATED,-119.17738287,35.20910722
90014995,2015,2015-10-19,9420,2015-08-22,1815,019891,,6,2,9,1500,0,3,5,,2,060,"GATLIN ST.","PEMBROKE AVE.",0.00,,Y,A,-,N,,,,,,,,,,N,2,0,1,2,A,-,09,21800,B,N,D,C,A,A,H,-,A,D,0,,,Y,,Y,,C,02,1,0,0,0,0,0,0,0,1,"- ","- ",35.411349999999999,-119.08103,KERN,UNINCORPORATED,-119.08111008,35.411360019999996
90052273,2015,2015-11-17,9426,2015-11-08,1215,015633,,7,1,9,1500,0,3,5,,2,081,"SHATTUCK AVE","BUENA VISTA ST",0.00,,Y,A,-,N,,,,,,,,,,Y,2,0,3,2,A,-,09,21800,A,F,D,C,A,A,H,-,A,D,0,,,,,Y,,A,01,1,0,2,0,0,0,0,0,0,"- ","- ",35.132060000000003,-119.46098000000001,KERN,UNINCORPORATED,-119.46103991,35.131840099999998
90054384,2015,2015-11-19,9830,2015-11-11,1910,014565,,3,2,9,1500,0,2,4,,1,034,"ROSAMOND BLVD.","60TH ST. WEST",528.00,E,N,A,-,N,,,,,,,,,,Y,2,0,3,2,A,-,01,23152,A,F,A,C,A,A,H,-,D,D,0,,,,,Y,Y,A,01,1,2,0,0,0,0,0,0,0,"- ","- ",34.863729999999997,-118.23587999999999,KERN,UNINCORPORATED,-118.23624341999999,34.863768129999997
90094082,2016,2016-01-13,9830,2016-01-10,2155,019592,,7,2,9,1500,0,1,3,,2,014,"SR-58 W/B","BUSINESS ROUTE 58 NORTH",8448.00,W,N,B,-,Y,,,58,,,,,,W,Y,2,0,1,2,A,-,03,22350,,N,C,C,A,A,H,-,D,D,0,,,,Y,Y,,G,25,1,0,0,0,0,0,0,0,0,"- ","- ",35.117249999999999,-118.20762000000001,KERN,UNINCORPORATED,-118.20761804999999,35.117277860000002
90131347,2016,2016-03-08,9420,2016-01-16,1810,019868,,6,2,9,1500,0,1,3,,1,462,"STATE ROUTE 46","MCKIBBEN ROAD",765.00,E,N,A,-,Y,,,46,,,,,,,Y,1,2,2,4,A,-,01,23152,A,N,A,C,A,A,H,-,D,D,0,,,,Y,Y,Y,A,07,1,1,0,0,0,0,0,0,0,"- ","- ",35.601170000000003,-119.45267,KERN,UNINCORPORATED,-119.45267067,35.601236780000001
90148960,2016,2016-04-01,9420,2016-03-25,2000,016691,,5,2,9,1500,0,1,3,,1,176,"SR-178 W/B","BEALE AVE O/C",325.00,W,N,A,-,Y,,,178,,,,,,W,Y,2,0,1,1,A,-,01,23152,A,N,F,A,A,A,H,-,C,D,0,,,,,Y,Y,A,01,1,0,0,0,0,0,0,0,0,"- ","- ",35.386409999999998,-118.98591,KERN,UNINCORPORATED,-118.98593053,35.386459479999999
90150420,2016,2016-04-04,9420,2016-03-25,0105,019868,,5,3,9,1500,0,3,5,,2,530,"WASCO AVE","LERDO HWY",215.00,S,N,A,-,N,,,,,,,,,,Y,2,0,1,2,A,-,08,22107,,N,E,I,A,A,H,-,D,D,0,,,,,Y,,A,01,1,0,0,0,0,0,0,0,0,"- ","- ",35.499339999999997,-119.33239,KERN,UNINCORPORATED,-119.33231571,35.499399940000004
90161854,2016,2016-04-20,9420,2016-04-14,1525,019185,,4,2,9,1500,0,1,3,,2,585,"SR-58 W/B","HUGHES LANE",30.00,W,N,A,-,Y,,,58,,,,,,W,Y,2,0,1,1,A,-,08,22107,,N,E,I,A,A,H,-,A,A,0,,,,,Y,,A,01,1,0,0,0,0,0,0,0,0,"- ","- ",35.352699999999999,-119.02996,KERN,UNINCORPORATED,-119.02995974,35.35276142
90175744,2016,2016-05-09,9830,2016-04-22,2031,021137,,5,2,9,1500,0,1,2,,1,053,"US-395 N/B","NEAL RANCH RD",2112.00,S,N,G,-,Y,,,,,,,,,,Y,2,0,3,4,A,-,03,22350,,N,G,B,E,A,H,-,D,D,0,Y,,,Y,Y,,G,25,3,0,0,0,2,0,0,0,0,"- ","- ",35.430799999999998,-117.52106000000001,KERN,UNINCORPORATED,-117.86851238,35.719336390000002
90214902,2016,2016-07-01,9420,2016-06-26,1705,020501,,7,2,9,1500,0,1,3,,2,585,"SR-58 W/B","S. CHESTER AVE",500.00,W,N,A,-,Y,,,58,,,,,,W,Y,2,0,2,1,A,-,08,22107,,N,E,I,A,A,H,-,A,D,0,,,,,Y,,A,01,1,1,0,0,0,0,0,0,0,"- ","- ",35.352820000000001,-119.02615,KERN,UNINCORPORATED,-119.02615025999999,35.352747839999999
90218884,2016,2016-07-08,9420,2016-07-02,0540,018607,,6,3,9,1500,0,2,4,,1,077,"FAIRFAX RD. (9100 BLOCK)","PANAMA RD.",2640.00,N,N,A,-,N,,,,,,,,,,Y,2,0,1,2,A,-,06,21755,,N,D,C,A,A,H,-,A,D,0,,,Y,,Y,,C,02,1,0,0,0,0,0,0,0,1,"- ","- ",35.271830000000001,-118.93203,KERN,UNINCORPORATED,-118.93211508,35.274213510000003
90293160,2016,2016-10-17,9430,2016-10-01,2055,018721,,6,2,9,1500,0,1,1,,2,054,"I-5 S/B (GOLDEN STATE FREEWAY)","LAVAL ROAD",6864.00,N,N,A,-,Y,,,,,,,,,,Y,2,0,1,3,A,-,01,23152,A,N,C,C,A,A,H,-,C,D,0,,,,,Y,Y,A,01,1,0,0,0,0,0,0,0,0,"- ","- ",34.007060000000003,-118.9521,KERN,UNINCORPORATED,,
90293316,2016,2016-10-17,9430,2016-10-10,2500,013402,,1,4,9,1500,0,3,5,,2,002,"GRAPEVINE RD","EDMONSTON PUMPING PLANT RD",386.00,N,N,A,-,N,,,,,,,,,,Y,2,0,1,1,A,-,08,22107,,N,E,I,A,A,H,-,B,D,0,,,,,Y,,A,08,1,0,0,0,0,0,0,0,0,"- ","- ",34.942100000000003,-118.92950999999999,KERN,UNINCORPORATED,-118.9296372,34.942147200000001
90316540,2016,2017-01-12,9420,2016-11-07,1510,015896,,1,2,9,1500,0,1,3,,2,431,"SR-43 (ENOS LN)","SEVENTH STANDARD RD",0.00,,Y,A,-,Y,,,43,,,,,,,Y,1,1,2,2,A,-,01,23152,A,N,D,C,A,A,H,-,A,A,0,,,,,Y,Y,A,01,0,1,1,0,0,0,0,0,0,"- ","- ",35.441600000000001,-119.2518,KERN,UNINCORPORATED,-119.25182488999999,35.441600139999998
90382748,2017,2017-01-31,9430,2017-01-23,0412,018681,,1,3,9,1500,0,1,1,,2,053,"I-5 N/B (GOLDEN STATE FREEWAY)","FORT TEJON OVER CROSS",10560.00,N,N,B,-,Y,,,5,,,,,,N,Y,2,0,1,4,A,-,03,22350,,N,B,C,A,C,C,-,D,D,0,,,,Y,Y,,A,01,1,0,0,0,0,0,0,0,0,"- ","- ",34.902760000000001,-118.92301999999999,KERN,UNINCORPORATED,-118.92296783,34.902769659999997
90406497,2017,2017-03-06,9420,2017-02-25,1845,019184,,6,2,6,1502,0,1,3,,2,094,"SR-99 NB FROM MING AVE.","MING AVE.",670.00,N,N,B,-,Y,,,99,,,,R,,N,Y,2,0,1,1,A,-,03,22350,,N,F,A,A,A,B,-,D,D,0,,,Y,,Y,,C,02,1,0,0,0,0,0,0,0,1,"- ","- ",35.3414,-119.03926,KERN,BAKERSFIELD,-119.03926,35.3414
90416931,2017,2017-03-22,9420,2017-03-17,1936,019442,,5,2,9,1500,0,2,4,,1,072,"EDISON HWY.","MT. VERNON AVE.",314.00,W,N,A,-,N,,,,,,,,,,N,2,0,1,2,A,-,11,21954,A,N,G,B,D,A,H,-,D,D,0,Y,,,,Y,,N,60,1,0,0,0,1,0,0,0,0,"- ","- ",35.372,-118.97,KERN,UNINCORPORATED,-118.96859818999999,35.371345689999998
90426463,2017,2017-04-03,9430,2017-03-31,2310,018681,,5,3,9,1500,0,1,1,,2,052,"I-5 S/B (GOLDEN STATE FREEWAY)","LEBEC SERVICE ROAD",5280.00,N,N,A,-,Y,,,5,,,,,,S,Y,2,0,4,1,A,-,01,23152,A,N,E,I,A,A,H,-,D,D,0,,,,,Y,Y,A,01,1,1,2,0,0,0,0,0,0,"- ","- ",34.855089999999997,-118.87470999999999,KERN,UNINCORPORATED,-118.87454533,34.855214340000003
90426864,2017,2017-04-04,9420,2017-03-08,1731,018607,,3,2,6,1502,0,1,3,,1,176,"STATE ROUTE 178 WESTBOUND","BEALE AVENUE",203.00,E,N,A,-,Y,,,178,,,,,,W,Y,1,1,0,1,A,-,03,22350,,N,E,I,A,A,H,-,A,D,0,,,Y,,Y,,C,02,0,0,0,0,0,0,0,1,0,"- ","- ",35.386749999999999,-118.98508,KERN,BAKERSFIELD,-118.98513326,35.3868492
90428972,2017,2017-04-06,9830,2017-03-27,0157,020167,,1,3,9,1500,0,3,5,,2,003,"20TH ST. W.","HARVELL ST.",255.00,S,N,A,-,N,,,,,,,,,,Y,2,0,1,1,A,-,01,23152,A,N,E,I,A,A,H,-,C,D,0,,,,,Y,Y,A,01,1,0,0,0,0,0,0,0,0,"- ","- ",34.852730000000001,-118.16718,KERN,UNINCORPORATED,-118.16707642,34.852870799999998
90475539,2017,2017-06-12,9420,2017-06-06,0945,018030,,2,1,9,1500,0,2,4,,1,052,"NORRIS RD","ROBERTS LN",920.00,E,N,A,-,N,,,,,,,,,,Y,2,0,2,2,A,-,08,22107,,N,A,C,A,A,H,-,A,D,0,,,,Y,Y,,A,01,2,0,0,0,0,0,0,0,0,"- ","- ",35.419559999999997,-119.00346,KERN,UNINCORPORATED,-119.05569599,35.419744649999998
90492526,2017,2017-07-03,9420,2017-06-09,2357,020093,,5,3,9,1500,0,2,4,,1,052,"ROBERTS LANE","COVEY AVENUE",0.00,,Y,B,-,N,,,,,,,,,,N,2,0,1,2,A,-,11,21954,A,N,G,B,E,A,H,-,C,D,0,Y,,,,Y,,N,60,1,0,0,0,1,0,0,0,0,"- ","- ",35.408799999999999,-119.0359,KERN,UNINCORPORATED,-119.03555000999999,35.40862001
90499759,2017,2017-07-13,9420,2017-06-12,1440,018805,,1,2,9,1500,0,3,5,,2,671,"SOUTH EDISON ROAD","HERRING ROAD",0.00,,Y,A,-,N,,,,,,,,,,Y,1,1,0,2,A,-,12,22450,A,N,D,C,A,A,H,-,A,D,0,,,,Y,Y,,A,07,0,0,0,0,0,0,0,0,0,"- ","- ",35.150700000000001,-118.87806999999999,KERN,UNINCORPORATED,-118.87805009,35.150690040000001
90502501,2017,2017-07-18,9420,2017-07-16,2150,020484,,7,2,9,1500,0,1,3,,1,184,SR-184,"FOOTHILL ROAD",30.00,S,N,A,-,Y,,,184,,,,,,,Y,2,0,6,3,A,-,01,23152,A,N,A,C,A,A,H,-,D,D,0,,,,,Y,Y,A,01,1,3,2,0,0,0,0,0,0,"- ","- ",35.366889999999998,-118.91414,KERN,UNINCORPORATED,-118.91424431,35.366890150000003
90502846,2017,2017-07-18,9420,2017-07-16,2208,018524,,7,3,6,1502,0,1,3,,1,176,"SR-178 EASTBOUND","STARK STREET",75.00,E,N,A,-,Y,,,178,,,,,,E,Y,2,0,4,1,A,-,01,23152,A,F,F,A,A,A,H,-,C,D,0,,,,,Y,Y,D,22,3,1,0,0,0,0,0,0,0,"- ","- ",35.393099999999997,-118.9721,KERN,BAKERSFIELD,-118.97211405,35.393151539999998
90504103,2017,2017-07-19,9420,2017-04-21,1735,018932,,5,2,9,1500,0,1,3,,2,090,"STATE ROUTE 99, NORTHBOUND","LERDO HIGHWAY",15840.00,S,N,A,-,Y,,,99,,,,,,N,Y,1,1,0,2,C,-,18,,,N,H,A,A,A,H,-,A,D,0,,,,,Y,Y,-,"- ",0,0,0,0,0,0,0,0,0,"- ","- ",35.468679999999999,-119.1236,KERN,UNINCORPORATED,-119.12342939,35.468904690000002
90512769,2017,2017-07-31,9420,2017-07-22,1340,021547,,6,1,9,1500,0,1,3,,2,155,SR-155,"KEYSVILLE ROAD",0.00,,Y,A,-,Y,,,155,,,,,,,Y,2,0,1,2,A,-,06,21755,,N,B,C,A,A,H,-,A,D,0,,,Y,,Y,,C,02,1,0,0,0,0,0,0,0,1,"- ","- ",35.641559999999998,-118.48407,KERN,UNINCORPORATED,-118.48409577,35.641511829999999
90564220,2017,2017-10-05,9420,2017-09-27,0800,015261,,3,1,9,1500,0,1,3,,2,154,SR-155,SR-65,31680.00,E,N,A,-,Y,,,155,,,,,,,Y,2,0,2,1,A,-,08,22107,,N,F,A,A,A,H,-,A,D,0,,,,Y,Y,,F,26,1,0,1,0,0,0,0,0,0,"- ","- ",35.741140000000001,-118.95048,KERN,UNINCORPORATED,-118.95049684999999,35.741164490000003
90571894,2017,2017-10-26,9426,2017-03-25,0511,018023,,6,3,9,1500,0,1,1,,2,500,"I-5 N/B","TWISSELMAN RD",506.00,N,N,C,-,Y,,,5,,,,,,N,Y,1,1,0,2,A,-,03,22350,,N,A,C,A,B,H,-,D,D,0,,,,Y,Y,Y,G,25,0,0,0,0,0,0,0,0,0,"- ","- ",35.733110000000003,-119.73996,KERN,UNINCORPORATED,-119.73999384,35.733084750000003
90632198,2017,2019-07-08,9830,2017-09-22,0515,014774,,5,3,9,1500,0,3,5,,2,001,"TEHACHAPI WILLOW SPRINGS ROAD","OAK CREEK ROAD",384.00,N,N,A,-,N,,,,,,,,,,Y,1,1,1,2,A,-,05,21460,A,N,A,C,A,A,H,-,D,D,0,,,,,Y,,A,01,1,0,0,0,0,0,0,0,0,"- ","- ",35.050170000000001,-118.35507,KERN,UNINCORPORATED,-118.36060980000001,35.052690699999999
90638793,2017,2018-02-02,9420,2017-04-30,2500,018445,,7,4,9,1500,0,1,3,,2,177,"STATE ROUTE 178","UPPER RICHBAR PICNIC AREA",6864.00,E,N,A,-,Y,,,178,,,,,,,Y,1,1,0,1,A,-,08,22107,,N,E,I,A,A,H,-,D,D,0,,,,,Y,,A,01,0,0,0,0,0,0,0,0,0,"- ","- ",35.496720000000003,-118.69671,KERN,UNINCORPORATED,-118.69669147,35.496704219999998
90650260,2018,2018-01-29,9420,2018-01-26,1805,020501,,5,2,9,1500,0,2,4,,1,072,"EDISON HWY","OSWELL FRONTAGE ROAD (EAST)",0.00,,Y,A,-,Y,,,,,,,,,,Y,2,0,2,2,A,-,01,23152,A,N,A,C,A,A,H,-,C,A,0,,,,,Y,Y,A,01,1,0,1,0,0,0,0,0,0,"- ","- ",35.366748809814453,-118.94943237304688,KERN,UNINCORPORATED,-118.95059204101562,35.367088317871094
90657697,2018,2018-09-19,9420,2018-01-22,1955,019868,,1,2,9,1500,0,3,5,,2,520,"BROWNING ROAD","ELMO HIGHWAY",1786.00,N,N,A,-,N,,,,,,,,,,Y,1,1,0,1,A,-,08,22107,,N,F,A,A,A,H,-,D,D,0,,,,,Y,,A,01,0,0,0,0,0,0,0,0,0,"- ","- ",35.694591522216797,-119.22322082519531,KERN,UNINCORPORATED,-119.22306060791016,35.693840026855469
90658105,2018,2018-02-09,9420,2018-02-01,2155,021788,,4,2,9,1500,0,1,3,,2,155,SR-155,"KEYSVILLE ROAD",1436.00,E,N,A,-,Y,,,155,,,,,,,Y,2,0,1,1,A,-,01,23152,A,N,E,J,A,A,H,-,D,D,0,,,,,Y,Y,D,22,1,0,0,0,0,0,0,0,0,"- ","- ",35.642971038818359,-118.48645782470703,KERN,UNINCORPORATED,-118.48650360107422,35.6429443359375
90698273,2018,2018-09-19,9420,2018-01-20,2130,019963,,6,2,9,1500,0,2,4,,1,051,"NORTH CHESTER AVENUE","DECATUR STREET",13.00,N,N,A,-,N,,,,,,,,,,N,1,1,0,2,A,-,11,21950,B,F,G,B,B,A,H,-,C,A,0,Y,,,,Y,,N,60,0,0,0,1,0,0,0,0,0,"- ","- ",35.413650512695312,-119.0201416015625,KERN,UNINCORPORATED,-119.02120971679688,35.413703918457031
90718496,2018,2018-05-02,9420,2018-04-28,1430,020529,,6,2,9,1500,0,1,3,,2,430,SR-43,"PETERSON RD.",0.00,,Y,A,-,Y,,,43,,,,,,,Y,2,0,2,2,A,-,12,22450,A,N,D,C,A,A,H,-,A,A,0,,,,,Y,,A,01,1,1,0,0,0,0,0,0,0,"- ","- ",35.703140258789062,-119.33043670654297,KERN,UNINCORPORATED,-119.33043670654297,35.703140258789062
90746796,2018,2019-04-04,9830,2018-01-26,2000,019977,,5,2,9,1500,0,2,4,,1,032,"SIERRA HIGHWAY","HILLCREST AVENUE",1056.00,S,N,A,-,N,,,,,,,,,,N,1,1,0,2,D,-,00,,,F,G,B,E,A,H,-,D,D,0,Y,,,,Y,,-,"- ",0,0,0,1,0,0,0,0,0,"- ","- ",34.867591857910156,-118.16355133056641,KERN,UNINCORPORATED,-118.16371917724609,34.868740081787109
90747659,2018,2018-06-13,9426,2018-06-02,2103,018919,,6,2,9,1500,0,3,5,,2,086,"LERDO HIGHWAY","ROWLEE ROAD",5808.00,E,N,A,-,N,,,,,,,,,,Y,2,0,1,1,A,-,01,23152,A,N,F,A,A,A,H,-,D,D,0,,,,,Y,Y,D,22,1,0,0,0,0,0,0,0,0,"- ","- ",35.500450134277344,-119.45111083984375,KERN,UNINCORPORATED,-119.45520782470703,35.500484466552734
90767533,2018,2018-07-12,9420,2018-07-04,2250,019311,,3,3,9,1500,0,2,4,,1,071,"MT. VERNON AVENUE","QUINCY STREET",0.00,,Y,A,-,N,,,,,,,,,,N,2,0,1,2,A,-,11,21954,A,N,G,B,D,A,H,-,E,A,0,Y,,,,Y,,N,60,1,0,0,0,1,0,0,0,0,"- ","- ",35.224700927734375,-118.58252716064453,KERN,UNINCORPORATED,-118.96755218505859,35.37982177734375
90776925,2018,2018-07-26,9420,2018-07-19,1320,019184,,4,1,9,1500,0,2,4,,1,051,"CHINA GRADE LOOP","MCCRAY ST.",77.00,E,N,A,-,N,,,,,,,,,,Y,2,0,1,3,A,-,03,22350,,N,C,C,A,A,H,-,A,A,0,,,,,Y,,A,01,1,0,0,0,0,0,0,0,0,"- ","- ",35.427101135253906,-119.03009796142578,KERN,UNINCORPORATED,-119.02986145019531,35.427108764648438
90777125,2018,2018-09-19,9420,2018-07-06,1235,013597,,5,1,9,1500,0,3,5,,2,060,"GOLDEN STATE HIGHWAY FRONTAGE ROAD","7TH STANDARD ROAD",2640.00,S,N,A,-,N,,,,,,,,,,N,1,1,0,1,A,-,03,22350,,N,F,A,A,A,G,-,A,D,0,,,Y,,Y,,C,02,0,0,0,0,0,0,0,1,0,"- ","- ",35.281101226806641,-119.04489898681641,KERN,UNINCORPORATED,-119.08029937744141,35.436065673828125
90777130,2018,2018-07-26,9420,2018-07-18,1345,019459,,3,1,9,1500,0,3,5,,2,540,"GARCES HIGHWAY","WILDWOOD ROAD",2750.00,W,N,A,-,N,,,,,,,,,,Y,2,0,2,2,A,-,05,21650,,N,B,D,A,A,H,-,A,D,0,,,,Y,Y,,F,27,1,0,1,0,0,0,0,0,0,"- ","- ",35.761081695556641,-119.44503784179688,KERN,UNINCORPORATED,-119.44612121582031,35.761028289794922
90792143,2018,2018-08-16,9420,2018-08-07,0020,021402,,2,3,9,1500,0,3,5,,2,672,"WHEELER RIDGE ROAD","HERRING ROAD",3000.00,S,N,A,-,N,,,,,,,,,,Y,2,0,2,1,A,-,01,23152,A,N,E,I,A,A,H,-,D,D,0,,,,,Y,Y,A,01,2,0,0,0,0,0,0,0,0,"- ","- ",35.151100158691406,-118.91465759277344,KERN,UNINCORPORATED,-118.91464233398438,35.142898559570312
90806117,2018,2018-09-05,9420,2018-09-01,1717,020814,,6,2,6,1502,0,2,S,,2,901,"1ST ST. (1900 BLOCK)","OLEANDER AVE.",7.00,E,N,A,-,N,,,,,,,,,,Y,2,0,1,1,A,-,01,23152,A,N,F,A,A,A,H,-,A,D,0,,,Y,,Y,Y,C,02,1,0,0,0,0,0,0,0,1,"- ","- ",35.354988098144531,-119.025390625,KERN,BAKERSFIELD,-119.02548217773438,35.355098724365234
90836226,2018,2018-10-15,9420,2018-10-04,2200,021134,,4,3,9,1500,0,1,3,,2,091,"SR-99 S/B","KIMBERLINA RD",650.00,N,N,A,-,Y,,,99,,,,,,S,Y,2,0,3,2,B,-,22,,,N,E,J,A,A,D,-,C,D,0,,,,Y,Y,,F,26,1,0,2,0,0,0,0,0,0,"- ","- ",35.560249328613281,-119.19808959960938,KERN,UNINCORPORATED,-119.19805908203125,35.560260772705078
90838624,2018,2018-12-20,9420,2018-10-04,0600,016828,,4,1,9,1500,0,1,3,,2,090,"STATE ROUTE 99, N/B","LERDO CANAL",160.00,N,N,A,-,Y,,,99,,,,,,N,Y,2,0,5,5,A,-,11,21954,A,N,G,B,D,A,H,-,B,D,0,Y,,,,Y,,N,60,2,3,0,0,1,0,0,0,0,"- ","- ",35.46282958984375,-119.11519622802734,KERN,UNINCORPORATED,-119.11526489257812,35.462741851806641
90848964,2018,2018-10-30,9426,2018-10-15,0655,015548,,1,1,9,1500,0,1,3,,2,581,"STATE ROUTE 58","CORN CAMP ROAD",2376.00,E,N,A,-,Y,,,58,,,,,,,Y,1,1,0,1,A,-,08,22107,,N,E,I,A,A,H,-,B,D,0,,,,Y,Y,,F,26,0,0,0,0,0,0,0,0,0,"- ","- ",35.399509429931641,-119.51103210449219,KERN,UNINCORPORATED,-119.51103210449219,35.399394989013672
90854569,2018,2018-11-06,9426,2018-10-28,2025,018909,,7,2,9,1500,0,1,1,,2,500,"I-5 S/B",SR-46,9504.00,N,N,A,-,Y,,,5,,,,,,S,Y,2,0,1,3,A,-,03,22350,,N,C,C,A,A,D,-,D,D,0,,,,,Y,,A,01,1,0,0,0,0,0,0,0,0,"- ","- ",35.637359619140625,-119.66902923583984,KERN,UNINCORPORATED,-119.66912841796875,35.637287139892578