CASE_ID,ACCIDENT_YEAR,PROC_DATE,JURIS,COLLISION_DATE,COLLISION_TIME,OFFICER_ID,REPORTING_DISTRICT,DAY_OF_WEEK,CHP_SHIFT,POPULATION,CNTY_CITY_LOC,SPECIAL_COND,BEAT_TYPE,CHP_BEAT_TYPE,CITY_DIVISION_LAPD,CHP_BEAT_CLASS,BEAT_NUMBER,PRIMARY_RD,SECONDARY_RD,DISTANCE,DIRECTION,INTERSECTION,WEATHER_1,WEATHER_2,STATE_HWY_IND,CALTRANS_COUNTY,CALTRANS_DISTRICT,STATE_ROUTE,ROUTE_SUFFIX,POSTMILE_PREFIX,POSTMILE,LOCATION_TYPE,RAMP_INTERSECTION,SIDE_OF_HWY,TOW_AWAY,COLLISION_SEVERITY,NUMBER_KILLED,NUMBER_INJURED,PARTY_COUNT,PRIMARY_COLL_FACTOR,PCF_CODE_OF_VIOL,PCF_VIOL_CATEGORY,PCF_VIOLATION,PCF_VIOL_SUBSECTION,HIT_AND_RUN,TYPE_OF_COLLISION,MVIW,PED_ACTION,ROAD_SURFACE,ROAD_COND_1,ROAD_COND_2,LIGHTING,CONTROL_DEVICE,CHP_ROAD_TYPE,PEDESTRIAN_ACCIDENT,BICYCLE_ACCIDENT,MOTORCYCLE_ACCIDENT,TRUCK_ACCIDENT,NOT_PRIVATE_PROPERTY,ALCOHOL_INVOLVED,STWD_VEHTYPE_AT_FAULT,CHP_VEHTYPE_AT_FAULT,COUNT_SEVERE_INJ,COUNT_VISIBLE_INJ,COUNT_COMPLAINT_PAIN,COUNT_PED_KILLED,COUNT_PED_INJURED,COUNT_BICYCLIST_KILLED,COUNT_BICYCLIST_INJURED,COUNT_MC_KILLED,COUNT_MC_INJURED,PRIMARY_RAMP,SECONDARY_RAMP,LATITUDE,LONGITUDE,COUNTY,CITY,POINT_X,POINT_Y
90858669,2018,2018-12-04,9420,2018-11-02,1140,013475,,5,1,6,1502,1,4,S,,2,901,"NEW STINE ROAD","BELLE TERRACE",0.00,,Y,A,-,N,,,,,,,,,,Y,2,0,5,3,A,-,12,21453,A,N,D,C,A,A,H,-,A,A,0,,,,,Y,,A,07,1,1,3,0,0,0,0,0,0,"- ","- ",35.346920013427734,-119.06108856201172,KERN,BAKERSFIELD,-119.06124114990234,35.346889495849609
90863704,2018,2018-11-20,9420,2018-11-13,1500,020040,,2,2,9,1500,0,3,5,,2,040,"BERNARD STREET","GAGE STREET",0.00,,Y,A,-,N,,,,,,,,,,Y,2,0,3,2,A,-,09,21802,A,N,D,C,A,A,H,-,A,A,0,,,,,Y,,A,01,1,0,2,0,0,0,0,0,0,"- ","- ",35.390010833740234,-118.9815673828125,KERN,UNINCORPORATED,-118.98150634765625,35.390029907226562
90869165,2018,2018-11-28,9420,2018-11-22,2000,019845,,4,2,9,1500,0,1,3,,2,090,"SR-99 (NORTHBOUND)",SR-46,4224.00,S,N,B,-,Y,,,99,,,,,,,Y,2,0,3,1,A,-,01,23152,A,N,E,I,A,A,H,-,C,D,0,,,,,Y,Y,A,07,2,1,0,0,0,0,0,0,0,"- ","- ",35.589118957519531,-119.20388793945312,KERN,UNINCORPORATED,-119.20401763916016,35.589103698730469
90884061,2018,2018-12-17,9420,2018-12-09,1725,021260,,7,2,9,1500,0,3,5,,2,070,"PIONEER DRIVE","DENISON LANE",54.00,W,N,B,-,N,,,,,,,,,,Y,2,0,1,2,A,-,01,23152,A,N,C,E,A,A,H,-,B,D,0,,,,,Y,Y,A,01,1,0,0,0,0,0,0,0,0,"- ","- ",35.368900299072266,-118.92160034179688,KERN,UNINCORPORATED,-118.92165374755859,35.368865966796875
90897370,2018,2019-01-03,9426,2018-12-26,0950,016050,,3,1,9,1500,0,1,1,,2,502,"I-5 S/B","MAIN DRAIN RD.",471.00,S,N,A,-,Y,,,5,,,,,,S,Y,2,0,11,5,A,-,03,22350,,N,C,C,A,A,H,-,A,D,0,,,,,Y,,A,01,1,3,7,0,0,0,0,0,0,"- ","- ",35.573871612548828,-119.61499786376953,KERN,UNINCORPORATED,-119.61504364013672,35.573829650878906
90904347,2019,2019-01-15,9420,2019-01-08,0740,021788,,2,1,9,1500,0,1,3,,2,155,"STATE ROUTE 155","AIRFORCE WAY",2640.00,W,N,A,-,Y,,,,,,,,,,Y,2,0,4,1,A,-,08,22107,,N,E,I,A,A,H,-,A,D,0,,,,,Y,,A,01,1,0,3,0,0,0,0,0,0,"- ","- ",35.395591735839844,-118.28170013427734,KERN,UNINCORPORATED,-118.48369598388672,35.658065795898438
9091827,2020,2020-07-24,1511,2020-04-12,0159,53082,5,7,5,2,1511,0,0,0,,0,00A,"REDWOOD BL","85TH ST",0.00,,Y,A,-,N,,,,,,,,,,N,2,0,1,2,A,-,08,22107,,F,B,E,A,A,H,-,D,D,0,,,,,Y,,A,01,1,0,0,0,0,0,0,0,0,"- ","- ",35.110820770263672,-117.97685241699219,KERN,"CALIFORNIA CITY",-117.97676849365234,35.111080169677734
90921993,2019,2019-03-08,9420,2019-01-12,0355,021144,,6,3,9,1500,0,3,5,,2,530,"POPLAR AVENUE","7TH STANDARD ROAD",1303.00,N,N,B,C,N,,,,,,,,,,Y,1,1,0,1,A,-,01,23152,A,N,E,I,A,B,H,-,D,D,0,,,,,Y,Y,D,22,0,0,0,0,0,0,0,0,0,"- ","- ",35.445571899414062,-119.29666137695312,KERN,UNINCORPORATED,-119.296630859375,35.445396423339844
90966176,2019,2019-05-06,9420,2019-02-11,2131,020093,,1,2,9,1500,0,2,4,,1,051,"MANOR STREET","CHINA GRADE LOOP",0.00,,Y,B,-,N,,,,,,,,,,Y,1,2,1,2,A,-,12,21453,A,F,D,C,A,A,H,-,C,A,0,,,,,Y,,A,01,1,0,0,0,0,0,0,0,0,"- ","- ",35.426799774169922,-119.01219940185547,KERN,UNINCORPORATED,-119.01244354248047,35.426761627197266
90974564,2019,2019-04-24,9830,2019-04-13,1102,019872,,6,1,9,1500,0,1,3,,1,040,"SR-14 N/B","REDROCK RANDSBURG RD",400.00,S,N,A,-,Y,,,14,,,,,,N,Y,2,0,1,2,A,-,01,23152,A,N,C,C,A,A,H,-,A,D,0,,,Y,,Y,Y,A,01,1,0,0,0,0,0,0,0,1,"- ","- ",35.311199188232422,-117.98783874511719,KERN,UNINCORPORATED,-117.98784637451172,35.311206817626953
90977500,2019,2019-04-29,9420,2019-04-18,2210,020093,,4,3,9,1500,0,2,4,,1,052,"ROBERTS LN","PLYMOUTH AVE",150.00,W,N,A,-,N,,,,,,,,,,N,2,0,1,2,A,-,11,21954,A,F,G,B,D,A,H,-,C,D,0,Y,,,,Y,Y,N,60,1,0,0,0,1,0,0,0,0,"- ","- ",35.408699035644531,-119.0260009765625,KERN,UNINCORPORATED,-119.02603912353516,35.40863037109375
90982573,2019,2019-05-06,9420,2019-04-29,1720,021260,,1,2,6,1502,0,1,3,,2,585,"STATE ROUTE 58 WESTBOUND","UNION AVENUE",1871.00,W,N,A,-,Y,,,58,,,,,,W,Y,2,0,1,4,A,-,03,22350,,N,C,C,A,A,H,-,A,D,0,,,,Y,Y,,A,01,1,0,0,0,0,0,0,0,0,"- ","- ",35.352649688720703,-119.00956726074219,KERN,BAKERSFIELD,-119.00956726074219,35.352630615234375
90993375,2019,2019-05-21,9830,2019-05-13,1925,021632,,1,2,9,1500,0,1,3,,2,030,"SR-14 SOUTHBOUND","ROSAMOND BOULEVARD",5200.00,N,N,A,-,Y,,,14,,,,,,S,Y,2,0,2,1,A,-,03,22350,,N,F,J,A,A,H,-,A,D,0,,,,,Y,,A,07,2,0,0,0,0,0,0,0,0,"- ","- ",34.877941131591797,-118.16755676269531,KERN,UNINCORPORATED,-118.16761779785156,34.877979278564453
90996710,2019,2019-05-28,9420,2019-05-15,1915,019140,,3,2,9,1500,0,3,5,,2,070,"VIRGINIA AVENUE","QUANTICO AVENUE",0.00,,Y,A,-,N,,,,,,,,,,Y,2,0,5,2,A,-,03,22350,,N,D,C,A,A,H,-,B,A,0,,,,,Y,,A,01,1,0,4,0,0,0,0,0,0,"- ","- ",35.361370086669922,-118.95864868164062,KERN,UNINCORPORATED,-118.95861053466797,35.361351013183594
91002942,2019,2019-06-04,9420,2019-04-30,1130,015977,,2,1,9,1500,0,1,3,,2,178,"STATE ROUTE 178","OLD ISABELLA ROAD",522.00,W,N,A,-,Y,,,,,,,,,,Y,1,1,1,2,A,-,05,21460,A,N,A,C,A,A,H,-,A,D,0,,,,,Y,,A,01,0,1,0,0,0,0,0,0,0,"- ","- ",35.647598266601562,-118.57875823974609,KERN,UNINCORPORATED,,
91006981,2019,2019-06-10,9420,2019-06-03,0545,018117,,1,3,9,1500,0,3,5,,2,530,"LERDO HWY","SCARONI AVE",0.00,,Y,A,-,N,,,,,,,,,,Y,2,0,5,2,A,-,12,22450,A,N,D,C,A,A,H,-,B,A,0,,,,,Y,,A,07,1,0,4,0,0,0,0,0,0,"- ","- ",35.499961853027344,-119.31385803222656,KERN,UNINCORPORATED,-119.3138427734375,35.49993896484375
91007456,2019,2019-06-11,9420,2019-04-05,1615,019442,,5,2,9,1500,0,3,5,,2,672,"HERRING ROAD","WHEELER RIDGE ROAD",6336.00,E,N,A,-,N,,,,,,,,,,Y,1,1,1,1,A,-,01,23152,A,N,F,A,A,A,H,-,A,D,0,,,,,Y,Y,D,22,1,0,0,0,0,0,0,0,0,"- ","- ",35.151008605957031,-118.88912963867188,KERN,UNINCORPORATED,-118.89352416992188,35.150619506835938
91025948,2019,2019-07-08,9420,2019-06-26,1505,019531,,3,2,9,1500,0,2,4,,1,071,"MOUNT VERNON AVENUE","LAKE STREET",175.00,S,N,A,-,N,,,,,,,,,,N,2,0,1,2,A,-,11,21954,A,N,G,B,D,A,H,-,A,D,0,Y,,,,Y,,N,60,1,0,0,0,1,0,0,0,0,"- ","- ",35.373638153076172,-118.96765899658203,KERN,UNINCORPORATED,-118.96758270263672,35.373538970947266
91027311,2019,2019-07-09,9426,2019-06-22,1650,018610,,6,2,9,1500,0,1,3,,2,432,SR-43,"STOCKDALE HWY",0.00,,Y,A,-,Y,,,43,,,,,,,Y,2,0,3,2,A,-,12,22450,A,N,B,C,A,A,H,-,A,A,0,,,,,Y,,A,01,1,0,2,0,0,0,0,0,0,"- ","- ",35.354301452636719,-119.25266265869141,KERN,UNINCORPORATED,-119.25215911865234,35.354297637939453
91029548,2019,2019-07-12,9426,2019-07-04,0420,018633,,4,3,9,1500,0,1,3,,1,460,"SR-46 E/B","HOLLOWAY RD",0.00,,Y,A,-,Y,,,46,,,,,,E,Y,2,0,1,2,A,-,12,22450,A,N,D,C,A,A,H,-,D,A,0,,,,Y,Y,,A,01,1,0,0,0,0,0,0,0,0,"- ","- ",35.615791320800781,-119.74237823486328,KERN,UNINCORPORATED,-119.74237823486328,35.615715026855469
91041125,2019,2019-07-29,9430,2019-06-15,1440,017153,,6,2,9,1500,0,3,5,,2,002,"HUDSON RANCH ROAD","KLIPSTEIN CANYON ROAD",15840.00,S,N,A,-,N,,,,,,,,,,Y,1,1,2,3,A,-,05,21460,A,N,B,C,A,A,H,-,A,D,0,,,Y,,Y,,C,02,2,0,0,0,0,0,0,1,2,"- ","- ",34.553901672363281,-119.24449920654297,KERN,UNINCORPORATED,-119.41291046142578,34.920055389404297
91049244,2019,2019-08-09,9420,2019-08-06,1030,016767,,2,1,9,1500,0,3,5,,2,050,"WAINWRIGHT DRIVE","COLIN B. KELLY DRIVE",70.00,W,N,A,-,N,,,,,,,,,,N,2,0,1,2,C,-,18,,,N,G,B,E,A,H,-,A,D,0,Y,,,,Y,,-,"- ",1,0,0,0,1,0,0,0,0,"- ","- ",35.407600402832031,-119.03160095214844,KERN,UNINCORPORATED,-119.03135681152344,35.407600402832031
91052989,2019,2019-08-15,9830,2019-08-06,1605,021553,,2,2,9,1500,0,3,5,,2,003,"HOLT STREET","CAMELOT BLVD",1584.00,N,N,A,-,N,,,,,,,,,,Y,2,0,1,2,A,-,01,23152,F,N,A,C,A,A,G,-,A,D,0,,,,Y,Y,,A,01,1,0,0,0,0,0,0,0,0,"- ","- ",35.035400390625,-118.18553161621094,KERN,UNINCORPORATED,-118.18553924560547,35.036064147949219
91064123,2019,2019-08-30,9420,2019-08-25,2025,021308,,7,2,9,1500,0,3,5,,2,070,"PIONEER DR. (2900 BLOCK)","DESCANSO ST.",90.00,E,N,A,-,N,,,,,,,,,,N,2,0,1,2,A,-,03,22350,,F,G,B,D,A,H,-,C,D,0,Y,,,,Y,,-,99,1,0,0,0,1,0,0,0,0,"- ","- ",35.368728637695312,-118.95394134521484,KERN,UNINCORPORATED,-118.95391845703125,35.368728637695312
91074378,2019,2019-09-13,9426,2019-08-08,0410,016579,,4,3,9,1500,0,1,1,,2,504,"I-5 S/B",SR-58,8395.00,S,N,A,-,Y,,,5,,,,,,S,Y,1,1,2,1,A,-,08,22107,,N,E,I,A,A,H,-,D,D,0,,,,,Y,Y,A,01,0,1,1,0,0,0,0,0,0,"- ","- ",35.383289337158203,-119.37616729736328,KERN,UNINCORPORATED,-119.37613677978516,35.383342742919922
91089974,2019,2019-10-03,9830,2019-10-02,0709,019271,,3,1,9,1500,0,3,5,,2,003,"SR-14 S/B","DAWN RD",6864.00,S,N,A,-,Y,,,,,,,,,,Y,2,0,4,2,A,-,03,22350,,N,C,C,A,A,H,-,A,D,0,,,,,Y,,A,01,1,1,2,0,0,0,0,0,0,"- ","- ",35.532180786132812,-118.09558868408203,KERN,UNINCORPORATED,,
91090384,2019,2019-10-04,9420,2019-09-25,2315,020484,,3,3,9,1500,0,2,4,,1,077,"SOUTH FAIRFAX ROAD","REDBANK ROAD",115.00,N,N,A,-,N,,,,,,,,,,Y,2,0,1,3,A,-,01,23152,A,N,C,E,A,A,H,-,C,D,0,,,,Y,Y,Y,A,01,1,0,0,0,0,0,0,0,0,"- ","- ",35.340198516845703,-118.93218994140625,KERN,UNINCORPORATED,-118.93202972412109,35.34002685546875
91092916,2019,2019-11-15,9830,2019-07-17,2027,020167,,3,2,9,1500,0,2,4,,1,034,"ROSAMOND BOULEVARD","45TH STREET WEST",406.00,W,N,A,-,N,,,,,,,,,,Y,1,1,0,2,A,-,11,21956,A,N,G,B,E,A,H,-,B,D,0,Y,,,,Y,Y,N,60,0,0,0,1,0,0,0,0,0,"- ","- ",34.863761901855469,-118.21282196044922,KERN,UNINCORPORATED,-118.21283721923828,34.863750457763672
91096413,2019,2019-10-14,9430,2019-10-09,1635,020504,,3,2,9,1500,0,3,5,,2,004,"INDUSTRIAL PKWY DR","TEJON INDUSTRIAL DR",1240.00,E,N,A,-,N,,,,,,,,,,Y,2,0,2,2,A,-,09,21804,A,N,D,C,A,A,H,-,A,D,0,,,,,Y,,M,96,1,0,1,0,0,0,0,0,0,"- ","- ",34.977008819580078,-118.94809722900391,KERN,UNINCORPORATED,-118.94837951660156,34.977100372314453
91122114,2019,2019-11-18,9830,2019-07-06,2315,021534,,6,3,9,1500,0,2,4,,1,032,"DAWN ROAD","SIERRA HIGHWAY",0.00,,Y,A,-,N,,,,,,,,,,Y,1,1,0,1,A,-,01,23152,A,N,F,A,A,A,H,-,D,D,0,,,Y,,Y,Y,C,06,0,0,0,0,0,0,0,1,0,"- ","- ",34.908149719238281,-118.15293121337891,KERN,UNINCORPORATED,-118.15283966064453,34.908321380615234
91125093,2019,2019-11-20,9420,2019-11-10,0955,015259,,7,1,9,1500,0,1,3,,2,096,"STATE ROUTE-99 NORTHBOUND","HERRING ROAD O/C",5086.00,S,N,A,-,Y,,,99,,,,,,N,Y,2,0,2,2,A,-,03,22350,,N,C,C,A,A,D,-,A,D,0,,,,,Y,,D,23,1,1,0,0,0,0,0,0,0,"- ","- ",35.136459350585938,-118.99272918701172,KERN,UNINCORPORATED,-118.99265289306641,35.136486053466797
91128210,2019,2019-11-25,9420,2019-11-13,2100,017972,,3,2,4,1503,0,1,3,,2,090,"SR-99 N/B","WOOLLOMES AVE",200.00,N,N,A,-,Y,,,99,,,,,,N,Y,2,0,5,2,A,-,03,22350,,M,C,C,A,A,H,-,C,D,0,,,,,Y,,A,01,1,0,4,0,0,0,0,0,0,"- ","- ",35.748481750488281,-119.24433135986328,KERN,DELANO,-119.24436187744141,35.748466491699219
91153853,2019,2020-02-11,9420,2019-12-14,0512,020040,,6,3,6,1502,0,1,3,,1,176,"SR-178 W/B","BERNARD STREET",734.00,W,N,B,C,Y,,,178,,,,,,W,Y,2,0,2,1,A,-,08,22107,,N,E,I,A,B,H,-,C,D,0,,,,,Y,,-,98,1,1,0,0,0,0,0,0,0,"- ","- ",35.38848876953125,-118.98300933837891,KERN,BAKERSFIELD,-118.98297119140625,35.388442993164062
91181730,2020,2020-02-06,9420,2020-02-03,1020,016767,,1,1,9,1500,0,1,3,,2,090,"SR-99 N/B","POND ROAD O/C",6864.00,N,N,A,-,Y,,,,,,,,,,Y,2,0,1,1,A,-,08,22107,,N,E,I,A,A,H,-,A,D,0,,,,,Y,,A,07,1,0,0,0,0,0,0,0,0,"- ","- ",35.420200347900391,-119.05809783935547,KERN,UNINCORPORATED,-119.24069213867188,35.73663330078125
91192476,2020,2020-02-24,9420,2020-01-27,1531,020634,,1,2,9,1500,0,3,5,,2,672,"SOUTH EDISON ROAD","HERMOSA ROAD",0.00,,Y,A,-,N,,,,,,,,,,Y,1,1,1,2,A,-,12,22450,A,N,D,C,A,A,H,-,A,A,0,,,,,Y,,D,22,0,0,1,0,0,0,0,0,0,"- ","- ",35.310798645019531,-118.87860107421875,KERN,UNINCORPORATED,-118.87854766845703,35.310829162597656
91208722,2020,2020-03-16,9830,2020-03-06,2010,019977,,5,2,9,1500,0,2,4,,1,026,"BUSINESS 58 EAST","K ST",17.00,E,N,A,-,Y,,,,,,,,,,N,2,0,1,2,A,-,08,22107,,N,D,G,A,A,H,-,D,D,0,,Y,,,Y,,L,04,1,0,0,0,0,0,1,0,0,"- ","- ",35.047489166259766,-118.17046356201172,KERN,UNINCORPORATED,,
91228877,2020,2020-04-23,9830,2020-03-18,1038,019883,,3,1,9,1500,0,1,3,,1,052,"STATE ROUTE 178","BROWN ROAD",0.00,,Y,A,-,Y,,,,,,,,,,Y,1,1,0,2,A,-,12,22450,A,N,D,C,A,A,H,-,A,A,0,,,,Y,Y,,A,01,0,0,0,0,0,0,0,0,0,"- ","- ",35.388160705566406,-117.48741912841797,KERN,UNINCORPORATED,,
91229351,2020,2020-04-24,9420,2020-04-15,1743,021140,,3,2,9,1500,0,3,5,,2,070,"PIONEER DRIVE","ESPERANZA STREET",0.00,,Y,A,-,N,,,,,,,,,,Y,2,0,2,2,A,-,01,23152,A,N,C,E,A,A,H,-,A,D,0,,,,,Y,Y,A,01,1,1,0,0,0,0,0,0,0,"- ","- ",35.369029998779297,-118.90252685546875,KERN,UNINCORPORATED,-118.90252685546875,35.3690185546875
91230984,2020,2020-04-29,9420,2020-04-24,2050,014770,,5,2,9,1500,0,3,5,,2,530,"LERDO HWY","INDUSTRIAL FARM RD.",2218.00,E,N,A,-,N,,,,,,,,,,Y,2,0,1,1,A,-,08,22107,,N,E,I,A,A,H,-,D,D,0,,,,,Y,,A,01,1,0,0,0,0,0,0,0,0,"- ","- ",35.49951171875,-119.101318359375,KERN,UNINCORPORATED,-119.10128784179688,35.499557495117188
91232701,2020,2020-05-01,9426,2020-03-05,1705,015472,,4,2,9,1500,0,1,3,,2,581,SR-58,58KER19.50,741.00,W,N,A,-,Y,,,58,,,,,,,Y,1,1,0,1,A,-,01,23152,,N,E,I,A,A,H,-,A,A,0,,,,,Y,Y,A,01,0,0,0,0,0,0,0,0,0,"- ","- ",35.356201171875,-119.59359741210938,KERN,UNINCORPORATED,-119.59361267089844,35.356208801269531
91235975,2020,2020-05-11,9420,2020-05-03,0345,020093,,7,3,9,1500,0,2,4,,1,052,"NORRIS RD","KNUDSEN DR",310.00,E,N,A,-,N,,,,,,,,,,Y,2,0,1,1,A,-,01,23152,A,M,B,I,A,A,H,-,C,D,0,,,,,Y,Y,A,01,1,0,0,0,0,0,0,0,0,"- ","- ",35.421298980712891,-119.06079864501953,KERN,UNINCORPORATED,-119.06046295166016,35.417839050292969
91237296,2020,2020-05-13,9420,2020-05-05,2000,021915,,2,2,9,1500,0,3,5,,2,320,"CALIENTE BODFISH ROAD","COLUMBUS AVENUE",0.00,,Y,A,-,N,,,,,,,,,,N,2,0,1,2,A,-,09,21801,B,N,H,G,A,A,H,-,D,D,0,,Y,,,Y,,L,04,1,0,0,0,0,0,1,0,0,"- ","- ",35.588638305664062,-118.49610137939453,KERN,UNINCORPORATED,-118.49607086181641,35.588680267333984
91249022,2020,2020-06-08,9420,2020-06-07,2041,021386,,7,2,9,1500,0,1,3,,1,184,"STATE ROUTE 184","BENGSTON AVENUE",416.00,S,N,A,-,Y,,,184,,,,,,,Y,2,0,5,3,A,-,05,21460,A,N,A,C,A,A,H,-,D,D,0,,,,,Y,,A,07,2,1,2,0,0,0,0,0,0,"- ","- ",35.333259582519531,-118.914306640625,KERN,UNINCORPORATED,-118.91429901123047,35.333259582519531
91260590,2020,2020-06-30,9420,2020-06-21,1920,021503,,7,2,9,1500,0,2,4,,1,075,"S. UNION AVE.","PACHECO RD",792.00,N,N,A,-,N,,,,,,,,,,Y,2,0,3,2,A,-,01,23152,A,N,E,I,A,A,H,-,A,D,0,,,Y,,Y,Y,A,07,1,2,0,0,0,0,0,0,1,"- ","- ",35.312919616699219,-119.00302886962891,KERN,UNINCORPORATED,-119.00312042236328,35.312564849853516
91262380,2020,2020-07-02,9420,2020-06-28,1657,020529,,7,2,9,1500,0,3,5,,2,060,"GENICE RENEE ST.","KRISTINA LYNN CT.",0.00,,Y,A,-,N,,,,,,,,,,N,2,0,5,1,A,-,08,22107,,N,F,I,A,A,H,-,A,D,0,,,,,Y,,A,01,1,3,1,0,0,0,0,0,0,"- ","- ",35.423488616943359,-119.10489654541016,KERN,UNINCORPORATED,-119.10489654541016,35.423408508300781
91264777,2020,2020-07-07,9420,2020-05-25,2245,021133,,1,3,9,1500,0,1,3,,1,184,"STATE ROUTE 184","EAST WILSON ROAD",183.00,S,N,A,-,Y,,,184,,,,,,,N,1,1,0,2,A,-,11,21954,A,N,G,B,D,A,H,-,D,D,0,Y,,,,Y,Y,N,60,0,0,0,1,0,0,0,0,0,"- ","- ",35.33203125,-118.91428375244141,KERN,UNINCORPORATED,-118.91429901123047,35.33203125
91273674,2020,2020-07-23,9426,2020-07-10,1530,019206,,5,2,9,1500,0,1,3,,2,581,"STATE ROUTE 58 E/B","SAN LUIS OBISPO COUNTY LINE",5280.00,E,N,A,-,Y,,,58,,,,,,E,Y,1,1,0,1,A,-,08,22107,,N,E,I,A,A,H,-,A,D,0,,,,,Y,,A,07,0,0,0,0,0,0,0,0,0,"- ","- ",35.352188110351562,-119.82000732421875,KERN,UNINCORPORATED,-119.82000732421875,35.352191925048828
91278569,2020,2020-07-31,9426,2020-07-24,1425,019206,,5,2,9,1500,0,1,3,,2,432,"STATE ROUTE 43","INTERSTATE 5 S/B",661.00,S,N,A,-,Y,,,43,,,,,,,Y,2,0,4,2,A,-,03,22350,,N,C,C,A,A,H,-,A,A,0,,,,,Y,,A,01,1,3,0,0,0,0,0,0,0,"- ","- ",35.291061401367188,-119.25254058837891,KERN,UNINCORPORATED,-119.25254821777344,35.291061401367188
91279676,2020,2020-08-03,9420,2020-07-24,1315,021589,,5,1,9,1500,0,1,3,,2,177,SR-178,"RANCHERIA RD",36960.00,E,N,A,-,Y,,,178,,,,,,,Y,2,0,2,1,A,-,08,22107,,N,F,I,A,A,H,-,A,D,0,,,,,Y,,A,01,1,1,0,0,0,0,0,0,0,"- ","- ",35.475101470947266,-118.75257873535156,KERN,UNINCORPORATED,-118.75266265869141,35.475105285644531
91295104,2020,2020-08-28,9420,2020-08-22,1802,021589,,6,2,9,1500,0,3,5,,2,040,"ALFRED HARRELL HWY","GOODMANVILLE RD",850.00,W,N,A,-,N,,,,,,,,,,Y,2,0,1,1,A,-,08,22107,,N,E,I,A,A,H,-,A,D,0,,,,,Y,,A,08,1,0,0,0,0,0,0,0,0,"- ","- ",35.433559417724609,-118.93193054199219,KERN,UNINCORPORATED,-118.93276214599609,35.436038970947266
91297882,2020,2020-09-02,9420,2020-07-04,2048,020040,,6,2,9,1500,0,3,5,,2,040,"DIRT ROAD EXTENSION OF RANCHERIA ROAD","STATE ROUTE 178",23760.00,N,N,A,-,N,,,,,,,,,,Y,1,1,1,1,A,-,01,23152,A,N,F,A,A,A,H,-,D,D,0,,,,,Y,Y,D,22,1,0,0,0,0,0,0,0,0,"- ","- ",35.476791381835938,-118.82552337646484,KERN,UNINCORPORATED,-118.82553863525391,35.476791381835938
91305236,2020,2020-09-15,9426,2020-09-08,1525,018919,,2,2,9,1500,0,3,5,,2,081,"ELM STREET","PIERCE STREET",0.00,,Y,A,-,N,,,,,,,,,,Y,2,0,1,2,A,-,05,21752,D,N,D,C,A,A,H,-,A,D,0,,,Y,,Y,,C,02,1,0,0,0,0,0,0,0,1,"- ","- ",35.157638549804688,-119.46286773681641,KERN,UNINCORPORATED,-119.46266937255859,35.157569885253906
91308994,2020,2020-09-22,9420,2020-09-13,1624,021296,,7,2,9,1500,0,3,5,,2,070,"GLENWOOD DRIVE","HILLBURN RD",0.00,,Y,A,-,N,,,,,,,,,,Y,2,0,2,2,A,-,12,22450,A,F,D,C,A,A,H,-,C,A,0,,,Y,,Y,,A,01,2,0,0,0,0,0,0,0,2,"- ","- ",35.379531860351562,-118.95137786865234,KERN,UNINCORPORATED,-118.95136260986328,35.379501342773438
91316230,2020,2022-01-20,9420,2020-09-25,0033,020484,,5,3,9,1500,0,2,4,,1,064,"OLIVE DRIVE","OAKLEAF STREET",129.00,E,N,A,-,N,,,,,,,,,,Y,2,0,1,3,A,-,08,22107,,N,B,E,A,A,H,-,D,D,0,,,Y,,Y,,C,02,1,0,0,0,0,0,0,0,1,"- ","- ",35.412319183349609,-119.07154846191406,KERN,UNINCORPORATED,-119.07180023193359,35.412330627441406
91324526,2020,2020-10-15,9830,2020-07-07,1306,020524,,2,1,9,1500,0,1,3,,1,022,"STATE ROUTE 58 WESTBOUND","BORON AVENUE",2640.00,W,N,A,-,Y,,,58,,,,,,W,Y,1,1,2,2,A,-,08,22107,,N,C,C,A,A,E,-,A,A,0,,,,Y,Y,,A,08,0,2,0,0,0,0,0,0,0,"- ","- ",35.008499145507812,-117.65981292724609,KERN,UNINCORPORATED,-117.65981292724609,35.008499145507812
91328275,2020,2020-10-21,9430,2020-10-17,1300,018631,,6,1,9,1500,0,1,1,,2,052,"I-5 S/B","LEBEC SERVICE ROAD",3359.00,N,N,A,-,Y,,,5,,,,,,S,Y,2,0,1,1,A,-,08,22107,,N,E,I,A,A,H,-,A,D,0,,,,,Y,,D,22,1,0,0,0,0,0,0,0,0,"- ","- ",34.845359802246094,-118.86723327636719,KERN,UNINCORPORATED,-118.86735534667969,34.845256805419922
91335650,2020,2020-10-30,9420,2020-10-23,1905,021140,,5,2,9,1500,0,1,3,,2,177,SR-178,"LOWER RICHBAR",10560.00,W,N,A,-,Y,,,178,,,,,,,Y,2,0,1,1,A,-,08,22107,,N,E,I,A,A,H,-,D,D,0,,,,,Y,,A,01,1,0,0,0,0,0,0,0,0,"- ","- ",35.476539611816406,-118.75237274169922,KERN,UNINCORPORATED,-118.75242614746094,35.476573944091797