CASE_ID,ACCIDENT_YEAR,PROC_DATE,JURIS,COLLISION_DATE,COLLISION_TIME,OFFICER_ID,REPORTING_DISTRICT,DAY_OF_WEEK,CHP_SHIFT,POPULATION,CNTY_CITY_LOC,SPECIAL_COND,BEAT_TYPE,CHP_BEAT_TYPE,CITY_DIVISION_LAPD,CHP_BEAT_CLASS,BEAT_NUMBER,PRIMARY_RD,SECONDARY_RD,DISTANCE,DIRECTION,INTERSECTION,WEATHER_1,WEATHER_2,STATE_HWY_IND,CALTRANS_COUNTY,CALTRANS_DISTRICT,STATE_ROUTE,ROUTE_SUFFIX,POSTMILE_PREFIX,POSTMILE,LOCATION_TYPE,RAMP_INTERSECTION,SIDE_OF_HWY,TOW_AWAY,COLLISION_SEVERITY,NUMBER_KILLED,NUMBER_INJURED,PARTY_COUNT,PRIMARY_COLL_FACTOR,PCF_CODE_OF_VIOL,PCF_VIOL_CATEGORY,PCF_VIOLATION,PCF_VIOL_SUBSECTION,HIT_AND_RUN,TYPE_OF_COLLISION,MVIW,PED_ACTION,ROAD_SURFACE,ROAD_COND_1,ROAD_COND_2,LIGHTING,CONTROL_DEVICE,CHP_ROAD_TYPE,PEDESTRIAN_ACCIDENT,BICYCLE_ACCIDENT,MOTORCYCLE_ACCIDENT,TRUCK_ACCIDENT,NOT_PRIVATE_PROPERTY,ALCOHOL_INVOLVED,STWD_VEHTYPE_AT_FAULT,CHP_VEHTYPE_AT_FAULT,COUNT_SEVERE_INJ,COUNT_VISIBLE_INJ,COUNT_COMPLAINT_PAIN,COUNT_PED_KILLED,COUNT_PED_INJURED,COUNT_BICYCLIST_KILLED,COUNT_BICYCLIST_INJURED,COUNT_MC_KILLED,COUNT_MC_INJURED,PRIMARY_RAMP,SECONDARY_RAMP,LATITUDE,LONGITUDE,COUNTY,CITY,POINT_X,POINT_Y
91371076,2020,2020-12-18,9420,2020-12-16,1842,021547,,3,2,9,1500,0,1,3,,2,178,SR-178,"FAY RANCH ROAD",1456.00,W,N,A,-,Y,,,178,,,,,,,Y,2,0,2,1,A,-,08,22107,,N,E,I,A,A,H,-,A,D,0,,,,,Y,,A,01,1,0,1,0,0,0,0,0,0,"- ","- ",35.665279388427734,-118.29498291015625,KERN,UNINCORPORATED,-118.29497528076172,35.665237426757812
91371106,2020,2021-01-05,9420,2020-12-17,1040,019184,,4,1,6,1502,0,1,3,,1,176,"SR-178 W/B","M ST.",145.00,E,N,A,-,Y,,,178,,,,,,W,Y,1,1,1,1,A,-,08,22107,,N,E,J,A,A,H,-,A,D,0,,,,,Y,,A,01,0,0,1,0,0,0,0,0,0,"- ","- ",35.380699157714844,-119.01460266113281,KERN,BAKERSFIELD,-119.01453399658203,35.381015777587891
91381062,2020,2021-01-05,9420,2020-12-23,2140,020040,,3,2,9,1500,0,1,3,,1,184,SR-184,"KERRNITA ROAD",10.00,N,N,A,-,Y,,,184,,,,,,,N,2,0,1,2,A,-,11,21950,B,F,G,B,D,A,H,-,D,D,0,Y,,,,Y,,N,60,1,0,0,0,1,0,0,0,0,"- ","- ",35.347740173339844,-118.91413879394531,KERN,UNINCORPORATED,-118.91426086425781,35.347743988037109
91391232,2020,2021-01-20,9420,2020-12-05,1451,020634,,6,2,9,1500,0,2,4,,1,051,"NORTH CHESTER AVENUE","MCCORD AVENUE",0.00,,Y,A,-,N,,,,,,,,,,Y,1,1,1,2,A,-,09,21801,A,N,D,C,A,A,H,-,A,D,0,,,Y,,Y,,A,07,0,0,1,0,0,0,0,1,0,"- ","- ",35.406768798828125,-119.02104187011719,KERN,UNINCORPORATED,-119.02105712890625,35.406791687011719
91403548,2021,2021-02-05,9420,2021-01-31,1402,020634,,7,2,9,1500,0,3,5,,2,050,"GOLD MEADOW DR.","MISTY MEADOW DR",0.00,,Y,A,-,N,,,,,,,,,,Y,2,0,1,2,A,-,09,21800,A,N,D,C,A,A,H,-,A,D,0,,,Y,,Y,,C,02,1,0,0,0,0,0,0,0,1,"- ","- ",35.436550140380859,-119.02588653564453,KERN,UNINCORPORATED,-119.02593994140625,35.436546325683594
91423690,2021,2021-03-09,9426,2021-02-27,2125,019592,,6,2,9,1500,0,3,5,,2,087,"HILL RD","PIERI RD",40.00,E,N,A,-,N,,,,,,,,,,Y,2,0,1,1,A,-,03,22350,,N,E,I,A,A,H,-,D,D,0,,,,,Y,,A,01,1,0,0,0,0,0,0,0,0,"- ","- ",35.194240570068359,-119.19911193847656,KERN,UNINCORPORATED,-119.19911956787109,35.194004058837891
91424939,2021,2021-03-11,9420,2021-02-14,1748,021589,,7,2,9,1500,0,3,5,,2,040,"ALFRED HARRELL HWY","FAIRFAX RD",3168.00,E,N,A,-,N,,,,,,,,,,Y,2,0,2,1,A,-,03,22350,,N,F,A,A,A,H,-,D,D,0,,,Y,,Y,,C,02,1,1,0,0,0,0,0,0,2,"- ","- ",35.426090240478516,-118.93955230712891,KERN,UNINCORPORATED,-118.95033264160156,35.423198699951172
91444367,2021,2021-04-06,9830,2021-01-15,1735,020960,,5,2,9,1500,0,2,4,,1,032,"SIERRA HIGHWAY","MARIE AVENUE",283.00,N,N,A,-,N,,,,,,,,,,Y,1,1,1,2,A,-,08,22107,,N,A,C,A,A,H,-,C,D,0,,,,,Y,,D,22,0,1,0,0,0,0,0,0,0,"- ","- ",34.850688934326172,-118.16085052490234,KERN,UNINCORPORATED,-118.16086578369141,34.850669860839844
91444835,2021,2021-04-08,9420,2021-03-27,2352,021144,,6,3,9,1500,0,3,5,,2,610,"BELLE TERRACE","BALDWIN ROAD",0.00,,Y,A,-,Y,,,,,,,,,,Y,2,0,2,3,A,-,01,23152,A,F,D,C,A,A,H,-,D,A,0,,,,,Y,Y,D,22,2,0,0,0,0,0,0,0,0,"- ","- ",35.346698760986328,-119.02895355224609,KERN,UNINCORPORATED,-119.0289306640625,35.346698760986328
91457387,2021,2021-04-23,9420,2021-04-18,2027,021296,,7,2,9,1500,0,3,5,,2,610,"E. BELLE TERRACE","MADISON ST.",142.00,W,N,A,-,N,,,,,,,,,,Y,2,0,1,1,A,-,08,22107,,N,F,A,A,A,H,-,C,D,0,,,Y,,Y,,C,02,1,0,0,0,0,0,0,0,1,"- ","- ",35.344779968261719,-118.99482727050781,KERN,UNINCORPORATED,-118.99467468261719,35.344745635986328
91489371,2021,2021-06-04,9420,2021-05-25,2355,020366,,2,3,9,1500,0,2,4,,1,076,"COTTONWOOD ROAD","MARDI GRAS",275.00,S,N,A,-,N,,,,,,,,,,Y,2,0,2,1,A,-,01,23152,A,N,E,I,A,A,H,-,D,D,0,,,,,Y,Y,D,22,1,1,0,0,0,0,0,0,0,"- ","- ",35.343521118164062,-118.98542022705078,KERN,UNINCORPORATED,-118.985364,35.343539999999997
91513573,2021,2021-07-06,9430,2021-06-27,1725,020255,,7,2,9,1500,0,3,5,,2,002,"LEBEC ROAD","LEBEC SERVICE ROAD",0.00,,Y,A,F,N,,,,,,,,,,Y,2,0,1,2,A,-,09,21801,A,N,D,C,A,A,H,-,A,D,0,,,Y,,Y,,A,01,1,0,0,0,0,0,0,0,1,"- ","- ",34.835311889648438,-118.86480712890625,KERN,UNINCORPORATED,-118.86453247070312,34.833835601806641
91519051,2021,2021-07-13,9426,2021-07-04,1258,017321,,7,1,9,1500,0,1,3,,1,332,SR-33,"SODA LAKE ROAD",2640.00,N,N,A,-,Y,,,33,,,,,,,N,2,0,1,1,A,-,08,22107,,N,F,A,A,A,H,-,A,D,0,,,,,Y,,D,22,1,0,0,0,0,0,0,0,0,"- ","- ",34.968959808349609,-119.43753051757812,KERN,UNINCORPORATED,-119.43776702880859,34.969093322753906
91519160,2021,2021-07-13,9420,2021-07-08,1745,021140,,4,2,9,1500,0,1,3,,2,584,"SR-58 W/B","UNION AVENUE OVERCROSSING",668.00,E,N,A,-,Y,,,,,,,,,,Y,2,0,1,3,A,-,03,22350,,N,C,C,A,A,H,-,A,D,0,,,,Y,Y,,G,27,1,0,0,0,0,0,0,0,0,"- ","- ",35.352531433105469,-118.99938201904297,KERN,UNINCORPORATED,-119.00068664550781,35.352573394775391
91519824,2021,2021-07-14,9420,2021-07-07,0057,020366,,3,3,9,1500,0,2,4,,2,074,"PANAMA ROAD","S. FAIRFAX ROAD",2710.00,W,N,A,-,N,,,,,,,,,,Y,2,0,1,1,A,-,08,22107,,N,E,I,A,A,H,-,D,D,0,,,,,Y,,A,01,1,0,0,0,0,0,0,0,0,"- ","- ",35.266899108886719,-118.94123077392578,KERN,UNINCORPORATED,-118.94119262695312,35.266948699951172
91524583,2021,2021-07-20,9420,2021-06-02,2202,018387,,3,3,9,1500,0,3,5,,2,671,"SUNSET BOULEVARD","CAMPUS DRIVE",528.00,E,N,A,-,N,,,,,,,,,,N,1,1,0,2,A,-,11,21954,A,F,G,B,E,A,H,-,D,D,0,Y,,,,Y,,N,60,0,0,0,1,0,0,0,0,0,"- ","- ",35.223640441894531,-118.8309326171875,KERN,UNINCORPORATED,-118.83159637451172,35.223617553710938
91536725,2021,2021-08-04,9420,2021-07-16,2300,020093,,5,3,6,1502,0,1,3,,2,095,"SR-99 S/B TO PANAMA LN","PANAMA LN",280.00,N,N,A,-,Y,,,99,,,,R,,S,Y,2,0,1,2,A,-,08,22107,,M,D,C,A,A,H,-,D,D,0,,,,,Y,,D,22,1,0,0,0,0,0,0,0,0,"- ","- ",35.296768188476562,-119.03172302246094,KERN,BAKERSFIELD,-119.03172302246094,35.296768188476562
91547787,2021,2022-03-09,9420,2021-07-21,1051,017256,,3,1,9,1500,0,2,4,,1,051,"NORTH CHESTER AVENUE","DECATUR STREET",0.00,,Y,A,-,N,,,,,,,,,,N,2,0,2,2,A,-,09,21453,C,N,D,C,A,A,H,-,A,A,0,,,,,Y,,A,07,2,0,0,0,0,0,0,0,0,"- ","- ",35.413658142089844,-119.02120208740234,KERN,UNINCORPORATED,-119.02120971679688,35.413669586181641
91568359,2021,2021-09-13,9420,2021-09-05,0650,018387,,7,1,9,1500,0,1,3,,1,176,SR-178,"BEALE AVE",80.00,E,N,A,-,Y,,,178,,,,,,,Y,2,0,1,1,A,-,08,22107,,N,E,8,A,A,H,-,A,D,0,,,,,Y,,A,01,1,0,0,0,0,0,0,0,0,"- ","- ",35.387138366699219,-118.98455810546875,KERN,UNINCORPORATED,-118.98458862304688,35.387180328369141
91592722,2021,2021-10-11,9420,2021-10-02,1641,020782,,6,2,9,1500,0,2,4,,1,051,"N. CHESTER AVENUE","UNIVERSE AVENUE",390.00,N,N,A,-,N,,,,,,,,,,Y,2,0,1,2,A,-,01,23153,A,N,B,C,A,A,H,-,A,D,0,,,Y,,Y,Y,A,01,1,0,0,0,0,0,0,0,1,"- ","- ",35.432388305664062,-119.0213623046875,KERN,UNINCORPORATED,-119.02136993408203,35.432258605957031
91624569,2021,2021-11-15,9420,2021-09-28,2500,016153,,2,4,6,1502,0,1,3,,2,583,"STATE ROUTE 58(WESTSIDE PARKWAY) EASTBOUND","COFFEE ROAD UNDERCROSSING",2640.00,W,N,A,-,Y,,,,,,,,,,Y,1,1,0,1,A,-,01,23152,A,N,E,I,A,A,H,-,A,D,0,,,Y,,Y,Y,C,02,0,0,0,0,0,0,0,1,0,"- ","- ",35.361991882324219,-119.09824371337891,KERN,BAKERSFIELD,-119.10112762451172,35.383369445800781
91661379,2021,2021-12-24,9430,2021-12-14,1055,017187,,2,1,9,1500,0,1,1,,2,053,"I-5 N/B","#2 TURN THROUGH",370.00,N,N,B,C,Y,,,5,,,,,,N,Y,2,0,1,2,A,-,03,22350,,N,C,C,A,B,H,-,A,A,0,,,,Y,Y,,A,07,1,0,0,0,0,0,0,0,0,"- ","- ",34.890880584716797,-118.91223907470703,KERN,UNINCORPORATED,-118.91228485107422,34.89080810546875
91662650,2021,2021-12-27,9420,2021-12-23,2125,021572,,4,2,9,1500,0,2,4,,1,072,"EDISON HWY","FAIRFAX RD",40.00,E,N,C,-,N,,,,,,,,,,Y,2,0,1,1,A,-,03,22350,,N,E,I,A,B,F,-,C,D,0,,,,,Y,,A,08,1,0,0,0,0,0,0,0,0,"- ","- ",35.362499237060547,-118.93132781982422,KERN,UNINCORPORATED,-118.93151092529297,35.362449645996094
91682560,2021,2022-01-21,9420,2021-12-28,2215,020484,,2,3,9,1500,0,3,5,,2,672,"WHEELER RIDGE ROAD","VALPREDO AVENUE",4695.00,S,N,A,-,N,,,,,,,,,,Y,1,2,4,2,A,-,08,22107,,N,A,C,A,A,H,-,D,D,0,,,,,Y,,A,07,4,0,0,0,0,0,0,0,0,"- ","- ",35.061481475830078,-118.91744232177734,KERN,UNINCORPORATED,-118.91744232177734,35.061538696289062
91691889,2022,2022-02-02,9420,2022-01-23,1740,020529,,7,2,9,1500,0,1,3,,2,091,SR-99,"WHISLER RD",4000.00,N,N,A,-,Y,KER,,99,,,48.133,H,,R,Y,2,0,1,2,A,-,07,21658,A,N,B,C,A,A,H,-,D,D,0,,,Y,,Y,,A,07,1,0,0,0,0,0,0,0,1,"- ","- ",35.656639099121094,-119.22228240966797,KERN,UNINCORPORATED,-119.22200012207031,35.656681060791016
91701182,2022,2022-02-15,9830,2022-02-11,1720,019977,,5,2,9,1500,0,3,5,,2,001,"OAK CREEK RD","TEHACHAPI WILLOW SPRINGS RD",5280.00,E,N,A,-,N,,,,,,,,,,Y,2,0,1,1,A,-,03,22350,,N,F,A,A,A,H,-,B,D,0,,,Y,,Y,,C,02,1,0,0,0,0,0,0,0,1,"- ","- ",35.052848815917969,-118.33721923828125,KERN,UNINCORPORATED,-118.37058258056641,35.045692443847656
91709739,2021,2022-02-25,9430,2021-11-05,0550,021197,,5,3,9,1500,0,2,4,,1,021,"FRAZIER MOUNTAIN PARK ROAD","GRAND TERRACE ESTATES DRIVE",314.00,W,N,A,-,N,,,,,,,,,,N,1,1,0,2,A,-,11,21954,A,N,G,B,E,A,H,-,D,D,0,Y,,,,Y,,N,60,0,0,0,1,0,0,0,0,0,"- ","- ",34.818679809570312,-118.91461181640625,KERN,UNINCORPORATED,-118.91502380371094,34.818855285644531
91733646,2021,2022-03-25,9420,2021-07-30,1425,021134,,5,2,9,1500,0,3,5,,2,672,"CALIENTE BODFISH ROAD","CALIENTE CREEK ROAD",23232.00,N,N,A,-,N,,,,,,,,,,Y,1,1,0,1,A,-,08,22107,,N,E,I,A,A,H,-,A,D,0,,,,,Y,,-,"- ",0,0,0,0,0,0,0,0,0,"- ","- ",35.338821411132812,-118.57697296142578,KERN,UNINCORPORATED,-118.57720184326172,35.338783264160156
91734983,2022,2022-03-28,9420,2022-02-04,2145,020573,,5,2,9,1500,0,3,5,,2,610,"S. CHESTER AVE.","S. M ST.",80.00,S,N,A,-,N,,,,,,,,,,N,2,0,1,2,A,-,11,21954,A,F,G,B,D,A,H,-,C,D,0,Y,,,,Y,,N,60,1,0,0,0,1,0,0,0,0,"- ","- ",35.333869934082031,-119.01508331298828,KERN,UNINCORPORATED,-119.01531982421875,35.334220886230469
91746003,2022,2022-05-17,9420,2022-04-03,2230,021534,,7,3,9,1500,0,2,4,,1,051,"NORTH CHESTER AVE","HARDING AVE",25.00,N,N,A,-,N,,,,,,,,,,N,1,1,0,2,A,-,03,22350,,F,G,B,E,A,H,-,D,D,0,Y,,,,Y,,-,99,0,0,0,1,0,0,0,0,0,"- ","- ",35.411518096923828,-119.02098846435547,KERN,UNINCORPORATED,-119.02110290527344,35.411449432373047
91746220,2022,2022-04-12,9420,2022-04-09,1015,021915,,6,1,9,1500,0,1,3,,2,178,SR-178,"KELSO VALLEY ROAD",80.00,W,N,A,-,Y,KER,,178,,,56.947,H,,R,Y,2,0,1,1,A,-,08,22107,,N,E,I,A,A,H,-,A,D,0,,,Y,,Y,,C,02,1,0,0,0,0,0,0,0,1,"- ","- ",35.664150238037109,-118.30400085449219,KERN,UNINCORPORATED,-118.30399322509766,35.664081573486328
91757021,2021,2022-04-26,9420,2021-12-18,1804,021566,,6,2,9,1500,0,1,3,,1,184,SR-184,"FARMERS LANE",200.00,S,N,A,-,Y,,,184,,,,,,,N,1,1,0,2,A,-,03,22350,,F,G,B,E,A,H,-,D,D,0,Y,,,,Y,Y,-,99,0,0,0,1,0,0,0,0,0,"- ","- ",35.301071166992188,-118.91432952880859,KERN,UNINCORPORATED,-118.91433715820312,35.301071166992188
91758161,2022,2022-04-27,9426,2022-03-12,1658,019442,,6,2,9,1500,0,1,3,,2,331,"STATE ROUTE 33","HOSTLY AVENUE",564.00,N,N,A,-,Y,KER,,33,,,51.596,H,,R,Y,1,2,1,2,A,-,08,22107,,N,A,C,A,A,H,-,A,D,0,,,,,Y,,A,01,0,1,0,0,0,0,0,0,0,"- ","- ",35.527961730957031,-119.76071929931641,KERN,UNINCORPORATED,-119.76072692871094,35.5279541015625
91768589,2022,2022-05-10,9420,2022-03-25,2500,018387,,5,4,9,1500,0,1,3,,1,176,"STATE ROUTE 178 WESTBOUND","BERNARD ST",119.00,E,N,A,-,Y,KER,,178,,R,3.837,H,,L,N,1,1,0,2,A,-,11,21954,A,F,G,B,D,A,H,-,D,D,0,Y,,,,Y,,N,60,0,0,0,1,0,0,0,0,0,"- ","- ",35.390270233154297,-118.98049163818359,KERN,UNINCORPORATED,-118.98056793212891,35.390350341796875
91804880,2022,2022-06-28,9420,2022-03-22,2233,019311,,2,3,9,1500,0,3,5,,2,672,"SOUTH EDISON ROAD","E. PANAMA LANE",1584.00,N,N,A,-,N,,,,,,,,,,N,1,1,0,2,A,-,11,21954,A,F,G,B,E,A,H,-,D,D,0,Y,,,,Y,,N,60,0,0,0,1,0,0,0,0,0,"- ","- ",35.18341064453125,-118.52427673339844,KERN,UNINCORPORATED,-118.87853240966797,35.300617218017578
91810434,2022,2022-07-05,9426,2022-06-30,0623,018023,,4,1,9,1500,0,1,1,,2,504,"I-5 SB","STATION ROAD",2640.00,N,N,A,-,Y,,,,,,,,,,Y,2,0,1,2,A,-,03,22350,,N,C,C,A,A,A,-,A,D,0,,,,Y,Y,,G,25,1,0,0,0,0,0,0,0,0,"- ","- ",35.332950592041016,-119.31223297119141,KERN,UNINCORPORATED,,
91841160,2022,2022-08-16,9830,2022-08-07,2310,021751,,7,3,9,1500,0,1,3,,1,040,"STATE ROUTE 14 NORTHBOUND","PROTEUS ROAD",3168.00,S,N,A,-,Y,KER,,14,,,16.478,H,,R,Y,2,0,2,1,A,-,08,22107,,N,E,I,A,A,H,-,C,D,0,,,,,Y,,A,01,1,1,0,0,0,0,0,0,0,"- ","- ",35.070159912109375,-118.17334747314453,KERN,UNINCORPORATED,-118.17341613769531,35.070205688476562
91852839,2022,2022-08-30,9420,2022-08-28,0201,021596,,7,3,9,1500,0,1,3,,1,184,"SR-184 (WEEDPATCH HIGHWAY)","SUNSET BLVD",832.00,S,N,A,-,Y,KER,,184,,L,0.819,H,,R,Y,2,0,3,1,A,-,01,23152,A,N,E,I,A,A,D,-,D,A,0,,,,,Y,Y,A,01,3,0,0,0,0,0,0,0,0,"- ","- ",35.220661163330078,-118.91449737548828,KERN,UNINCORPORATED,-118.91448974609375,35.220661163330078
91857199,2022,2022-09-05,9830,2022-08-26,1700,022390,,5,2,9,1500,0,3,5,,2,005,"GARLOCK RD","IRON CANYON RD",350.00,E,N,A,-,N,,,,,,,,,,Y,2,0,1,1,A,-,08,22107,,N,E,I,A,A,H,-,A,D,0,,,Y,,Y,,C,02,1,0,0,0,0,0,0,0,1,"- ","- ",35.431221008300781,-117.6788330078125,KERN,UNINCORPORATED,-117.67876434326172,35.431079864501953
91864298,2022,2022-09-14,9426,2022-09-02,2300,018610,,5,3,9,1500,0,1,1,,2,506,"I-5 N/B","VALPREDO ROAD",365.00,S,N,A,-,Y,,,,,,,,,,Y,2,0,1,2,A,-,01,23152,A,N,C,C,A,A,H,-,D,D,0,,,,Y,Y,,A,01,1,0,0,0,0,0,0,0,0,"- ","- ",35.043178558349609,-119.00582885742188,KERN,UNINCORPORATED,-119.00765228271484,35.067478179931641
91867595,2022,2023-06-23,9420,2022-07-23,0001,019903,,6,3,9,1500,0,2,4,,2,062,"ROSEDALE HIGHWAY","GIBSON STREET",0.00,,Y,A,-,Y,KER,,58,,,51.379,H,,L,N,1,1,0,1,A,-,01,23152,A,N,F,A,A,A,H,-,C,A,0,,,Y,,Y,Y,C,02,0,0,0,0,0,0,0,1,0,"- ","- ",35.383518218994141,-119.05209350585938,KERN,UNINCORPORATED,-119.05209350585938,35.383285522460938
91878822,2022,2022-09-30,9420,2022-09-22,0240,021134,,4,3,4,1503,0,1,3,,2,091,"SR-99 S/B","WOOLLOMES AVE",1600.00,S,N,A,-,Y,KER,,99,,,54.170,H,,L,N,2,0,1,2,A,-,11,21954,A,F,G,B,E,A,H,-,D,D,0,Y,,,,Y,,N,60,1,0,0,0,1,0,0,0,0,"- ","- ",35.742679595947266,-119.24236297607422,KERN,DELANO,-119.24232482910156,35.742683410644531
91889588,2022,2022-10-13,9420,2022-06-23,1827,017243,,4,2,9,1500,0,1,3,,2,178,"STATE ROUTE 178","DEMOCRAT ROAD",29568.00,W,N,A,-,Y,KER,,178,,,21.031,H,,R,Y,1,1,0,2,A,-,05,21460,A,N,B,C,A,A,H,-,A,D,0,,,Y,,Y,,C,02,0,0,0,0,0,0,0,1,0,"- ","- ",35.476791381835938,-118.71150970458984,KERN,UNINCORPORATED,-118.7115478515625,35.476814270019531
91904853,2022,2022-10-31,9495,2022-10-19,0935,021073,,3,1,9,1500,0,1,3,,1,011,"STATE ROUTE 41","KINGS/KERN COUNTY LINE",10560.00,S,N,A,-,Y,KER,,41,,,2.997,H,,R,Y,2,0,2,2,A,-,05,21460,A,N,A,C,A,A,H,-,A,D,0,,,,Y,Y,,A,01,1,0,1,0,0,0,0,0,0,"- ","- ",35.774799346923828,-120.14292907714844,KERN,UNINCORPORATED,-120.14295196533203,35.774868011474609
91916671,2022,2022-11-14,9420,2022-11-04,2215,021895,,5,3,9,1500,0,3,5,,2,040,"RIVER BLVD","COLUMBUS ST",100.00,S,N,A,-,N,,,,,,,,,,N,2,0,1,2,A,-,11,21954,A,N,G,B,E,A,H,-,D,D,0,Y,,,,Y,,N,60,1,0,0,0,1,0,0,0,0,"- ","- ",35.396968841552734,-118.98512268066406,KERN,UNINCORPORATED,-118.98517608642578,35.397247314453125
91917859,2022,2022-11-15,9420,2022-11-07,0400,021761,,1,3,6,1502,0,1,3,,1,176,SR-178,"M ST.",167.00,E,N,A,-,Y,KER,,178,,R,1.770,H,,L,Y,2,0,1,1,A,-,01,23152,A,N,E,8,A,A,H,-,A,D,0,,,,,Y,Y,A,07,1,0,0,0,0,0,0,0,0,"- ","- ",35.380851745605469,-119.01412200927734,KERN,BAKERSFIELD,-119.01410675048828,35.380897521972656
91924191,2022,2022-11-22,9426,2022-11-13,1715,019592,,7,2,9,1500,0,1,3,,2,432,"STATE ROUTE 43","PANAMA LANE",0.00,,Y,A,-,Y,KER,,43,,,2.098,H,,R,Y,2,0,1,2,A,-,09,21802,A,N,A,C,A,A,H,-,D,D,0,,,,,Y,,A,01,1,0,0,0,0,0,0,0,0,"- ","- ",35.296180725097656,-119.25247955322266,KERN,UNINCORPORATED,-119.25247192382812,35.296180725097656
91934180,2022,2022-12-05,9430,2022-11-04,1127,015185,,5,1,9,1500,0,2,4,,1,022,"FRAZIER MOUNTAIN PARK ROAD","EAST BORDER STREET",0.00,,Y,A,-,N,,,,,,,,,,Y,2,0,2,2,A,-,03,22350,,F,C,C,A,A,H,-,A,D,0,,,,,Y,Y,D,22,1,1,0,0,0,0,0,0,0,"- ","- ",34.819091796875,-118.99179840087891,KERN,UNINCORPORATED,-118.99440002441406,34.818458557128906
91964999,2022,2023-01-10,9430,2022-08-27,1910,021296,,6,2,9,1500,0,1,1,,2,052,"I-5 N/B","LEBEC SERVICE ROAD",1150.00,N,N,A,-,Y,,,,,,,,,,N,1,2,1,1,A,-,01,23152,A,N,E,I,A,A,H,-,A,D,0,,,,,Y,Y,A,01,1,0,0,0,0,0,0,0,0,"- ","- ",34.839431762695312,-118.86228942871094,KERN,UNINCORPORATED,-118.86296844482422,34.839229583740234
91978399,2022,2023-02-08,9420,2022-12-16,1745,021915,,5,2,9,1500,0,1,3,,2,178,"STATE ROUTE 178","PATTERSON LANE",150.00,E,N,A,-,Y,KER,,178,,,53.848,H,,R,N,1,1,0,2,A,-,11,21956,A,F,G,B,E,A,H,-,D,D,0,Y,,,,Y,Y,N,60,0,0,0,1,0,0,0,0,0,"- ","- ",35.652389526367188,-118.35250091552734,KERN,UNINCORPORATED,-118.35251617431641,35.652416229248047
91985011,2022,2023-02-02,9420,2022-12-02,0411,019903,,5,3,9,1500,0,3,5,,2,620,"HEATH ROAD","CLARISSE STREET",35.00,S,N,B,C,N,,,,,,,,,,N,1,1,0,2,C,-,18,,,N,G,B,E,B,H,-,C,D,0,Y,,,,Y,,-,"- ",0,0,0,1,0,0,0,0,0,"- ","- ",35.379730224609375,-119.18099975585938,KERN,UNINCORPORATED,-119.18105316162109,35.379745483398438
91988047,2023,2023-02-06,9426,2023-02-02,"755 ",016953,,4,1,9,1500,0,3,5,,2,082,"MARTIN AVE","SULLIVAN RD",0.00,,Y,A,-,N,,,,,,,,,,Y,2,0,3,3,A,-,12,22450,A,N,D,2,A,A,H,-,A,A,0,,,,Y,Y,,A,07,1,1,1,0,0,0,0,0,0,"- ","- ",35.412651062011719,-119.26966857910156,KERN,UNINCORPORATED,-119.26970672607422,35.412712097167969
91998693,2023,2023-02-21,9420,2023-02-10,1705,021667,,5,2,9,1500,0,3,5,,2,040,"BERNARD STREET","ANZA STREET",100.00,W,N,A,-,N,,,,,,,,,,N,2,0,1,1,A,-,08,22107,,N,F,A,A,A,H,-,A,D,0,,,Y,,Y,,C,02,1,0,0,0,0,0,0,0,1,"- ","- ",35.390331268310547,-118.97142791748047,KERN,UNINCORPORATED,-118.97134399414062,35.390254974365234
92049303,2023,2023-04-20,9420,2023-04-09,"250 ",021773,,7,3,9,1500,0,1,3,,2,096,"STATE ROUTE 99 NORTHBOUND","STATE ROUTE 223",2640.00,N,N,A,-,Y,KER,,99," "," ",13.915,H,,R,Y,2,0,1,2,A,-,03,22350,,F,C,2,A,A,D,-,C,D,0,,,,,Y,,D,22,1,0,0,0,0,0,0,0,0,"- ","- ",35.215801239013672,-119.01123046875,KERN,UNINCORPORATED,-119.01129150390625,35.215793609619141
92049698,2023,2023-04-20,9830,2023-04-08,1130,019872,,6,1,9,1500,0,3,5,,2,004,"POWERLINE RD (LA2)","DOVE SPRING CANYON RD (CS103)",5280.00,S,N,A,-,N,,,,,,,,,,Y,2,0,1,2,D,-,00,,,N,A,C,A,A,G,-,A,D,0,,,Y,,Y,,-,"- ",1,0,0,0,0,0,0,0,1,"- ","- ",35.412418365478516,-118.00608062744141,KERN,UNINCORPORATED,,
92075423,2023,2023-05-23,9830,2023-05-18,"351 ",021642,,4,3,9,1500,0,1,3,,1,020,"SIERRA HWY","MONO ST",0.00,,Y,A,-,Y,KER,,14," ",L,16.782,H,,R,Y,2,0,3,1,A,-,01,23152,A,N,F,A,A,A,H,-,C,A,0,,,,,Y,Y,A,07,1,0,2,0,0,0,0,0,0,"- ","- ",35.057510375976562,-118.17521667480469,KERN,UNINCORPORATED,-118.17523956298828,35.057506561279297