CASE_ID,ACCIDENT_YEAR,PROC_DATE,JURIS,COLLISION_DATE,COLLISION_TIME,OFFICER_ID,REPORTING_DISTRICT,DAY_OF_WEEK,CHP_SHIFT,POPULATION,CNTY_CITY_LOC,SPECIAL_COND,BEAT_TYPE,CHP_BEAT_TYPE,CITY_DIVISION_LAPD,CHP_BEAT_CLASS,BEAT_NUMBER,PRIMARY_RD,SECONDARY_RD,DISTANCE,DIRECTION,INTERSECTION,WEATHER_1,WEATHER_2,STATE_HWY_IND,CALTRANS_COUNTY,CALTRANS_DISTRICT,STATE_ROUTE,ROUTE_SUFFIX,POSTMILE_PREFIX,POSTMILE,LOCATION_TYPE,RAMP_INTERSECTION,SIDE_OF_HWY,TOW_AWAY,COLLISION_SEVERITY,NUMBER_KILLED,NUMBER_INJURED,PARTY_COUNT,PRIMARY_COLL_FACTOR,PCF_CODE_OF_VIOL,PCF_VIOL_CATEGORY,PCF_VIOLATION,PCF_VIOL_SUBSECTION,HIT_AND_RUN,TYPE_OF_COLLISION,MVIW,PED_ACTION,ROAD_SURFACE,ROAD_COND_1,ROAD_COND_2,LIGHTING,CONTROL_DEVICE,CHP_ROAD_TYPE,PEDESTRIAN_ACCIDENT,BICYCLE_ACCIDENT,MOTORCYCLE_ACCIDENT,TRUCK_ACCIDENT,NOT_PRIVATE_PROPERTY,ALCOHOL_INVOLVED,STWD_VEHTYPE_AT_FAULT,CHP_VEHTYPE_AT_FAULT,COUNT_SEVERE_INJ,COUNT_VISIBLE_INJ,COUNT_COMPLAINT_PAIN,COUNT_PED_KILLED,COUNT_PED_INJURED,COUNT_BICYCLIST_KILLED,COUNT_BICYCLIST_INJURED,COUNT_MC_KILLED,COUNT_MC_INJURED,PRIMARY_RAMP,SECONDARY_RAMP,LATITUDE,LONGITUDE,COUNTY,CITY,POINT_X,POINT_Y
92095515,2023,2023-06-16,9420,2023-06-06,1806,021503,,2,2,9,1500,0,2,4,,1,072,"NILES STREET","PENTZ STREET",0.00,,Y,A,-,N,,,,,,,,,,N,2,0,2,3,A,-,01,23152,A,F,A,C,A,A,H,-,A,A,0,,,,,Y,Y,A,07,2,0,0,0,0,0,0,0,0,"- ","- ",35.375839233398438,-118.95635986328125,KERN,UNINCORPORATED,-118.95634460449219,35.375785827636719
9211830,2020,2022-06-11,1503,2020-10-31,1405,10159,6013,6,5,4,1503,0,0,0,,0,,"BROWNING RD","UTILITY POLE 4012491E",69.00,N,N,A,-,N,,,155,,,,,,,Y,1,1,1,1,A,-,03,22350,,N,E,I,A,A,H,-,A,D,0,,,,,Y,,A,01,0,0,1,0,0,0,0,0,0,"- ","- ",35.761470794677734,-119.22319030761719,KERN,DELANO,-119.22319030761719,35.761470794677734
92137272,2023,2023-08-07,9420,2023-07-08,"37  ",020573,,6,3,9,1500,0,1,3,,2,091,"SR-99 S/B","7TH STANDARD RD.",2737.00,N,N,A,-,Y,KER,,99," ",R,31.150,H,,L,Y,2,0,2,2,A,-,01,23152,A,N,A,2,A,A,H,-,D,D,0,,,,Y,Y,Y,D,22,1,0,1,0,0,0,0,0,0,"- ","- ",35.446189880371094,-119.0936279296875,KERN,UNINCORPORATED,-119.09362030029297,35.446201324462891
92140403,2023,2023-08-10,9830,2023-07-29,"500 ",019872,,6,3,9,1500,0,3,5,,2,005,"JACKS RANCH ROAD","BOWMAN ROAD",157.00,S,N,A,-,N,,,,,,,,,,Y,2,0,1,1,A,-,08,22107,,N,F,A,A,A,H,-,D,D,0,,,,,Y,Y,A,07,1,0,0,0,0,0,0,0,0,"- ","- ",35.607891082763672,-117.72296905517578,KERN,UNINCORPORATED,-117.72299194335938,35.607540130615234
92144276,2023,2023-08-15,9420,2023-08-08,"700 ",016767,,2,1,9,1500,0,1,3,,2,096,"SR-99 N/B","SANDRINI ROAD",4224.00,N,N,A,-,Y,KER,,99," "," ",8.205,H,,R,Y,2,0,2,2,A,-,01,23152,A,N,B,C,A,A,H,-,A,D,0,,,,Y,Y,Y,A,01,1,1,0,0,0,0,0,0,0,"- ","- ",35.134750366210938,-118.99207305908203,KERN,UNINCORPORATED,-118.99210357666016,35.134742736816406
92145246,2023,2023-08-16,9420,2023-08-04,"440 ",019901,,5,3,9,1500,0,3,5,,2,520,"WHISLER ROAD","GARZOLI AVE",0.00,,Y,A,-,N,,,,,,,,,,Y,2,0,2,2,A,-,09,21801,A,N,D,C,A,A,H,-,D,A,0,,,,,Y,,A,01,1,1,0,0,0,0,0,0,0,"- ","- ",35.645439147949219,-119.24105072021484,KERN,UNINCORPORATED,-119.24105072021484,35.645416259765625
92157347,2023,2023-08-29,9426,2023-08-21,2125,018932,,1,2,9,1500,0,1,1,,2,500,"I-5 N/B","7TH STANDARD RD",10560.00,S,N,B,-,Y,,,,,,,,,,Y,2,0,1,1,A,-,08,22107,,N,F,A,A,A,H,-,D,D,0,,,,Y,Y,,G,25,1,0,0,0,0,0,0,0,0,"- ","- ",35.425308227539062,-119.43216705322266,KERN,UNINCORPORATED,-119.43252563476562,35.424819946289062
92158578,2023,2023-08-30,9420,2023-08-20,2038,021260,,7,2,9,1500,0,3,5,,2,040,"BERNARD STREET","NORTH INYO STREET",134.00,W,N,C,-,N,,,,,,,,,,N,2,0,1,2,A,-,11,21950,B,N,G,B,E,B,H,-,C,D,0,Y,,,,Y,,N,60,1,0,0,0,1,0,0,0,0,"- ","- ",35.3902587890625,-118.99288940429688,KERN,UNINCORPORATED,-118.99283599853516,35.390224456787109
92168430,2023,2023-09-12,9430,2023-08-26,1840,022345,,6,2,9,1500,0,1,1,,2,053,"I-5 N/B","FORT TEJON RD",2640.00,N,N,A,-,Y,KER,,5," "," ",5.602,H,,R,Y,2,0,1,2,A,-,08,22107,,N,E,9,A,A,H,-,D,D,0,,,,,Y,,D,22,1,0,0,0,0,0,0,0,0,"- ","- ",34.883808135986328,-118.90023040771484,KERN,UNINCORPORATED,-118.90037536621094,34.883739471435547
92169366,2023,2023-09-13,9420,2023-08-19,2245,021480,,6,3,6,1502,0,3,5,,2,620,"2000 KLEMER STREET","PALM AVENUE",500.00,N,N,B,-,N,,,,,,,,,,N,2,0,1,1,A,-,08,22107,,N,H,A,A,A,H,-,C,D,0,,,,,Y,,M,97,1,0,0,0,0,0,0,0,0,"- ","- ",35.377281188964844,-119.16532897949219,KERN,BAKERSFIELD,-119.16526794433594,35.377601623535156
92181270,2023,2023-09-27,9420,2023-06-07,"350 ",020573,,3,3,9,1500,0,3,5,,2,630,"GOSFORD ROAD","COBB ROAD",465.00,S,N,B,-,N,,,,,,,,,,Y,1,1,0,1,A,-,01,23152,A,N,E,8,A,B,H,-,D,D,0,,,,,Y,Y,A,01,0,0,0,0,0,0,0,0,0,"- ","- ",35.243888854980469,-119.09230804443359,KERN,UNINCORPORATED,-119.09215545654297,35.243995666503906
92186029,2023,2023-10-02,9420,2023-04-16,"12  ",021983,,7,3,9,1500,0,2,4,,1,051,"N. CHESTER AVE.","FRANCIS ST",50.00,S,N,A,-,N,,,,,,,,,,N,2,0,1,2,A,-,07,21658,A,F,B,C,A,A,H,-,C,D,0,,,Y,,Y,,C,02,1,0,0,0,0,0,0,0,1,"- ","- ",35.424041748046875,-119.02130126953125,KERN,UNINCORPORATED,-119.02129364013672,35.424041748046875
92227350,2023,2023-11-03,9830,2023-07-09,1830,022390,,7,2,9,1500,0,3,5,,2,005,"SAND CANYON ROAD","2ND LA AQUEDUCT ROAD",227.00,E,N,A,-,N,,,,,,,,,,N,1,1,0,1,A,-,01,23152,A,N,H,A,A,B,H,-,A,D,0,,,,,Y,Y,A,07,0,0,0,0,0,0,0,0,0,"- ","- ",35.775001525878906,-117.89511108398438,KERN,UNINCORPORATED,,
92247961,2023,2023-11-29,9426,2023-11-14,1740,019592,,2,2,9,1500,0,1,3,,2,331,SR33,"LERDO HWY",4488.00,N,N,A,-,Y,KER,,33," "," ",50.221,H,,R,Y,2,0,1,3,A,-,08,22107,,N,D,C,A,A,G,-,D,D,0,,,,Y,Y,Y,-,"- ",1,0,0,0,0,0,0,0,0,"- ","- ",35.510860443115234,-119.74826049804688,KERN,UNINCORPORATED,-119.74827575683594,35.510852813720703
92274336,2023,2023-12-29,9420,2023-12-26,1719,019686,,2,2,9,1500,0,1,3,,2,462,SR-46,"MAGNOLIA AVENUE",159.00,W,N,A,-,Y,KER,,46," "," ",48.957,H,,R,Y,2,0,6,3,A,-,01,23152,A,N,B,C,A,A,H,-,D,D,0,,,,,Y,Y,A,01,1,0,5,0,0,0,0,0,0,"- ","- ",35.601528167724609,-119.36811828613281,KERN,UNINCORPORATED,-119.36811828613281,35.601524353027344
92274819,2023,2023-12-29,9830,2023-12-20,1915,019977,,3,2,9,1500,0,1,2,,1,053,"US-395 S/B","CHINA LAKE BLVD",0.00,,Y,C,-,Y,KER,,395," ",R,14.995,H,,L,Y,2,0,2,3,A,-,09,21802,A,N,D,C,A,B,H,-,C,A,0,,,,Y,Y,,A,07,1,0,1,0,0,0,0,0,0,"- ","- ",35.550960540771484,-117.71372222900391,KERN,UNINCORPORATED,-117.71366119384766,35.550994873046875
92280683,2023,2024-01-05,9420,2023-11-02,1811,021882,,4,2,9,1500,0,3,5,,2,070,"KERN CANYON ROAD","SHALANE AVENUE",100.00,W,N,A,-,N,,,,,,,,,,N,1,1,0,2,A,-,00,21954,,N,D,B,D,A,H,-,B,D,0,Y,,,,Y,,N,60,0,0,0,1,0,0,0,0,0,"- ","- ",35.376678466796875,-118.91033172607422,KERN,UNINCORPORATED,-118.90978240966797,35.376792907714844
92293033,2024,2024-01-22,9830,2024-01-14,1330,023087,,7,1,9,1500,0,3,5,,2,005,"SAND CANYON RD","BROWN RD",2112.00,W,N,A,-,N,,,,,,,,,,N,2,0,1,1,B,-,22,,,N,F,A,A,A,H,-,A,D,0,,,Y,,Y,,C,06,1,0,0,0,0,0,0,0,1,"- ","- ",35.775131225585938,-117.89598083496094,KERN,UNINCORPORATED,-117.81678009033203,35.642059326171875
92296974,2023,2024-05-06,9420,2023-11-03,"537 ",020366,,5,3,9,1500,0,3,5,,2,671,"DI GIORGIO ROAD","SOUTH EDISON ROAD",0.00,,Y,A,-,N,,,,,,,,,,Y,1,3,1,2,A,-,01,23152,F,N,D,C,A,A,H,-,D,A,0,,,,,Y,,A,01,0,0,1,0,0,0,0,0,0,"- ","- ",35.252578735351562,-118.87840270996094,KERN,UNINCORPORATED,-118.87838745117188,35.252559661865234
92305339,2023,2024-02-05,9420,2023-11-01,2130,021596,,3,2,9,1500,0,2,4,,1,052,"ROBERTS LANE","SEQUOIA DRIVE",142.00,E,N,A,-,N,,,,,,,,,,Y,1,1,1,1,A,-,08,22107,,N,E,8,A,A,H,-,C,A,0,,,,,Y,,A,07,0,1,0,0,0,0,0,0,0,"- ","- ",35.408538818359375,-119.03359222412109,KERN,UNINCORPORATED,-119.03364562988281,35.408618927001953
92311478,2024,2024-02-12,9430,2024-02-03,1205,018627,,6,1,9,1500,0,2,4,,1,024,"MIL POTRERO HWY","WARD DR.",300.00,W,N,A,-,N,,,,,,,,,,Y,2,0,3,2,A,-,03,22350,,N,D,C,A,A,H,-,A,A,0,,,,,Y,,A,01,2,1,0,0,0,0,0,0,0,"- ","- ",34.851280212402344,-119.13984680175781,KERN,UNINCORPORATED,-119.13961791992188,34.851432800292969
92311957,2023,2024-02-12,9420,2023-12-20,"435 ",019901,,3,3,9,1500,0,1,3,,2,095,"STATE ROUTE 99 S/B","WILSON ROAD",217.00,S,N,A,-,Y,KER,,99," "," ",22.059,H,,L,Y,1,1,0,2,A,-,03,22350,,N,C,C,A,A,H,-,C,D,0,,,Y,Y,Y,,C,02,0,0,0,0,0,0,0,1,0,"- ","- ",35.331531524658203,-119.03971862792969,KERN,UNINCORPORATED,-119.03974914550781,35.331527709960938
92313780,2024,2024-02-14,9426,2024-01-14,1410,019611,,7,2,9,1500,0,3,5,,2,085,"MAGNOLIA AVE","POSO AVE",0.00,,Y,A,-,N,,,,,,,,,,Y,2,0,2,2,A,-,09,21800,A,F,D,C,A,A,H,-,A,A,0,,,,,Y,,-,99,1,1,0,0,0,0,0,0,0,"- ","- ",35.587020874023438,-119.36712646484375,KERN,UNINCORPORATED,-119.36711883544922,35.586997985839844
92322278,2024,2024-02-26,9830,2024-02-16,2146,023211,,5,2,9,1500,0,1,3,,1,020,"SIERRA HIGHWAY","BELSHAW ST",125.00,N,N,A,-,N,,,,,,,,,,N,2,0,1,2,A,-,11,21954,A,N,G,B,D,A,H,-,D,D,0,Y,,,,Y,Y,N,60,1,0,0,0,1,0,0,0,0,"- ","- ",35.055248260498047,-118.17456817626953,KERN,UNINCORPORATED,-118.17456817626953,35.055210113525391
92334501,2023,2024-03-11,9420,2023-12-12,2156,020093,,2,2,9,1500,0,1,3,,2,223,"STATE ROUTE 223","STATE ROUTE 184",156.00,W,N,A,-,Y,KER,,223," ",R,15.984,H,,R,Y,1,1,0,1,A,-,01,23152,A,N,E,8,A,A,H,-,C,D,0,,,,,Y,Y,A,01,0,0,0,0,0,0,0,0,0,"- ","- ",35.208671569824219,-118.91500854492188,KERN,UNINCORPORATED,-118.91500854492188,35.208713531494141
92342173,2024,2024-03-19,9426,2024-03-16,"640 ",016804,,6,1,9,1500,0,1,3,,1,460,"SR-46 E/B","WARREN ST.",105600.00,W,N,A,-,Y,KER,,46," "," ",15.907,H,,R,N,2,0,1,1,A,-,13,22515,A,N,G,B,E,A,H,-,A,D,0,Y,,,,Y,,N,60,1,0,0,0,1,0,0,0,0,"- ","- ",35.614200592041016,-119.94892883300781,KERN,UNINCORPORATED,-119.94893646240234,35.614295959472656
92356556,2024,2024-04-04,9420,2024-03-28,1130,021144,,4,1,9,1500,0,1,3,,1,176,"SR-178 W/B","FLOWER ST. OVER-CROSSING (O/C)",259.00,W,N,B,-,Y,KER,,178," ",R,3.250,H,,L,Y,2,0,1,2,A,-,08,22107,,F,E,I,A,A,H,-,A,D,0,,,,,Y,,A,01,1,0,0,0,0,0,0,0,0,"- ","- ",35.38555908203125,-118.98883819580078,KERN,UNINCORPORATED,-118.98884582519531,35.385574340820312
92361902,2024,2024-04-11,9420,2024-04-01,1708,017243,,1,2,9,1500,0,1,3,,1,184,SR-184,"BERTAL ST",75.00,S,N,A,-,Y,KER,,184," "," ",2.192,H,,R,N,2,0,1,2,A,-,11,21954,A,N,G,B,D,A,H,-,A,D,0,Y,,,,Y,,N,60,1,0,0,0,1,0,0,0,0,"- ","- ",35.269451141357422,-118.91441345214844,KERN,UNINCORPORATED,-118.91434478759766,35.269451141357422
92393496,2024,2024-05-20,9830,2024-05-09,"700 ",022701,,4,1,9,1500,0,2,4,,1,034,"ROSAMOND BLVD","30TH ST W",60.00,E,N,A,-,N,,,,,,,,,,N,2,0,1,2,A,-,03,22350,,N,C,C,A,A,H,-,A,D,0,,,Y,,Y,,C,02,1,0,0,0,0,0,0,0,1,"- ","- ",34.864070892333984,-118.18451690673828,KERN,UNINCORPORATED,-118.1846923828125,34.864051818847656
92400023,2024,2024-07-15,9420,2024-05-19,1239,020634,,7,1,9,1500,0,3,5,,2,610,"ETHRUM AVENUE (300 BLOCK)","MARY STREET",47.00,E,N,A,-,N,,,,,,,,,,Y,2,0,1,1,A,-,01,23152,A,N,E,8,A,A,H,-,A,D,0,,,,,Y,Y,A,01,1,0,0,0,0,0,0,0,0,"- ","- ",35.333141326904297,-119.00787353515625,KERN,UNINCORPORATED,-119.00794219970703,35.333080291748047
92424135,2024,2024-06-26,9420,2024-06-15,2130,021905,,6,2,6,1502,0,1,3,,2,583,"SR-99 S/B","CALIFORNIA AVE",580.00,S,N,A,-,Y,KER,,99," "," ",24.460,H,,L,Y,2,0,1,2,A,-,03,22350,,N,C,C,A,A,H,-,C,D,0,,,,Y,Y,,A,01,1,0,0,0,0,0,0,0,0,"- ","- ",35.366230010986328,-119.04105377197266,KERN,BAKERSFIELD,-119.04102325439453,35.366237640380859
92508773,2024,2024-07-23,9420,2024-04-13,1657,021845,,6,2,9,1500,0,1,3,,1,650,"STATE ROUTE - 65 NORTHBOUND","STATE ROUTE - 155",8976.00,S,N,B,C,Y,KER,,65," "," ",21.494,H,,R,Y,1,1,10,3,A,-,03,22350,,N,D,C,A,B,H,-,A,D,0,,,,,Y,,D,22,1,2,7,0,0,0,0,0,0,"- ","- ",35.738460540771484,-119.05845642089844,KERN,UNINCORPORATED,-119.05846405029297,35.738460540771484
9263839,2020,2021-05-25,1511,2020-12-24,1455,53083,1,4,5,2,1511,0,0,0,,0,00A,"CALIFORNIA CITY BL","NEURALIA RD",0.00,,-,A,-,N,,,,,,,,,,N,2,0,2,2,A,-,08,22107,,N,F,A,A,A,H,-,A,D,0,,,,,Y,,-,,1,0,1,0,0,0,0,0,0,"- ","- ",35.125801086425781,-117.98590087890625,KERN,"CALIFORNIA CITY",-117.98593139648438,35.126029968261719
92806722,2024,2024-07-29,9420,2024-07-14,"436 ",022464,,7,3,9,1500,0,2,4,,1,051,"SYCAMORE DRIVE","MAY STREET",424.00,E,N,A,-,N,,,,,,,,,,Y,2,0,2,3,A,-,01,23152,A,F,A,E,A,A,H,-,D,D,0,,,,,Y,Y,A,01,1,1,0,0,0,0,0,0,0,"- ","- ",35.403488159179688,-119.02742004394531,KERN,UNINCORPORATED,-119.02745819091797,35.403438568115234
9318511,2021,2021-09-11,1511,2021-01-08,1544,53338,6,5,5,2,1511,0,0,0,,0,00A,"S CALIFORNIA CITY BL","REDWOOD AV",0.00,,Y,A,-,N,,,,,,,,,,N,2,0,1,2,A,-,09,21801,A,N,D,C,A,A,H,-,A,D,0,,,Y,,Y,,A,01,1,0,0,0,0,0,0,0,1,"- ","- ",35.116519927978516,-117.93540954589844,KERN,"CALIFORNIA CITY",-117.93582153320312,35.116397857666016
9346315,2021,2021-10-22,1506,2021-08-08,0405,3232,903,7,5,4,1506,0,0,0,,0,,"S COLLEGE HEIGHTS BL","W FRANKLIN AV",0.00,,Y,A,-,N,,,,,,,,,,N,2,0,2,2,A,-,03,22350,,N,E,J,A,A,G,-,C,D,0,,,Y,,Y,Y,C,03,1,1,0,0,0,0,0,0,1,"- ","- ",35.597129821777344,-117.67054748535156,KERN,RIDGECREST,-117.67053985595703,35.597133636474609
9369901,2021,2021-12-22,1501,2021-10-12,2038,9999,21,2,5,3,1501,0,0,0,,0,002,"SYCAMORE RD","SUNGARDEN CT",284.00,E,N,A,-,N,,,,,,,,,,Y,2,0,1,1,A,-,03,22350,,N,H,I,A,A,H,-,C,D,0,,,,,Y,Y,A,01,1,0,0,0,0,0,0,0,0,"- ","- ",35.194538116455078,-118.82862091064453,KERN,ARVIN,-118.82958984375,35.194530487060547
9423817,2022,2022-04-26,1507,2022-03-07,0835,297,100,1,5,3,1507,0,0,0,,0,,"SANTA FE WY","CHERRY AV",0.00,,Y,A,-,N,,,,,,,,,,Y,2,0,2,3,A,-,12,22450,A,N,D,C,A,A,H,-,A,D,0,,,,Y,Y,,G,27,1,1,0,0,0,0,0,0,0,"- ","- ",35.477588653564453,-119.2430419921875,KERN,SHAFTER,-119.24305725097656,35.477611541748047
94361836,2024,2024-08-20,9420,2024-08-08,"20  ",022151,,4,3,9,1500,0,3,5,,2,610,"SOUTH CHESTER AVE","MING AVE",528.00,S,N,A,-,N,,,,,,,,,,N,2,0,1,2,A,-,11,21954,A,N,G,B,E,A,H,-,C,D,0,Y,,,,Y,,N,60,1,0,0,0,1,0,0,0,0,"- ","- ",35.33782958984375,-119.01785278320312,KERN,UNINCORPORATED,-119.01803588867188,35.338123321533203
9445389,2022,2022-06-15,1507,2022-05-07,2055,281,6,6,5,3,1507,0,0,0,,0,,"N CENTRAL VALLEY HWY","W TULARE AV",0.00,,Y,A,-,Y,KER,6,43,-,-,17.227,I,5,S,Y,2,0,1,2,A,-,09,21804,B,F,D,C,A,A,H,-,C,D,0,,,Y,,Y,Y,C,02,1,0,0,0,0,0,0,0,1,"- ","- ",35.507381439208984,-119.27945709228516,KERN,SHAFTER,-119.27891540527344,35.506687164306641
94502931,2024,2024-12-13,9420,2024-11-27,1510,021144,,3,2,9,1500,0,3,5,,2,060,"GLENN STREET","DEAN AVENUE",0.00,,Y,B,-,N,,,,,,,,,,Y,2,0,1,1,A,-,01,23152,F,N,E,8,A,A,H,-,A,D,0,,,,,Y,,A,07,1,0,0,0,0,0,0,0,0,"- ","- ",35.377418518066406,-119.11717987060547,KERN,UNINCORPORATED,-119.11708068847656,35.377460479736328
94511866,2024,2024-12-20,9420,2024-10-19,1905,023531,,6,2,9,1500,0,1,3,,2,178,"STATE ROUTE 178","YANKEE CANYON DRIVE",2640.00,E,N,A,-,Y,KER,,178," "," ",47.920,H,,R,Y,1,1,0,2,A,-,05,21460,,N,A,C,A,A,H,-,D,D,0,,,,Y,Y,,D,22,0,0,0,0,0,0,0,0,0,"- ","- ",35.6573486328125,-118.43032836914062,KERN,UNINCORPORATED,-118.43035888671875,35.657341003417969
94532204,2024,2025-01-09,9420,2024-09-29,"110 ",021870,,7,3,9,1500,0,3,5,,2,671,"COTTONWOOD ROAD","PANAMA LANE",1337.00,S,N,A,-,N,,,,,,,,,,Y,1,1,1,1,A,-,01,23152,F,N,E,I,A,A,H,-,D,D,0,,,,,Y,,A,01,0,1,0,0,0,0,0,0,0,"- ","- ",35.292148590087891,-118.98545837402344,KERN,UNINCORPORATED,-118.98535919189453,35.295928955078125
94542838,2025,2025-01-20,9420,2025-01-16,1830,022963,,4,2,3,1507,0,1,3,,2,091,"SR-99 S/B FROM LERDO HWY","LERDO HWY",312.00,S,N,A,-,Y,,,,,,,,,,Y,2,0,1,1,A,-,08,22107,,N,F,I,A,A,H,-,D,D,0,,,,,Y,,A,01,1,0,0,0,0,0,0,0,0,"- ","- ",35.499309539794922,-119.16378784179688,KERN,SHAFTER,-119.16294860839844,35.499164581298828
94584987,2025,2025-02-20,9420,2025-02-01,1420,022732,,6,2,9,1500,0,1,3,,2,430,SR-43,"GROMER AVE",1265.00,N,N,B,-,Y,KER,,43," "," ",26.024,H,,R,Y,2,0,1,1,A,-,08,22107,,N,F,I,A,A,H,-,A,D,0,,,,,Y,,A,01,1,0,0,0,0,0,0,0,0,"- ","- ",35.612258911132812,-119.33135986328125,KERN,UNINCORPORATED,-119.33133697509766,35.612258911132812
94588001,2025,2025-05-21,9420,2025-01-04,2500,023401,,6,4,9,1500,0,1,3,,2,178,"STATE ROUTE 178","MILE POST MARKER 178 KER 36.00",1056.00,E,N,A,-,Y,KER,,178," ",R,36.133,H,,R,Y,1,1,0,1,A,-,01,23152,A,N,E,I,A,A,H,-,A,D,0,,,,,Y,Y,D,22,0,0,0,0,0,0,0,0,0,"- ","- ",35.574058532714844,-118.56491088867188,KERN,UNINCORPORATED,-118.56494903564453,35.574123382568359
94592738,2025,2025-02-28,9420,2025-02-18,"635 ",018607,,2,1,9,1500,0,3,5,,2,060,"STOCKDALE HWY",SR-43,1285.00,E,N,A,-,N,,,,,,,,,,N,2,0,1,3,A,-,03,22350,,N,C,C,A,A,H,-,B,D,0,,,,,Y,,A,01,1,0,0,0,0,0,0,0,0,"- ","- ",35.354381561279297,-119.24749755859375,KERN,UNINCORPORATED,-119.25232696533203,35.354198455810547
94605027,2024,2025-08-06,9420,2024-11-13,2102,022153,,3,2,6,1502,0,1,3,,1,184,"STATE ROUTE-184 NORTHBOUND","E. FAIRVIEW ROAD",0.00,,Y,A,-,Y,KER,,184," "," ",4.559,H,,R,Y,1,1,0,2,A,-,09,21804,A,N,D,C,A,A,H,-,D,D,0,,,,Y,Y,Y,G,25,0,0,0,0,0,0,0,0,0,"- ","- ",35.303428649902344,-118.91432952880859,KERN,BAKERSFIELD,-118.91434478759766,35.303428649902344
94656380,2025,2025-04-21,9420,2025-04-11,2100,023089,,5,2,9,1500,0,2,4,,2,062,"ROSEDALE HIGHWAY","SUPERIOR ROAD",1385.00,W,N,A,-,N,,,,,,,,,,Y,2,0,1,2,A,-,03,22350,,N,C,C,A,A,H,-,D,D,0,,,Y,,Y,,C,02,1,0,0,0,0,0,0,0,1,"- ","- ",35.383468627929688,-119.23908233642578,KERN,UNINCORPORATED,-119.23896026611328,35.383449554443359
94662264,2025,2025-04-24,9420,2025-04-13,1910,022701,,7,2,9,1500,0,3,5,,2,671,"GAIL MARIE DR","ELMCO AVE",50.00,W,N,A,-,N,,,,,,,,,,N,2,0,1,2,A,-,08,22107,,N,D,G,A,A,H,-,A,D,0,,Y,,,Y,,L,04,1,0,0,0,0,0,1,0,0,"- ","- ",35.261978149414062,-118.91255187988281,KERN,UNINCORPORATED,-118.91239929199219,35.261970520019531
94703349,2025,2025-05-28,9420,2025-05-19,"715 ",021895,,1,1,9,1500,0,2,4,,1,052,"CHINA GRADE LOOP","TANKER RD",150.00,W,N,A,-,N,,,,,,,,,,Y,2,0,3,2,A,-,03,22350,,N,A,2,A,A,H,-,A,D,0,,,,,Y,,D,22,2,1,0,0,0,0,0,0,0,"- ","- ",35.4268798828125,-118.99311828613281,KERN,UNINCORPORATED,-118.99272155761719,35.426856994628906
94795110,2025,2025-08-21,9426,2025-06-23,2121,018023,,1,2,9,1500,0,3,5,,2,086,"SNOW RD","MARTIN AVE",483.00,E,N,A,-,N,,,,,,,,,,Y,2,0,2,2,A,-,01,23152,A,N,A,C,A,A,H,-,D,D,0,,,,,Y,Y,D,22,1,1,0,0,0,0,0,0,0,"- ","- ",35.427261352539062,-119.26802062988281,KERN,UNINCORPORATED,-119.26802062988281,35.427249908447266
94809275,2025,2025-08-19,9420,2025-05-07,1830,022083,,3,2,9,1500,0,1,3,,2,430,"STATE ROUTE 43","DRESSER AVENUE",2112.00,S,N,A,-,Y,KER,,43," ",R,20.915,H,,R,Y,1,1,0,2,A,-,01,23152,A,N,B,E,A,A,H,-,B,D,0,,,,,Y,Y,A,07,0,0,0,0,0,0,0,0,0,"- ","- ",35.542129516601562,-119.32212066650391,KERN,UNINCORPORATED,-119.3221435546875,35.542098999023438
9527088,2023,2023-02-17,1506,2023-01-03,1726,1304,28,2,5,4,1506,0,0,0,,0,,"NORTH CHINA LAKE BL","W COSO AV",217.00,S,N,B,-,N,,,,,,,,,,Y,2,0,2,2,A,-,03,22350,,N,C,C,A,A,H,-,D,D,0,,,,,Y,,A,01,1,0,1,0,0,0,0,0,0,"- ","- ",35.627548217773438,-117.67027282714844,KERN,RIDGECREST,-117.66995239257812,35.627548217773438
9598118,2023,2023-08-10,1500,2023-06-18,2210,202543,WA02,7,5,3,1510,0,0,0,,0,440,"D ST","15TH ST",0.00,,Y,A,-,N,,,,,,,,,,N,2,0,2,4,A,-,01,23152,A,N,H,E,A,A,H,-,C,A,0,,,,,Y,Y,A,01,1,1,0,0,0,0,0,0,0,"- ","- ",35.350299835205078,-119.20110321044922,KERN,WASCO,-119.33660888671875,35.584308624267578
9602719,2023,2023-09-21,1511,2023-07-16,2142,53324,5,7,5,2,1511,0,0,0,,0,00A,"SOUTH LOOP BL","AIRWAY BL",8.00,W,N,A,-,N,,,,,,,,,,Y,2,0,2,2,A,-,03,22350,,N,A,C,A,A,H,-,C,D,0,,,Y,,Y,,C,02,1,1,0,0,0,0,0,0,1,"- ","- ",35.119491577148438,-117.97100830078125,KERN,"CALIFORNIA CITY",-117.97101593017578,35.119491577148438
9693230,2024,2024-05-31,1501,2024-04-28,2016,640,24,7,5,3,1501,0,0,0,,0,003,"MARY ST","GREGG LN",0.00,,Y,A,-,N,,,,,,,,,,Y,2,0,1,2,A,-,01,23152,,N,C,E,A,A,H,-,C,D,0,,,,,Y,,A,08,1,0,0,0,0,0,0,0,0,"- ","- ",35.192970275878906,-118.8277587890625,KERN,ARVIN,-118.82772064208984,35.192752838134766