CASE_ID,ACCIDENT_YEAR,PROC_DATE,JURIS,COLLISION_DATE,COLLISION_TIME,OFFICER_ID,REPORTING_DISTRICT,DAY_OF_WEEK,CHP_SHIFT,POPULATION,CNTY_CITY_LOC,SPECIAL_COND,BEAT_TYPE,CHP_BEAT_TYPE,CITY_DIVISION_LAPD,CHP_BEAT_CLASS,BEAT_NUMBER,PRIMARY_RD,SECONDARY_RD,DISTANCE,DIRECTION,INTERSECTION,WEATHER_1,WEATHER_2,STATE_HWY_IND,CALTRANS_COUNTY,CALTRANS_DISTRICT,STATE_ROUTE,ROUTE_SUFFIX,POSTMILE_PREFIX,POSTMILE,LOCATION_TYPE,RAMP_INTERSECTION,SIDE_OF_HWY,TOW_AWAY,COLLISION_SEVERITY,NUMBER_KILLED,NUMBER_INJURED,PARTY_COUNT,PRIMARY_COLL_FACTOR,PCF_CODE_OF_VIOL,PCF_VIOL_CATEGORY,PCF_VIOLATION,PCF_VIOL_SUBSECTION,HIT_AND_RUN,TYPE_OF_COLLISION,MVIW,PED_ACTION,ROAD_SURFACE,ROAD_COND_1,ROAD_COND_2,LIGHTING,CONTROL_DEVICE,CHP_ROAD_TYPE,PEDESTRIAN_ACCIDENT,BICYCLE_ACCIDENT,MOTORCYCLE_ACCIDENT,TRUCK_ACCIDENT,NOT_PRIVATE_PROPERTY,ALCOHOL_INVOLVED,STWD_VEHTYPE_AT_FAULT,CHP_VEHTYPE_AT_FAULT,COUNT_SEVERE_INJ,COUNT_VISIBLE_INJ,COUNT_COMPLAINT_PAIN,COUNT_PED_KILLED,COUNT_PED_INJURED,COUNT_BICYCLIST_KILLED,COUNT_BICYCLIST_INJURED,COUNT_MC_KILLED,COUNT_MC_INJURED,PRIMARY_RAMP,SECONDARY_RAMP,LATITUDE,LONGITUDE,COUNTY,CITY,POINT_X,POINT_Y
9695849,2024,2024-05-10,1511,2024-03-22,2251,53344,2,5,5,2,1511,0,0,0,,0,00A,"YERBA BL","POPPY BL",0.00,,Y,A,-,N,,,,,,,,,,Y,2,0,3,2,A,-,09,21804,A,N,D,C,A,A,H,-,C,A,0,,,,,Y,,A,01,1,2,0,0,0,0,0,0,0,"- ","- ",35.132961273193359,-118.00363922119141,KERN,"CALIFORNIA CITY",-118.003662109375,35.132957458496094
9738956,2024,2024-10-23,1506,2024-10-05,1718,0619,42,6,5,4,1506,0,0,0,,0,003,"BOWMAN RD","MAHAN ST",0.00,,Y,A,-,N,,,,,,,,,,Y,2,0,2,2,A,-,12,22450,A,N,D,D,A,A,H,-,A,A,0,,,,,Y,,A,01,1,1,0,0,0,0,0,0,0,"- ","- ",35.607780456542969,-117.69679260253906,KERN,RIDGECREST,-117.69680023193359,35.607772827148438
9748379,2024,2024-11-21,1508,2024-10-03,1910,65,2B,4,5,2,1508,0,0,0,,0,,"HILLARD ST","RAINIER AV",368.00,N,N,A,-,N,,,,,,,,,,Y,2,0,1,2,A,-,01,23152,A,N,B,C,A,A,H,-,D,D,0,,,Y,,Y,Y,D,22,1,0,0,0,0,0,0,0,1,"- ","- ",35.146869659423828,-119.47090148925781,KERN,TAFT,-119.47272491455078,35.145900726318359
9786249,2024,2025-05-03,1502,2024-05-25,1251,1185,,6,5,6,1502,0,0,0,,0,HILL,"AUBURN ST","LOCH NESS CT",18.00,W,N,A,-,N,,,,,,,,,,Y,1,1,2,1,A,-,03,22350,,N,E,I,A,A,H,-,A,D,0,,,,,Y,,A,01,1,0,1,0,0,0,0,0,0,"- ","- ",35.397758483886719,-118.94274139404297,KERN,BAKERSFIELD,-118.94293975830078,35.397819519042969
9787049,2025,2025-02-28,1500,2025-01-27,1437,012,,1,5,3,1510,0,0,0,,0,,"CENTRAL AV","MARGALO ST",487.00,S,N,A,-,N,,,,,,,,,,N,2,0,1,2,A,-,08,22107,,N,H,G,A,A,H,-,A,D,0,,Y,,,Y,,L,04,1,0,0,0,0,0,1,0,0,"- ","- ",,,KERN,WASCO,-119.35807800292969,35.603794097900391
5912145,2014,2015-12-21,9426,2014-01-14,1405,12330,,2,2,9,1500,0,3,5,,2,087,"COPUS RD","SHALLOCK RD",4224.00,E,N,A,-,N,,,,,,,,,,Y,1,1,2,2,A,-,05,21650,,N,A,C,A,A,H,-,A,D,0,,,,Y,Y,,A,07,1,0,1,0,0,0,0,0,0,"- ","- ",35.094709999999999,-119.0855,KERN,UNINCORPORATED,-119.08653738,35.094712430000001
6290493,2014,2015-12-21,9426,2014-03-08,0410,18919,,6,3,9,1500,0,1,3,,2,581,"RT 58","LOKERN RD",17424.00,W,N,A,-,Y,KER,6,58,-,-,20.450,H,-,W,Y,1,1,0,1,A,-,08,22107,,N,E,I,A,A,H,-,D,D,0,,,,,Y,Y,D,22,0,0,0,0,0,0,0,0,0,"- ","- ",35.365549999999999,-119.57767,KERN,UNINCORPORATED,-119.57775943999999,35.36550974
6291342,2014,2015-12-30,9420,2014-07-20,1734,19578,,7,2,4,1503,0,1,3,,2,090,"RT 99","WOOLLOMES AV",1300.00,S,N,A,-,Y,KER,6,99,-,-,54.290,H,-,N,Y,1,1,0,2,A,-,07,21658,A,N,B,C,A,A,H,-,A,D,1,,,,,Y,,A,01,0,0,0,0,0,0,0,0,0,"- ","- ",35.444400000000002,-119.14333999999999,KERN,DELANO,-119.24261706999999,35.744386900000002
6291397,2014,2014-10-27,1507,2014-09-01,1210,238,27,1,5,3,1507,0,0,0,,0,,"EAST LERDO HWY","VULTEE ST",5808.00,,N,A,-,N,,,,,,,,,,N,1,1,0,1,A,-,08,22107,,N,E,I,A,A,H,-,A,D,0,,,,,Y,,A,07,0,0,0,0,0,0,0,0,0,"- ","- ",,,KERN,SHAFTER,-119.18176990000001,35.499810019999998
6291518,2014,2016-01-13,9420,2014-09-28,0034,18117,,7,3,9,1500,0,3,5,,2,050,"MERLE HAGGARD DR","AIRPORT DRIVE ACCESS RD",1200.00,W,N,A,-,N,,,,,,,,,,N,1,1,0,2,A,-,11,21954,A,N,G,B,D,A,H,-,D,D,0,Y,,,,Y,Y,N,60,0,0,0,1,0,0,0,0,0,"- ","- ",35.441079999999999,-119.04304999999999,KERN,UNINCORPORATED,-119.04291809,35.441099970000003
6291700,2014,2016-01-07,1502,2014-09-17,0013,1032,EAST,3,5,6,1502,0,0,0,,0,,"ALFRED HARRELL HWY","TUSCANY VILLAS DR",13.00,S,N,A,-,N,,,,,,,,,,Y,1,1,0,1,A,-,03,22350,,N,F,A,A,A,H,-,D,D,0,,,Y,,Y,Y,C,02,0,0,0,0,0,0,0,1,0,"- ","- ",,,KERN,BAKERSFIELD,-118.86006544,35.412264610000001
6291863,2014,2015-01-27,1502,2014-09-08,0043,1143,,1,5,6,1502,0,0,0,,0,,"RT 178","CANTERIA DR",4224.00,E,N,B,-,Y,KER,6,178,-,-,9.870,H,-,E,Y,1,1,0,1,A,-,03,22350,,N,F,A,A,A,H,-,D,D,0,,,Y,,Y,,C,02,0,0,0,0,0,0,0,1,0,"- ","- ",,,KERN,BAKERSFIELD,-118.84956301,35.410854899999997
6291919,2014,2016-01-06,9420,2014-11-19,1650,17256,,3,2,9,1500,0,2,4,,1,072,"EDISON HWY","EAST CALIFORNIA AV",320.00,E,N,A,-,N,,,,,,,,,,Y,1,1,0,1,A,-,01,23152,E,N,E,I,A,A,H,-,A,D,0,,,,,Y,,D,22,0,0,0,0,0,0,0,0,0,"- ","- ",35.368079999999999,-118.95542,KERN,UNINCORPORATED,-118.95601062,35.36833515
6292029,2014,2015-03-19,1502,2014-03-08,1149,1032,WEST,6,5,6,1502,0,0,0,,0,,"GOSFORD RD","STOCKDALE HWY",0.00,,Y,A,-,N,,,,,,,,,,Y,1,1,2,3,A,-,08,22107,,N,A,C,A,A,H,-,A,A,0,,,,,Y,,A,01,0,2,0,0,0,0,0,0,0,"- ","- ",,,KERN,BAKERSFIELD,-119.09238012,35.354310120000001
6292147,2015,2017-04-25,1502,2015-02-27,1653,,,5,5,6,1502,0,0,0,,0,,"RT 184","WATERGRASS RD",2640.00,N,N,B,-,Y,KER,6,184,-,-,10.670,H,-,N,Y,1,1,1,2,A,-,08,22107,,N,A,C,A,A,H,-,A,D,0,,,,,Y,Y,D,22,0,1,0,0,0,0,0,0,0,"- ","- ",35.385689999999997,-118.89521000000001,KERN,BAKERSFIELD,-118.89836142,35.383318410000001
6292197,2015,2015-06-02,1506,2015-02-05,0211,7854,39,4,5,4,1506,0,0,0,,0,,"LARKSPUR ST","S RICHMOND RD",222.00,E,N,A,-,N,,,,,,,,,,Y,1,1,0,1,A,-,01,23152,A,N,E,I,A,A,H,-,C,A,0,,,,,Y,Y,A,01,0,0,0,0,0,0,0,0,0,"- ","- ",35.623620000000003,-117.68640000000001,KERN,RIDGECREST,,
6292493,2015,2017-04-05,9420,2015-05-31,0159,19531,,7,3,9,1500,0,3,5,,2,672,"BENA RD","NEUMARKEL RD",3168.00,E,N,A,-,N,,,,,,,,,,Y,1,1,4,7,A,-,01,23152,A,M,G,B,E,A,G,-,D,D,0,Y,,,,Y,Y,A,01,1,1,2,1,1,0,0,0,0,"- ","- ",35.327640000000002,-118.78721,KERN,UNINCORPORATED,-118.78964000000001,35.328139999999998
6292643,2015,2015-09-16,9420,2015-06-21,0440,19649,,7,3,9,1500,0,1,3,,2,223,"RT 223","DEERTRAIL DR",458.00,E,N,A,-,Y,KER,6,223,-,-,26.300,H,-,W,Y,1,2,1,1,A,-,01,23152,A,N,E,J,A,A,H,-,D,D,0,,,,,Y,Y,A,01,1,0,0,0,0,0,0,0,0,"- ","- ",35.211950000000002,-118.73902,KERN,UNINCORPORATED,-118.73668102000001,35.213557899999998
6328035,2014,2014-06-02,9830,2014-01-05,1645,019271,,7,2,9,1500,0,3,5,,2,001,"BAILEY RD","GIRAUDO RD",12.00,S,N,A,-,N,,,,,,,,,,Y,2,0,1,1,A,-,03,22350,,N,E,I,A,A,H,-,A,D,0,,,,,Y,,A,08,1,0,0,0,0,0,0,0,0,"- ","- ",35.123399999999997,-118.59293,KERN,UNINCORPORATED,-118.59282109999999,35.1234471
6343280,2014,2015-11-17,9420,2014-01-04,1003,018626,,6,1,9,1500,0,3,5,,2,520,"7TH STANDARD RD","RT 99",0.00,,Y,A,-,Y,KER,6,99,-,R,30.298,R,4,N,Y,2,0,2,2,A,-,12,21453,A,N,D,C,A,A,H,-,A,A,1,,,,Y,Y,,D,22,1,0,1,0,0,0,0,0,0,"- ","- ",35.441270000000003,-119.08176,KERN,UNINCORPORATED,-119.08110673,35.439095360000003
6373045,2014,2016-01-26,1502,2014-02-08,2327,1049,,6,5,6,1502,0,0,0,,0,,"RT 204","CALIFORNIA AV",0.00,,Y,A,-,Y,KER,6,204,-,-,3.087,I,5,S,Y,2,0,4,4,A,-,01,23153,A,F,D,C,A,A,H,-,C,A,0,,,,,Y,,A,01,3,1,0,0,0,0,0,0,0,"- ","- ",,,KERN,BAKERSFIELD,-119.00294825,35.368454180000001
6441452,2014,2014-07-08,9420,2014-03-23,1050,20451,,7,1,9,1500,0,3,5,,2,610,"WIBLE RD","WOOD LN",373.00,S,N,A,-,N,,,,,,,,,,Y,2,0,4,3,A,-,09,21801,A,N,A,C,A,A,H,-,A,D,0,,,,,Y,,D,22,1,2,1,0,0,0,0,0,0,"- ","- ",35.343719999999998,-119.0389,KERN,UNINCORPORATED,-119.03904441,35.343886509999997
6469592,2014,2014-07-24,9420,2014-04-10,1935,016973,,4,2,9,1500,0,3,5,,2,520,"TAYLOR AV","GARZOLI RD",1320.00,W,N,B,-,N,,,,,,,,,,Y,2,0,2,1,A,-,03,22350,,N,E,J,A,A,H,-,D,D,0,,,Y,,Y,,C,06,1,1,0,0,0,0,0,0,2,"- ","- ",35.667119999999997,-119.24515,KERN,UNINCORPORATED,-119.24543907,35.66713
6492816,2014,2014-07-26,9420,2014-05-25,1535,015119,,7,2,9,1500,0,3,5,,2,040,"ALFRED HARRELL HWY","PEEL WY",622.00,E,N,A,-,N,,,,,,,,,,Y,2,0,3,3,A,-,05,21460,A,N,A,C,A,A,H,-,A,D,0,,,,,Y,,A,01,1,1,1,0,0,0,0,0,0,"- ","- ",35.433520000000001,-118.96899999999999,KERN,UNINCORPORATED,-118.89814129,35.43389724
6502732,2014,2016-04-08,9420,2014-05-24,0840,019578,,6,1,9,1500,0,1,3,,2,097,"RT 99","SOUTH UNION AV",654.00,N,N,A,-,Y,KER,6,99,-,-,11.050,H,-,S,Y,2,0,2,2,A,-,03,22350,,N,C,C,A,A,H,-,A,D,1,,,Y,,Y,,C,02,1,1,0,0,0,0,0,0,1,"- ","- ",35.10398,-119.01969,KERN,UNINCORPORATED,-119.00493883999999,35.174480449999997
6504769,2014,2016-04-09,9830,2014-05-17,1335,18700,,6,1,9,1500,0,1,3,,1,021,"RT 58","RT 14",6336.00,E,N,A,-,Y,KER,6,58,-,R,112.330,H,-,E,Y,2,0,4,2,A,-,21,22106,,N,D,C,A,A,H,-,A,D,1,,,,,Y,,A,01,1,1,2,0,0,0,0,0,0,"- ","- ",35.087150000000001,-118.12235,KERN,UNINCORPORATED,-118.12820250999999,35.091058390000001
6508957,2014,2016-03-09,1508,2014-05-30,0600,39,6B,5,5,2,1508,0,0,0,,0,,"PETROLEUM CLUB RD","RT 33",1013.00,E,N,A,-,N,,,,,,,,,,Y,2,0,1,1,A,-,08,22107,,N,E,I,A,A,A,G,A,D,0,,,,Y,Y,,F,26,1,0,0,0,0,0,0,0,0,"- ","- ",,,KERN,TAFT,-119.44263564000001,35.13037293
6515278,2014,2014-07-18,1502,2014-04-14,1341,1028,,1,5,6,1502,0,0,0,,0,,"E TRUXTUN AV","MILLER ST",0.00,,Y,A,-,N,,,,,,,,,,Y,2,0,1,2,A,-,12,22450,A,F,D,C,A,A,H,-,A,A,0,,,Y,,Y,,A,08,1,0,0,0,0,0,0,0,1,"- ","- ",,,KERN,BAKERSFIELD,-118.98410009,35.373240010000004
6519081,2014,2016-04-08,9420,2014-06-04,0910,016784,,3,1,9,1500,0,1,3,,2,155,"RT 155","PONDEROSA DR",1056.00,E,N,A,-,Y,KER,6,155,-,-,70.640,H,-,E,Y,2,0,6,2,A,-,05,21460,A,N,A,C,A,A,H,-,A,D,0,,,,,Y,,A,01,3,1,2,0,0,0,0,0,0,"- ","- ",35.632300000000001,-118.47972,KERN,UNINCORPORATED,-118.47992336999999,35.632526009999999
6519090,2014,2016-04-08,9420,2014-06-05,1240,19461,,4,1,9,1500,0,1,3,,2,155,"RT 155","DIEDRICH RD",1050.00,E,N,A,-,Y,KER,6,155,-,-,65.650,H,-,E,Y,2,0,1,1,A,-,08,22107,,N,F,A,A,A,H,-,A,D,0,,,,,Y,,A,01,1,0,0,0,0,0,0,0,0,"- ","- ",35.6935,-118.4679,KERN,UNINCORPORATED,-118.46796123,35.693008519999999
6532496,2014,2016-04-08,1508,2014-06-01,1315,39,6B,7,5,2,1508,0,0,0,,0,,"RT 33","WOOD ST",1584.00,S,N,A,-,Y,KER,6,33,-,-,17.270,H,-,S,Y,2,0,3,2,A,-,03,22350,,N,C,C,A,A,H,-,A,D,0,,,,,Y,,D,22,1,2,0,0,0,0,0,0,0,"- ","- ",,,KERN,TAFT,-119.44207763,35.128000239999999
6537038,2014,2014-08-20,1502,2014-06-05,1933,1137,,4,5,6,1502,0,0,0,,0,,"MONTEREY ST","TULARE ST",0.00,,Y,A,-,N,,,,,,,,,,Y,2,0,5,2,A,-,12,22450,A,N,D,C,A,A,H,-,A,A,0,,,,,Y,,A,01,1,3,1,0,0,0,0,0,0,"- ","- ",,,KERN,BAKERSFIELD,-118.99451002000001,35.381690079999998
6541100,2014,2016-05-11,9420,2014-07-13,1718,019466,,7,2,9,1500,0,1,3,,2,155,"RT 155","RT 178",10.00,S,N,A,-,Y,KER,6,178,-,R,42.774,R,4,E,Y,2,0,1,1,A,-,03,22350,,N,E,I,A,A,H,-,A,D,1,,,,,Y,,A,01,1,0,0,0,0,0,0,0,0,"- ",TO,35.627719999999997,-118.4776,KERN,UNINCORPORATED,-118.47988776,35.626075720000003
6541960,2014,2016-05-10,9420,2014-07-07,0403,019351,,1,3,6,1502,0,1,3,,2,092,"RT 99","RT 58",700.00,S,N,A,-,Y,KER,6,99,-,-,25.500,H,-,N,Y,2,0,2,1,A,-,01,23152,E,N,E,I,A,A,H,-,D,D,1,,,,,Y,,A,01,2,0,0,0,0,0,0,0,0,TO,"- ",35.381369999999997,-119.04409,KERN,BAKERSFIELD,-119.04438801000001,35.380942959999999
6558765,2014,2016-05-12,9426,2014-07-14,1645,015633,,1,2,9,1500,0,1,3,,2,581,"RT 58","REWARD RD",39072.00,W,N,A,-,Y,KER,6,58,-,-,2.040,H,-,E,Y,2,0,1,1,A,-,08,22107,,N,F,A,A,A,H,-,A,D,0,,,Y,,Y,,C,02,1,0,0,0,0,0,0,0,1,"- ","- ",35.346139999999998,-119.81828,KERN,UNINCORPORATED,-119.81718780999999,35.346141230000001
6576718,2014,2014-09-22,1502,2014-07-22,2037,1143,,2,5,6,1502,0,0,0,,0,,"PANAMA LN","MONITOR ST",498.00,W,N,A,-,N,,,,,,,,,,N,2,0,1,2,A,-,11,21954,A,N,G,B,E,A,H,-,D,D,0,Y,,,,Y,,N,60,1,0,0,0,1,0,0,0,0,"- ","- ",,,KERN,BAKERSFIELD,-119.01355669,35.295888140000002
6583468,2014,2016-01-15,1509,2014-07-29,1724,946,T,2,5,3,1509,0,0,0,,0,2501,"TUCKER RD","POLE 4742716E",224.00,S,N,A,-,N,,,,,,,,,,N,2,0,1,5,A,-,06,21751,,N,B,C,A,A,H,-,A,D,0,,,Y,,Y,,A,01,1,0,0,0,0,0,0,0,1,"- ","- ",,,KERN,TEHACHAPI,,
6635896,2014,2014-10-07,1502,2014-09-06,1850,1143,,6,5,6,1502,0,0,0,,0,,"MING AV","AKERS RD",30.00,W,N,A,-,N,,,,,,,,,,Y,2,0,3,2,A,-,09,21801,A,N,D,C,A,A,H,-,A,D,0,,,,,Y,,A,01,1,0,2,0,0,0,0,0,0,"- ","- ",,,KERN,BAKERSFIELD,-119.04788044999999,35.339461550000003
6675904,2014,2014-12-19,1502,2014-10-04,2001,1083,,6,5,6,1502,0,0,0,,0,,"WIBLE RD","HOSKING AV",1056.00,N,N,A,-,N,,,,,,,,,,N,2,0,1,2,A,-,08,22107,,N,C,G,A,A,H,-,C,D,0,,Y,,,Y,Y,L,04,1,0,0,0,0,0,1,0,0,"- ","- ",,,KERN,BAKERSFIELD,-119.03897413,35.284287650000003
6678274,2014,2015-09-14,9420,2014-09-28,0145,18116,,7,3,9,1500,0,2,4,,1,051,"NORTH CHESTER AV","CHINA GRADE LOOP",0.00,,Y,A,-,N,,,,,,,,,,Y,1,1,1,2,B,-,22,,,N,D,C,A,A,H,-,C,A,0,,,,,Y,,J,48,0,1,0,0,0,0,0,0,0,"- ","- ",35.253610000000002,-119.11668,KERN,UNINCORPORATED,-119.02118012,35.426720029999998
6678502,2014,2014-12-15,9420,2014-10-06,2205,017972,,1,3,9,1500,0,2,4,,1,064,"OLIVE DR","AIRPORT DR",113.00,W,N,A,-,N,,,,,,,,,,N,2,0,1,2,A,-,11,21954,A,N,G,B,D,A,H,-,C,D,0,Y,,,,Y,,N,60,1,0,0,0,1,0,0,0,0,"- ","- ",35.412230000000001,-119.04022000000001,KERN,UNINCORPORATED,-119.0394687,35.412275119999997
6681936,2014,2014-12-26,1502,2014-10-08,1849,1137,,3,5,6,1502,0,0,0,,0,,"GOSFORD RD","MCCUTCHEN RD",0.00,,Y,A,-,N,,,,,,,,,,N,2,0,3,2,A,-,09,21802,A,N,D,C,A,A,H,-,D,A,0,,,,,Y,,A,01,1,0,2,0,0,0,0,0,0,"- ","- ",,,KERN,BAKERSFIELD,-119.09216005,35.281610049999998
6683010,2014,2014-12-23,9426,2014-10-24,1520,017254,,5,2,9,1500,0,1,3,,2,331,"RT 33","MIDWAY RD",2112.00,N,N,A,-,Y,,,33,,,,,,,Y,2,0,1,1,A,-,08,22107,,N,F,A,A,A,H,-,A,D,0,,,,,Y,,A,01,1,0,0,0,0,0,0,0,0,"- ","- ",35.181100000000001,-119.52893,KERN,UNINCORPORATED,-119.52882359,35.181218029999997
6696829,2014,2014-12-31,9420,2014-10-16,0640,018307,,4,1,9,1500,0,1,3,,1,184,"RT 184","EUCALYPTUS DR",8.00,S,N,A,-,Y,,,,,,,,,,N,2,0,2,3,A,-,10,21950,A,N,G,B,B,A,H,-,D,A,0,Y,,,,Y,,A,01,2,0,0,0,2,0,0,0,0,"- ","- ",,,KERN,UNINCORPORATED,,
6718463,2014,2015-12-17,1502,2014-10-17,0610,1167,,5,5,6,1502,0,0,0,,0,,"GOSFORD RD","FICUS DR",203.00,S,N,A,-,N,,,,,,,,,,N,1,1,0,2,A,-,11,21954,A,N,G,B,D,A,H,-,D,D,0,Y,,,,Y,,N,60,0,0,0,1,0,0,0,0,0,"- ","- ",,,KERN,BAKERSFIELD,-119.09227198000001,35.319483030000001
6725443,2014,2015-01-13,1502,2014-11-12,1654,780,,3,5,6,1502,0,0,0,,0,,"H ST","6TH ST",0.00,,Y,A,-,N,,,,,,,,,,Y,2,0,1,2,A,-,08,22107,,N,D,C,A,A,H,-,B,D,0,,,Y,,Y,Y,A,01,1,0,0,0,0,0,0,0,1,"- ","- ",,,KERN,BAKERSFIELD,-119.02125013,35.362690020000002
6764039,2014,2016-03-30,9420,2014-12-07,1545,18631,,7,2,9,1500,0,1,3,,1,184,"RT 184","HERMOSA RD",0.00,,Y,A,-,Y,,,184,,,,,,,Y,2,0,1,2,A,-,12,22450,A,F,D,C,A,A,H,-,A,A,0,,,,,Y,,A,07,1,0,0,0,0,0,0,0,0,"- ","- ",35.310639999999999,-118.91436,KERN,UNINCORPORATED,-118.91432349999999,35.310639940000002
6772181,2014,2015-02-06,1502,2014-12-20,2041,1048,,6,5,6,1502,0,0,0,,0,,"HARRIS RD","COUNTRY MEADOWS DR",37.00,E,N,A,-,N,,,,,,,,,,N,2,0,1,2,A,-,11,21955,,N,G,B,D,A,H,-,C,D,0,Y,,,,Y,,N,60,1,0,0,0,1,0,0,0,0,"- ","- ",,,KERN,BAKERSFIELD,-119.05333615000001,35.303190000000001
6788972,2015,2016-10-20,9420,2015-01-28,2216,018607,,3,3,9,1500,0,1,3,,1,184,"RT 184","GAIL MARIE DR",5.00,N,N,A,-,Y,KER,6,184,-,-,1.670,I,5,N,N,2,0,1,2,A,-,11,21950,B,N,G,B,D,A,H,-,C,D,0,Y,,,,Y,Y,N,60,1,0,0,0,1,0,0,0,0,"- ","- ",35.261980000000001,-118.91421,KERN,UNINCORPORATED,-118.91440974,35.261751340000004
6795523,2014,2015-01-30,1506,2014-10-20,1009,9905,21,1,5,4,1506,0,0,0,,0,,"E DRUMMOND AV","EAST FRENCH AV",1150.00,W,N,A,-,N,,,,,,,,,,Y,2,0,1,1,A,-,03,22350,,N,E,I,A,A,H,-,A,D,0,,,,,Y,,A,01,1,0,0,0,0,0,0,0,0,"- ","- ",,,KERN,RIDGECREST,-117.66542728,35.633378970000003
6796534,2015,2015-02-20,9420,2015-01-13,1915,18626,,2,2,9,1500,0,3,5,,2,040,"BERNARD ST","KING ST",5.00,E,N,A,-,N,,,,,,,,,,N,2,0,1,2,A,-,10,21950,A,F,G,B,B,A,H,-,E,D,0,Y,,,,Y,,-,99,1,0,0,0,1,0,0,0,0,"- ","- ",35.390230000000003,-118.98634,KERN,UNINCORPORATED,-118.98642325,35.390259669999999
6801110,2015,2015-02-27,1502,2015-01-07,1022,1033,,3,5,6,1502,0,0,0,,0,,"UNION AV","NILES ST",0.00,,Y,B,-,N,,,,,,,,,,Y,2,0,4,2,A,-,12,21453,A,N,D,C,A,A,H,-,A,A,0,,,,,Y,,A,01,1,0,3,0,0,0,0,0,0,"- ","- ",,,KERN,BAKERSFIELD,-119.0028001,35.383980080000001
6854232,2015,2015-04-13,9420,2015-02-07,0018,19351,,6,3,9,1500,0,3,5,,2,671,"DI GIORGIO RD","EDISON RD",892.00,W,N,A,-,N,,,,,,,,,,Y,1,1,1,2,A,-,01,23152,A,N,D,C,A,A,H,-,D,D,0,,,,Y,Y,Y,A,01,0,0,1,0,0,0,0,0,0,"- ","- ",35.252589999999998,-118.87424,KERN,UNINCORPORATED,-118.88137346000001,35.25254597
6854694,2015,2015-07-16,9420,2015-05-11,1405,019903,,1,2,9,1500,0,1,3,,2,589,"RT 58","CALIENTE BODFISH RD",3168.00,E,N,A,-,Y,KER,6,58,-,-,77.660,H,-,W,Y,1,1,2,3,A,-,07,21658,A,N,B,C,A,A,H,-,A,D,1,,,,,Y,,A,07,2,0,0,0,0,0,0,0,0,"- ","- ",35.262590000000003,-118.62291999999999,KERN,UNINCORPORATED,-118.62317041,35.26265154
6916815,2015,2015-06-04,1502,2015-05-09,1236,P63,,6,5,6,1502,0,0,0,,0,VALLEY,"BELLE TERRACE","H ST",0.00,,Y,A,-,N,,,,,,,,,,Y,2,0,3,3,A,-,00,23153,E,F,D,C,A,A,H,-,A,A,0,,,,,Y,,-,"- ",1,2,0,0,0,0,0,0,0,"- ","- ",,,KERN,BAKERSFIELD,-119.0213,35.346680079999999
6918037,2015,2016-11-04,9420,2015-05-02,0440,19845,,6,3,9,1500,0,1,3,,2,091,"RT 99","RT 46",2112.00,S,N,A,-,Y,KER,6,99,-,-,43.910,H,-,N,Y,2,0,5,3,A,-,01,23152,A,F,A,C,A,A,H,-,C,D,1,,,,,Y,Y,A,01,1,1,3,0,0,0,0,0,0,"- ","- ",35.590649999999997,-119.20616,KERN,UNINCORPORATED,-119.20982023000001,35.596626659999998
6977515,2015,2016-12-08,9420,2015-06-20,2240,019351,,6,3,9,1500,0,1,3,,1,184,"RT 184","E BRUNDAGE LN",0.00,,Y,A,-,Y,KER,6,184,-,-,8.600,I,5,N,Y,2,0,1,2,A,-,12,21453,A,N,D,C,A,A,H,-,C,A,0,,,,,Y,,D,22,1,0,0,0,0,0,0,0,0,"- ","- ",35.354489999999998,-118.91401999999999,KERN,UNINCORPORATED,-118.91425147,35.361821589999998
6978069,2015,2015-07-07,9420,2015-06-20,0615,019206,,6,1,9,1500,0,3,5,,2,410,"POSO FLAT RD","RED HAWK RD",1584.00,W,N,A,-,N,,,,,,,,,,N,2,0,1,1,A,-,03,22350,,N,F,A,A,A,H,-,A,D,0,,,Y,,Y,,C,02,1,0,0,0,0,0,0,0,1,"- ","- ",35.618929999999999,-118.68679,KERN,UNINCORPORATED,-118.68679941000001,35.618910239999998
6979113,2015,2015-07-10,1506,2015-04-11,1506,5977,20,6,5,4,1506,0,0,0,,0,,"WEST LAS FLORES AV","N SANDERS",53.00,E,N,A,-,N,,,,,,,,,,Y,2,0,1,2,A,-,08,22107,,N,D,C,A,A,H,-,A,D,0,,,Y,,Y,,D,22,1,0,0,0,0,0,0,0,1,"- ","- ",,,KERN,RIDGECREST,-117.6719421,35.629800000000003
6983220,2015,2016-11-05,9420,2015-06-21,1519,019686,,7,2,9,1500,0,1,3,,2,090,"RT 99","LERDO HWY",3020.00,N,N,A,-,Y,KER,6,99,-,-,37.090,H,-,N,Y,2,0,2,2,A,-,07,21658,A,N,B,C,A,A,H,-,A,D,1,,,,,Y,,D,22,2,0,0,0,0,0,0,0,0,"- ","- ",35.506329999999998,-119.17264,KERN,UNINCORPORATED,-119.17092949000001,35.504810749999997
7017273,2015,2017-01-14,9420,2015-08-01,1725,015466,,6,2,9,1500,0,1,3,,2,178,"RT 178","KERN CYN RD",8448.00,E,N,A,-,Y,KER,6,178,-,-,31.050,H,-,E,Y,2,0,2,1,A,-,08,22107,,N,E,I,A,A,H,-,A,D,1,,,,,Y,,A,07,2,0,0,0,0,0,0,0,0,"- ","- ",35.528889999999997,-118.65807,KERN,UNINCORPORATED,-118.61573737000001,35.554421240000003
7094623,2015,2015-10-12,1509,2015-08-30,1723,942,T,7,5,3,1509,0,0,0,,0,2501,ELM,SHERWOOD,0.00,S,N,A,-,N,,,,,,,,,,N,2,0,1,2,A,-,09,21804,A,N,H,G,A,A,H,-,A,D,0,,Y,,,Y,,L,04,1,0,0,0,0,0,1,0,0,"- ","- ",,,KERN,TEHACHAPI,-118.45517005000001,35.119930029999999
7135795,2015,2015-12-14,1503,2015-11-14,1805,10141,1503,6,5,4,1503,0,0,0,,0,ALL,"ELLINGTON ST","7TH AV",0.00,,Y,A,-,N,,,,,,,,,,Y,2,0,1,2,A,-,11,21954,A,N,G,B,E,A,H,-,C,D,0,Y,,,,Y,,N,60,1,0,0,0,1,0,0,0,0,"- ","- ",,,KERN,DELANO,-119.25043995,35.764290039999999