CASE_ID,ACCIDENT_YEAR,PROC_DATE,JURIS,COLLISION_DATE,COLLISION_TIME,OFFICER_ID,REPORTING_DISTRICT,DAY_OF_WEEK,CHP_SHIFT,POPULATION,CNTY_CITY_LOC,SPECIAL_COND,BEAT_TYPE,CHP_BEAT_TYPE,CITY_DIVISION_LAPD,CHP_BEAT_CLASS,BEAT_NUMBER,PRIMARY_RD,SECONDARY_RD,DISTANCE,DIRECTION,INTERSECTION,WEATHER_1,WEATHER_2,STATE_HWY_IND,CALTRANS_COUNTY,CALTRANS_DISTRICT,STATE_ROUTE,ROUTE_SUFFIX,POSTMILE_PREFIX,POSTMILE,LOCATION_TYPE,RAMP_INTERSECTION,SIDE_OF_HWY,TOW_AWAY,COLLISION_SEVERITY,NUMBER_KILLED,NUMBER_INJURED,PARTY_COUNT,PRIMARY_COLL_FACTOR,PCF_CODE_OF_VIOL,PCF_VIOL_CATEGORY,PCF_VIOLATION,PCF_VIOL_SUBSECTION,HIT_AND_RUN,TYPE_OF_COLLISION,MVIW,PED_ACTION,ROAD_SURFACE,ROAD_COND_1,ROAD_COND_2,LIGHTING,CONTROL_DEVICE,CHP_ROAD_TYPE,PEDESTRIAN_ACCIDENT,BICYCLE_ACCIDENT,MOTORCYCLE_ACCIDENT,TRUCK_ACCIDENT,NOT_PRIVATE_PROPERTY,ALCOHOL_INVOLVED,STWD_VEHTYPE_AT_FAULT,CHP_VEHTYPE_AT_FAULT,COUNT_SEVERE_INJ,COUNT_VISIBLE_INJ,COUNT_COMPLAINT_PAIN,COUNT_PED_KILLED,COUNT_PED_INJURED,COUNT_BICYCLIST_KILLED,COUNT_BICYCLIST_INJURED,COUNT_MC_KILLED,COUNT_MC_INJURED,PRIMARY_RAMP,SECONDARY_RAMP,LATITUDE,LONGITUDE,COUNTY,CITY,POINT_X,POINT_Y
7190120,2016,2016-04-22,1500,2016-04-06,1423,58016,B,3,5,3,1509,0,0,0,,0,,"CUMBERLAND RD","FRONTIER WY",858.00,E,N,A,-,N,,,,,,,,,,Y,1,1,0,1,A,-,"- ",,,N,F,A,A,A,H,-,A,D,0,,,,,Y,,A,07,0,0,0,0,0,0,0,0,0,"- ","- ",35.158969999999997,-118.6447,KERN,TEHACHAPI,-118.60738327999999,35.150940769999998
7190389,2016,2016-09-21,1502,2016-06-20,1920,784,,1,5,6,1502,0,0,0,,0,,"NILES ST","OWENS ST",0.00,,Y,A,-,N,,,,,,,,,,N,1,1,0,5,A,-,12,22450,A,N,H,G,A,A,H,-,A,A,0,,Y,Y,,Y,Y,L,04,0,0,0,0,0,1,0,0,0,"- ","- ",35.381210000000003,-118.98645999999999,KERN,BAKERSFIELD,-118.98640008,35.380920070000002
7190414,2015,2016-10-18,1502,2015-11-20,0112,1033,,5,5,6,1502,0,0,0,,0,SOUTH,"WHITE LN","PIN OAK PARK BL",350.00,W,N,A,-,N,,,,,,,,,,Y,1,1,0,1,A,-,01,23152,A,N,E,I,A,A,H,-,C,A,0,,,,,Y,Y,D,22,0,0,0,0,0,0,0,0,0,"- ","- ",35.31879,-119.09841,KERN,BAKERSFIELD,-119.09948905,35.318878460000001
7200113,2016,2018-09-24,1501,2016-03-02,1935,933,13,3,5,3,1501,0,0,0,,0,001,"N DERBY ST","4TH AV",81.00,N,N,A,-,N,,,,,,,,,,N,1,1,0,2,A,-,11,21954,A,N,G,B,E,A,H,-,C,D,0,Y,,,,Y,,N,60,0,0,0,1,0,0,0,0,0,"- ","- ",35.209159999999997,-118.82427,KERN,ARVIN,-118.82423368000001,35.211162209999998
7201143,2016,2016-03-15,1506,2016-01-11,0422,4013,35,1,5,4,1506,0,0,0,,0,,"S SUNSET ST","W WILSON AV",7.00,S,N,A,-,N,,,,,,,,,,Y,2,0,1,1,A,-,01,23152,A,N,E,I,A,A,H,-,C,A,0,,,,,Y,Y,A,01,1,0,0,0,0,0,0,0,0,"- ","- ",35.617289999999997,-117.68155,KERN,RIDGECREST,-117.68123041,35.617070820000002
8004161,2015,2016-04-01,1502,2015-11-28,2204,P63,,6,5,6,1502,0,0,0,,0,HILL,"CHESTER AV","COLUMBUS ST",0.00,,Y,A,-,N,,,,,,,,,,N,2,0,1,2,A,-,09,21804,A,N,H,G,A,A,H,-,C,A,0,,Y,,,Y,,L,04,1,0,0,0,0,0,1,0,0,"- ","- ",35.398690000000002,-119.01854,KERN,BAKERSFIELD,-119.01879005000001,35.398140009999999
8026601,2016,2016-04-27,1502,2016-04-07,0117,1202,,4,5,6,1502,0,0,0,,0,VALLEY,"MONITOR ST","CAPITOLA DR",263.00,N,N,B,-,N,,,,,,,,,,N,2,0,1,2,A,-,05,21650,,F,G,B,E,A,H,-,C,D,0,Y,,,,Y,,-,99,1,0,0,0,1,0,0,0,0,"- ","- ",35.306730000000002,-119.01226,KERN,BAKERSFIELD,-119.01188551,35.307541639999997
8038795,2016,2016-05-17,1503,2016-04-08,2140,10153,1503,5,5,4,1503,0,0,0,,0,ALL,"CECIL AV","DOVER PL",12.00,E,N,A,C,N,,,,,,,,,,Y,2,0,2,2,A,-,01,23152,B,N,D,C,A,B,H,-,C,D,0,,,,,Y,Y,D,22,2,0,0,0,0,0,0,0,0,"- ","- ",,,KERN,DELANO,-119.2542696,35.775920710000001
8043086,2016,2017-02-24,1502,2016-05-02,1422,P45,,1,5,6,1502,0,0,0,,0,,"UNION AV","18TH ST",22.00,S,N,B,-,Y,KER,6,204,-,-,3.550,H,-,S,N,1,1,0,2,A,-,11,21954,A,N,G,B,D,A,H,-,A,A,0,Y,,,,Y,,N,60,0,0,0,1,0,0,0,0,0,"- ","- ",35.375660000000003,-119.00301,KERN,BAKERSFIELD,-119.00291695999999,35.375118759999999
80995334,2019,2019-05-24,1502,2019-05-18,1917,1153,,6,5,6,1502,0,0,0,,0,Centra,"MING AV","NEW STINE RD",74.00,W,N,B,C,N,,,,,,,,,,Y,2,0,1,1,A,-,08,22107,,N,E,I,A,B,H,-,A,A,0,,,,,Y,,A,01,1,0,0,0,0,0,0,0,0,"- ","- ",35.337749481201172,-119.06166076660156,KERN,BAKERSFIELD,-119.06120300292969,35.338146209716797
81006152,2019,2019-11-18,1502,2019-05-28,1617,1195,,2,5,6,1502,0,0,0,,0,Hill,"BUCK OWENS BL","SILLECT AV",352.00,S,N,A,-,Y,,,,,,,,,,N,1,1,0,2,A,-,11,21954,A,N,G,B,D,A,H,-,A,D,0,Y,,,,Y,,N,60,0,0,0,1,0,0,0,0,0,"- ","- ",35.38555908203125,-119.04335021972656,KERN,BAKERSFIELD,-119.04315185546875,35.38519287109375
81036365,2019,2019-11-18,1502,2019-06-17,1417,1326,,1,5,6,1502,0,0,0,,0,Metro,"BEALE AV","TRUXTUN AV (S)",236.00,E,N,A,-,N,,,,,,,,,,Y,1,1,0,1,A,-,03,22350,,N,E,I,A,A,H,-,A,D,0,,,,,Y,,A,01,0,0,0,0,0,0,0,0,0,"- ","- ",35.373680114746094,-118.99089050292969,KERN,BAKERSFIELD,-118.99070739746094,35.374301910400391
81042113,2019,2019-07-31,1502,2019-07-30,1052,1195,,2,5,6,1502,0,0,0,,0,Centra,"WILSON RD","AKERS RD",0.00,,Y,A,-,N,,,,,,,,,,Y,2,0,1,2,A,-,12,21453,A,N,D,C,A,A,H,-,A,A,0,,,,,Y,,A,01,1,0,0,0,0,0,0,0,0,"- ","- ",35.332500457763672,-119.0478515625,KERN,BAKERSFIELD,-119.04782104492188,35.332260131835938
81052404,2019,2019-08-15,1502,2019-08-09,1653,1268,,5,5,6,1502,0,0,0,,0,Valley,"H ST","TAFT HWY",634.00,N,N,A,-,N,,,,,,,,,,Y,2,0,5,2,A,-,05,21651,A,N,A,C,A,A,H,-,A,D,0,,,,,Y,,D,22,3,2,0,0,0,0,0,0,0,"- ","- ",35.266868591308594,-119.02210235595703,KERN,BAKERSFIELD,-119.02126312255859,35.268581390380859
81071891,2019,2019-09-11,1502,2019-06-19,0050,1177,,3,5,6,1502,0,0,0,,0,Valley,"CHESTER AV","LA FRANCE DR",0.00,,Y,A,-,N,,,,,,,,,,N,2,0,1,2,A,-,10,21950,A,F,G,B,B,A,H,-,D,D,0,Y,,,,Y,,A,01,1,0,0,0,1,0,0,0,0,"- ","- ",35.343021392822266,-119.01885223388672,KERN,BAKERSFIELD,-119.01917266845703,35.343051910400391
81099242,2019,2019-10-17,1502,2019-10-14,2008,1188,,1,5,6,1502,0,0,0,,0,Centra,"MING AV","LYMRIC WY",42.00,W,N,A,-,N,,,,,,,,,,N,2,0,1,2,A,-,05,21651,A,N,H,G,A,A,H,-,C,D,0,,Y,,,Y,,L,04,1,0,0,0,0,0,1,0,0,"- ","- ",35.338981628417969,-119.04701995849609,KERN,BAKERSFIELD,-119.04631805419922,35.339611053466797
81103400,2019,2019-10-23,1502,2019-10-21,2128,1188,,1,5,6,1502,0,0,0,,0,South,"ASHE RD","MC CUTCHEN RD",63.00,N,N,A,-,N,,,,,,,,,,N,2,0,1,2,A,-,03,22350,,N,C,C,A,A,H,-,D,A,0,,,,,Y,,A,07,1,0,0,0,0,0,0,0,0,"- ","- ",35.281589508056641,-119.07491302490234,KERN,BAKERSFIELD,-119.07440948486328,35.281673431396484
81116080,2019,2019-11-08,1502,2019-10-20,2046,943,EAST,7,5,6,1502,0,0,0,,0,Metro,"KING ST","CALIFORNIA AV (E)",127.00,S,N,A,-,N,,,,,,,,,,N,2,0,1,2,A,-,00,23103,A,F,G,B,D,A,H,-,C,D,0,Y,,,,Y,,-,99,1,0,0,0,1,0,0,0,0,"- ","- ",35.368808746337891,-118.99417877197266,KERN,BAKERSFIELD,-118.99417877197266,35.368461608886719
81128193,2019,2019-11-25,1502,2019-11-22,1710,1293,,5,5,6,1502,0,0,0,,0,North,"COFFEE RD","TRUXTUN AV",255.00,S,N,A,-,N,,,,,,,,,,Y,2,0,2,2,A,-,09,21801,A,N,D,C,A,A,H,-,C,D,0,,,,,Y,,D,22,1,0,1,0,0,0,0,0,0,"- ","- ",35.361770629882812,-119.09232330322266,KERN,BAKERSFIELD,-119.09213256835938,35.361190795898438
81132021,2019,2019-12-02,1502,2019-11-16,1713,1293,,6,5,6,1502,0,0,0,,0,Metro,"CALIFORNIA AV","P ST",0.00,,Y,A,-,N,,,,,,,,,,Y,2,0,10,3,A,-,12,21453,A,N,D,C,A,A,H,-,C,A,0,,,,,Y,,A,01,1,2,7,0,0,0,0,0,0,"- ","- ",35.368381500244141,-119.01141357421875,KERN,BAKERSFIELD,-119.01181793212891,35.368549346923828
81134847,2019,2019-12-03,1502,2019-11-19,1843,1177,,2,5,6,1502,0,0,0,,0,Centra,"COFFEE RD","GRANITE FALLS DR",86.00,N,N,A,-,N,,,,,,,,,,Y,1,1,0,2,A,-,11,21955,,N,G,B,D,A,H,-,C,D,0,Y,,,,Y,,N,60,0,0,0,1,0,0,0,0,0,"- ","- ",35.386711120605469,-119.09242248535156,KERN,BAKERSFIELD,-119.09236907958984,35.387054443359375
81166422,2020,2020-01-16,1502,2020-01-12,1915,P63,,7,5,6,1502,0,0,0,,0,Centra,"MING AV","VALHALLA DR",279.00,W,N,A,-,N,,,,,,,,,,Y,2,0,3,3,A,-,03,22350,,N,E,I,A,A,H,-,C,D,0,,,,,Y,,A,07,1,1,1,0,0,0,0,0,0,"- ","- ",35.339889526367188,-119.05503845214844,KERN,BAKERSFIELD,-119.05600738525391,35.339637756347656
81179240,2019,2020-02-04,1502,2019-12-06,1849,1195,,5,5,6,1502,0,0,0,,0,Valley,"SHANNON DR","ASTOR AV",116.00,N,Y,A,-,N,,,,,,,,,,N,2,0,1,2,A,-,03,22350,,F,G,B,E,A,C,-,C,D,0,Y,,,,Y,,-,99,1,0,0,0,1,0,0,0,0,"- ","- ",35.27764892578125,-119.01264190673828,KERN,BAKERSFIELD,-119.01194763183594,35.278018951416016
81198243,2019,2020-02-28,1502,2019-10-03,2007,1185,,4,5,6,1502,0,0,0,,0,Centra,"WILSON RD","REAL RD",150.00,E,N,A,-,N,,,,,,,,,,Y,1,2,0,2,A,-,09,21801,A,N,D,C,A,A,H,-,E,D,0,,,Y,,Y,,A,01,0,0,0,0,0,0,0,2,0,"- ","- ",35.331668853759766,-119.04429626464844,KERN,BAKERSFIELD,-119.04287719726562,35.332233428955078
81204881,2020,2020-03-10,1502,2020-03-08,2101,P63,,7,5,6,1502,0,0,0,,0,Valley,"LAUREL DR","LINDSAY DR",28.00,S,N,A,-,N,,,,,,,,,,Y,2,0,1,2,A,-,01,23152,A,N,C,E,A,A,H,-,C,D,0,,,,,Y,Y,A,01,1,0,0,0,0,0,0,0,0,"- ","- ",35.328250885009766,-119.01540374755859,KERN,BAKERSFIELD,-119.015380859375,35.328231811523438
81208153,2020,2020-03-16,1502,2020-01-01,0115,1177,,3,5,6,1502,0,0,0,,0,Centra,"ORIOLE ST","PARKER AV",80.00,S,N,A,-,N,,,,,,,,,,N,1,1,0,2,A,-,11,21954,A,F,G,B,E,A,H,-,D,D,0,Y,,,,Y,,N,60,0,0,0,1,0,0,0,0,0,"- ","- ",35.335418701171875,-119.05135345458984,KERN,BAKERSFIELD,-119.05048370361328,35.335700988769531
81210575,2020,2020-03-18,1502,2020-03-16,1946,P63,,1,5,6,1502,0,0,0,,0,Centra,"ELLIS AV","ASHE RD",0.00,,Y,B,-,N,,,,,,,,,,Y,2,0,3,2,A,-,01,23152,A,N,D,C,A,B,H,-,C,A,0,,,,,Y,Y,A,01,1,2,0,0,0,0,0,0,0,"- ","- ",35.345638275146484,-119.07357025146484,KERN,BAKERSFIELD,-119.07395172119141,35.345619201660156
81215941,2020,2020-03-26,1502,2020-03-24,1403,P63,,2,5,6,1502,0,0,0,,0,Valley,"PANAMA LN","COTTONWOOD RD",2640.00,E,N,B,-,N,,,,,,,,,,Y,2,0,1,2,A,-,08,22107,,N,D,C,A,A,H,-,A,D,0,,,,Y,Y,,D,22,1,0,0,0,0,0,0,0,0,"- ","- ",35.295631408691406,-118.98587036132812,KERN,BAKERSFIELD,-118.97652435302734,35.295948028564453
81225685,2020,2020-04-15,1502,2020-03-22,1926,1181,,7,5,6,1502,0,0,0,,0,Hill,"MOUNT VERNON AV","BERNARD ST",14.00,N,N,B,C,N,,,,,,,,,,Y,1,1,0,2,A,-,11,21456,,N,G,B,B,B,H,-,C,A,0,Y,,,,Y,,N,60,0,0,0,1,0,0,0,0,0,"- ","- ",35.390419006347656,-118.96739959716797,KERN,BAKERSFIELD,-118.96758270263672,35.390277862548828
81229448,2019,2020-04-27,1502,2019-11-17,1736,1181,,7,5,6,1502,0,0,0,,0,Metro,"BRUNDAGE LN","T ST",0.00,,Y,A,-,N,,,,,,,,,,N,2,0,1,3,A,-,03,22350,,F,G,B,E,A,H,-,C,D,0,Y,,,,Y,,-,99,1,0,0,0,1,0,0,0,0,"- ","- ",35.353801727294922,-119.00830841064453,KERN,BAKERSFIELD,-119.00852966308594,35.353919982910156
81235538,2020,2020-05-11,1502,2020-05-05,1525,1223,,2,5,6,1502,0,0,0,,0,Valley,"PEGGY WY","CANDACE AV",53.00,N,N,A,-,N,,,,,,,,,,N,2,0,1,1,A,-,01,23152,A,N,F,A,A,A,H,-,A,D,0,,,Y,,Y,Y,C,06,1,0,0,0,0,0,0,0,1,"- ","- ",35.293071746826172,-119.01727294921875,KERN,BAKERSFIELD,-119.01677703857422,35.293235778808594
81241588,2020,2020-05-25,1502,2020-02-14,1759,1223,,5,5,6,1502,0,0,0,,0,Metro,"CHESTER AV","2ND ST",0.00,,Y,A,-,N,,,,,,,,,,Y,1,1,0,2,A,-,01,23152,A,N,D,C,A,A,H,-,B,A,0,,,Y,,Y,Y,D,22,0,0,0,0,0,0,0,1,0,"- ","- ",35.356971740722656,-119.01863861083984,KERN,BAKERSFIELD,-119.0189208984375,35.356990814208984
81259438,2020,2020-06-29,1502,2020-06-26,2200,1285,,5,5,6,1502,0,0,0,,0,Metro,"BAKER ST","CHICO ST",42.00,N,N,A,-,N,,,,,,,,,,N,2,0,1,2,A,-,11,21954,A,N,G,B,D,A,H,-,C,D,0,Y,,,,Y,,N,60,1,0,0,0,1,0,0,0,0,"- ","- ",35.370941162109375,-118.99530029296875,KERN,BAKERSFIELD,-118.99509429931641,35.370670318603516
81263269,2020,2020-07-06,1502,2020-05-21,2350,1195,,4,5,6,1502,0,0,0,,0,Metro,"UNION AV","4TH ST",0.00,,Y,A,-,Y,,,204,,,,,,,N,1,1,0,2,A,-,11,21456,C,N,G,B,B,A,H,-,C,A,0,Y,,,,Y,Y,N,60,0,0,0,1,0,0,0,0,0,"- ","- ",35.359859466552734,-119.00348663330078,KERN,BAKERSFIELD,-119.00298309326172,35.359859466552734
81289298,2020,2020-08-20,1502,2020-08-17,1452,1241,,1,5,6,1502,0,0,0,,0,Valley,"HOSKING AV","MONITOR ST",0.00,,Y,A,-,N,,,,,,,,,,Y,2,0,1,2,A,-,12,21453,A,N,D,C,A,A,H,-,A,A,0,,,,,Y,,A,07,1,0,0,0,0,0,0,0,0,"- ","- ",35.280521392822266,-119.01351928710938,KERN,BAKERSFIELD,-119.01188659667969,35.281360626220703
81328871,2020,2020-10-21,1502,2020-10-15,1011,1185,,4,5,6,1502,0,0,0,,0,Metro,"23RD ST","CHESTER AV",0.00,,Y,A,-,Y,,,,,,,,,,Y,2,0,1,2,A,-,03,22350,,F,C,C,A,A,H,-,A,A,0,,,Y,,Y,,D,22,1,0,0,0,0,0,0,0,1,"- ","- ",35.380031585693359,-119.01822662353516,KERN,BAKERSFIELD,-119.01885986328125,35.380050659179688
81359636,2020,2020-12-07,1502,2020-10-21,1839,1185,,3,5,6,1502,0,0,0,,0,Hill,"KERN CANYON RD","BEDFORD GREEN DR",3210.00,S,N,A,-,Y,,,,,,,,,,Y,1,1,1,1,A,-,03,22350,,N,F,A,A,A,H,-,A,D,0,,,Y,,Y,,C,02,1,0,0,0,0,0,0,1,1,"- ","- ",35.389629364013672,-118.88945770263672,KERN,BAKERSFIELD,-118.89743804931641,35.383945465087891
81383843,2021,2021-01-08,1502,2021-01-04,1419,1249,,1,5,6,1502,0,0,0,,0,Hill,"NILES ST","ALTA VISTA DR",0.00,,Y,A,-,N,,,,,,,,,,Y,2,0,1,2,A,-,12,21453,A,N,D,C,A,A,H,-,A,A,0,,,,,Y,,-,"- ",1,0,0,0,0,0,0,0,0,"- ","- ",35.382999420166016,-118.99727630615234,KERN,BAKERSFIELD,-118.99704742431641,35.383987426757812
81391113,2020,2021-01-20,1502,2020-07-14,1827,1181,,2,5,6,1502,0,0,0,,0,Valley,"H ST","HENDRICKS LN",0.00,,Y,A,-,N,,,,,,,,,,Y,1,1,0,2,A,-,09,21802,A,N,D,D,A,A,H,-,B,D,0,,,Y,,Y,,A,01,0,0,0,0,0,0,0,1,0,"- ","- ",35.328029632568359,-119.02216339111328,KERN,BAKERSFIELD,-119.02133178710938,35.328811645507812
81407320,2020,2021-02-12,1502,2020-12-06,2500,1223,,7,5,6,1502,0,0,0,,0,Hill,"ALFRED HARRELL HWY","PANORAMA DR",643.00,N,N,A,-,Y,,,,,,,,,,Y,1,1,0,1,A,-,03,22350,,N,E,I,A,A,H,-,B,D,0,,,,,Y,,A,07,0,0,0,0,0,0,0,0,0,"- ","- ",35.412879943847656,-118.96727752685547,KERN,BAKERSFIELD,-118.97843933105469,35.410079956054688
81409609,2020,2021-02-17,1502,2020-08-19,0501,1225,,3,5,6,1502,0,0,0,,0,Valley,"HOSKING AV","MONITOR ST",0.00,,Y,A,-,N,,,,,,,,,,Y,1,1,1,2,A,-,12,21453,A,N,D,C,A,A,H,-,C,A,0,,,,,Y,,-,"- ",0,0,1,0,0,0,0,0,0,"- ","- ",35.281280517578125,-119.01258850097656,KERN,BAKERSFIELD,-119.01188659667969,35.281360626220703
81464861,2021,2021-05-04,1502,2021-04-26,1429,1149,,1,5,6,1502,0,0,0,,0,Hill,"PANORAMA DR","BOISE ST",61.00,E,N,A,-,N,,,,,,,,,,Y,2,0,1,1,A,-,08,22107,,N,E,I,A,A,H,-,A,D,0,,,,,Y,,A,01,1,0,0,0,0,0,0,0,0,"- ","- ",35.411331176757812,-118.95397186279297,KERN,BAKERSFIELD,-118.95405578613281,35.411220550537109
81478549,2021,2021-05-21,1502,2021-02-17,2225,1195,,3,5,6,1502,0,0,0,,0,Valley,"MING AV","SUNSHINE AV",303.00,E,N,A,-,N,,,,,,,,,,Y,1,2,2,2,A,-,01,23152,F,N,E,I,A,A,H,-,D,A,0,,,,,Y,,A,01,2,0,0,0,0,0,0,0,0,"- ","- ",35.339359283447266,-119.00961303710938,KERN,BAKERSFIELD,-119.00863647460938,35.339488983154297
81489250,2021,2021-06-04,1502,2021-05-29,1946,1194,,6,5,6,1502,0,0,0,,0,Valley,"FAIRFAX RD","REDBANK RD",1023.00,S,N,A,-,N,,,,,,,,,,Y,2,0,1,1,A,-,08,22107,,N,E,I,A,A,H,-,B,D,0,,,Y,,Y,,C,02,1,0,0,0,0,0,0,0,1,"- ","- ",35.339618682861328,-118.93253326416016,KERN,BAKERSFIELD,-118.9320068359375,35.336902618408203
81491508,2021,2021-06-08,1502,2021-06-06,1959,1285,,7,5,6,1502,0,0,0,,0,Valley,"COTTONWOOD RD","HOSKING AV",0.00,,Y,A,-,N,,,,,,,,,,Y,2,0,3,2,A,-,12,22450,A,N,D,C,A,A,H,-,B,A,0,,,Y,,Y,,C,06,1,0,2,0,0,0,0,0,1,"- ","- ",35.281108856201172,-118.98609924316406,KERN,BAKERSFIELD,-118.98535919189453,35.281375885009766
8153338,2016,2016-10-27,1502,2016-10-12,1616,1195,,3,5,6,1502,0,0,0,,0,HILL,"ALFRED HARRELL HWY","LAKE MING RD",5572.00,W,N,A,-,N,,,,,,,,,,Y,2,0,5,2,A,-,01,23152,A,N,D,C,A,A,H,-,A,D,0,,,,,Y,Y,A,01,1,1,3,0,0,0,0,0,0,"- ","- ",35.429409999999997,-118.86909,KERN,BAKERSFIELD,-118.88821240999999,35.43095916
8166967,2016,2017-05-09,1502,2016-12-21,1757,1195,,3,5,6,1502,0,0,0,,0,CENTRA,"WIBLE RD","PLANZ RD",1775.00,S,N,A,-,N,,,,,,,,,,N,1,1,0,2,A,-,11,21954,A,N,G,B,D,A,H,-,E,D,0,Y,,,Y,Y,,N,60,0,0,0,1,0,0,0,0,0,"- ","- ",35.325110000000002,-119.03908,KERN,BAKERSFIELD,-119.03899889,35.32009944
8167036,2017,2018-05-19,1502,2017-10-01,2005,1185,,7,5,6,1502,0,0,0,,0,SOUTH,"RAWHIDE RD","WIBLE RD",0.00,,Y,A,-,N,,,,,,,,,,Y,1,1,1,2,A,-,01,23152,A,N,D,C,A,A,H,-,C,D,0,,,,,Y,Y,A,01,0,1,0,0,0,0,0,0,0,"- ","- ",35.269599999999997,-119.03961,KERN,BAKERSFIELD,-119.03900005,35.269910009999997
8167168,2018,2018-06-06,1502,2018-01-14,2329,1195,,7,5,6,1502,0,0,0,,0,NORTH,"RENFRO RD","MADISON MICHELLE WY",0.00,,Y,A,-,N,,,,,,,,,,N,1,1,0,1,C,-,18,,,N,H,A,A,A,H,-,C,D,0,,,,,Y,Y,-,"- ",0,0,0,0,0,0,0,0,0,"- ","- ",35.356800079345703,-119.16378784179688,KERN,BAKERSFIELD,-119.16329956054688,35.356250762939453
81710345,2022,2022-02-28,1502,2022-01-27,1809,P17,,4,5,6,1502,0,0,0,,0,CENTRA,"OLD RIVER RD","HOWELL DR",668.00,N,N,A,-,N,,,,,,,,,,Y,2,0,2,2,A,-,08,22107,,N,A,C,A,A,H,-,C,A,0,,,,,Y,Y,D,22,1,1,0,0,0,0,0,0,0,"- ","- ",35.348869323730469,-119.11505126953125,KERN,BAKERSFIELD,-119.11447143554688,35.350654602050781
81711808,2021,2022-03-01,1502,2021-03-11,2121,1185,,4,5,6,1502,0,0,0,,0,SOUTH,"DISTRICT BL","ASHE RD",1780.00,E,N,A,-,N,,,,,,,,,,Y,1,1,0,1,A,-,01,23152,F,N,E,I,A,A,H,-,C,D,0,,,,,Y,,A,01,0,0,0,0,0,0,0,0,0,"- ","- ",35.312808990478516,-119.07559967041016,KERN,BAKERSFIELD,-119.06848907470703,35.313079833984375
81723728,2021,2022-03-16,1502,2021-01-12,1849,1225,,2,5,6,1502,0,0,0,,0,VALLEY,"PANAMA LN","BRAHMA ST",38.00,W,N,A,-,N,,,,,,,,,,N,1,1,0,3,A,-,11,21954,A,F,G,B,D,A,H,-,C,A,0,Y,,,,Y,,N,60,0,0,0,1,0,0,0,0,0,"- ","- ",35.295780181884766,-119.00846099853516,KERN,BAKERSFIELD,-119.00809478759766,35.2958984375
81724989,2022,2022-03-17,1502,2022-01-27,0231,1268,,4,5,6,1502,0,0,0,,0,CENTRA,"MING AV","ASHE RD",0.00,,Y,A,-,N,,,,,,,,,,Y,2,0,1,2,A,-,12,21453,A,N,D,C,A,A,H,-,C,A,0,,,,,Y,,A,07,1,0,0,0,0,0,0,0,0,"- ","- ",35.334751129150391,-119.07427215576172,KERN,BAKERSFIELD,-119.07447052001953,35.334640502929688
81747729,2021,2022-04-14,1502,2021-07-05,0053,1225,,1,5,6,1502,0,0,0,,0,METRO,"4TH ST","R ST",56.00,E,N,A,-,N,,,,,,,,,,Y,1,1,0,2,A,-,11,21954,A,N,G,B,E,A,H,-,D,D,0,Y,,,,Y,,N,60,0,0,0,1,0,0,0,0,0,"- ","- ",35.360668182373047,-119.00921630859375,KERN,BAKERSFIELD,-119.00934600830078,35.360771179199219
81747731,2021,2022-04-14,1502,2021-07-05,0056,1225,,1,5,6,1502,0,0,0,,0,METRO,"4TH ST","R ST",152.00,E,N,A,-,N,,,,,,,,,,N,1,1,0,2,C,-,18,,,N,G,B,E,A,H,-,C,D,0,Y,,,,Y,,-,"- ",0,0,0,1,0,0,0,0,0,"- ","- ",35.360668182373047,-119.00921630859375,KERN,BAKERSFIELD,-119.00901794433594,35.360771179199219
81810884,2022,2022-07-06,1502,2022-07-03,2051,1343,,7,5,6,1502,0,0,0,,0,HILL,"FAIRFAX RD","HIGHLAND OAKS DR",0.00,,Y,A,-,N,,,,,,,,,,Y,2,0,2,2,A,-,01,23152,A,N,D,C,A,A,H,-,B,D,0,,,Y,,Y,Y,C,02,1,1,0,0,0,0,0,0,1,"- ","- ",35.400508880615234,-118.929931640625,KERN,BAKERSFIELD,-118.93012237548828,35.400661468505859
81863897,2022,2022-09-14,1502,2022-07-13,0636,1268,,3,5,6,1502,0,0,0,,0,CENTRA,"GOSFORD RD","WHITE LN",0.00,,Y,A,-,N,,,,,,,,,,Y,1,1,0,1,C,-,18,,,N,E,I,A,A,H,-,A,D,0,,,,,Y,,-,"- ",0,0,0,0,0,0,0,0,0,"- ","- ",35.318408966064453,-119.0921630859375,KERN,BAKERSFIELD,-119.09228515625,35.318168640136719
81869540,2022,2022-09-21,1502,2022-09-19,1314,P63,,1,5,6,1502,0,0,0,,0,CENTRA,"STOCKDALE HWY","REAL RD",48.00,E,N,A,-,Y,,,,,,,,,,Y,2,0,1,2,A,-,03,22350,,N,C,C,A,A,H,-,A,A,0,,,,,Y,,E,22,1,0,0,0,0,0,0,0,0,"- ","- ",35.354339599609375,-119.04315948486328,KERN,BAKERSFIELD,-119.04331207275391,35.354228973388672
81893728,2022,2022-10-19,1502,2022-09-17,1929,1168,,6,5,6,1502,0,0,0,,0,METRO,"F ST","20TH ST",0.00,,Y,A,-,N,,,,,,,,,,N,1,1,0,2,A,-,10,21950,A,N,G,B,B,A,H,-,C,D,0,Y,,,,Y,,A,01,0,0,0,1,0,0,0,0,0,"- ","- ",35.377231597900391,-119.02298736572266,KERN,BAKERSFIELD,-119.02347564697266,35.377208709716797