CASE_ID,ACCIDENT_YEAR,PROC_DATE,JURIS,COLLISION_DATE,COLLISION_TIME,OFFICER_ID,REPORTING_DISTRICT,DAY_OF_WEEK,CHP_SHIFT,POPULATION,CNTY_CITY_LOC,SPECIAL_COND,BEAT_TYPE,CHP_BEAT_TYPE,CITY_DIVISION_LAPD,CHP_BEAT_CLASS,BEAT_NUMBER,PRIMARY_RD,SECONDARY_RD,DISTANCE,DIRECTION,INTERSECTION,WEATHER_1,WEATHER_2,STATE_HWY_IND,CALTRANS_COUNTY,CALTRANS_DISTRICT,STATE_ROUTE,ROUTE_SUFFIX,POSTMILE_PREFIX,POSTMILE,LOCATION_TYPE,RAMP_INTERSECTION,SIDE_OF_HWY,TOW_AWAY,COLLISION_SEVERITY,NUMBER_KILLED,NUMBER_INJURED,PARTY_COUNT,PRIMARY_COLL_FACTOR,PCF_CODE_OF_VIOL,PCF_VIOL_CATEGORY,PCF_VIOLATION,PCF_VIOL_SUBSECTION,HIT_AND_RUN,TYPE_OF_COLLISION,MVIW,PED_ACTION,ROAD_SURFACE,ROAD_COND_1,ROAD_COND_2,LIGHTING,CONTROL_DEVICE,CHP_ROAD_TYPE,PEDESTRIAN_ACCIDENT,BICYCLE_ACCIDENT,MOTORCYCLE_ACCIDENT,TRUCK_ACCIDENT,NOT_PRIVATE_PROPERTY,ALCOHOL_INVOLVED,STWD_VEHTYPE_AT_FAULT,CHP_VEHTYPE_AT_FAULT,COUNT_SEVERE_INJ,COUNT_VISIBLE_INJ,COUNT_COMPLAINT_PAIN,COUNT_PED_KILLED,COUNT_PED_INJURED,COUNT_BICYCLIST_KILLED,COUNT_BICYCLIST_INJURED,COUNT_MC_KILLED,COUNT_MC_INJURED,PRIMARY_RAMP,SECONDARY_RAMP,LATITUDE,LONGITUDE,COUNTY,CITY,POINT_X,POINT_Y
81908877,2022,2022-11-03,1503,2022-10-11,0629,10188,4011,2,5,4,1503,0,0,0,,0,,"HIGH ST, 400 BLOCK","5TH AVENUE",192.00,S,-,A,-,N,,,,,,,,,,N,2,0,1,2,D,-,00,,,N,G,B,D,A,H,-,C,D,0,Y,,,,Y,,-,"- ",1,0,0,0,1,0,0,0,0,"- ","- ",35.761409759521484,-119.24521636962891,KERN,DELANO,-119.245361328125,35.761940002441406
81917759,2022,2022-11-15,1502,2022-08-10,0006,1188,,3,5,6,1502,0,0,0,,0,METRO,"OAK ST","21ST ST",183.00,N,N,A,-,N,,,,,,,,,,N,1,1,0,2,A,-,17,21208,A,N,C,G,A,A,H,-,C,D,0,,Y,,,Y,Y,L,04,0,0,0,0,0,1,0,0,0,"- ","- ",35.378360748291016,-119.03810119628906,KERN,BAKERSFIELD,-119.03858184814453,35.378711700439453
81944052,2022,2022-12-16,1502,2022-10-22,2201,1225,,6,5,6,1502,0,0,0,,0,METRO,"UNION AV","10TH ST",17.00,N,N,A,-,N,,,,,,,,,,Y,2,0,1,2,A,-,11,21954,A,N,G,B,D,A,H,-,C,D,0,Y,,,,Y,,N,60,1,0,0,0,1,0,0,0,0,"- ","- ",35.36553955078125,-119.00338745117188,KERN,BAKERSFIELD,-119.00296020507812,35.36553955078125
81944053,2022,2022-12-16,1502,2022-11-20,2315,1188,,7,5,6,1502,0,0,0,,0,SOUTH,"AKERS RD","PACHECO RD",0.00,,Y,A,-,N,,,,,,,,,,Y,2,0,2,2,A,-,12,21453,A,N,D,C,A,A,H,-,C,A,0,,,,,Y,Y,-,"- ",1,1,0,0,0,0,0,0,0,"- ","- ",35.310070037841797,-119.04792785644531,KERN,BAKERSFIELD,-119.04782104492188,35.31024169921875
8195971,2016,2017-01-03,1507,2016-12-13,0550,274,200,2,5,3,1507,0,0,0,,0,,"ZERKER RD","7TH STANDARD RD",10560.00,N,N,A,-,N,,,,,,,,,,Y,2,0,1,1,A,-,08,22107,,N,F,A,A,A,H,-,D,D,0,,,,,Y,,A,01,1,0,0,0,0,0,0,0,0,"- ","- ",35.441670000000002,-119.15434,KERN,SHAFTER,-119.15344112,35.470658569999998
81964047,2022,2023-01-10,1502,2022-07-19,0429,1181,,2,5,6,1502,0,0,0,,0,,"TRUXTUN AV","E ST",75.00,E,N,A,-,N,,,,,,,,,,N,1,1,0,2,A,-,11,21954,A,N,G,B,D,A,H,-,C,D,0,Y,,,,Y,,N,60,0,0,0,1,0,0,0,0,0,"- ","- ",35.37261962890625,-119.02504730224609,KERN,BAKERSFIELD,-119.02440643310547,35.373291015625
81976719,2023,2023-01-25,1503,2023-01-21,"230 ",10172,1009,6,5,4,1503,0,0,0,,0,,"COUNTY LINE RD","W CUBRLINE OF CLARK ST",475.00,W,-,A,-,N,,,,,,,,,,N,2,0,2,1,A,-,08,22107,,N,E,J,A,A,H,-,C,A,0,,,,,Y,Y,A,01,1,1,0,0,0,0,0,0,0,"- ","- ",35.790428161621094,-119.25884246826172,KERN,DELANO,-119.26484680175781,35.790409088134766
81994789,2022,2023-02-15,1502,2022-12-06,2500,1225,,2,5,6,1502,0,0,0,,0,NORTH,"RUDD AV","SEVENTH STANDARD RD",881.00,S,N,B,-,N,,,,,,,,,,Y,2,0,1,1,A,-,01,23152,F,N,E,I,A,A,H,-,D,D,0,,,,,Y,,A,07,1,0,0,0,0,0,0,0,0,"- ","- ",35.442211151123047,-119.17146301269531,KERN,BAKERSFIELD,-119.17203521728516,35.439151763916016
82063245,2023,2023-05-08,1502,2023-04-26,1149,P94,,3,5,6,1502,0,0,0,,0,METRO,"24TH ST","CHESTER AV",0.00,,Y,A,-,N,,,,,,,,,,Y,2,0,2,2,A,-,09,21453,B,N,D,C,A,A,H,-,A,A,0,,,,Y,Y,,A,01,1,0,1,0,0,0,0,0,0,"- ","- ",35.3809814453125,-119.01821899414062,KERN,BAKERSFIELD,-119.01885223388672,35.381008148193359
82080818,2023,2023-05-30,1502,2023-05-19,1525,1476,,5,5,6,1502,0,0,0,,0,HILL,"MANOR ST","DENISE AV",1360.00,N,N,A,-,N,,,,,,,,,,N,2,0,3,2,A,-,08,22107,,N,A,C,A,A,A,H,A,D,0,,,,,Y,,A,01,1,0,2,0,0,0,0,0,0,"- ","- ",35.404941558837891,-119.00676727294922,KERN,BAKERSFIELD,-119.00982666015625,35.407505035400391
82107665,2022,2023-07-03,1502,2022-01-06,2323,1409,,4,5,6,1502,0,0,0,,0,METRO,"BEALE AV","MONTEREY ST (1)",1300.00,S,N,A,-,N,,,,,,,,,,Y,1,1,0,1,A,-,08,22107,,N,F,A,A,A,H,-,C,D,0,,,Y,,Y,,C,02,0,0,0,0,0,0,0,1,0,"- ","- ",35.377079010009766,-118.989501953125,KERN,BAKERSFIELD,-118.98959350585938,35.376823425292969
82107667,2023,2023-07-03,1502,2023-06-10,2233,1322,,6,5,6,1502,0,0,0,,0,NORTH,"PHILADELPHIA AV","NORIEGA RD",0.00,,Y,A,-,N,,,,,,,,,,Y,1,1,3,1,A,-,03,22350,,F,E,I,A,A,H,-,C,D,0,,,,,Y,,A,01,2,1,0,0,0,0,0,0,0,"- ","- ",35.405399322509766,-119.13105773925781,KERN,BAKERSFIELD,-119.13114929199219,35.405197143554688
82107691,2023,2023-07-03,1502,2023-05-07,"220 ",1223,,7,5,6,1502,0,0,0,,0,METRO,"BRUNDAGE LN","U ST",136.00,W,N,B,-,N,,,,,,,,,,N,1,1,0,2,A,-,11,21954,A,F,G,B,E,A,H,-,C,D,0,Y,,,,Y,,N,60,0,0,0,1,0,0,0,0,0,"- ","- ",35.353790283203125,-119.00624084472656,KERN,BAKERSFIELD,-119.00689697265625,35.353908538818359
82131635,2022,2023-07-31,1502,2022-08-03,0603,1185,,3,5,6,1502,0,0,0,,0,NORTH,"RIVERLAKES DR","HAWKS LN",62.00,N,N,A,-,N,,,,,,,,,,Y,1,1,0,1,A,-,01,23152,F,N,E,I,A,A,H,-,B,D,0,,,Y,,Y,,C,02,0,0,0,0,0,0,0,1,0,"- ","- ",35.398311614990234,-119.09629058837891,KERN,BAKERSFIELD,-119.09638214111328,35.398593902587891
82140380,2023,2023-08-10,1503,2023-08-09,"127 ",10194,4010,3,5,4,1503,0,0,0,,0,,"ALBANY ST, 400 BLOCK","N CURBE EDGE OF GARCES HWY",226.00,N,-,A,-,N,,,,,,,,,,Y,2,0,1,1,A,-,01,23152,A,N,E,I,A,A,H,-,C,D,0,,,,,Y,Y,A,07,1,0,0,0,0,0,0,0,0,"- ","- ",35.761379241943359,-119.25852203369141,KERN,DELANO,-119.25851440429688,35.762001037597656
82158050,2023,2023-08-30,1502,2023-07-12,1318,1409,,3,5,6,1502,0,0,0,,0,NORTH,"BRIMHALL RD","RIVER RANCH DR",328.00,E,N,A,-,N,,,,,,,,,,Y,2,0,1,2,A,-,03,22350,,N,C,C,A,A,H,-,A,D,0,,,Y,,Y,,C,02,1,0,0,0,0,0,0,0,1,"- ","- ",35.368728637695312,-119.09821319580078,KERN,BAKERSFIELD,-119.09669494628906,35.368793487548828
82203129,2023,2023-10-19,1502,2023-01-18,2200,1188,,3,5,6,1502,0,0,0,,0,METRO,"CALIFORNIA AV","C ST",118.00,E,N,A,-,N,,,,,,,,,,Y,1,1,0,1,A,-,01,23152,F,N,E,I,A,A,H,-,C,D,0,,,,,Y,,A,07,0,0,0,0,0,0,0,0,0,"- ","- ",35.368610382080078,-119.02703094482422,KERN,BAKERSFIELD,-119.02703857421875,35.368442535400391
82203134,2023,2023-10-19,1502,2023-07-05,1910,1322,,3,5,6,1502,0,0,0,,0,METRO,"UNION AV","NILES ST",0.00,,Y,A,-,N,,,,,,,,,,Y,2,0,6,3,A,-,12,21453,A,N,D,C,A,A,H,-,A,A,0,,,,,Y,,A,08,1,0,5,0,0,0,0,0,0,"- ","- ",35.384380340576172,-119.00287628173828,KERN,BAKERSFIELD,-119.00279998779297,35.383975982666016
82203296,2023,2023-10-19,1502,2023-09-26,1939,1334,,2,5,6,1502,0,0,0,,0,VALLEY,"HUGHES LN","VALORIE AV",93.00,S,N,A,-,N,,,,,,,,,,N,1,1,0,2,A,-,11,21954,A,N,G,B,D,A,H,-,D,D,0,Y,,,,Y,,N,60,0,0,0,1,0,0,0,0,0,"- ","- ",35.333408355712891,-119.03009796142578,KERN,BAKERSFIELD,-119.03006744384766,35.333076477050781
82203430,2023,2023-10-19,1502,2023-03-17,1902,1188,,5,5,6,1502,0,0,0,,0,CENTRA,"MING AV","EL PORTAL DR",0.00,,Y,A,-,N,,,,,,,,,,N,2,0,1,2,A,-,11,21456,B,N,D,G,A,A,H,-,A,A,0,,Y,,,Y,,L,04,1,0,0,0,0,0,1,0,0,"- ","- ",35.337619781494141,-119.08554077148438,KERN,BAKERSFIELD,-119.08474731445312,35.337760925292969
82257751,2023,2023-12-11,1502,2023-09-09,2059,1213,,6,5,6,1502,0,0,0,,0,HILL,"MOUNT VERNON AV","UNIVERSITY AV",0.00,,Y,A,-,N,,,,,,,,,,Y,2,0,3,2,A,-,01,23153,F,N,D,C,A,A,H,-,C,A,0,,,Y,,Y,Y,C,06,1,1,1,0,0,0,0,0,2,"- ","- ",35.405101776123047,-118.96732330322266,KERN,BAKERSFIELD,-118.96762847900391,35.404956817626953
82295565,2024,2024-01-24,1502,2024-01-21,1551,P75,,7,5,6,1502,0,0,0,,0,VALLEY,"COTTONWOOD RD","PACHECO RD",304.00,N,N,A,B,N,,,,,,,,,,Y,2,0,3,2,A,-,01,23153,A,N,A,C,A,A,H,-,A,D,0,,,,,Y,Y,D,22,1,1,1,0,0,0,0,0,0,"- ","- ",35.310138702392578,-118.98574066162109,KERN,BAKERSFIELD,-118.98541259765625,35.310420989990234
82324959,2024,2024-02-28,1502,2024-02-26,2024,P63,,1,5,6,1502,0,0,0,,0,METRO,"3RD ST","UNION AV (S)",235.00,W,N,A,-,Y,KER,,204," "," ",2.410,H,,R,N,2,0,1,2,A,-,05,21650,,F,G,B,E,A,H,-,C,D,0,Y,,,,Y,,-,99,1,0,0,0,1,0,0,0,0,"- ","- ",35.358688354492188,-119.00269317626953,KERN,BAKERSFIELD,-119.00292205810547,35.358692169189453
82367359,2024,2024-04-18,1502,2024-04-16,2146,P63,,2,5,6,1502,0,0,0,,0,METRO,"UNION AV","BRUNDAGE LN",0.00,,Y,A,-,Y,,,,,,,,,,Y,2,0,4,2,A,-,01,23152,A,N,D,D,A,A,H,-,C,A,0,,,,,Y,Y,A,01,1,1,2,0,0,0,0,0,0,"- ","- ",35.352951049804688,-119.00361633300781,KERN,BAKERSFIELD,-119.00309753417969,35.353855133056641
82406283,2024,2024-06-05,1502,2024-05-16,2227,1523,,4,5,6,1502,0,0,0,,0,,"LAURELGLEN BL","PIN OAK PARK BL",0.00,,Y,A,-,N,,,,,,,,,,N,2,0,2,1,A,-,03,22350,,F,E,I,A,A,H,-,C,A,0,,,,,Y,,A,01,1,1,0,0,0,0,0,0,0,"- ","- ",35.324779510498047,-119.10162353515625,KERN,BAKERSFIELD,-119.10060119628906,35.324836730957031
82438337,2024,2024-07-15,1502,2024-06-25,1830,1418,,2,5,6,1502,0,0,0,,0,NORTH,"STOCKDALE HWY","ALLEN RD",0.00,,Y,A,-,N,,,,,,,,,,N,1,1,0,2,A,-,12,21453,A,N,D,G,A,A,H,-,A,A,0,,Y,,,Y,,M,91,0,0,0,0,0,1,0,0,0,"- ","- ",35.354629516601562,-119.14614868164062,KERN,BAKERSFIELD,-119.14553833007812,35.354393005371094
8290223,2017,2017-01-31,1502,2017-01-15,1242,1291,,7,5,6,1502,0,0,0,,0,SOUTH,"BUENA VISTA RD","PANAMA LN",0.00,,Y,B,-,N,,,,,,,,,,Y,2,0,3,2,A,-,12,21453,A,N,D,C,A,A,H,-,A,A,0,,,,,Y,,A,01,1,0,2,0,0,0,0,0,0,"- ","- ",35.29674,-119.12844,KERN,BAKERSFIELD,-119.12815001,35.296250059999998
8310092,2017,2017-02-23,1502,2017-02-02,1159,1172,,4,5,6,1502,0,0,0,,0,VALLEY,"LAUREL DR","ROSALIA DR",28.00,S,N,A,-,N,,,,,,,,,,N,2,0,1,2,A,-,11,21956,A,N,G,B,E,A,H,-,A,D,0,Y,,,,Y,,N,60,1,0,0,0,1,0,0,0,0,"- ","- ",35.328830000000004,-119.01478,KERN,BAKERSFIELD,-119.01475293999999,35.328803059999998
8337807,2016,2017-04-14,1502,2016-12-01,0802,784,,4,5,6,1502,0,0,0,,0,,"CALLOWAY DR","HAGEMAN RD",884.00,N,N,A,-,N,,,,,,,,,,Y,2,0,1,2,A,-,01,23153,A,F,D,C,A,A,H,-,A,A,0,,,,,Y,Y,D,22,1,0,0,0,0,0,0,0,0,"- ","- ",35.39808,-119.10997,KERN,BAKERSFIELD,-119.11001,35.40059574
8343487,2017,2017-04-11,1502,2017-02-21,2019,1181,,2,5,6,1502,0,0,0,,0,CENTRA,"WILSON RD","WESTMINSTER DR",46.00,W,N,A,-,N,,,,,,,,,,N,2,0,1,2,A,-,11,21954,A,N,G,B,D,A,H,-,C,D,0,Y,,,,Y,,N,60,1,0,0,0,1,0,0,0,0,"- ","- ",35.331539999999997,-119.06089,KERN,BAKERSFIELD,-119.06120876,35.331617270000002
83686373,2024,2024-08-06,1502,2024-08-04,2047,P63,,7,5,6,1502,0,0,0,,0,SOUTH,"MC CUTCHEN RD","OLD RIVER RD",458.00,W,N,A,-,N,,,,,,,,,,Y,2,0,2,1,A,-,01,23152,A,N,E,I,A,A,H,-,C,D,0,,,Y,,Y,Y,C,02,1,1,0,0,0,0,0,0,2,"- ","- ",35.282009124755859,-119.11032104492188,KERN,BAKERSFIELD,-119.11136627197266,35.281669616699219
8377048,2017,2017-06-06,1502,2017-05-18,1836,1185,,4,5,6,1502,0,0,0,,0,CENTRA,"MING AV","AKERS RD",0.00,,Y,A,-,N,,,,,,,,,,Y,2,0,1,2,A,-,09,21801,A,N,D,C,A,A,H,-,A,D,0,,,Y,,Y,,A,07,1,0,0,0,0,0,0,0,1,"- ","- ",35.339770000000001,-119.04776,KERN,BAKERSFIELD,-119.04778011000001,35.339460019999997
8404668,2017,2018-05-25,1502,2017-08-02,1308,1195,,3,5,6,1502,0,0,0,,0,CENTRA,"WIBLE RD","WHITE LN",107.00,S,N,A,-,N,,,,,,,,,,Y,1,1,4,6,A,-,16,24002,A,N,G,B,F,A,H,-,A,A,0,Y,,,,Y,,E,22,1,0,3,1,1,0,0,0,0,"- ","- ",35.317839999999997,-119.03918,KERN,BAKERSFIELD,-119.03908,35.317496579999997
8404683,2017,2019-04-09,1502,2017-05-05,0800,965,,5,5,6,1502,0,0,0,,0,METRO,"UNION AV","11TH ST",38.00,N,N,A,-,Y,KER,6,204,-,-,3.020,H,-,N,N,1,1,0,2,A,-,11,21954,A,N,G,B,D,A,H,-,A,A,0,Y,,,,Y,,N,60,0,0,0,1,0,0,0,0,0,"- ","- ",35.367260000000002,-119.00254,KERN,BAKERSFIELD,-119.0029521,35.367498910000002
8404684,2017,2018-06-04,1502,2017-03-13,1951,1212,,1,5,6,1502,0,0,0,,0,HILL,"24TH ST","ALDER ST",0.00,,Y,A,-,N,,,,,,,,,,Y,1,1,2,2,A,-,03,22350,,N,C,C,A,A,H,-,A,D,0,,,,Y,Y,,I,09,0,0,2,0,0,0,0,0,0,"- ","- ",35.381100000000004,-119.02873,KERN,BAKERSFIELD,-119.02930009000001,35.381050029999997
8404823,2018,2020-05-26,1511,2018-04-27,0316,53016,1,5,5,2,1511,0,0,0,,0,00A,"CALIFORNIA CITY BL","SCE POLE 25326-CIT",253.00,E,N,A,-,N,,,,,,,,,,Y,1,1,3,2,A,-,05,21650,,N,B,C,A,A,H,-,D,D,0,,,,,Y,Y,A,01,2,1,0,0,0,0,0,0,0,"- ","- ",35.125801086425781,-117.98590087890625,KERN,"CALIFORNIA CITY",,
8404825,2018,2018-06-19,1502,2018-02-03,1158,976,,6,5,6,1502,0,0,0,,0,METRO,"BRUNDAGE LN","MOUNT VERNON AV",250.00,W,N,A,-,N,,,,,,,,,,N,1,1,0,1,A,-,03,22350,,N,F,A,A,A,H,-,A,D,0,,,Y,,Y,,C,02,0,0,0,0,0,0,0,1,0,"- ","- ",35.354228973388672,-118.96787261962891,KERN,BAKERSFIELD,-118.96844482421875,35.354057312011719
8422021,2017,2017-08-15,1503,2017-07-22,0547,1091,1503,6,5,4,1503,0,0,0,,0,ALL,"COUNTY LINE RD","SAN FELICE WY",616.00,E,N,A,-,N,,,,,,,,,,Y,2,0,4,2,A,-,"- ",,,N,A,C,A,A,H,-,B,A,0,,,,,Y,,D,22,1,1,2,0,0,0,0,0,0,"- ","- ",,,KERN,DELANO,-119.21779364,35.790491750000001
84381739,2024,2024-09-04,1503,2024-02-23,1713,10176,,5,5,4,1503,0,0,0,,0,,"625 CECIL AV","GLENWOOD ST",0.00,,Y,A,-,N,,,,,,,,,,N,2,0,1,4,A,-,03,22350,,N,H,G,A,A,H,-,A,D,0,,Y,,,Y,,A,01,1,0,0,0,0,0,1,0,0,"- ","- ",35.775989532470703,-119.250732421875,KERN,DELANO,-119.25129699707031,35.775955200195312
84556495,2025,2025-01-30,1503,2025-01-07,1729,10198,,2,5,4,1503,0,0,0,,0,,".2300 KALIBO ST","COUNTY LINE RD",0.00,,Y,A,-,N,,,,,,,,,,N,2,0,1,2,A,-,10,21950,,N,G,B,B,A,H,-,B,D,0,Y,,,,Y,,A,01,1,0,0,0,1,0,0,0,0,"- ","- ",35.787090301513672,-119.24510955810547,KERN,DELANO,-119.24562072753906,35.790424346923828
84558127,2025,2025-02-03,1502,2025-01-30,1950,1347,,4,5,6,1502,0,0,0,,0,CENTRA,"OLD RIVER RD","WHITE OAK DR",709.00,S,N,A,-,N,,,,,,,,,,N,2,0,1,2,A,-,11,21954,A,N,G,B,D,A,H,-,C,D,0,Y,,,Y,Y,,N,60,1,0,0,0,1,0,0,0,0,"- ","- ",35.335109710693359,-119.11287689208984,KERN,BAKERSFIELD,-119.11233520507812,35.3328857421875
84569662,2024,2025-02-07,1502,2024-12-24,1858,1314,,2,5,6,1502,0,0,0,,0,HILL,"FLOWER ST","KERN ST",69.00,W,N,A,-,N,,,,,,,,,,N,2,0,1,2,D,-,00,,,F,G,B,E,A,H,-,C,D,0,Y,,,,Y,,-,"- ",1,0,0,0,1,0,0,0,0,"- ","- ",35.386940002441406,-118.99107360839844,KERN,BAKERSFIELD,-118.99131774902344,35.386646270751953
84581077,2024,2025-02-17,1502,2024-11-16,2038,1225,,6,5,6,1502,0,0,0,,0,NORTH,"BRIMHALL RD","JENKINS RD",0.00,,Y,A,-,N,,,,,,,,,,Y,1,1,0,2,A,-,12,22450,A,N,D,C,A,A,H,-,C,A,0,,,,,Y,,A,01,0,0,0,0,0,0,0,0,0,"- ","- ",35.369388580322266,-119.15482330322266,KERN,BAKERSFIELD,-119.1544189453125,35.368900299072266
84595534,2025,2025-03-04,1502,2025-02-26,1742,1442,,3,5,6,1502,0,0,0,,0,CENTRA,"TRUXTUN AVE","QUAILRIDGE RD",127.00,E,N,A,-,N,,,,,,,,,,N,2,0,1,2,A,-,01,23152,B,N,C,G,A,A,H,-,B,D,0,,Y,,Y,Y,Y,F,26,1,0,0,0,0,0,1,0,0,"- ","- ",35.362201690673828,-119.08953094482422,KERN,BAKERSFIELD,-119.08863067626953,35.362503051757812
84635430,2025,2025-04-03,1502,2025-04-01,1817,P63,,2,5,6,1502,0,0,0,,0,NORTH,"COFFEE RD","GRANITE FALLS DR",60.00,S,N,A,-,N,,,,,,,,,,Y,2,0,3,3,A,-,01,23152,A,N,B,C,A,A,H,-,B,A,0,,,,,Y,Y,A,01,1,1,1,0,0,0,0,0,0,"- ","- ",35.386711120605469,-119.09242248535156,KERN,BAKERSFIELD,-119.09232330322266,35.38665771484375
84666924,2024,2025-04-28,1503,2024-11-08,1431,10198,,5,5,4,1503,0,0,0,,0,,".200 CECIL AVE","ORIGIN POINT",16.00,N,-,A,-,N,,,,,,,,,,Y,1,1,0,2,A,-,09,21801,A,F,D,A,A,A,H,-,A,D,0,,,Y,,Y,Y,A,01,0,0,0,0,0,0,0,1,0,"- ","- ",35.775928497314453,-119.25778198242188,KERN,DELANO,,
8466820,2017,2017-10-16,1507,2017-09-29,1159,256,200,5,5,3,1507,0,0,0,,0,,"ZERKER RD","7TH STANDARD RD",7274.00,N,N,A,-,N,,,,,,,,,,N,2,0,2,1,A,-,"- ",,,N,E,J,A,A,H,-,A,D,0,,,,,Y,,D,72,1,0,1,0,0,0,0,0,0,"- ","- ",35.441670000000002,-119.15434,KERN,SHAFTER,-119.15373042,35.461644309999997
8475588,2017,2017-12-05,1502,2017-10-31,1714,1275,,2,5,6,1502,0,0,0,,0,METRO,"H ST","21ST ST",9.00,S,N,A,-,N,,,,,,,,,,N,2,0,1,2,A,-,11,21954,A,N,G,B,D,A,H,-,A,A,0,Y,,,,Y,Y,N,60,1,0,0,0,1,0,0,0,0,"- ","- ",35.378149999999998,-119.02065,KERN,BAKERSFIELD,-119.02118,35.378115299999997
8512159,2017,2018-01-11,1502,2017-11-04,0247,1195,,6,5,6,1502,0,0,0,,0,CENTRA,"MING AV","CHESHIRE DR",158.00,E,N,B,-,N,,,,,,,,,,N,2,0,1,2,A,-,11,21954,A,N,G,B,D,A,H,-,E,D,0,Y,,,,Y,,N,60,1,0,0,0,1,0,0,0,0,"- ","- ",35.334780000000002,-119.07218,KERN,BAKERSFIELD,-119.07184407,35.334747280000002
8543557,2018,2018-08-07,1501,2018-01-10,1720,976,50,3,5,3,1501,0,0,0,,0,050,"COMANCHE DR","BEAR MOUNTAIN BL",0.00,,Y,C,-,Y,KER,6,223,-,-,20.150,I,5,W,N,2,0,5,2,A,-,12,21453,,N,A,C,A,B,H,-,C,A,0,,,,,Y,,A,01,1,4,0,0,0,0,0,0,0,"- ","- ",35.209091186523438,-118.84217834472656,KERN,ARVIN,-118.84207916259766,35.209003448486328
8563018,2018,2018-03-09,1502,2018-01-24,1521,1167,,3,5,6,1502,0,0,0,,0,VALLEY,"H ST","CALCUTTA DR",0.00,,Y,A,-,N,,,,,,,,,,Y,2,0,5,2,A,-,09,21802,A,N,D,C,A,A,H,-,A,A,0,,,,,Y,,A,01,3,0,2,0,0,0,0,0,0,"- ","- ",35.314029693603516,-119.02147674560547,KERN,BAKERSFIELD,-119.02137756347656,35.314010620117188
8571828,2018,2018-03-12,1502,2018-02-18,0236,1241,,7,5,6,1502,0,0,0,,0,METRO,"P ST","4TH ST",0.00,,Y,A,-,N,,,,,,,,,,N,2,0,1,2,A,-,10,21950,A,F,G,B,B,A,H,-,C,A,0,Y,,,,Y,,A,01,1,0,0,0,1,0,0,0,0,"- ","- ",35.360698699951172,-119.01155090332031,KERN,BAKERSFIELD,-119.01186370849609,35.36077880859375
8598150,2018,2018-04-25,1502,2018-04-06,0609,1077,,5,5,6,1502,0,0,0,,0,SOUTH,"WIBLE RD","HARRIS RD",0.00,,Y,B,-,N,,,,,,,,,,N,2,0,2,2,A,-,12,21453,A,N,D,C,A,A,H,-,B,A,0,,,,,Y,Y,D,22,1,0,1,0,0,0,0,0,0,"- ","- ",35.303310394287109,-119.03935241699219,KERN,BAKERSFIELD,-119.03904724121094,35.303138732910156
8606704,2018,2018-05-15,1502,2018-04-20,1846,P17,,5,5,6,1502,0,0,0,,0,SOUTH,"HARRIS RD","STINE RD",79.00,W,N,A,-,N,,,,,,,,,,Y,2,0,3,2,A,-,09,21804,B,N,D,C,A,A,H,-,A,D,0,,,,,Y,,I,11,1,2,0,0,0,0,0,0,0,"- ","- ",35.303089141845703,-119.05687713623047,KERN,BAKERSFIELD,-119.05698394775391,35.303203582763672
8636711,2018,2018-06-20,1502,2018-02-22,1912,1185,,4,5,6,1502,0,0,0,,0,SOUTH,"GOSFORD RD","PACHECO RD",162.00,N,N,A,-,N,,,,,,,,,,N,2,0,1,2,A,-,05,21650,,N,H,G,A,A,H,-,C,D,0,,Y,,,Y,,L,04,1,0,0,0,0,0,1,0,0,"- ","- ",35.310428619384766,-119.09226989746094,KERN,BAKERSFIELD,-119.09226226806641,35.310684204101562
8648002,2018,2020-05-21,1508,2018-06-03,0435,33,MAR,7,5,2,1508,0,0,0,,0,,"RT 33","PETROLEUM CLUB RD",3168.00,S,N,A,-,Y,KER,6,33,-,-,16.970,H,-,N,Y,1,1,0,1,A,-,03,22350,,N,E,I,A,A,H,-,D,D,0,,,,,Y,,A,01,0,0,0,0,0,0,0,0,0,"- ","- ",35.131591796875,-119.44554138183594,KERN,TAFT,-119.43877410888672,35.124603271484375
8684068,2018,2018-09-06,1502,2018-08-11,2038,1188,,6,5,6,1502,0,0,0,,0,HILL,"FAIRFAX RD","PANORAMA DR",0.00,,Y,A,-,N,,,,,,,,,,N,2,0,1,2,A,-,05,21650,,F,A,C,A,A,H,-,C,A,0,,,Y,,Y,,C,02,1,0,0,0,0,0,0,0,1,"- ","- ",35.402679443359375,-118.92990112304688,KERN,BAKERSFIELD,-118.93013000488281,35.402809143066406
8811014,2019,2019-03-13,1511,2019-02-08,1205,53303,6,5,5,2,1511,0,0,0,,0,00A,"CALIFORNIA CITY BL","STATION LN",0.00,S,N,A,-,N,,,,,,,,,,Y,2,0,1,1,A,-,06,21755,A,N,F,A,A,A,H,-,A,D,0,,,,,Y,,A,01,1,0,0,0,0,0,0,0,0,"- ","- ",35.116001129150391,-117.93499755859375,KERN,"CALIFORNIA CITY",,
8824443,2019,2019-03-22,1502,2019-03-05,1719,1265,,2,5,6,1502,0,0,0,,0,HILL,"CHESTER AV","34TH ST",35.00,N,N,C,-,N,,,,,,,,,,Y,2,0,1,2,A,-,03,22350,,N,C,C,A,B,H,-,A,A,0,,,,,Y,,A,07,1,0,0,0,0,0,0,0,0,"- ","- ",35.391078948974609,-119.01866912841797,KERN,BAKERSFIELD,-119.01879119873047,35.390598297119141
8862825,2019,2019-05-28,1502,2019-05-05,2140,P52,,7,5,6,1502,0,0,0,,0,NORTH,"CALLOWAY DR","HAGEMAN RD",206.00,S,N,A,-,N,,,,,,,,,,Y,2,0,2,2,A,-,09,21804,A,N,D,C,A,A,H,-,C,D,0,,,Y,,Y,,A,07,1,0,1,0,0,0,0,0,1,"- ","- ",35.398078918457031,-119.10997009277344,KERN,BAKERSFIELD,-119.11003875732422,35.397605895996094