CASE_ID,ACCIDENT_YEAR,PROC_DATE,JURIS,COLLISION_DATE,COLLISION_TIME,OFFICER_ID,REPORTING_DISTRICT,DAY_OF_WEEK,CHP_SHIFT,POPULATION,CNTY_CITY_LOC,SPECIAL_COND,BEAT_TYPE,CHP_BEAT_TYPE,CITY_DIVISION_LAPD,CHP_BEAT_CLASS,BEAT_NUMBER,PRIMARY_RD,SECONDARY_RD,DISTANCE,DIRECTION,INTERSECTION,WEATHER_1,WEATHER_2,STATE_HWY_IND,CALTRANS_COUNTY,CALTRANS_DISTRICT,STATE_ROUTE,ROUTE_SUFFIX,POSTMILE_PREFIX,POSTMILE,LOCATION_TYPE,RAMP_INTERSECTION,SIDE_OF_HWY,TOW_AWAY,COLLISION_SEVERITY,NUMBER_KILLED,NUMBER_INJURED,PARTY_COUNT,PRIMARY_COLL_FACTOR,PCF_CODE_OF_VIOL,PCF_VIOL_CATEGORY,PCF_VIOLATION,PCF_VIOL_SUBSECTION,HIT_AND_RUN,TYPE_OF_COLLISION,MVIW,PED_ACTION,ROAD_SURFACE,ROAD_COND_1,ROAD_COND_2,LIGHTING,CONTROL_DEVICE,CHP_ROAD_TYPE,PEDESTRIAN_ACCIDENT,BICYCLE_ACCIDENT,MOTORCYCLE_ACCIDENT,TRUCK_ACCIDENT,NOT_PRIVATE_PROPERTY,ALCOHOL_INVOLVED,STWD_VEHTYPE_AT_FAULT,CHP_VEHTYPE_AT_FAULT,COUNT_SEVERE_INJ,COUNT_VISIBLE_INJ,COUNT_COMPLAINT_PAIN,COUNT_PED_KILLED,COUNT_PED_INJURED,COUNT_BICYCLIST_KILLED,COUNT_BICYCLIST_INJURED,COUNT_MC_KILLED,COUNT_MC_INJURED,PRIMARY_RAMP,SECONDARY_RAMP,LATITUDE,LONGITUDE,COUNTY,CITY,POINT_X,POINT_Y
8868641,2019,2019-06-03,1502,2019-05-01,0134,1144,,3,5,6,1502,0,0,0,,0,NORTH,"WESTSIDE PKWY","COFFEE RD",2778.00,W,N,A,-,N,,,,,,,,,,Y,2,0,1,1,A,-,08,22107,,N,F,A,A,A,H,-,C,D,0,,,Y,,Y,,C,02,1,0,0,0,0,0,0,0,1,"- ","- ",35.367000579833984,-119.08409881591797,KERN,BAKERSFIELD,-119.09898376464844,35.362167358398438
8911999,2020,2022-06-18,1503,2020-05-17,1604,10159,,7,5,4,1503,0,0,0,,0,,"GARZOLI AV","UTILITY POLE 915679E",119.00,N,N,A,B,N,,,,,,,,,,Y,1,1,0,1,A,-,03,22350,,N,E,I,A,A,H,-,A,D,0,,,Y,,Y,,C,02,0,0,0,0,0,0,0,1,0,"- ","- ",35.732349395751953,-119.24057769775391,KERN,DELANO,,
8939477,2019,2021-05-24,1500,2019-10-13,1903,202297,"WA 02",7,5,3,1510,0,0,0,,0,4401,"RT 43","JACKSON AV",955.00,N,N,A,-,Y,KER,6,43,-,-,16.810,H,-,N,Y,1,1,0,2,A,-,11,21950,B,N,G,B,E,A,H,-,D,D,0,Y,,,,Y,Y,N,60,0,0,0,1,0,0,0,0,0,"- ","- ",,,KERN,WASCO,-119.27377319335938,35.502315521240234
90028978,2015,2015-10-19,9420,2015-08-27,1430,019466,,4,2,9,1500,0,1,3,,2,155,"STATE ROUTE 155","FRENCH GULCH BRIDGE",10.00,S,N,A,-,Y,,,155,,,,,,,Y,1,1,0,1,A,-,01,23152,E,N,F,A,A,A,H,-,A,D,0,,,,,Y,,A,07,0,0,0,0,0,0,0,0,0,"- ","- ",35.656669999999998,-118.48472,KERN,UNINCORPORATED,-118.48474117000001,35.656669819999998
90029081,2015,2015-10-19,9420,2015-08-26,0745,018643,,3,1,9,1500,0,3,5,,2,550,"KIMBERLINA ROAD","JUMPER AVENUE",1617.00,W,N,F,-,N,,,,,,,,,,Y,1,1,1,3,A,-,03,22350,,N,C,C,A,A,H,-,A,D,0,,,,Y,Y,,A,01,0,1,0,0,0,0,0,0,0,"- ","- ",35.557859999999998,-119.42621,KERN,UNINCORPORATED,-119.42610111,35.55785779
90032164,2015,2015-10-19,9426,2015-10-09,1250,015472,,5,1,9,1500,0,3,5,,2,087,"GOLF COURSE RD","IRON BARK RD.",228.00,E,N,A,-,N,,,,,,,,,,Y,2,0,2,1,A,-,01,23153,A,N,E,I,A,A,H,-,A,D,0,,,,,Y,Y,A,01,1,1,0,0,0,0,0,0,0,"- ","- ",35.242559999999997,-119.30540000000001,KERN,UNINCORPORATED,-119.30576709,35.2422641
90037234,2015,2015-10-23,9420,2015-09-25,1822,016691,,5,2,9,1500,0,3,5,,2,040,"CHINA GRADE LOOP EASTBOUND / WESTBOUND","CHINA GRADE LOOP NORTHBOUND / SOUTHBOUND",3.00,W,N,A,-,N,,,,,,,,,,Y,1,1,1,2,A,-,09,21802,A,N,A,C,A,A,H,-,A,A,0,,,,,Y,,A,01,1,0,0,0,0,0,0,0,0,"- ","- ",35.427790000000002,-118.96777,KERN,UNINCORPORATED,-118.96778584,35.427767520000003
90040627,2015,2015-10-29,9420,2015-10-16,0920,018307,,5,1,9,1500,0,1,3,,2,223,SR-223,"ASHE ROAD",0.00,,Y,A,-,Y,,,223,,,,,,,Y,2,0,1,1,A,-,12,22450,A,N,E,I,A,A,H,-,A,D,0,,,,,Y,,D,22,1,0,0,0,0,0,0,0,0,"- ","- ",35.208759999999998,-119.07473,KERN,UNINCORPORATED,-119.07473022000001,35.208803760000002
90041547,2015,2015-10-30,9420,2015-10-22,0240,019896,,4,3,9,1500,0,1,3,,1,583,"SR-58 (ROSEDALE HWY) E/B","VAN BUREN PL",153.00,W,N,A,-,Y,,,58,,,,,,E,Y,2,0,1,1,A,-,01,23152,A,N,E,I,A,A,H,-,C,D,0,,,Y,,Y,Y,C,02,1,0,0,0,0,0,0,0,1,"- ","- ",35.383510000000001,-119.14790000000001,KERN,UNINCORPORATED,-119.14790000000001,35.383512680000003
90044076,2015,2015-11-04,9420,2015-09-20,0810,019206,,7,1,9,1500,0,3,5,,2,030,"CALIENTE BODFISH ROAD","LARKSPUR ROAD",167.00,N,N,A,-,N,,,,,,,,,,Y,1,1,0,1,A,-,03,22350,,N,E,I,A,A,H,-,A,D,0,,,Y,,Y,,C,02,0,0,0,0,0,0,0,1,0,"- ","- ",35.469729999999998,-118.53009,KERN,UNINCORPORATED,-118.53001620000001,35.469414329999999
90044156,2015,2015-11-04,9420,2015-09-28,0615,019723,,1,1,9,1500,0,1,3,,1,462,SR-46,"SR-99 (GOLDEN STATE HWY)",528.00,W,N,A,-,Y,,,,,,,,,,Y,1,3,4,2,A,-,21,22106,,N,D,C,A,A,H,-,B,D,0,,,,Y,Y,,M,58,1,0,3,0,0,0,0,0,0,"- ","- ",35.606999999999999,-119.22783,KERN,UNINCORPORATED,-119.2131641,35.601999999999997
90049632,2015,2015-11-12,9420,2015-09-28,0156,019598,,1,3,9,1500,0,1,3,,2,097,"SR-99 SOUTHBOUND (GOLDEN STATE HIGHWAY)","HOUGHTON ROAD",5694.00,S,N,A,-,Y,,,99,,,,,,S,Y,1,1,0,2,A,-,01,23152,A,N,C,C,A,A,H,-,D,D,0,,,Y,Y,Y,Y,C,02,0,0,0,0,0,0,0,1,0,"- ","- ",35.217950000000002,-119.01188999999999,KERN,UNINCORPORATED,-119.01197397,35.217936680000001
90052250,2015,2015-11-17,9420,2015-11-10,1620,019461,,2,2,9,1500,0,1,3,,2,223,SR-223,"GOSFORD RD.",67.00,W,N,A,-,Y,,,223,,,,,,,Y,2,0,3,2,A,-,01,23152,F,N,A,C,A,A,H,-,A,A,0,,,,Y,Y,Y,A,07,1,1,1,0,0,0,0,0,0,"- ","- ",35.208849999999998,-119.09247000000001,KERN,UNINCORPORATED,-119.09247003,35.208841909999997
90063969,2015,2015-12-02,9420,2015-11-08,2500,019140,,7,4,9,1500,0,3,5,,2,672,"TEJON HIGHWAY","RICHARDSON ROAD",400.00,S,N,A,-,N,,,,,,,,,,N,2,0,1,2,A,-,08,22107,,F,G,B,E,A,H,-,D,D,0,Y,,,,Y,,-,99,1,0,0,0,1,0,0,0,0,"- ","- ",35.214640000000003,-118.82398000000001,KERN,UNINCORPORATED,-118.82430404,35.215292599999998
90067360,2015,2015-12-08,9420,2015-11-29,1705,019459,,7,2,9,1500,0,3,5,,2,550,"KIMBERLINA ROAD","BEECH AVENUE (PRIVATE ROAD)",0.00,,Y,A,-,N,,,,,,,,,,Y,2,0,2,2,A,-,09,21804,A,N,D,C,A,A,H,-,D,D,0,,,Y,,Y,,C,06,2,0,0,0,0,0,0,0,2,"- ","- ",35.558329999999998,-119.26063000000001,KERN,UNINCORPORATED,-119.25965997,35.558270059999998
90080856,2015,2015-12-23,9420,2015-11-09,1510,019461,,1,2,9,1500,0,1,3,,2,177,SR-178,"EDISON POWERHOUSE #1",1370.00,W,N,A,-,Y,,,178,,,,,,,Y,1,1,0,1,A,-,03,22350,,N,F,A,A,A,H,-,A,D,0,,,Y,,Y,,C,02,0,0,0,0,0,0,0,1,0,"- ","- ",35.457259999999998,-118.78012,KERN,UNINCORPORATED,-118.77998046,35.457149450000003
90082836,2015,2015-12-28,9426,2015-12-11,1005,016828,,5,1,9,1500,0,1,3,,1,167,SR-166,"STUBBLEFIELD RD",460.00,W,N,C,-,Y,,,,,,,,,,Y,2,0,3,2,A,-,05,21460,A,N,A,C,A,B,H,-,A,D,0,,,,,Y,,D,22,2,1,0,0,0,0,0,0,0,"- ","- ",34.939390000000003,-119.46942,KERN,UNINCORPORATED,,
90084311,2015,2016-02-05,9420,2015-10-09,1930,019185,,5,2,9,1500,0,1,3,,1,184,"SR-184 (WEEDPATCH HIGHWAY)","SUNSET BOULEVARD",0.00,,Y,A,-,Y,,,,,,,,,,Y,1,1,1,3,A,-,12,22450,A,F,D,C,A,A,H,-,D,A,0,,,,,Y,,D,22,1,0,0,0,0,0,0,0,0,"- ","- ",35.223289999999999,-118.19449,KERN,UNINCORPORATED,-118.91449000999999,35.223290089999999
90093080,2015,2016-01-12,9430,2015-12-23,1435,018266,,3,2,9,1500,0,3,5,,2,004,"LAVAL RD","OUTLET DRIVE",3168.00,E,N,B,-,N,,,,,,,,,,Y,1,1,0,1,A,-,08,22107,,N,E,I,A,A,H,-,A,A,0,,,,,Y,,A,08,0,0,0,0,0,0,0,0,0,"- ","- ",34.98442,-118.92797,KERN,UNINCORPORATED,-118.92799616000001,34.984434700000001
90099390,2015,2016-01-21,9420,2015-12-10,1715,019459,,4,2,9,1500,0,2,4,,1,071,"OSWELL STREET","VIRGINIA AVENUE",275.00,N,N,B,C,N,,,,,,,,,,N,1,1,0,2,A,-,11,21954,A,N,G,B,D,B,H,-,D,D,0,Y,,,,Y,Y,N,60,0,0,0,1,0,0,0,0,0,"- ","- ",35.361980000000003,-118.94972,KERN,UNINCORPORATED,-118.94987,35.362164540000002
90103956,2016,2016-01-27,9420,2016-01-19,0630,015261,,2,1,9,1500,0,1,3,,2,090,"SR-99 N/B","MERLE HAGGARD DR.",2112.00,N,N,B,-,Y,,,99,,,,,,N,Y,2,0,3,3,A,-,07,21658,A,N,B,C,A,A,H,-,B,D,0,,,,Y,Y,,A,01,1,0,2,0,0,0,0,0,0,"- ","- ",35.445099999999996,-119.09107,KERN,UNINCORPORATED,-119.09109968,35.445039260000001
90108127,2016,2016-02-03,9830,2016-01-28,1833,017645,,4,2,9,1500,0,2,4,,1,026,"BUS 58 EAST","LESLIE STREET",20.00,E,N,A,-,N,,,,,,,,,,N,2,0,1,2,A,-,11,21954,A,N,G,B,D,A,H,-,C,D,0,Y,,,,Y,,N,60,1,0,0,0,1,0,0,0,0,"- ","- ",35.046250000000001,-118.16442000000001,KERN,UNINCORPORATED,-118.1647718,35.046196369999997
90111358,2015,2016-02-08,9830,2015-12-19,1240,014774,,6,1,9,1500,0,1,3,,2,014,"STATE ROUTE 58 EASTBOUND","CAMERON ROAD",15312.00,E,N,A,-,Y,,,58,,,,,,E,Y,1,1,3,1,A,-,08,22107,,N,F,A,A,A,H,-,A,D,0,,,,,Y,,A,01,0,2,1,0,0,0,0,0,0,"- ","- ",35.108159999999998,-118.24593,KERN,UNINCORPORATED,-118.24594385,35.10818982
90114432,2016,2016-02-12,9430,2016-01-31,0424,018627,,7,3,9,1500,0,1,1,,2,053,"I-5 S/B (GOLDEN STATE FREEWAY)","GRAPEVINE ROAD",3696.00,S,N,B,-,Y,,,5,,,,,,S,Y,2,0,1,3,A,-,01,23152,A,N,B,C,A,A,H,-,D,D,0,,,,,Y,Y,A,01,1,0,0,0,0,0,0,0,0,"- ","- ",34.931280000000001,-118.93025,KERN,UNINCORPORATED,-118.93030290999999,34.931243539999997
90115727,2016,2016-02-16,9830,2016-02-07,2018,019883,,7,2,9,1500,0,1,3,,1,052,SR-178,"COMET RD.",186.00,W,N,A,-,Y,,,,,,,,,,N,2,0,1,2,A,-,11,21956,A,N,G,B,E,A,H,-,D,D,0,Y,,,,Y,,N,60,1,0,0,0,1,0,0,0,0,"- ","- ",35.391280000000002,-117.47582,KERN,UNINCORPORATED,,
90117025,2016,2016-02-17,9830,2016-02-06,1651,021137,,6,2,9,1500,0,3,5,,2,005,"LELITER RD","HAWK ST",20.00,E,N,A,-,N,,,,,,,,,,Y,2,0,3,2,A,-,09,21804,A,N,C,C,A,A,H,-,A,D,0,,,,,Y,,A,01,1,1,1,0,0,0,0,0,0,"- ","- ",35.710549999999998,-117.83905,KERN,UNINCORPORATED,-117.83918279,35.710509999999999
90122270,2016,2016-02-23,9426,2016-02-18,1300,016828,,4,1,9,1500,0,1,1,,2,502,"I-5 N/B","7TH STANDARD ROAD",5280.00,N,N,A,-,Y,,,5,,,,,,N,Y,2,0,3,1,A,-,08,22107,,N,F,I,A,A,H,-,A,D,0,,,,,Y,,A,01,1,1,1,0,0,0,0,0,0,"- ","- ",35.450060000000001,-119.46633,KERN,UNINCORPORATED,-119.46663493,35.449640449999997
90122505,2016,2016-02-24,9420,2016-01-17,0200,020163,,7,3,9,1500,0,3,5,,2,540,"FAMOSO PORTERVILLE HIGHWAY","CECIL AVENUE",1233.00,N,N,A,-,N,,,,,,,,,,Y,1,1,1,1,A,-,01,23152,E,N,E,I,A,A,H,-,D,D,0,,,,,Y,,A,01,1,0,0,0,0,0,0,0,0,"- ","- ",37.77919,-119.12175000000001,KERN,UNINCORPORATED,-119.12183425000001,35.779202499999997
90127458,2016,2016-03-02,9420,2016-02-28,1940,019461,,7,2,9,1500,0,3,5,,2,520,"BROWNING RD.","ELMO HWY.",1584.00,N,N,A,-,N,,,,,,,,,,N,2,0,1,2,A,-,03,22350,,F,C,G,A,A,H,-,D,D,0,,Y,,,Y,,-,99,1,0,0,0,0,0,1,0,0,"- ","- ",35.694510000000001,-119.22292,KERN,UNINCORPORATED,-119.22306583,35.693286839999999
9013105,2018,2020-02-15,1515,2018-05-25,0835,58028,B,5,5,1,1515,0,0,0,,0,,"DEERTRAIL DR","CROCKER CT",0.00,,Y,A,-,N,,,,,,,,,,Y,2,0,1,1,A,-,03,22350,,N,E,J,A,A,H,-,A,D,0,,,,,Y,,A,01,1,0,0,0,0,0,0,0,0,"- ","- ",35.171520233154297,-118.64968872070312,KERN,"BEAR VALLEY SPRINGS",-118.64749908447266,35.171501159667969
90149621,2016,2016-04-04,9420,2016-03-26,2335,019829,,6,3,6,1502,0,1,3,,2,584,"SR-58 E/B TO COTTONWOOD","COTTONWOOD ROAD",650.00,W,N,A,-,Y,,,58,,,,R,,E,N,2,0,1,2,A,-,11,21954,A,F,G,B,E,A,H,-,D,D,0,Y,,,,Y,,N,60,1,0,0,0,1,0,0,0,0,"- ","- ",35.3521,-118.98745,KERN,BAKERSFIELD,-118.98745,35.3521
90159899,2016,2016-04-18,9420,2016-03-29,1600,016973,,2,2,9,1500,0,3,5,,2,620,"ALLEN RD.","SANTA FE WAY",65.00,S,N,A,-,N,,,,,,,,,,Y,2,0,5,2,A,-,08,22107,,N,A,C,A,A,H,-,A,A,0,,,,,Y,,A,07,1,4,0,0,0,0,0,0,0,"- ","- ",35.39725,-119.14572,KERN,UNINCORPORATED,-119.14593187,35.396391889999997
90177635,2016,2016-05-11,9426,2016-05-04,1220,015548,,3,1,9,1500,0,1,1,,2,506,"I-5 N/B","OLD RIVER ROAD",927.00,S,N,A,-,Y,,,5,,,,,,N,Y,2,0,1,2,A,-,03,22350,,N,C,C,A,A,H,-,A,D,0,,,Y,Y,Y,,C,02,1,0,0,0,0,0,0,0,1,"- ","- ",35.160800000000002,-119.10881999999999,KERN,UNINCORPORATED,-119.10919048,35.160390040000003
90179666,2016,2016-06-02,9420,2016-05-08,0315,019901,,7,3,9,1500,0,3,5,,2,540,"GARCES HWY.","ROWLEE RD.",6864.00,W,N,A,-,N,,,,,,,,,,Y,2,0,2,1,A,-,01,23152,A,N,F,I,A,A,H,-,D,D,0,,,,,Y,Y,A,01,2,0,0,0,0,0,0,0,0,"- ","- ",35.761130000000001,-119.55888,KERN,UNINCORPORATED,-119.50065465,35.760912699999999
90191345,2016,2016-05-31,9420,2016-05-24,2130,018932,,2,2,9,1500,0,2,4,,1,072,"EAST CALIFORNIA AVE.","EXCHANGE STREET",10.00,W,N,A,-,N,,,,,,,,,,N,2,0,1,1,C,-,18,,,N,H,A,A,A,H,-,C,D,0,,,,,Y,,-,"- ",1,0,0,0,0,0,0,0,0,"- ","- ",35.368630000000003,-118.96543,KERN,UNINCORPORATED,-118.9653235,35.368679999999998
90216289,2016,2016-07-05,9426,2016-06-26,0312,018919,,7,3,9,1500,0,1,3,,1,118,SR-119,"TUPMAN ROAD",1056.00,E,N,A,-,Y,,,119,,,,,,,Y,2,0,1,2,A,-,01,23152,A,F,B,C,A,A,H,-,D,D,0,,,Y,,Y,,A,01,1,0,0,0,0,0,0,0,1,"- ","- ",35.267090000000003,-119.30613,KERN,UNINCORPORATED,-119.30613746,35.26713024
90219651,2016,2016-07-11,9420,2016-07-03,0115,020163,,7,3,9,1500,0,1,3,,2,096,"SR-99 N/B","DAVID RD.",2112.00,N,N,A,-,Y,,,99,,,,,,N,Y,2,0,7,2,A,-,03,22350,,N,C,C,A,A,H,-,D,D,0,,,,Y,Y,,G,25,1,0,6,0,0,0,0,0,0,"- ","- ",35.077950000000001,-118.97407,KERN,UNINCORPORATED,-118.97413756,35.077928649999997
90230394,2016,2016-07-26,9420,2016-07-16,1830,018805,,6,2,9,1500,0,3,5,,2,671,"SOUTH VINELAND ROAD","BUENA VISTA BOULEVARD",0.00,,Y,A,-,N,,,,,,,,,,Y,2,0,1,2,A,-,12,22450,A,N,D,C,A,A,H,-,A,D,0,,,,,Y,,A,01,1,0,0,0,0,0,0,0,0,"- ","- ",35.237900000000003,-118.89623,KERN,UNINCORPORATED,-118.89619999999999,35.237910030000002
90231823,2016,2016-07-27,9420,2016-06-13,2140,018445,,1,2,9,1500,0,2,4,,1,052,"ROBERTS LANE","MACARTHUR DRIVE",20.00,E,N,A,-,N,,,,,,,,,,Y,1,1,0,2,A,-,03,22350,,N,G,B,D,A,H,-,D,D,0,Y,,,,Y,,A,01,0,0,0,1,0,0,0,0,0,"- ","- ",35.40869,-119.03243999999999,KERN,UNINCORPORATED,-119.03294296999999,35.408630000000002
90240407,2016,2016-08-09,9420,2016-07-25,0235,019442,,1,3,6,1502,0,1,3,,2,094,"SR-99 N/B","BELLE TERRACE",191.00,S,N,A,-,Y,,,99,,,,,,N,N,2,0,1,2,A,-,05,21650,,F,H,G,A,A,H,-,D,D,0,,Y,,,Y,,L,04,1,0,0,0,0,0,1,0,0,"- ","- ",35.346600000000002,-119.03942000000001,KERN,BAKERSFIELD,-119.03942492,35.346600029999998
90289243,2016,2016-10-11,9420,2016-10-04,1725,015896,,2,2,9,1500,0,1,3,,1,462,SR-46,"FRIANT KERN CANAL",1584.00,W,N,A,-,Y,,,46,,,,,,,Y,2,0,1,1,A,-,08,22107,,N,E,I,A,A,H,-,A,A,0,,,,,Y,,A,01,1,0,0,0,0,0,0,0,0,"- ","- ",35.601799999999997,-119.24379999999999,KERN,UNINCORPORATED,-119.24380031,35.60187853
90289364,2016,2016-10-11,9430,2016-10-05,1045,018416,,3,1,9,1500,0,2,4,,1,024,"HUDSON RANCH ROAD","KLIPSTEIN CANYON RD",10560.00,E,N,A,-,N,,,,,,,,,,Y,2,0,1,1,A,-,08,22107,,N,F,A,A,A,H,-,A,D,0,,,Y,,Y,,C,02,1,0,0,0,0,0,0,0,1,"- ","- ",34.928550000000001,-119.40674,KERN,UNINCORPORATED,-119.40840713999999,34.9277674
90302150,2016,2016-10-26,9420,2016-10-04,0627,013475,,2,1,9,1500,0,3,5,,2,530,"FRESNO AVENUE","SCARONI AVENUE",0.00,,Y,A,-,N,,,,,,,,,,Y,1,1,4,2,A,-,12,22450,A,N,D,C,A,A,H,-,B,A,0,,,,,Y,,A,01,0,2,2,0,0,0,0,0,0,"- ","- ",35.514470000000003,-119.31365,KERN,UNINCORPORATED,-119.31364996000001,35.514450060000001
90311320,2016,2016-11-04,9420,2016-10-14,1942,019856,,5,2,9,1500,0,1,3,,2,584,"STATE ROUTE 58, EASTBOUND","SOUTH UNION AVENUE",1567.00,E,N,A,-,Y,,,,,,,,,,Y,1,1,2,2,A,-,05,21651,B,N,E,I,A,A,H,-,D,D,0,,,,,Y,,A,07,1,0,1,0,0,0,0,0,0,"- ","- ",35.352229999999999,-118.99836000000001,KERN,UNINCORPORATED,,
90343872,2016,2016-12-13,9420,2016-12-06,1900,015466,,2,2,9,1500,0,1,3,,2,155,"SR-155 (WOFFORD BLVD.)","OAKWOOD DRIVE",154.00,N,N,A,-,Y,,,155,,,,,,,Y,2,0,1,2,A,-,09,21804,A,N,A,C,A,A,H,-,D,D,0,,,,,Y,,A,07,1,0,0,0,0,0,0,0,0,"- ","- ",35.698,-118.46285,KERN,UNINCORPORATED,-118.46272765000001,35.697901979999997
90353029,2016,2016-12-27,9420,2016-12-13,1730,016978,,2,2,9,1500,0,2,4,,1,072,"NLES STREET","BARLOW STREET",0.00,,Y,A,-,N,,,,,,,,,,N,2,0,1,2,A,-,10,21950,A,F,G,B,B,A,H,-,C,D,0,Y,,,,Y,,-,99,1,0,0,0,1,0,0,0,0,"- ","- ",35.25123,-119.35142,KERN,UNINCORPORATED,-118.95855004000001,35.37584004
90355794,2016,2016-12-28,9420,2016-12-08,2125,017972,,4,2,6,1502,0,1,3,,2,096,"SR-99 N/B TO S. H ST","TAFT HWY",200.00,S,N,B,-,Y,,,99,,,,R,,N,Y,2,0,2,1,C,-,18,,,N,E,I,A,A,H,-,C,D,0,,,,,Y,,-,"- ",1,1,0,0,0,0,0,0,0,"- ","- ",35.26634,-119.02088000000001,KERN,BAKERSFIELD,-119.02088000000001,35.26634
90359975,2016,2017-01-03,9830,2016-11-29,1800,014565,,2,2,9,1500,0,3,5,,2,001,"BAILEY ROAD","GIRAUDO ROAD",0.00,,Y,A,-,N,,,,,,,,,,Y,1,1,0,1,A,-,03,22350,,N,E,I,A,A,H,-,D,D,0,,,,,Y,,A,01,0,0,0,0,0,0,0,0,0,"- ","- ",35.123429999999999,-118.5928,KERN,UNINCORPORATED,-118.59282013000001,35.123480110000003
90410849,2017,2017-03-13,9420,2017-01-19,1307,018030,,4,1,6,1502,0,1,3,,2,093,"STATE ROUTE-99 SOUTHBOUND","STATE ROUTE-58 (ROSEDALE HWY)",0.00,,Y,B,-,Y,,,99,,,,,,S,Y,1,1,1,3,A,-,03,22350,,N,C,C,A,B,H,-,A,D,0,,,,Y,Y,,A,01,0,1,0,0,0,0,0,0,0,"- ","- ",35.383189999999999,-119.04443000000001,KERN,BAKERSFIELD,-119.0446693,35.383191029999999
90415721,2017,2017-03-20,9830,2017-03-14,1215,019271,,2,1,9,1500,0,2,4,,1,032,"SIERRA HWY","MARIE AVE",753.00,N,N,A,-,N,,,,,,,,,,Y,2,0,1,1,A,-,08,22107,,N,E,I,A,A,H,-,A,D,0,,,,,Y,,A,01,1,0,0,0,0,0,0,0,0,"- ","- ",34.851959999999998,-118.16115000000001,KERN,UNINCORPORATED,-118.16123478999999,34.851919150000001
90416799,2016,2017-03-22,9420,2016-12-21,0039,019531,,3,3,9,1500,0,1,3,,2,097,"STATE ROUTE 99, S/B","HERRING ROAD",1056.00,N,N,A,-,Y,,,99,,,,,,S,Y,1,1,0,1,A,-,08,22107,,N,E,I,A,A,H,-,D,D,0,,,,Y,Y,,G,25,0,0,0,0,0,0,0,0,0,"- ","- ",35.157170000000001,-118.9996,KERN,UNINCORPORATED,-118.99956111,35.157182310000003
90423399,2017,2017-03-29,9420,2017-03-02,1520,015896,,4,2,9,1500,0,3,5,,2,530,"KIMBERLINA ROAD","LERDO CANAL",55.00,W,N,A,-,N,,,,,,,,,,Y,1,1,2,2,A,-,09,21801,A,N,D,C,A,A,H,-,A,D,0,,,,,Y,,A,01,0,1,1,0,0,0,0,0,0,"- ","- ",35.683999999999997,-119.22839999999999,KERN,UNINCORPORATED,-119.21808243,35.558452070000001
90430470,2017,2017-04-10,9420,2017-03-17,2350,020040,,5,3,9,1500,0,1,3,,1,184,SR-184,"ROSEWOOD AVENUE",0.00,,Y,A,-,Y,,,184,,,,,,,Y,2,0,1,2,A,-,09,21801,A,N,D,C,A,A,H,-,C,D,0,,,Y,,Y,Y,A,01,1,0,0,0,0,0,0,0,1,"- ","- ",35.372669999999999,-118.91414,KERN,UNINCORPORATED,-118.91423725,35.372670190000001
90455532,2017,2017-09-12,9420,2017-04-28,1912,019459,,5,2,9,1500,0,3,5,,2,672,"PIONEER DRIVE","RIDGEVIEW STREET",61.00,W,N,A,-,N,,,,,,,,,,Y,2,0,6,2,A,-,01,23152,A,N,E,I,A,A,H,-,A,D,0,,,,,Y,Y,A,07,1,4,1,0,0,0,0,0,0,"- ","- ",35.368969999999997,-118.90872,KERN,UNINCORPORATED,-118.90864431999999,35.368968369999997
90456961,2017,2017-05-16,9420,2017-04-17,2055,019868,,1,2,9,1500,0,2,4,,1,075,"SOUTH UNION AVENUE","ADAMS STREET",0.00,,Y,A,-,N,,,,,,,,,,N,1,1,0,2,A,-,10,21950,A,F,G,B,B,A,H,-,C,D,0,Y,,,,Y,,A,07,0,0,0,1,0,0,0,0,0,"- ","- ",35.343679999999999,-119.00315999999999,KERN,UNINCORPORATED,-119.00311000000001,35.343610089999999
90459806,2017,2017-05-19,9426,2017-04-09,1518,017230,,7,2,9,1500,0,1,3,,1,118,"STATE HIGHWAY 119","STATE HIGHWAY 43",528.00,W,N,A,-,Y,,,119,,,,,,,Y,1,1,0,2,A,-,05,21460,A,N,B,C,A,A,H,-,A,D,0,,,,Y,Y,,A,01,0,0,0,0,0,0,0,0,0,"- ","- ",35.267440000000001,-119.25534,KERN,UNINCORPORATED,-119.25534066,35.267394809999999
90478289,2017,2017-06-14,9420,2017-04-12,0252,020040,,3,3,6,1502,0,1,3,,2,095,"STATE ROUTE 99, S/B TO STATE ROUTE 119","STATE ROUTE 119",823.00,N,N,A,-,Y,,,99,,,,R,,S,Y,1,1,0,1,A,-,01,23152,A,N,E,I,A,A,H,-,D,D,0,,,,,Y,Y,A,01,0,0,0,0,0,0,0,0,0,"- ","- ",35.268520000000002,-119.02404,KERN,BAKERSFIELD,-119.02404,35.268520000000002
90483018,2017,2017-07-03,9420,2017-06-01,1257,015896,,4,1,9,1500,0,3,5,,2,060,"PRAIRIE ROSE WAY","LONE TREE COURT",64.00,E,N,A,-,N,,,,,,,,,,Y,1,1,0,1,A,-,13,22515,A,N,E,I,A,A,H,-,A,D,0,,,,,Y,Y,A,01,0,0,0,0,0,0,0,0,0,"- ","- ",35.378599999999999,-119.13939999999999,KERN,UNINCORPORATED,-119.13949574,35.378632699999997
90512687,2017,2017-09-15,9420,2017-06-28,1801,016978,,3,2,9,1500,0,3,5,,2,630,"STINE ROAD","ENGLE ROAD",1394.00,S,N,A,-,N,,,,,,,,,,Y,1,1,1,1,A,-,08,22107,,N,F,A,A,A,H,-,A,D,0,,,,,Y,,A,07,1,0,0,0,0,0,0,0,0,"- ","- ",35.247390000000003,-119.05676,KERN,UNINCORPORATED,-119.05674270999999,35.24871486