CASE_ID,ACCIDENT_YEAR,PROC_DATE,JURIS,COLLISION_DATE,COLLISION_TIME,OFFICER_ID,REPORTING_DISTRICT,DAY_OF_WEEK,CHP_SHIFT,POPULATION,CNTY_CITY_LOC,SPECIAL_COND,BEAT_TYPE,CHP_BEAT_TYPE,CITY_DIVISION_LAPD,CHP_BEAT_CLASS,BEAT_NUMBER,PRIMARY_RD,SECONDARY_RD,DISTANCE,DIRECTION,INTERSECTION,WEATHER_1,WEATHER_2,STATE_HWY_IND,CALTRANS_COUNTY,CALTRANS_DISTRICT,STATE_ROUTE,ROUTE_SUFFIX,POSTMILE_PREFIX,POSTMILE,LOCATION_TYPE,RAMP_INTERSECTION,SIDE_OF_HWY,TOW_AWAY,COLLISION_SEVERITY,NUMBER_KILLED,NUMBER_INJURED,PARTY_COUNT,PRIMARY_COLL_FACTOR,PCF_CODE_OF_VIOL,PCF_VIOL_CATEGORY,PCF_VIOLATION,PCF_VIOL_SUBSECTION,HIT_AND_RUN,TYPE_OF_COLLISION,MVIW,PED_ACTION,ROAD_SURFACE,ROAD_COND_1,ROAD_COND_2,LIGHTING,CONTROL_DEVICE,CHP_ROAD_TYPE,PEDESTRIAN_ACCIDENT,BICYCLE_ACCIDENT,MOTORCYCLE_ACCIDENT,TRUCK_ACCIDENT,NOT_PRIVATE_PROPERTY,ALCOHOL_INVOLVED,STWD_VEHTYPE_AT_FAULT,CHP_VEHTYPE_AT_FAULT,COUNT_SEVERE_INJ,COUNT_VISIBLE_INJ,COUNT_COMPLAINT_PAIN,COUNT_PED_KILLED,COUNT_PED_INJURED,COUNT_BICYCLIST_KILLED,COUNT_BICYCLIST_INJURED,COUNT_MC_KILLED,COUNT_MC_INJURED,PRIMARY_RAMP,SECONDARY_RAMP,LATITUDE,LONGITUDE,COUNTY,CITY,POINT_X,POINT_Y
90519797,2016,2017-08-09,9420,2016-10-17,2000,019442,,1,2,9,1500,0,1,3,,2,223,"SR-223 E/B","SOUTH H STREET",1424.00,W,N,A,-,Y,,,223,,,,,,E,Y,1,1,1,3,A,-,01,23152,A,N,B,C,A,A,H,-,D,D,0,,,,Y,Y,Y,A,08,0,0,1,0,0,0,0,0,0,"- ","- ",35.20872,-119.02513,KERN,UNINCORPORATED,-119.02513061000001,35.20861661
90552588,2017,2017-11-09,9420,2017-07-20,1743,016969,,4,2,9,1500,0,1,3,,1,119,"STATE ROUTE 119 (TAFT HIGHWAY)","BUENA VISTA ROAD",3168.00,W,N,A,-,Y,,,119,,,,,,,Y,1,2,1,2,A,-,01,23152,A,N,A,C,A,A,H,-,A,D,0,,,,,Y,Y,D,22,0,1,0,0,0,0,0,0,0,"- ","- ",35.267359999999996,-119.13906,KERN,UNINCORPORATED,-119.13905964,35.267210740000003
90568032,2017,2017-10-11,9420,2017-07-20,2112,020529,,4,2,9,1500,0,3,5,,2,040,"BERNARD STREET","NORTH KING STREET",88.00,E,N,A,-,N,,,,,,,,,,N,1,1,0,2,A,-,11,21954,A,N,G,B,D,A,D,-,E,C,0,Y,,,,Y,,N,60,0,0,0,1,0,0,0,0,0,"- ","- ",35.390259999999998,-118.98657,KERN,UNINCORPORATED,-118.98563534,35.390258930000002
90571463,2017,2017-10-16,9420,2017-10-09,2005,019856,,1,2,9,1500,0,3,5,,2,050,"AIRPORT DRIVE (1200 BLOCK)","WILSON AVENUE",15.00,N,N,A,-,N,,,,,,,,,,N,2,0,1,2,A,-,11,21954,A,F,G,B,D,A,H,-,D,D,0,Y,,,,Y,,N,60,1,0,0,0,1,0,0,0,0,"- ","- ",35.417549999999999,-119.03895,KERN,UNINCORPORATED,-119.03915051,35.417301160000001
90572351,2017,2017-10-18,9420,2017-09-14,0850,014811,,4,1,6,1502,0,1,3,,2,094,"STATE ROUTE 99 (SR-99), NORTHBOUND","MING AVENUE",1056.00,N,N,A,-,Y,,,,,,,,,,Y,1,1,1,3,A,-,03,22350,,N,C,C,A,A,H,-,A,D,0,,,,,Y,,A,01,0,1,0,0,0,0,0,0,0,"- ","- ",35.203830000000004,-119.22225,KERN,BAKERSFIELD,,
90582431,2017,2017-11-21,9830,2017-10-18,0623,019271,,3,1,9,1500,0,1,3,,1,022,"SR-58 E/B","BORAX RD",3168.00,W,N,A,-,Y,,,58,,,,,,E,Y,2,0,1,2,A,-,08,22107,,N,C,C,A,A,H,-,D,D,0,,,,Y,Y,,G,25,1,0,0,0,0,0,0,0,0,"- ","- ",35.00665,-117.71451999999999,KERN,UNINCORPORATED,-117.71451995,35.006666469999999
90584003,2017,2017-10-31,9830,2017-10-22,1645,014565,,7,2,9,1500,0,3,5,,2,001,"BANDUCCI RD","AROSA RD",1056.00,N,N,A,-,N,,,,,,,,,,Y,2,0,1,1,A,-,03,22350,,N,F,A,A,A,A,-,A,D,0,,,Y,,Y,,C,02,1,0,0,0,0,0,0,0,1,"- ","- ",35.104990000000001,-118.52603000000001,KERN,UNINCORPORATED,-118.5259312,35.105095460000001
90596101,2017,2017-11-16,9420,2017-11-09,1255,015255,,4,1,9,1500,0,3,5,,2,040,"ALFRED HARRELL HWY","GOODMANVILLE ROAD",450.00,N,N,A,-,N,,,,,,,,,,Y,2,0,1,1,A,-,03,22350,,N,F,A,A,A,H,-,A,D,0,,,Y,,Y,,C,02,1,0,0,0,0,0,0,0,1,"- ","- ",35.261200000000002,-118.55549999999999,KERN,UNINCORPORATED,-118.93266509999999,35.43726959
90599105,2017,2017-11-21,9420,2017-11-14,1750,018807,,2,2,9,1500,0,3,5,,2,040,"GRANITE ROAD","ROUND MOUNTAIN ROAD",11088.00,N,N,A,-,N,,,,,,,,,,Y,2,0,2,1,A,-,08,22107,,N,F,A,A,A,H,-,D,D,0,,,Y,,Y,,C,02,2,0,0,0,0,0,0,0,2,"- ","- ",35.5428,-118.959,KERN,UNINCORPORATED,-118.95674923,35.559585579999997
90609781,2017,2017-12-04,9420,2017-11-29,1800,016978,,3,2,9,1500,0,1,3,,2,177,SR-178,"COTTONWOOD CREEK",36960.00,E,N,A,-,Y,,,178,,,,,,,Y,2,0,1,2,A,-,05,21460,A,N,B,C,A,A,H,-,D,D,0,,,,,Y,,A,07,1,0,0,0,0,0,0,0,0,"- ","- ",35.476030000000002,-118.73089,KERN,UNINCORPORATED,-118.73140992,35.475977090000001
90611866,2017,2017-12-06,9430,2017-11-26,1920,018627,,7,2,9,1500,0,1,3,,2,090,"SR-99 S/B","LAVAL ROAD",9504.00,N,N,A,-,Y,,,99,,,,,,S,Y,2,0,3,3,A,-,03,22350,,N,C,C,A,A,H,-,D,D,0,,,,,Y,,A,01,2,1,0,0,0,0,0,0,0,"- ","- ",35.022359999999999,-118.9569,KERN,UNINCORPORATED,-118.95681786999999,35.022386820000001
90615462,2017,2017-12-12,9420,2017-11-14,1335,019868,,2,1,9,1500,0,3,5,,2,040,"GRANITE ROAD",SR-155,21120.00,S,N,A,-,N,,,,,,,,,,Y,1,1,1,1,A,-,08,22107,,N,E,I,A,A,H,-,A,D,0,,,,,Y,,A,01,1,0,0,0,0,0,0,0,0,"- ","- ",35.665999999999997,-118.74624,KERN,UNINCORPORATED,-118.74638985999999,35.665490820000002
90616793,2017,2017-12-13,9830,2017-12-11,0350,020167,,1,3,9,1500,0,1,3,,1,021,"SR-58 E/B","CALIFORNIA CITY BLVD",3432.00,W,N,A,-,Y,,,58,,,,,,E,Y,2,0,2,1,A,-,08,22107,,N,F,A,A,A,H,-,D,D,0,,,,,Y,,A,07,1,1,0,0,0,0,0,0,0,"- ","- ",35.014099999999999,-117.94584999999999,KERN,UNINCORPORATED,-117.94585463999999,35.014031860000003
90617893,2017,2018-10-05,9420,2017-11-14,1000,013851,,2,1,9,1500,0,3,5,,2,040,"OLD ALFRED HARRELL HIGHWAY","ALFRED HARRELL HIGHWAY",6.00,N,N,A,-,N,,,,,,,,,,Y,1,1,1,2,A,-,09,21801,A,N,D,G,A,A,H,-,A,D,0,,Y,,,Y,,A,07,0,1,0,0,0,1,0,0,0,"- ","- ",35.418990000000001,-119.96293,KERN,UNINCORPORATED,-118.98055023000001,35.409833020000001
90620162,2017,2017-12-19,9420,2017-11-18,2015,021907,,6,2,9,1500,0,3,5,,2,672,"SOUTH CHESTER AVENUE","SOUTHGATE DRIVE",214.00,S,N,A,-,N,,,,,,,,,,Y,2,0,4,4,A,-,03,22350,,F,C,C,A,A,H,-,C,A,0,,,,,Y,,A,01,2,1,1,0,0,0,0,0,0,"- ","- ",35.33578,-119.01636999999999,KERN,UNINCORPORATED,-119.01617061,35.335282839999998
90622883,2016,2017-12-27,9430,2016-12-31,0838,017105,,6,1,9,1500,0,1,1,,2,055,"I-5 S/B (GOLDEN STATE FREEWAY)","SABODAN STREET",4224.00,S,N,E,-,Y,,,,,,,,,,Y,1,2,1,5,A,-,03,22350,,N,C,C,E,A,H,-,A,D,0,Y,,,Y,Y,,G,25,1,0,0,0,1,0,0,0,0,"- ","- ",35.027529999999999,-118.90692,KERN,UNINCORPORATED,,
90625133,2017,2017-12-22,9426,2017-12-20,1144,016804,,3,1,9,1500,0,1,1,,2,506,"INTERSTATE 5 S/B","STATE ROUTE 223",3168.00,S,N,B,-,Y,,,5,,,,,,S,Y,2,0,3,1,A,-,08,22107,,N,F,A,A,A,H,-,A,D,0,,,,,Y,,A,01,1,2,0,0,0,0,0,0,0,"- ","- ",35.201999999999998,-119.15521,KERN,UNINCORPORATED,-119.15537657,35.201823750000003
90629392,2017,2017-12-29,9420,2017-12-18,1610,019311,,1,2,9,1500,0,3,5,,2,060,"ALLEN RD","JOMANI DR",500.00,N,N,A,-,N,,,,,,,,,,Y,2,0,1,2,A,-,07,21658,A,N,B,C,A,A,H,-,A,D,0,,,Y,,Y,,A,01,1,0,0,0,0,0,0,0,1,"- ","- ",35.233629999999998,-119.8439,KERN,UNINCORPORATED,-119.14552482000001,35.393652019999998
90634844,2017,2018-01-08,9420,2017-11-12,1230,015261,,7,1,9,1500,0,1,3,,2,154,"STATE ROUTE 155","EL RANCHO CABALLO",9504.00,W,N,B,-,Y,,,,,,,,,,Y,1,2,0,1,A,-,08,22107,,F,F,A,A,A,H,-,A,D,0,,,,,Y,,A,01,0,0,0,0,0,0,0,0,0,"- ","- ",35.741889999999998,-119.88518000000001,KERN,UNINCORPORATED,,
90641630,2018,2018-01-17,9830,2018-01-12,0910,016971,,5,1,9,1500,0,3,5,,2,001,"WESTWOOD BLVD","SAN GABRIEL DR",0.00,,Y,E,-,N,,,,,,,,,,Y,2,0,1,2,A,-,09,21801,A,N,D,C,A,A,H,-,A,D,0,,,,,Y,,A,07,1,0,0,0,0,0,0,0,0,"- ","- ",35.137451171875,-118.48085021972656,KERN,UNINCORPORATED,-118.48055267333984,35.137439727783203
90642950,2018,2018-01-18,9430,2018-01-09,1310,016825,,2,1,9,1500,0,1,1,,2,052,"I-5 N/B","LEBEC ROAD O/C",618.00,S,N,C,-,Y,,,5,,,,,,N,Y,2,0,2,1,A,-,03,22350,,N,E,I,A,B,H,-,A,D,0,,,,,Y,,A,08,2,0,0,0,0,0,0,0,0,"- ","- ",34.865550994873047,-118.88231658935547,KERN,UNINCORPORATED,-118.88249206542969,34.865375518798828
90654617,2018,2018-02-05,9830,2018-01-29,0635,021903,,1,1,9,1500,0,3,5,,2,001,"BANDUCCI RD","SADDLEBACK RD",756.00,S,N,A,-,N,,,,,,,,,,Y,2,0,1,1,A,-,08,22107,,N,E,I,A,A,H,-,B,D,0,,,,,Y,,D,22,1,0,0,0,0,0,0,0,0,"- ","- ",35.105438232421875,-118.52577209472656,KERN,UNINCORPORATED,-118.52564239501953,35.105571746826172
90665293,2018,2018-02-21,9420,2018-02-08,0454,017972,,4,3,9,1500,0,1,3,,2,096,"SR-99 N/B",SR-223,2640.00,N,N,A,-,Y,,,99,,,,,,N,N,2,0,1,2,D,-,00,,,N,G,B,E,A,H,-,D,D,0,Y,,,Y,Y,,-,"- ",1,0,0,0,1,0,0,0,0,"- ","- ",35.22052001953125,-119.01200866699219,KERN,UNINCORPORATED,-119.01203918457031,35.220516204833984
90665636,2017,2018-02-21,9420,2017-12-10,2500,019098,,7,4,9,1500,0,1,3,,2,177,"STATE ROUTE 178","EDISON POWERHOUSE #1",4752.00,E,N,A,-,Y,,,178,,,,,,,Y,1,1,0,1,A,-,08,22107,,N,F,A,A,A,H,-,D,D,0,,,,,Y,Y,A,07,0,0,0,0,0,0,0,0,0,"- ","- ",35.461559999999999,-118.7637,KERN,UNINCORPORATED,-118.76370197,35.461547160000002
90665929,2018,2018-02-21,9420,2018-02-16,2035,020501,,5,2,9,1500,0,2,4,,1,072,"NILES ST","NORMANDY DR",20.00,E,N,A,-,N,,,,,,,,,,N,2,0,1,2,A,-,11,21954,A,N,G,B,D,A,H,-,C,D,0,Y,,,,Y,,N,60,1,0,0,0,1,0,0,0,0,"- ","- ",35.375831604003906,-118.93968200683594,KERN,UNINCORPORATED,-118.93962097167969,35.375968933105469
90669129,2018,2018-02-26,9420,2018-02-12,1810,019868,,1,2,9,1500,0,3,5,,2,672,"EAST BELLE TERRACE","LOMITA DR",125.00,W,N,A,-,N,,,,,,,,,,Y,2,0,1,2,A,-,08,22107,,F,B,E,A,A,H,-,D,D,0,,,,,Y,,A,01,1,0,0,0,0,0,0,0,0,"- ","- ",35.346698760986328,-119.00047302246094,KERN,UNINCORPORATED,-119.00046539306641,35.346710205078125
90669182,2018,2018-02-26,9420,2018-02-16,0725,017576,,5,1,9,1500,0,1,3,,2,177,"SR-178 W/B","RANCHERIA ROAD",45936.00,E,N,A,-,Y,,,178,,,,,,W,Y,2,0,1,2,A,-,05,21460,A,N,B,C,A,A,H,-,A,D,0,,,,Y,Y,,G,27,1,0,0,0,0,0,0,0,0,"- ","- ",35.476871490478516,-118.71140289306641,KERN,UNINCORPORATED,-118.71143341064453,35.476917266845703
90676567,2018,2018-03-07,9830,2018-02-28,0010,017645,,3,3,9,1500,0,1,2,,1,054,"SB US395","GARLOCK RD",528.00,S,N,A,-,Y,,,,,,,,,,Y,2,0,1,1,A,-,08,22107,,N,F,A,A,A,H,-,D,D,0,,,,,Y,,D,22,1,0,0,0,0,0,0,0,0,"- ","- ",35.431350708007812,-117.67204284667969,KERN,UNINCORPORATED,,
90683760,2018,2018-04-12,9426,2018-02-17,1825,018610,,6,2,9,1500,0,1,3,,2,432,SR-43,"PANAMA LN",1056.00,S,N,A,-,Y,,,43,,,,,,,Y,2,0,3,2,A,-,03,22350,,N,G,B,E,A,H,-,D,D,0,Y,,,,Y,,A,01,1,1,1,0,1,0,0,0,0,"- ","- ",35.293521881103516,-119.25248718261719,KERN,UNINCORPORATED,-119.25250244140625,35.293521881103516
90690487,2018,2018-03-27,9420,2018-03-18,1735,021175,,7,2,9,1500,0,2,4,,1,077,"FAIRFAX ROAD","PANAMA LANE",371.00,N,N,A,-,N,,,,,,,,,,Y,2,0,2,2,A,-,01,23152,A,F,B,C,A,A,H,-,A,D,0,,,,,Y,Y,A,01,1,1,0,0,0,0,0,0,0,"- ","- ",35.297000885009766,-118.93199920654297,KERN,UNINCORPORATED,-118.93209838867188,35.297008514404297
90704721,2018,2018-04-12,9426,2018-04-10,1632,017281,,2,2,9,1500,0,1,3,,1,118,SR-119,"GOLF COURSE RD.",1056.00,W,N,A,-,Y,,,119,,,,,,,Y,2,0,2,1,A,-,08,22107,,N,E,I,A,A,H,-,A,D,0,,,,,Y,,A,01,1,0,1,0,0,0,0,0,0,"- ","- ",35.265800476074219,-119.31159973144531,KERN,UNINCORPORATED,-119.31162261962891,35.265861511230469
90712880,2018,2018-10-16,9420,2018-02-17,0357,019901,,6,3,9,1500,0,1,3,,2,093,"STATE ROUTE 99, SOUTHBOUND","OLIVE DRIVE",2640.00,N,N,A,-,Y,,,99,,,,,,S,Y,1,1,0,1,A,-,01,23152,A,N,E,I,A,A,H,-,D,D,0,,,,,Y,Y,A,07,0,0,0,0,0,0,0,0,0,"- ","- ",35.418819427490234,-119.06009674072266,KERN,UNINCORPORATED,-119.06046295166016,35.418724060058594
90715363,2018,2018-06-22,9430,2018-03-13,0110,017152,,2,3,9,1500,0,3,5,,2,004,"WHEELER RIDGE ROAD","FIRST ST",786.00,S,N,A,-,N,,,,,,,,,,Y,1,1,1,2,A,-,01,23152,F,N,A,C,A,A,H,-,D,D,0,,,,Y,Y,,A,08,0,0,1,0,0,0,0,0,0,"- ","- ",35.005050659179688,-118.94335174560547,KERN,UNINCORPORATED,-118.94303131103516,35.005508422851562
90724018,2018,2018-05-10,9420,2018-05-02,1757,015896,,3,2,9,1500,0,3,5,,2,060,"GREENACRES DR","CALLOWAY DR",528.00,W,N,A,-,N,,,,,,,,,,N,2,0,1,2,A,-,09,21804,A,N,D,G,A,A,H,-,A,D,0,,Y,,,Y,,L,04,1,0,0,0,0,0,1,0,0,"- ","- ",35.381599426269531,-119.11329650878906,KERN,UNINCORPORATED,-119.11165618896484,35.381591796875
90726070,2018,2018-05-14,9420,2018-05-09,1355,018807,,3,1,9,1500,0,1,3,,1,583,"SR-58(ROSEDALE HIGHWAY)","RENFRO ROAD",0.00,,Y,A,-,Y,,,,,,,,,,Y,2,0,1,2,A,-,12,21453,A,N,D,C,A,A,H,-,A,A,0,,,,,Y,,A,01,1,0,0,0,0,0,0,0,0,"- ","- ",35.230598449707031,-119.947998046875,KERN,UNINCORPORATED,,
90728375,2018,2018-05-17,9420,2018-05-15,0520,017256,,2,3,9,1500,0,3,5,,2,630,"HOUGHTON RD","S. H ST",1585.00,W,N,A,-,N,,,,,,,,,,Y,2,0,1,1,A,-,03,22350,,N,F,A,A,A,H,-,B,D,0,,,Y,,Y,,C,02,1,0,0,0,0,0,0,0,1,"- ","- ",35.237869262695312,-119.02664947509766,KERN,UNINCORPORATED,-119.02671813964844,35.237838745117188
90730133,2018,2018-05-21,9420,2018-05-14,0550,017301,,1,3,9,1500,0,3,5,,2,510,"BENNER STREET","SCHUSTER ROAD",3282.00,N,N,A,-,N,,,,,,,,,,Y,2,0,5,2,A,-,09,21804,A,N,D,C,A,A,H,-,B,D,0,,,,,Y,,A,01,2,2,1,0,0,0,0,0,0,"- ","- ",35.740509033203125,-119.31185150146484,KERN,UNINCORPORATED,-119.31185150146484,35.741226196289062
90737339,2018,2018-05-30,9426,2018-05-22,1840,014850,,2,2,9,1500,0,1,1,,2,500,"I-5 S/B","WEISER ROAD",3168.00,N,N,A,-,Y,,,5,,,,,,S,Y,2,0,5,5,A,-,03,22350,,N,C,C,A,A,H,-,A,D,0,,,,Y,Y,,G,25,1,0,4,0,0,0,0,0,0,"- ","- ",35.710269927978516,-119.72335052490234,KERN,UNINCORPORATED,-119.72341156005859,35.710224151611328
90737581,2018,2018-05-30,9420,2018-05-26,1347,019459,,6,1,9,1500,0,1,3,,2,097,"SR-99 S/B",SR-223,2450.00,N,N,A,-,Y,,,99,,,,,,S,Y,2,0,1,1,A,-,08,22107,,N,E,A,A,A,H,-,A,D,0,,,Y,,Y,,C,02,1,0,0,0,0,0,0,0,1,"- ","- ",35.220550537109375,-119.01244354248047,KERN,UNINCORPORATED,-119.01239013671875,35.220558166503906
90761661,2018,2019-11-15,9830,2018-01-08,0003,019872,,1,3,9,1500,0,3,5,,2,001,"HIGHLINE ROAD","APACHE STREET",823.00,E,N,B,-,N,,,,,,,,,,Y,1,1,2,1,A,-,01,23152,F,N,E,I,A,A,H,-,D,D,0,,,,,Y,,A,01,1,1,0,0,0,0,0,0,0,"- ","- ",35.109539031982422,-118.45539093017578,KERN,UNINCORPORATED,-118.45638275146484,35.109508514404297
90767818,2018,2018-07-12,9430,2018-06-03,1725,018165,,7,2,9,1500,0,1,1,,2,053,"INTERSTATE 5 N/B (GOLDEN STATE FREEWAY)","GRAPEVINE ROAD UNDER-CROSSING",5861.00,S,N,A,-,Y,,,5,,,,,,N,Y,1,2,2,1,A,-,08,22107,,N,E,I,A,A,H,-,A,D,0,,,,,Y,,A,07,1,1,0,0,0,0,0,0,0,"- ","- ",34.922691345214844,-118.92240905761719,KERN,UNINCORPORATED,-118.92293548583984,34.922859191894531
90771058,2018,2018-07-17,9426,2018-07-09,2229,016579,,1,3,9,1500,0,1,3,,1,332,SR-33,"HAZELTON ST.",528.00,N,N,A,-,Y,,,,,,,,,,N,2,0,1,2,A,-,11,21954,A,N,G,B,E,A,H,-,D,D,0,Y,,,,Y,,N,60,1,0,0,0,1,0,0,0,0,"- ","- ",35.067661285400391,-119.1019287109375,KERN,UNINCORPORATED,,
90772967,2018,2018-07-19,9420,2018-07-11,1012,017243,,3,1,9,1500,0,3,5,,2,040,"RIVER BLVD.","COLUMBUS ST.",0.00,,Y,A,-,N,,,,,,,,,,Y,2,0,3,2,A,-,12,21453,A,N,D,C,A,A,H,-,A,A,0,,,,,Y,,A,01,1,1,1,0,0,0,0,0,0,"- ","- ",35.397598266601562,-118.98519897460938,KERN,UNINCORPORATED,-118.98518371582031,35.39752197265625
90777442,2018,2018-07-26,9830,2018-07-25,0835,019271,,3,1,9,1500,0,3,5,,2,001,"SAND CANYON RD","TANGANDA RD",210.00,S,N,A,-,N,,,,,,,,,,Y,2,0,2,2,A,-,05,21460,A,N,A,C,A,A,H,-,A,D,0,,,,,Y,,A,01,1,1,0,0,0,0,0,0,0,"- ","- ",35.174251556396484,-118.33576965332031,KERN,UNINCORPORATED,-118.33589172363281,35.174503326416016
90785711,2018,2018-08-07,9420,2018-07-29,2324,021402,,7,3,9,1500,0,3,5,,2,510,"COUNTY LINE ROAD","FAMOSO PORTERVILLE HWY",47.00,W,N,A,-,N,,,,,,,,,,Y,2,0,3,1,A,-,01,23152,A,N,E,I,A,A,H,-,D,A,0,,,,,Y,Y,D,22,3,0,0,0,0,0,0,0,0,"- ","- ",35.790779113769531,-119.11492156982422,KERN,UNINCORPORATED,-119.11469268798828,35.790729522705078
90797966,2018,2018-08-27,9430,2018-06-24,0906,018631,,7,1,9,1500,0,1,1,,2,052,"I-5 N/B","LEBEC RD. O/C",46.00,S,N,A,-,Y,,,5,,,,,,N,Y,1,1,2,1,A,-,08,22107,,N,E,I,A,A,H,-,A,D,0,,,,,Y,,A,01,2,0,0,0,0,0,0,0,0,"- ","- ",34.83551025390625,-118.86334991455078,KERN,UNINCORPORATED,-118.86344909667969,34.8355712890625
90803651,2018,2018-08-31,9426,2018-08-25,1000,016953,,6,1,9,1500,0,1,1,,2,506,"I-5 S/B","ASHE RD O/C",5280.00,S,N,A,-,Y,,,5,,,,,,S,Y,2,0,2,2,A,-,07,21658,A,N,B,C,A,A,H,-,A,D,0,,,,,Y,,A,01,1,0,1,0,0,0,0,0,0,"- ","- ",35.118030548095703,-119.06237030029297,KERN,UNINCORPORATED,-119.06258392333984,35.1177978515625
90804641,2018,2018-09-04,9420,2018-08-19,0535,018486,,7,3,9,1500,0,3,5,,2,671,"DI GIORGIO ROAD","MYRTLE AVENUE",1573.00,E,N,A,-,N,,,,,,,,,,Y,2,0,2,2,A,-,08,22107,,N,D,C,A,A,H,-,B,D,0,,,,,Y,,A,01,2,0,0,0,0,0,0,0,0,"- ","- ",35.25244140625,-118.90499877929688,KERN,UNINCORPORATED,-118.90454864501953,35.252445220947266
90816300,2018,2018-09-19,9830,2018-09-17,2125,019977,,1,2,9,1500,0,1,3,,1,022,"SR-58 W/B","BORON AVE.",1584.00,W,N,A,-,Y,,,58,,,,,,W,Y,2,0,1,2,A,-,01,23152,A,N,B,C,A,A,H,-,D,D,0,,,,,Y,Y,A,01,1,0,0,0,0,0,0,0,0,"- ","- ",35.009918212890625,-117.65547943115234,KERN,UNINCORPORATED,-117.65547943115234,35.009929656982422
90829941,2018,2018-10-05,9426,2018-07-11,0615,018610,,3,1,9,1500,0,3,5,,2,086,"7TH STANDARD RD","MAGNOLIA AVE",7392.00,E,N,A,-,N,,,,,,,,,,Y,1,2,2,2,A,-,05,21650,,N,B,C,A,A,H,-,B,D,0,,,,Y,Y,,A,07,1,1,0,0,0,0,0,0,0,"- ","- ",35.442008972167969,-119.34284210205078,KERN,UNINCORPORATED,-119.34334564208984,35.441986083984375
90840558,2018,2018-10-22,9426,2018-10-14,0205,018633,,7,3,9,1500,0,1,1,,2,500,"I-5 S/B","KING COUNTY LINE",2640.00,S,N,A,-,Y,,,5,,,,,,S,Y,2,0,1,1,A,-,01,23152,A,N,F,A,A,A,H,-,D,D,0,,,,,Y,Y,D,22,1,0,0,0,0,0,0,0,0,"- ","- ",35.783390045166016,-119.77808380126953,KERN,UNINCORPORATED,-119.77800750732422,35.783447265625
90841235,2018,2018-10-22,9420,2018-10-14,0610,021788,,7,1,9,1500,0,1,3,,2,179,SR-178,"ISABELLA WALKER PASS ROAD",20.00,W,N,A,-,Y,,,,,,,,,,Y,2,0,2,1,A,-,03,22350,,N,F,A,A,A,H,-,B,D,0,,,Y,,Y,,C,02,2,0,0,0,0,0,0,0,2,"- ","- ",35.395648956298828,-118.21724700927734,KERN,UNINCORPORATED,-118.03673553466797,35.668079376220703
90846767,2018,2018-10-26,9426,2018-10-21,1715,015472,,7,2,9,1500,0,3,5,,2,081,"ROSE AVE.","WOOD ST",110.00,N,N,A,-,N,,,,,,,,,,N,2,0,1,2,D,-,00,,,F,G,B,E,A,H,-,A,A,0,Y,,,,Y,,-,"- ",1,0,0,0,1,0,0,0,0,"- ","- ",35.134799957275391,-119.45860290527344,KERN,UNINCORPORATED,-119.45862579345703,35.133472442626953
90846969,2018,2018-10-29,9830,2018-10-18,1950,021870,,4,2,9,1500,0,1,3,,1,052,"SR-178 E/B","CALVERT BLVD",93.00,W,N,A,-,Y,,,178,,,,,,E,Y,2,0,3,2,A,-,09,21804,A,N,D,C,A,A,H,-,D,D,0,,,,,Y,,A,07,1,0,2,0,0,0,0,0,0,"- ","- ",35.651821136474609,-117.75881958007812,KERN,UNINCORPORATED,-117.75881958007812,35.651870727539062
90848725,2018,2018-10-30,9426,2018-10-23,1905,018909,,2,2,9,1500,0,1,3,,1,460,SR-46,"LOST HILLS RD",18.00,E,N,A,-,Y,,,46,,,,,,,N,2,0,1,2,A,-,11,21954,A,F,G,B,B,A,H,-,C,A,0,Y,,,,Y,,N,60,1,0,0,0,1,0,0,0,0,"- ","- ",35.616001129150391,-119.68958282470703,KERN,UNINCORPORATED,-119.6895751953125,35.616065979003906
90851648,2018,2018-11-02,9420,2018-08-26,2500,018643,,7,4,9,1500,0,3,5,,2,672,"TEJON HIGHWAY","EDISON HIGHWAY",0.00,,Y,A,-,N,,,,,,,,,,Y,1,1,0,1,A,-,01,23152,A,N,E,I,A,A,H,-,D,A,0,,,,,Y,Y,A,01,0,0,0,0,0,0,0,0,0,"- ","- ",35.337139129638672,-118.8253173828125,KERN,UNINCORPORATED,-118.82530975341797,35.336761474609375
90852113,2018,2018-11-02,9426,2018-09-29,1731,019716,,6,2,9,1500,0,1,3,,1,461,SR-46,"ROWLEE RD",3168.00,W,N,A,-,Y,,,46,,,,,,,Y,1,1,0,2,A,-,05,21650,,N,B,C,A,A,H,-,A,D,0,,,,Y,Y,,A,01,0,0,0,0,0,0,0,0,0,"- ","- ",35.601150512695312,-119.48483276367188,KERN,UNINCORPORATED,-119.48483276367188,35.601100921630859
90852313,2018,2018-11-05,9420,2018-11-01,1539,020634,,4,2,9,1500,0,1,3,,1,184,SR-184,"WATERGRASS RD",600.00,N,N,A,-,Y,,,184,,,,,,,Y,2,0,2,3,A,-,03,22350,,N,C,C,E,A,H,-,A,D,0,Y,,,,Y,,D,22,1,0,1,0,1,0,0,0,0,"- ","- ",35.379901885986328,-118.90409851074219,KERN,UNINCORPORATED,-118.90412902832031,35.379947662353516