CASE_ID,ACCIDENT_YEAR,PROC_DATE,JURIS,COLLISION_DATE,COLLISION_TIME,OFFICER_ID,REPORTING_DISTRICT,DAY_OF_WEEK,CHP_SHIFT,POPULATION,CNTY_CITY_LOC,SPECIAL_COND,BEAT_TYPE,CHP_BEAT_TYPE,CITY_DIVISION_LAPD,CHP_BEAT_CLASS,BEAT_NUMBER,PRIMARY_RD,SECONDARY_RD,DISTANCE,DIRECTION,INTERSECTION,WEATHER_1,WEATHER_2,STATE_HWY_IND,CALTRANS_COUNTY,CALTRANS_DISTRICT,STATE_ROUTE,ROUTE_SUFFIX,POSTMILE_PREFIX,POSTMILE,LOCATION_TYPE,RAMP_INTERSECTION,SIDE_OF_HWY,TOW_AWAY,COLLISION_SEVERITY,NUMBER_KILLED,NUMBER_INJURED,PARTY_COUNT,PRIMARY_COLL_FACTOR,PCF_CODE_OF_VIOL,PCF_VIOL_CATEGORY,PCF_VIOLATION,PCF_VIOL_SUBSECTION,HIT_AND_RUN,TYPE_OF_COLLISION,MVIW,PED_ACTION,ROAD_SURFACE,ROAD_COND_1,ROAD_COND_2,LIGHTING,CONTROL_DEVICE,CHP_ROAD_TYPE,PEDESTRIAN_ACCIDENT,BICYCLE_ACCIDENT,MOTORCYCLE_ACCIDENT,TRUCK_ACCIDENT,NOT_PRIVATE_PROPERTY,ALCOHOL_INVOLVED,STWD_VEHTYPE_AT_FAULT,CHP_VEHTYPE_AT_FAULT,COUNT_SEVERE_INJ,COUNT_VISIBLE_INJ,COUNT_COMPLAINT_PAIN,COUNT_PED_KILLED,COUNT_PED_INJURED,COUNT_BICYCLIST_KILLED,COUNT_BICYCLIST_INJURED,COUNT_MC_KILLED,COUNT_MC_INJURED,PRIMARY_RAMP,SECONDARY_RAMP,LATITUDE,LONGITUDE,COUNTY,CITY,POINT_X,POINT_Y
90857453,2018,2018-11-09,9420,2018-09-26,1908,019868,,3,2,9,1500,0,2,4,,1,076,"COTTONWOOD ROAD","CHEATHAM AVENUE",170.00,N,N,A,-,N,,,,,,,,,,N,1,1,0,2,A,-,11,21954,A,F,G,B,D,A,H,-,C,D,0,Y,,,,Y,,N,60,0,0,0,1,0,0,0,0,0,"- ","- ",35.343048095703125,-118.98541259765625,KERN,UNINCORPORATED,-118.98542022705078,35.343017578125
90859527,2018,2018-11-14,9420,2018-11-07,1305,013597,,3,1,9,1500,0,2,4,,1,075,"SOUTH UNION AVENUE","PANAMA ROAD/TAFT HIGHWAY",0.00,,Y,A,-,N,,,,,,,,,,Y,2,0,3,2,A,-,12,21453,A,N,D,C,A,A,H,-,A,A,0,,,,Y,Y,,G,25,1,2,0,0,0,0,0,0,0,"- ","- ",35.159999847412109,-119.0010986328125,KERN,UNINCORPORATED,-119.00317,35.266835
90869540,2018,2018-11-28,9420,2018-11-24,1804,019442,,6,2,9,1500,0,2,4,,1,051,"N. CHESTER AVE.","COOPER AVE.",55.00,N,N,B,-,N,,,,,,,,,,N,2,0,1,2,A,-,09,21804,A,N,D,G,A,A,H,-,C,D,0,,Y,,,Y,,L,04,1,0,0,0,0,0,1,0,0,"- ","- ",35.414199829101562,-119.02097320556641,KERN,UNINCORPORATED,-119.02108001708984,35.414581298828125
90893460,2018,2018-12-28,9420,2018-12-24,1843,020814,,1,2,9,1500,0,3,5,,2,070,"PALM DR. (1200 BLOCK)","NILES ST.",12.00,S,N,B,-,N,,,,,,,,,,N,2,0,1,2,A,-,10,21950,A,N,G,B,B,A,H,-,D,D,0,Y,,,,Y,,A,01,1,0,0,0,1,0,0,0,0,"- ","- ",35.377109527587891,-118.97100067138672,KERN,UNINCORPORATED,-118.97096252441406,35.377178192138672
90896263,2018,2019-01-02,9426,2018-12-22,1210,018023,,6,1,9,1500,0,3,5,,2,081,"A ST","2ND AVE",7.00,W,N,A,-,N,,,,,,,,,,Y,2,0,1,2,A,-,03,22350,,N,C,A,A,A,H,-,A,D,0,,,Y,,Y,,C,02,1,0,0,0,0,0,0,0,1,"- ","- ",35.13671875,-119.46576690673828,KERN,UNINCORPORATED,-119.46575164794922,35.136810302734375
90897064,2018,2019-01-03,9420,2018-10-21,1930,019868,,7,2,9,1500,0,3,5,,2,672,"PANAMA LANE","SOUTH FAIRFAX ROAD",4353.00,W,N,A,-,N,,,,,,,,,,Y,1,3,3,2,A,-,01,23152,A,N,A,C,A,A,H,-,D,D,0,,,,,Y,Y,D,22,0,3,0,0,0,0,0,0,0,"- ","- ",35.296001434326172,-118.94667053222656,KERN,UNINCORPORATED,-118.94662475585938,35.296031951904297
90897591,2018,2019-01-04,9420,2018-12-26,0000,020484,,3,3,6,1502,0,1,3,,2,094,SR-99,"PANAMA LANE",980.00,N,N,A,-,Y,,,99,,,,,,,Y,2,0,1,2,A,-,01,23152,A,M,C,C,A,A,H,-,D,D,0,,,,Y,Y,Y,A,01,1,0,0,0,0,0,0,0,0,"- ","- ",35.299629211425781,-119.03117370605469,KERN,BAKERSFIELD,-119.03136444091797,35.299579620361328
90909106,2019,2019-01-22,9420,2019-01-09,1520,021769,,3,2,9,1500,0,1,3,,2,155,SR-155,"PALA DR",1056.00,E,N,A,-,Y,,,155,,,,,,,Y,2,0,1,1,A,-,03,22350,,N,E,J,A,A,H,-,A,D,0,,,Y,,Y,,C,02,1,0,0,0,0,0,0,0,1,"- ","- ",35.714199066162109,-118.48789978027344,KERN,UNINCORPORATED,-118.48775482177734,35.714633941650391
90918143,2018,2019-03-12,9420,2018-12-27,1640,021769,,4,2,9,1500,0,1,3,,2,155,"STATE ROUTE 155","DUTCH FLAT ROAD",284.00,W,N,A,-,Y,,,155,,,,,,,Y,1,1,0,1,A,-,01,23152,A,N,E,I,A,A,H,-,B,D,0,,,Y,,Y,Y,C,02,0,0,0,0,0,0,0,1,0,"- ","- ",35.653770446777344,-118.48535919189453,KERN,UNINCORPORATED,-118.48529052734375,35.653724670410156
90923140,2019,2019-02-11,9420,2019-02-03,1853,019531,,7,2,9,1500,0,3,5,,2,060,"VICTOR STREET","MIDSUMMER DRIVE",50.00,S,N,B,-,N,,,,,,,,,,N,2,0,1,2,C,-,18,,,N,G,B,E,B,H,-,D,D,0,Y,,,,Y,,-,"- ",1,0,0,0,1,0,0,0,0,"- ","- ",34.416919708251953,-119.06237030029297,KERN,UNINCORPORATED,-119.06230926513672,35.416893005371094
90938584,2019,2019-03-04,9420,2019-02-23,1950,019531,,6,2,9,1500,0,1,3,,1,184,SR-184,"BERTAL STREET",150.00,N,N,A,-,Y,,,184,,,,,,,N,2,0,1,2,A,-,11,21954,A,N,G,B,E,A,H,-,C,D,0,Y,,,,Y,,N,60,1,0,0,0,1,0,0,0,0,"- ","- ",35.270111083984375,-118.91438293457031,KERN,UNINCORPORATED,-118.91439819335938,35.270111083984375
90981447,2019,2019-05-03,9420,2019-04-30,1025,019184,,2,1,9,1500,0,3,5,,2,070,"PIONEER DR.","BRENTWOOD DR.",0.00,,Y,A,-,N,,,,,,,,,,N,2,0,1,2,A,-,11,21954,A,N,G,B,D,A,H,-,A,D,0,Y,,,,Y,,N,60,1,0,0,0,1,0,0,0,0,"- ","- ",35.368900299072266,-118.92320251464844,KERN,UNINCORPORATED,-118.92311096191406,35.368850708007812
90982239,2019,2019-05-06,9420,2019-04-28,2223,020484,,7,3,9,1500,0,2,4,,1,051,"MANOR STREET","DAY AVENUE",0.00,,Y,A,-,N,,,,,,,,,,Y,2,0,1,2,A,-,01,23152,A,F,D,C,A,A,H,-,C,A,0,,,,,Y,Y,D,22,1,0,0,0,0,0,0,0,0,"- ","- ",35.435260772705078,-119.01251220703125,KERN,UNINCORPORATED,-119.01248168945312,35.43524169921875
90982355,2019,2019-05-06,9420,2019-02-11,1905,020501,,1,2,9,1500,0,2,4,,1,072,"EDISON HIGHWAY","OSWELL ST",957.00,W,N,A,-,N,,,,,,,,,,N,1,1,0,2,A,-,11,21954,A,F,G,B,E,A,H,-,C,D,0,Y,,,,Y,Y,N,60,0,0,0,1,0,0,0,0,0,"- ","- ",35.367641448974609,-118.952880859375,KERN,UNINCORPORATED,-118.95095062255859,35.367057800292969
91002503,2019,2019-06-03,9830,2019-05-27,0530,019872,,1,3,9,1500,0,1,3,,2,010,"SR-58 W/B",SR-202,10560.00,W,N,B,-,Y,,,58,,,,,,W,Y,2,0,4,1,A,-,01,23152,A,N,E,I,A,B,H,-,B,D,0,,,,,Y,Y,A,01,2,1,1,0,0,0,0,0,0,"- ","- ",35.155670166015625,-118.47337341308594,KERN,UNINCORPORATED,-118.47329711914062,35.155715942382812
91026955,2019,2019-07-09,9420,2019-07-01,1556,019442,,1,2,9,1500,0,3,5,,2,672,"PANAMA LN.","FAIRFAX RD.",4752.00,W,N,A,F,N,,,,,,,,,,Y,2,0,3,2,A,-,08,22107,,N,A,C,A,A,H,-,A,D,0,,,,,Y,,A,01,2,0,1,0,0,0,0,0,0,"- ","- ",35.296108245849609,-118.94998168945312,KERN,UNINCORPORATED,-118.94795989990234,35.296035766601562
91027920,2019,2019-07-10,9420,2019-07-07,1247,017301,,7,1,9,1500,0,1,3,,2,091,"SR-99 S/B","WOOLLOMES AVE OVERCROSSING",300.00,N,N,A,-,Y,,,,,,,,,,Y,2,0,8,3,A,-,03,22350,,N,C,C,A,A,H,-,A,D,0,,,,,Y,,A,07,1,5,2,0,0,0,0,0,0,"- ","- ",35.74951171875,-119.24492645263672,KERN,UNINCORPORATED,,
91028410,2019,2019-07-10,9420,2019-06-15,2100,019140,,6,2,9,1500,0,3,5,,2,530,"LERDO HIGHWAY","SR 99 ON/OFF RAMP",75.00,W,N,A,-,Y,,,,,,,,,,Y,2,0,1,2,A,-,07,21658,A,N,B,C,A,A,H,-,D,A,0,,,Y,,Y,,C,02,1,0,0,0,0,0,0,0,1,"- ","- ",35.499599456787109,-119.16143035888672,KERN,UNINCORPORATED,,
91036038,2019,2019-07-23,9426,2019-07-12,1625,019716,,5,2,9,1500,0,1,1,,2,500,"I-5 N/B","TWISSELMAN RD",7392.00,S,N,A,-,Y,,,5,,,,,,N,Y,2,0,1,1,A,-,08,22107,,N,F,A,A,A,H,-,A,A,0,,,,,Y,,A,07,1,0,0,0,0,0,0,0,0,"- ","- ",35.714408874511719,-119.72617340087891,KERN,UNINCORPORATED,-119.72610473632812,35.714454650878906
91039360,2019,2019-10-04,9420,2019-07-22,0935,015255,,1,1,9,1500,0,3,5,,2,630,"I-5 N/B TO COPUS ROAD","COPUS ROAD",0.00,,Y,A,-,Y,,,5,,,,R,,N,Y,2,0,2,2,A,-,09,21802,A,N,D,C,A,A,H,-,A,A,0,,,,Y,Y,,I,11,1,1,0,0,0,0,0,0,0,"- ","- ",35.09503173828125,-119.03521728515625,KERN,UNINCORPORATED,-119.03521728515625,35.09503173828125
91061726,2019,2019-08-28,9420,2019-08-20,1525,017972,,2,2,9,1500,0,1,3,,2,583,"SR-58 (ROSEDALE HWY)","SUPERIOR RD",500.00,E,N,A,-,Y,,,58,,,,,,,Y,2,0,3,5,A,-,03,22350,,N,C,C,A,A,H,-,A,D,0,,,,,Y,,A,01,1,2,0,0,0,0,0,0,0,"- ","- ",35.383518218994141,-119.23169708251953,KERN,UNINCORPORATED,-119.23169708251953,35.383441925048828
91067061,2019,2019-10-08,9420,2019-07-01,2102,015896,,1,2,9,1500,0,1,3,,2,090,"STATE ROUTE 99 N/B","WHISLER ROAD",2270.00,S,N,A,-,Y,,,99,,,,,,N,Y,1,1,0,2,A,-,08,22107,,N,B,E,A,A,H,-,D,D,0,,,,Y,Y,,G,25,0,0,0,0,0,0,0,0,0,"- ","- ",35.638698577880859,-119.21769714355469,KERN,UNINCORPORATED,-119.21779632568359,35.638675689697266
91070504,2019,2019-09-09,9420,2019-09-03,0354,021144,,2,3,6,1502,0,1,3,,2,584,"SR-58 E/B FROM UNION AVE.","UNION AVE.",345.00,E,N,A,-,Y,,,,,,,,,,Y,2,0,1,1,A,-,08,22107,,N,E,I,A,A,D,-,C,D,0,,,,,Y,,E,22,1,0,0,0,0,0,0,0,0,"- ","- ",35.352188110351562,-118.00157928466797,KERN,BAKERSFIELD,,
91093321,2019,2019-10-09,9420,2019-09-28,0235,019845,,6,3,9,1500,0,1,3,,2,091,"SR-99 S/B TO 7TH STANDARD ROAD","7TH STANDARD ROAD",1584.00,N,N,A,-,Y,,,99,,,,R,,S,Y,2,0,1,1,A,-,01,23152,A,N,E,I,A,A,H,-,C,D,0,,,,,Y,Y,D,22,1,0,0,0,0,0,0,0,0,"- ","- ",35.444400787353516,-119.09140014648438,KERN,UNINCORPORATED,-119.09140014648438,35.444400787353516
91095780,2019,2019-10-31,9426,2019-10-01,1812,019592,,2,2,9,1500,0,3,5,,2,082,"7TH STANDARD RD","SCARONI AVE",3854.00,W,N,A,-,N,,,,,,,,,,Y,2,0,1,4,A,-,01,23152,F,N,B,C,A,A,H,-,A,D,0,,,,Y,Y,,G,25,1,0,0,0,0,0,0,0,0,"- ","- ",35.441928863525391,-119.32746124267578,KERN,UNINCORPORATED,-119.32742309570312,35.441932678222656
91097666,2019,2019-10-15,9420,2019-10-11,2020,020782,,5,2,9,1500,0,3,5,,2,040,"ALFRED HARRELL HIGHWAY","GOODMANVILLE ROAD",2640.00,E,N,A,-,N,,,,,,,,,,Y,2,0,1,1,A,-,08,22107,,N,E,I,A,A,H,-,D,D,0,,,Y,,Y,,C,02,1,0,0,0,0,0,0,0,1,"- ","- ",35.442790985107422,-118.93547821044922,KERN,UNINCORPORATED,-118.93276214599609,35.436038970947266
91097688,2019,2019-10-15,9420,2019-08-21,2225,018387,,3,3,9,1500,0,1,3,,2,583,"STATE ROUTE 58 E/B (ROSEDALE HIGHWAY)","LANDCO DRIVE",287.00,E,N,A,-,Y,,,58,,,,,,E,N,1,1,0,2,A,-,05,21651,A,N,H,G,A,A,H,-,D,D,0,,Y,,,Y,,L,04,0,0,0,0,0,1,0,0,0,"- ","- ",35.383201599121094,-119.05770111083984,KERN,UNINCORPORATED,-119.05770111083984,35.38330078125
91109778,2019,2019-10-30,9420,2019-08-29,1405,019316,,4,2,9,1500,0,3,5,,2,510,"CECIL AVENUE","REED ROAD",250.00,E,N,A,-,N,,,,,,,,,,Y,1,1,2,2,A,-,01,23152,G,N,A,C,A,A,H,-,A,D,0,,,,,Y,Y,A,01,1,1,0,0,0,0,0,0,0,"- ","- ",35.7760009765625,-119.15979766845703,KERN,UNINCORPORATED,-119.15988922119141,35.775989532470703
91131321,2019,2019-11-27,9426,2019-09-14,1945,019896,,6,2,9,1500,0,1,1,,2,500,"I-5 N/B","TWISSELMAN RD",5280.00,S,N,A,-,Y,,,5,,,,,,N,Y,1,1,1,3,A,-,07,21658,A,N,B,C,A,A,H,-,D,D,0,,,,Y,Y,,D,22,1,0,0,0,0,0,0,0,0,"- ","- ",35.718368530273438,-119.72902679443359,KERN,UNINCORPORATED,-119.72902679443359,35.718372344970703
9113964,2020,2020-08-20,1506,2020-06-01,2040,3830,903,1,5,4,1506,0,0,0,,0,,"E BOWMAN RD","CTC 1170369",56.00,E,N,A,-,N,,,,,,,,,,Y,2,0,1,1,A,-,08,22107,,N,F,J,A,A,H,-,D,D,0,,,,,Y,,A,01,1,0,0,0,0,0,0,0,0,"- ","- ",35.608100891113281,-117.64334869384766,KERN,RIDGECREST,,
91150503,2019,2019-12-23,9426,2019-11-23,2030,018909,,6,2,9,1500,0,1,1,,2,502,"INTERSTATE 5 SOUTHBOUND","MERCED AVENUE",3696.00,N,N,A,-,Y,,,5,,,,,,S,Y,1,1,0,2,A,-,03,22350,,N,C,C,A,A,H,-,D,D,0,,,,Y,Y,,A,08,0,0,0,0,0,0,0,0,0,"- ","- ",35.535850524902344,-119.57412719726562,KERN,UNINCORPORATED,-119.57412719726562,35.535850524902344
91157323,2019,2020-01-02,9420,2019-12-20,0105,020040,,5,3,9,1500,0,2,4,,1,071,"MOUNT VERNON AVENUE","NILES STREET",25.00,N,N,A,-,N,,,,,,,,,,Y,2,0,6,5,A,-,01,23152,A,N,D,C,A,A,H,-,C,A,0,,,,,Y,Y,A,01,1,1,4,0,0,0,0,0,0,"- ","- ",35.376529693603516,-118.9674072265625,KERN,UNINCORPORATED,-118.96757507324219,35.376480102539062
91168962,2020,2020-01-21,9420,2020-01-19,1315,021547,,7,1,9,1500,0,1,3,,2,179,"STATE ROUTE 178","SCODIE PARK ROAD",1018.00,E,N,A,-,Y,,,178,,,,,,,Y,2,0,1,1,A,-,08,22107,,N,F,A,A,A,H,-,A,D,0,,,,,Y,,A,07,1,0,0,0,0,0,0,0,0,"- ","- ",35.696178436279297,-118.21526336669922,KERN,UNINCORPORATED,-118.21530914306641,35.696254730224609
91170623,2020,2020-01-22,9420,2020-01-10,1910,015896,,5,2,9,1500,0,3,5,,2,610,"PANAMA LN",SR-43,2112.00,E,N,A,-,N,,,,,,,,,,Y,2,0,1,2,A,-,08,22107,,N,A,C,A,A,H,-,D,D,0,,,,,Y,,A,08,1,0,0,0,0,0,0,0,0,"- ","- ",35.296100616455078,-119.24310302734375,KERN,UNINCORPORATED,-119.24309539794922,35.296127319335938
91182170,2020,2020-02-07,9830,2020-01-31,1850,019977,,5,2,9,1500,0,2,4,,1,032,"SIERRA HWY","MARIE AVE",700.00,S,N,A,-,N,,,,,,,,,,Y,2,0,1,1,A,-,01,23152,F,N,F,A,A,A,H,-,D,D,0,,,,,Y,,A,07,1,0,0,0,0,0,0,0,0,"- ","- ",34.848129272460938,-118.16030120849609,KERN,UNINCORPORATED,-118.16043090820312,34.847995758056641
91183500,2020,2020-02-10,9830,2020-01-28,0615,017146,,2,1,9,1500,0,1,2,,1,054,"SOUTH CHINA LAKE BLVD.","MULE TRAIN RD.",812.00,S,N,A,-,N,,,,,,,,,,Y,2,0,1,1,A,-,08,22107,,N,F,A,A,A,H,-,D,D,0,,,Y,,Y,,C,02,1,0,0,0,0,0,0,0,1,"- ","- ",35.570060729980469,-117.71405029296875,KERN,UNINCORPORATED,-117.71396636962891,35.570297241210938
91195108,2020,2020-02-27,9420,2020-01-03,1749,015255,,5,2,6,1502,0,1,3,,2,094,"SR-99 N/B","HOSKING AVENUE",773.00,S,N,A,-,Y,,,99,,,,,,N,Y,2,0,2,2,A,-,03,22350,,N,C,C,A,A,H,-,D,D,0,,,,,Y,,A,07,1,0,1,0,0,0,0,0,0,"- ","- ",35.278800964355469,-119.02580261230469,KERN,BAKERSFIELD,-119.02591705322266,35.278770446777344
91198571,2020,2020-02-28,9426,2020-02-26,1645,019896,,3,2,9,1500,0,3,5,,2,081,"MIDWAY RD","N LINCOLN ST",0.00,,Y,A,-,N,,,,,,,,,,Y,2,0,4,2,A,-,09,21801,A,N,D,C,A,A,H,-,A,A,0,,,,,Y,,A,08,1,3,0,0,0,0,0,0,0,"- ","- ",35.180591583251953,-119.46543884277344,KERN,UNINCORPORATED,-119.46547698974609,35.180641174316406
91203333,2020,2020-03-06,9420,2020-02-28,1820,020402,,5,2,9,1500,0,3,5,,2,671,"E. PANAMA ROAD","HABECKER ROAD",0.00,,Y,A,-,N,,,,,,,,,,N,2,0,1,2,A,-,17,24250,,N,D,C,A,A,H,-,C,D,0,,,Y,,Y,,C,02,1,0,0,0,0,0,0,0,1,"- ","- ",35.266948699951172,-118.90531158447266,KERN,UNINCORPORATED,-118.90528106689453,35.267009735107422
91206763,2020,2020-03-12,9420,2020-03-02,1230,017301,,1,1,9,1500,0,3,5,,2,672,"CALIENTE CREEK ROAD","CALIENTE BODFISH ROAD",17424.00,E,N,A,-,N,,,,,,,,,,Y,2,0,2,1,A,-,01,23152,A,N,E,J,A,A,H,-,A,D,0,,,,,Y,Y,A,07,1,1,0,0,0,0,0,0,0,"- ","- ",35.312400817871094,-118.50289154052734,KERN,UNINCORPORATED,-118.583740234375,35.3048095703125
91212647,2020,2020-03-20,9420,2020-03-06,2309,019649,,5,3,9,1500,0,1,3,,1,184,SR-184,"DI GIORGIO RD",0.00,,Y,B,-,Y,,,184,,,,,,,Y,2,0,4,2,A,-,01,23152,A,N,D,C,A,A,H,-,C,A,0,,,,,Y,Y,D,22,4,0,0,0,0,0,0,0,0,"- ","- ",35.252391815185547,-118.91448211669922,KERN,UNINCORPORATED,-118.91442108154297,35.252391815185547
91218300,2020,2020-03-30,9420,2020-02-28,2257,019903,,5,3,9,1500,0,3,5,,2,610,"MOHAWK STREET N/B","SR-58 (ROSEDALE HIGHWAY)",2.00,S,N,A,-,Y,,,,,,,,,,Y,2,0,1,2,A,-,03,22350,,F,C,C,A,A,H,-,C,A,0,,,Y,,Y,,A,01,1,0,0,0,0,0,0,0,1,"- ","- ",35.383171081542969,-119.06527709960938,KERN,UNINCORPORATED,,
91221161,2020,2020-04-06,9420,2020-03-28,1955,021140,,6,2,9,1500,0,3,5,,2,050,"MERLE HAGGARD DRIVE",SR-65,60.00,E,N,A,-,N,,,,,,,,,,Y,2,0,1,1,A,-,01,23152,A,N,E,J,A,A,H,-,C,D,0,,,Y,,Y,Y,C,02,1,0,0,0,0,0,0,0,1,"- ","- ",35.441341400146484,-119.07415771484375,KERN,UNINCORPORATED,-119.07445526123047,35.4412841796875
91223609,2020,2020-04-09,9420,2020-04-04,0016,020484,,6,3,9,1500,0,1,3,,2,097,SR-99,SR-223,1848.00,N,N,A,-,Y,,,99,,,,,,,Y,2,0,1,2,A,-,01,23152,A,N,C,C,A,A,H,-,D,D,0,,,,Y,Y,Y,A,01,1,0,0,0,0,0,0,0,0,"- ","- ",35.215389251708984,-119.01165008544922,KERN,UNINCORPORATED,-119.01157379150391,35.215400695800781
91223707,2020,2020-04-09,9420,2020-02-23,0035,020040,,7,3,9,1500,0,2,4,,1,072,"EDISON HIGHWAY","MOUNT VERNON AVENUE",176.00,E,N,A,-,N,,,,,,,,,,Y,1,1,1,2,A,-,01,23152,A,F,G,B,D,A,H,-,C,D,0,Y,,,,Y,Y,D,22,1,0,0,1,0,0,0,0,0,"- ","- ",35.37091064453125,-118.96687316894531,KERN,UNINCORPORATED,-118.96702575683594,35.370967864990234
91228953,2019,2020-04-23,9830,2019-12-07,0200,018758,,6,3,9,1500,0,1,3,,1,050,"STATE ROUTE 14","14 KER 50.50",1160.00,N,N,B,-,Y,,,14,,,,,,,Y,1,2,2,2,A,-,01,23152,A,N,A,C,A,B,H,-,D,D,0,,,,,Y,Y,D,22,2,0,0,0,0,0,0,0,0,"- ","- ",35.506141662597656,-117.94642639160156,KERN,UNINCORPORATED,-117.946533203125,35.506187438964844
91247735,2020,2020-06-05,9830,2020-06-03,1555,018758,,3,2,9,1500,0,1,3,,1,015,"SR-202 W/B","SANTA LUCIA ST",0.00,,Y,A,-,Y,,,202,,,,,,W,Y,2,0,1,2,A,-,09,21801,A,N,D,C,A,A,H,-,A,D,0,,,,,Y,,A,01,1,0,0,0,0,0,0,0,0,"- ","- ",35.124351501464844,-118.49046325683594,KERN,UNINCORPORATED,-118.49046325683594,35.124282836914062
91248168,2020,2020-06-08,9420,2020-05-27,0800,015977,,3,1,9,1500,0,1,3,,2,178,SR-178,"BOREL RD",26400.00,W,N,A,-,Y,,,178,,,,,,,Y,2,0,1,2,A,-,05,21651,A,N,B,C,A,A,H,-,A,D,0,,,,,Y,,A,01,1,0,0,0,0,0,0,0,0,"- ","- ",35.568218231201172,-118.58454132080078,KERN,UNINCORPORATED,-118.5845947265625,35.568275451660156
91250959,2020,2020-06-11,9430,2020-06-09,1648,020504,,2,2,9,1500,0,1,1,,2,051,"I-5 N/B","GORMAN SCHOOL RD",14256.00,S,N,A,-,Y,,,5,,,,,,N,Y,2,0,2,3,A,-,03,22350,,N,C,C,A,A,H,-,A,D,0,,,,,Y,,A,01,1,1,0,0,0,0,0,0,0,"- ","- ",34.778671264648438,-118.81385803222656,KERN,UNINCORPORATED,-118.8138427734375,34.778690338134766
91257285,2020,2020-06-25,9420,2020-06-16,1313,017295,,2,1,9,1500,0,1,3,,2,090,"STATE ROUTE 99 N/B","SHERWOOD AVENUE",255.00,N,N,A,-,Y,,,,,,,,,,Y,2,0,1,1,A,-,01,23152,A,N,E,I,A,A,H,-,A,D,0,,,,,Y,Y,D,22,1,0,0,0,0,0,0,0,0,"- ","- ",35.673999786376953,-119.22634124755859,KERN,UNINCORPORATED,-119.22640228271484,35.673915863037109
91261396,2020,2020-07-01,9830,2020-06-19,0140,019367,,5,3,9,1500,0,3,5,,2,005,"BROWN RD",US-395,958.00,S,N,A,-,N,,,,,,,,,,Y,2,0,4,2,A,-,05,21460,A,N,A,C,A,A,H,-,D,D,0,,,,,Y,,A,01,2,2,0,0,0,0,0,0,0,"- ","- ",35.666881561279297,-117.8182373046875,KERN,UNINCORPORATED,-117.81828308105469,35.667118072509766
91262363,2020,2020-07-02,9420,2020-06-23,1300,021503,,2,1,9,1500,0,3,5,,2,070,"BERNARD STREET","HALEY STREET",100.00,W,N,A,-,N,,,,,,,,,,N,2,0,1,2,A,-,11,21954,A,F,G,B,E,A,H,-,A,D,0,Y,,,,Y,Y,N,60,1,0,0,0,1,0,0,0,0,"- ","- ",35.389110565185547,-118.97731781005859,KERN,UNINCORPORATED,-118.97718048095703,35.388973236083984
91264695,2020,2020-07-07,9830,2020-07-01,1820,019400,,3,2,9,1500,0,3,5,,2,003,"FITZ-GERALD BOULEVARD","CHAMBERLIN LOOP",0.00,,Y,A,-,N,,,,,,,,,,Y,2,0,1,2,A,-,10,21950,A,N,G,B,B,A,H,-,A,A,0,Y,,,,Y,,A,01,1,0,0,0,1,0,0,0,0,"- ","- ",34.920639038085938,-117.93592834472656,KERN,UNINCORPORATED,-117.94754028320312,34.917411804199219
91275478,2020,2020-07-28,9420,2020-07-19,0351,021133,,7,3,9,1500,0,3,5,,2,510,"FAMOSO ROAD",SR-65,4200.00,E,N,A,-,N,,,,,,,,,,Y,2,0,1,1,A,-,01,23152,A,N,F,A,A,A,H,-,D,D,0,,,,,Y,Y,A,01,1,0,0,0,0,0,0,0,0,"- ","- ",35.603019714355469,-119.01724243164062,KERN,UNINCORPORATED,-119.07347106933594,35.6025390625
91278784,2020,2020-07-31,9830,2020-07-27,1125,021903,,1,1,9,1500,0,3,5,,2,005,"INDIAN WELLS CANYON RD",SR-14,13200.00,W,N,A,-,N,,,,,,,,,,Y,2,0,1,1,A,-,03,38305,,N,F,A,A,A,G,-,A,D,0,,,Y,,Y,,C,02,1,0,0,0,0,0,0,0,1,"- ","- ",35.677921295166016,-117.91413879394531,KERN,UNINCORPORATED,-117.91133880615234,35.677513122558594
91279816,2020,2020-08-03,9420,2020-07-24,1435,021572,,5,2,9,1500,0,3,5,,2,070,"E BRUNDAGE LANE","STERLING RD",700.00,W,N,A,-,N,,,,,,,,,,Y,2,0,2,2,A,-,03,22350,,N,C,C,A,A,H,-,A,D,0,,,,,Y,,D,22,2,0,0,0,0,0,0,0,0,"- ","- ",35.354209899902344,-118.94342803955078,KERN,UNINCORPORATED,-118.94325256347656,35.354225158691406
91285903,2020,2020-08-13,9420,2020-08-04,2112,019686,,2,2,9,1500,0,2,4,,1,072,"EAST CALIFORNIA AVENUE","BATES AVENUE",384.00,E,N,A,-,N,,,,,,,,,,N,2,0,1,2,A,-,11,21954,A,N,G,B,D,A,H,-,D,D,0,Y,,,,Y,,N,60,1,0,0,0,1,0,0,0,0,"- ","- ",35.368560791015625,-118.97245788574219,KERN,UNINCORPORATED,-118.97230529785156,35.368518829345703
91288468,2020,2020-08-21,9426,2020-07-24,1225,017254,,5,1,9,1500,0,1,1,,2,500,"INTERSTATE 5 N/B","TWISSELMAND ROAD",6864.00,N,N,A,-,Y,,,5,,,,,,N,Y,1,1,2,5,A,-,08,22107,,N,C,C,A,A,H,-,A,D,0,,,Y,,Y,,C,02,0,1,1,0,0,0,0,1,1,"- ","- ",35.749000549316406,-119.75193023681641,KERN,UNINCORPORATED,-119.75188446044922,35.749031066894531