CASE_ID,ACCIDENT_YEAR,PROC_DATE,JURIS,COLLISION_DATE,COLLISION_TIME,OFFICER_ID,REPORTING_DISTRICT,DAY_OF_WEEK,CHP_SHIFT,POPULATION,CNTY_CITY_LOC,SPECIAL_COND,BEAT_TYPE,CHP_BEAT_TYPE,CITY_DIVISION_LAPD,CHP_BEAT_CLASS,BEAT_NUMBER,PRIMARY_RD,SECONDARY_RD,DISTANCE,DIRECTION,INTERSECTION,WEATHER_1,WEATHER_2,STATE_HWY_IND,CALTRANS_COUNTY,CALTRANS_DISTRICT,STATE_ROUTE,ROUTE_SUFFIX,POSTMILE_PREFIX,POSTMILE,LOCATION_TYPE,RAMP_INTERSECTION,SIDE_OF_HWY,TOW_AWAY,COLLISION_SEVERITY,NUMBER_KILLED,NUMBER_INJURED,PARTY_COUNT,PRIMARY_COLL_FACTOR,PCF_CODE_OF_VIOL,PCF_VIOL_CATEGORY,PCF_VIOLATION,PCF_VIOL_SUBSECTION,HIT_AND_RUN,TYPE_OF_COLLISION,MVIW,PED_ACTION,ROAD_SURFACE,ROAD_COND_1,ROAD_COND_2,LIGHTING,CONTROL_DEVICE,CHP_ROAD_TYPE,PEDESTRIAN_ACCIDENT,BICYCLE_ACCIDENT,MOTORCYCLE_ACCIDENT,TRUCK_ACCIDENT,NOT_PRIVATE_PROPERTY,ALCOHOL_INVOLVED,STWD_VEHTYPE_AT_FAULT,CHP_VEHTYPE_AT_FAULT,COUNT_SEVERE_INJ,COUNT_VISIBLE_INJ,COUNT_COMPLAINT_PAIN,COUNT_PED_KILLED,COUNT_PED_INJURED,COUNT_BICYCLIST_KILLED,COUNT_BICYCLIST_INJURED,COUNT_MC_KILLED,COUNT_MC_INJURED,PRIMARY_RAMP,SECONDARY_RAMP,LATITUDE,LONGITUDE,COUNTY,CITY,POINT_X,POINT_Y
91291378,2020,2020-12-31,9830,2020-06-07,1515,017146,,7,2,9,1500,0,1,2,,1,054,"UNITED STATES ROUTE 395 SOUTHBOUND","SOUTH CHINA LAKE BOULEVARD",2640.00,S,N,A,-,Y,,,,,,,,,,Y,1,2,2,2,A,-,06,21751,,N,A,C,A,A,H,-,A,D,0,,,,,Y,,A,07,0,1,1,0,0,0,0,0,0,"- ","- ",35.547771453857422,-117.70551300048828,KERN,UNINCORPORATED,,
91292947,2020,2020-08-26,9426,2020-08-22,1415,018909,,6,2,9,1500,0,1,3,,2,581,SR-58,SR-33,1584.00,W,N,A,-,Y,,,58,,,,,,,Y,2,0,1,1,A,-,08,22107,,N,E,I,A,A,H,-,A,D,0,,,Y,,Y,,C,02,1,0,0,0,0,0,0,0,1,"- ","- ",35.293560028076172,-119.63063049316406,KERN,UNINCORPORATED,-119.63117218017578,35.293304443359375
91304944,2020,2021-06-17,9420,2020-06-27,2042,021503,,6,2,9,1500,0,1,3,,1,184,"STATE ROUTE 184","HALLELUIAH STREET",633.00,S,N,A,-,Y,,,184,,,,,,,Y,1,1,2,2,A,-,06,21755,,F,A,C,A,A,H,-,B,D,0,,,,,Y,,A,01,1,1,0,0,0,0,0,0,0,"- ","- ",35.3271484375,-118.914306640625,KERN,UNINCORPORATED,-118.914306640625,35.3271484375
91309544,2020,2020-09-23,9420,2020-08-05,1055,019311,,3,1,9,1500,0,2,4,,1,072,"EDISON HIGHWAY","STERLING ROAD",250.00,E,N,A,-,N,,,,,,,,,,Y,2,0,2,1,A,-,08,22107,,N,E,J,A,A,H,-,A,D,0,,,,,Y,,A,01,2,0,0,0,0,0,0,0,0,"- ","- ",35.215240478515625,-118.56246185302734,KERN,UNINCORPORATED,-118.94004821777344,35.364505767822266
91310748,2020,2020-09-24,9420,2020-06-11,0411,021386,,4,3,9,1500,0,1,3,,2,589,"STATE ROUTE 58 WESTBOUND","BENA ROAD",9504.00,E,N,A,-,Y,,,58,,,,,,W,Y,1,1,0,1,A,-,08,22107,,N,E,I,A,A,H,-,C,D,0,,,,,Y,,A,01,0,0,0,0,0,0,0,0,0,"- ","- ",35.251571655273438,-118.60382843017578,KERN,UNINCORPORATED,-118.60385131835938,35.251544952392578
91313875,2020,2020-12-24,9830,2020-09-19,1515,019400,,6,2,9,1500,0,1,3,,2,010,"SR-58 W/B","BROOME RD",3696.00,E,N,A,-,Y,,,58,,,,,,W,Y,1,1,1,1,A,-,08,22107,,N,F,A,A,A,H,-,A,D,0,,,Y,,Y,,C,02,1,0,0,0,0,0,0,1,1,"- ","- ",35.193401336669922,-118.51117706298828,KERN,UNINCORPORATED,-118.51120758056641,35.193355560302734
91319840,2020,2020-10-08,9830,2020-09-25,1418,021959,,5,2,9,1500,0,1,3,,2,030,"SR-14 N/B","BACKUS RD",3168.00,N,N,A,-,Y,,,14,,,,,,N,Y,2,0,2,1,A,-,01,23153,A,N,F,A,A,A,H,-,A,D,0,,,,,Y,Y,A,01,2,0,0,0,0,0,0,0,0,"- ","- ",34.960628509521484,-118.16034698486328,KERN,UNINCORPORATED,-118.16030120849609,34.960624694824219
91319853,2020,2020-10-08,9420,2020-10-02,1930,021133,,5,2,9,1500,0,2,4,,1,071,"OSWELL STREET","COLLEGE AVENUE",135.00,N,N,A,-,N,,,,,,,,,,Y,2,0,4,2,A,-,08,22107,,N,H,G,A,A,H,-,C,D,0,,Y,,,Y,,D,22,2,1,1,0,0,0,1,0,0,"- ","- ",35.383480072021484,-118.94954681396484,KERN,UNINCORPORATED,-118.94976043701172,35.383510589599609
91321052,2020,2020-10-09,9420,2020-10-01,1810,020529,,4,2,9,1500,0,2,4,,1,075,"S. UNION AVE.","E. WHITE LN.",1297.00,S,N,A,-,N,,,,,,,,,,Y,2,0,1,2,A,-,09,21801,A,N,D,C,A,A,H,-,A,D,0,,,Y,Y,Y,,G,25,1,0,0,0,0,0,0,0,1,"- ","- ",35.314079284667969,-119.00298309326172,KERN,UNINCORPORATED,-119.00299835205078,35.314121246337891
91322057,2020,2020-10-12,9830,2020-10-02,0554,020866,,5,3,9,1500,0,3,5,,2,002,"PURDY AVE","UNITED ST",0.00,,Y,A,-,N,,,,,,,,,,Y,2,0,1,1,A,-,03,22350,,N,E,I,A,A,H,-,C,D,0,,,,,Y,,J,48,1,0,0,0,0,0,0,0,0,"- ","- ",35.024948120117188,-118.14932250976562,KERN,UNINCORPORATED,-118.14945983886719,35.025119781494141
91323437,2020,2020-10-14,9420,2020-08-11,0820,019649,,2,1,6,1502,0,1,3,,1,176,"STATE ROUTE 178 EASTBOUND","NILES STREET",185.00,W,N,A,-,Y,,,178,,,,,,E,Y,1,1,0,1,A,-,08,22107,,N,E,I,A,A,H,-,A,D,0,,,,,Y,,D,22,0,0,0,0,0,0,0,0,0,"- ","- ",35.383411407470703,-118.99623107910156,KERN,BAKERSFIELD,-118.99623870849609,35.383495330810547
91332834,2020,2020-10-28,9420,2020-10-20,0215,021600,,2,3,9,1500,0,3,5,,2,040,"RIVER BLVD.","BERNARD ST.",0.00,,Y,A,-,N,,,,,,,,,,Y,2,0,1,1,A,-,01,23152,A,N,E,I,A,A,H,-,E,A,0,,,,,Y,Y,A,01,1,0,0,0,0,0,0,0,0,"- ","- ",35.390361785888672,-118.98497772216797,KERN,UNINCORPORATED,-118.98497772216797,35.390411376953125
91346575,2020,2020-11-17,9420,2020-11-09,1000,018387,,1,1,9,1500,0,1,3,,2,430,SR-43,"SCHUSTER RD",0.00,,Y,A,-,Y,,,43,,,,,,,Y,2,0,3,2,A,-,09,21802,A,N,D,C,A,A,H,-,A,A,0,,,,,Y,,A,01,1,1,1,0,0,0,0,0,0,"- ","- ",35.732429504394531,-119.33528137207031,KERN,UNINCORPORATED,-119.33528137207031,35.732429504394531
91347610,2020,2020-11-18,9830,2020-11-11,0915,019883,,3,1,9,1500,0,1,3,,1,050,SR-14,"SR-178 WEST",36960.00,S,N,A,-,Y,,,,,,,,,,Y,2,0,2,1,A,-,08,22107,,N,F,A,A,A,H,-,A,D,0,,,,,Y,,A,01,1,1,0,0,0,0,0,0,0,"- ","- ",35.303321838378906,-117.56807708740234,KERN,UNINCORPORATED,,
91351689,2020,2020-11-23,9830,2020-08-17,0345,021632,,1,3,9,1500,0,1,3,,2,021,"STATE ROUTE 58 WESTBOUND","CALIFORNIA CITY BOULEVARD",0.00,,Y,A,-,Y,,,58,,,,,,W,Y,1,1,1,2,A,-,01,23152,A,N,D,C,A,A,H,-,C,A,0,,,,,Y,Y,A,01,0,1,0,0,0,0,0,0,0,"- ","- ",35.012340545654297,-117.91696166992188,KERN,UNINCORPORATED,-117.91695404052734,35.012405395507812
91353069,2020,2020-11-24,9430,2020-11-17,1035,016825,,2,1,9,1500,0,2,4,,1,024,"HUDSON RANCH ROAD","KLIPSTEIN CANYON RD",4224.00,E,N,A,G,N,,,,,,,,,,N,2,0,1,1,A,-,08,22107,,N,E,I,A,A,H,-,A,D,0,,,Y,,Y,,C,02,1,0,0,0,0,0,0,0,1,"- ","- ",34.934108734130859,-119.40843963623047,KERN,UNINCORPORATED,-119.40738677978516,34.934074401855469
91366580,2020,2020-12-18,9420,2020-12-08,0924,016153,,2,1,9,1500,0,3,5,,2,060,"SNOW RD.","MINTURN WAY",265.00,E,N,A,-,N,,,,,,,,,,N,2,0,1,2,A,-,11,21954,A,N,G,B,D,A,H,-,A,D,0,Y,,,Y,Y,,N,60,1,0,0,0,1,0,0,0,0,"- ","- ",35.427108764648438,-119.09581756591797,KERN,UNINCORPORATED,-119.09581756591797,35.427108764648438
91367268,2020,2020-12-15,9420,2020-12-05,2000,021600,,6,2,9,1500,0,3,5,,2,040,"BERNARD ST","BAKER ST.",0.00,,Y,A,-,N,,,,,,,,,,N,2,0,1,2,A,-,10,21950,A,F,G,B,B,A,H,-,D,D,0,Y,,,,Y,,A,01,1,0,0,0,1,0,0,0,0,"- ","- ",35.390239715576172,-118.987548828125,KERN,UNINCORPORATED,-118.98812103271484,35.3902587890625
91371055,2020,2021-01-12,9420,2020-11-13,1535,019686,,5,2,9,1500,0,3,5,,2,520,"FAMOSO-PORTERVILLE HIGHWAY","POND ROAD",58.00,S,N,A,-,N,,,,,,,,,,Y,1,1,0,2,A,-,01,23152,A,N,C,C,A,A,H,-,A,A,0,,,,,Y,Y,A,07,0,0,0,0,0,0,0,0,0,"- ","- ",35.717838287353516,-119.15971374511719,KERN,UNINCORPORATED,-119.15975952148438,35.717838287353516
91377823,2020,2020-12-30,9420,2020-12-24,1845,020402,,4,2,9,1500,0,3,5,,2,520,"BROWNING ROAD","POND ROAD",2112.00,S,N,A,-,N,,,,,,,,,,Y,2,0,2,1,A,-,01,23152,A,N,E,I,A,A,H,-,D,D,0,,,,,Y,Y,A,01,2,0,0,0,0,0,0,0,0,"- ","- ",35.712070465087891,-119.22308349609375,KERN,UNINCORPORATED,-119.22307586669922,35.712165832519531
91383672,2021,2021-01-07,9426,2021-01-02,0530,014887,,6,3,9,1500,0,1,3,,2,461,SR-46,"CORCORAN RD",2640.00,W,N,A,-,Y,,,46,,,,,,,Y,2,0,1,1,A,-,08,22107,,N,E,I,A,A,H,-,D,D,0,,,,,Y,,A,01,1,0,0,0,0,0,0,0,0,"- ","- ",35.612190246582031,-119.58605194091797,KERN,UNINCORPORATED,-119.58604431152344,35.612194061279297
91388873,2020,2021-01-18,9420,2020-11-05,2040,020529,,4,2,9,1500,0,2,4,,1,071,"FAIRFAX ROAD","LEXINGTON AVENUE",152.00,N,N,A,-,N,,,,,,,,,,Y,1,1,3,4,A,-,01,23152,A,N,E,J,A,A,H,-,C,D,0,,,,,Y,Y,A,01,1,2,0,0,0,0,0,0,0,"- ","- ",35.371101379394531,-118.93189239501953,KERN,UNINCORPORATED,-118.93193817138672,35.371036529541016
91399278,2021,2021-02-01,9420,2021-01-27,2120,020782,,3,2,9,1500,0,2,4,,1,071,"OSWELL STREET","KENT DRIVE",0.00,,Y,A,G,N,,,,,,,,,,Y,2,0,1,2,A,-,09,21801,A,N,D,C,A,A,H,-,B,A,0,,,Y,,Y,,C,02,1,0,0,0,0,0,0,0,1,"- ","- ",35.388278961181641,-118.94969177246094,KERN,UNINCORPORATED,-118.94979858398438,35.388214111328125
91402695,2021,2021-02-04,9420,2021-01-27,1330,019316,,3,1,9,1500,0,1,3,,2,223,"SR-223 (BEAR MOUNTAIN BOULEVARD)",SR-58,19536.00,S,N,A,-,Y,,,223,,,,,,,Y,2,0,1,1,A,-,03,22350,,N,F,I,A,A,H,-,A,D,0,,,,Y,Y,,G,27,1,0,0,0,0,0,0,0,0,"- ","- ",35.228408813476562,-118.70478820800781,KERN,UNINCORPORATED,-118.705322265625,35.228805541992188
91410099,2020,2021-02-17,9420,2020-10-15,2155,019901,,4,2,9,1500,0,1,3,,2,090,"STATE ROUTE 99, N/B","WOOLLOMES AVENUE",692.00,S,N,A,-,Y,,,,,,,,,,Y,1,1,2,3,A,-,01,23152,F,N,C,E,E,A,H,-,C,D,0,Y,,,Y,Y,,A,07,0,0,2,1,0,0,0,0,0,"- ","- ",35.744949340820312,-119.24279022216797,KERN,UNINCORPORATED,-119.24292755126953,35.745094299316406
91410160,2021,2021-02-17,9830,2021-02-07,2118,020113,,7,2,9,1500,0,3,5,,2,005,"BROWN RD","SOLO RD",380.00,S,N,A,-,N,,,,,,,,,,N,2,0,1,2,A,-,05,21650,,N,B,C,A,A,H,-,D,D,0,,,Y,,Y,,A,08,1,0,0,0,0,0,0,0,1,"- ","- ",35.694789886474609,-117.82657623291016,KERN,UNINCORPORATED,-117.82657623291016,35.694965362548828
91410860,2020,2021-02-18,9420,2020-11-09,0440,021144,,1,3,9,1500,0,1,3,,2,462,"STATE ROUTE 46","BEECH AVENUE",2147.00,W,N,A,-,Y,,,46,,,,,,,Y,1,2,0,2,A,-,05,21650,,N,A,C,A,A,H,-,D,D,0,,,,,Y,,A,01,0,0,0,0,0,0,0,0,0,"- ","- ",35.601779937744141,-119.26699066162109,KERN,UNINCORPORATED,-119.26699066162109,35.601783752441406
91413725,2021,2021-04-16,9420,2021-02-06,2215,019903,,6,3,9,1500,0,2,4,,1,051,"OILDALE DRIVE","LINCOLN AVENUE",23.00,S,N,A,-,N,,,,,,,,,,Y,1,1,0,1,A,-,01,23152,A,N,E,I,A,A,H,-,C,D,0,,,,,Y,Y,A,01,0,0,0,0,0,0,0,0,0,"- ","- ",35.414569854736328,-119.03021240234375,KERN,UNINCORPORATED,-119.02999877929688,35.414566040039062
91419864,2021,2021-03-03,9426,2021-02-27,1035,014887,,6,1,9,1500,0,1,1,,2,500,"I-5 S/B",SR-46,12144.00,N,N,A,-,Y,,,5,,,,,,S,Y,2,0,1,1,A,-,03,22350,,N,F,A,A,A,H,-,D,D,0,,,Y,,Y,,C,02,1,0,0,0,0,0,0,0,1,"- ","- ",35.645389556884766,-119.67520141601562,KERN,UNINCORPORATED,-119.6751708984375,35.645412445068359
91424515,2021,2021-03-10,9420,2021-03-04,2039,020634,,4,2,9,1500,0,2,4,,1,052,"ROBERTS LN","OLIVE DRIVE",0.00,,Y,A,-,N,,,,,,,,,,N,2,0,1,2,A,-,12,21453,A,N,D,C,A,A,H,-,C,A,0,,,Y,,Y,,C,02,1,0,0,0,0,0,0,0,1,"- ","- ",35.412410736083984,-119.04866027832031,KERN,UNINCORPORATED,-119.04859924316406,35.412399291992188
91425160,2020,2021-03-11,9420,2020-12-08,0103,020484,,2,3,9,1500,0,1,3,,2,096,"SR-99 NORTHBOUND TO HERRING ROAD","HERRING ROAD OVERCROSSING",1180.00,S,N,A,-,Y,,,,,,,,,,Y,1,4,0,1,A,-,03,22350,,N,E,I,A,A,H,-,D,D,0,,,,,Y,,A,01,0,0,0,0,0,0,0,0,0,"- ","- ",35.148139953613281,-119.99549865722656,KERN,UNINCORPORATED,,
91431210,2021,2021-03-19,9420,2021-03-11,1422,019963,,4,2,9,1500,0,2,4,,1,051,"N. CHESTER AVE","ROBERTS LANE",0.00,,Y,A,-,N,,,,,,,,,,Y,2,0,5,4,A,-,12,21453,A,N,D,C,A,A,H,-,A,A,0,,,,,Y,,A,01,2,0,3,0,0,0,0,0,0,"- ","- ",35.408599853515625,-119.02089691162109,KERN,UNINCORPORATED,-119.02108001708984,35.408638000488281
91431733,2021,2021-03-22,9420,2021-03-05,0053,021144,,5,3,9,1500,0,3,5,,2,050,"MCCRAY ST.","DOUGLAS ST.",130.00,S,N,A,-,N,,,,,,,,,,Y,2,0,1,3,A,-,01,23152,A,N,C,C,A,A,H,-,C,D,0,,,,,Y,Y,A,01,1,0,0,0,0,0,0,0,0,"- ","- ",35.425838470458984,-119.03019714355469,KERN,UNINCORPORATED,-119.03011322021484,35.425762176513672
91441176,2021,2021-04-01,9830,2021-03-26,2310,021870,,5,3,9,1500,0,1,3,,2,043,"SR-58 W/B",SR-14,6336.00,W,N,A,-,Y,,,58,,,,,,W,Y,2,0,1,1,A,-,08,22107,,N,F,A,A,A,H,-,E,D,0,,,,,Y,,D,22,1,0,0,0,0,0,0,0,0,"- ","- ",35.107269287109375,-118.16236877441406,KERN,UNINCORPORATED,-118.16234588623047,35.107318878173828
91443850,2021,2021-04-06,9830,2021-03-28,2025,019400,,7,2,9,1500,0,1,3,,2,010,"SR-58 E/B","TEHACHAPI WILLOW SPRINGS RD",9504.00,E,N,A,-,Y,,,58,,,,,,E,Y,2,0,1,1,A,-,08,22107,,N,F,A,A,A,H,-,D,D,0,,,Y,,Y,,C,02,1,0,0,0,0,0,0,0,1,"- ","- ",35.114498138427734,-118.3653564453125,KERN,UNINCORPORATED,-118.36538696289062,35.114398956298828
91444327,2020,2021-04-06,9830,2020-12-17,2500,018758,,4,4,9,1500,0,3,5,,2,003,"20TH STREET WEST","PATTERSON ROAD",700.00,N,N,B,-,N,,,,,,,,,,N,1,1,0,2,A,-,11,21956,,F,G,B,E,A,H,-,D,D,0,Y,,,,Y,,N,60,0,0,0,1,0,0,0,0,0,"- ","- ",34.837009429931641,-118.16754913330078,KERN,UNINCORPORATED,-118.1669921875,34.837120056152344
91446843,2021,2021-04-09,9426,2021-04-03,2225,018023,,6,3,9,1500,0,1,3,,1,460,"MARTIN AVE","SR-46 E/B",0.00,,Y,A,-,Y,,,,,,,,,,Y,2,0,1,2,A,-,01,23152,A,N,D,C,A,A,H,-,C,D,0,,,,Y,Y,Y,A,01,1,0,0,0,0,0,0,0,0,"- ","- ",35.616111755371094,-119.69142150878906,KERN,UNINCORPORATED,-119.69145202636719,35.616069793701172
91449657,2021,2021-04-13,9420,2021-04-02,2035,021365,,5,2,6,1502,0,1,3,,1,176,"SR-178 W/B TO MOUNT VERNON AVE","MOUNT VERNON AVENUE",155.00,E,N,A,-,Y,,,178,,,,R,,W,Y,2,0,1,2,A,-,01,23152,A,N,C,C,A,A,H,-,C,A,0,,,,,Y,Y,A,01,1,0,0,0,0,0,0,0,0,"- ","- ",35.395149230957031,-118.96681976318359,KERN,BAKERSFIELD,-118.96681976318359,35.395149230957031
91452244,2021,2021-04-16,9420,2021-04-11,1755,021589,,7,2,9,1500,0,3,5,,2,050,"GRANT DR","WASHINGTON AVE",75.00,S,N,A,-,N,,,,,,,,,,N,2,0,1,1,A,-,03,22350,,N,E,I,A,A,H,-,A,D,0,,,Y,,Y,,C,02,1,0,0,0,0,0,0,0,1,"- ","- ",35.415210723876953,-119.03675079345703,KERN,UNINCORPORATED,-119.03665924072266,35.415264129638672
91456872,2021,2021-04-23,9830,2021-04-20,0425,021870,,2,3,9,1500,0,1,3,,1,041,SR-14,"REDROCK INYOKERN RD",11088.00,N,N,A,-,Y,,,14,,,,,,,Y,2,0,3,2,A,-,08,22107,,N,A,C,A,A,H,-,D,D,0,,,,Y,Y,,A,01,2,1,0,0,0,0,0,0,0,"- ","- ",35.464931488037109,-117.96504211425781,KERN,UNINCORPORATED,-117.96511840820312,35.4649658203125
91460568,2021,2021-04-28,9420,2021-04-13,1955,021134,,2,2,9,1500,0,3,5,,2,050,"N CHESTER AVE","WASHINGTON AVE",0.00,,Y,A,-,N,,,,,,,,,,N,2,0,1,2,A,-,11,21456,,N,G,B,B,A,H,-,C,A,0,Y,,,,Y,,N,60,1,0,0,0,1,0,0,0,0,"- ","- ",35.415451049804688,-119.02107238769531,KERN,UNINCORPORATED,-119.02121734619141,35.41546630859375
91466552,2021,2021-05-05,9426,2021-04-12,0807,016953,,1,1,9,1500,0,1,1,,2,504,"I-5 S/B",SR-119,9504.00,S,N,A,-,Y,,,,,,,,,,Y,1,1,1,1,A,-,01,23152,F,N,F,A,A,A,H,-,A,D,0,,,,,Y,,A,07,1,0,0,0,0,0,0,0,0,"- ","- ",33.247329711914062,-119.20400238037109,KERN,UNINCORPORATED,-119.20389556884766,35.247455596923828
91473732,2021,2021-06-08,9426,2021-05-10,2217,016579,,1,3,9,1500,0,1,3,,2,432,SR-43,"PANAMA LN",9.00,N,N,A,-,Y,,,43,,,,,,,Y,1,1,0,2,A,-,12,22450,A,N,E,I,A,A,H,-,C,A,0,,,,,Y,,A,07,0,0,0,0,0,0,0,0,0,"- ","- ",35.296100616455078,-119.25279235839844,KERN,UNINCORPORATED,-119.25247955322266,35.296096801757812
91480051,2021,2021-05-27,9420,2021-05-16,2105,020402,,7,2,9,1500,0,3,5,,2,610,"BIANCHI WAY","S. REAL ROAD",830.00,W,N,A,-,N,,,,,,,,,,Y,2,0,1,1,A,-,08,22107,,N,E,I,A,A,H,-,D,D,0,,,Y,,Y,,C,02,1,0,0,0,0,0,0,0,1,"- ","- ",35.345958709716797,-119.04628753662109,KERN,UNINCORPORATED,-119.04617309570312,35.345863342285156
91480772,2021,2021-05-25,9420,2021-01-21,1830,017243,,4,2,9,1500,0,3,5,,2,630,"OLD RIVER ROAD","MILLUX ROAD",2966.00,S,N,A,-,N,,,,,,,,,,N,1,1,0,2,A,-,09,21804,A,N,D,C,A,A,H,-,D,D,0,,,Y,Y,Y,,G,25,0,0,0,0,0,0,0,1,0,"- ","- ",35.172561645507812,-119.10990905761719,KERN,UNINCORPORATED,-119.10994720458984,35.172481536865234
91481853,2021,2021-05-27,9420,2021-05-19,1535,019868,,3,2,9,1500,0,3,5,,2,060,"ROSEDALE HWY","LANDCO DR",450.00,E,N,A,-,N,,,,,,,,,,Y,2,0,2,3,A,-,03,22350,,N,C,C,A,A,H,-,A,A,0,,,,,Y,,A,07,2,0,0,0,0,0,0,0,0,"- ","- ",35.383338928222656,-119.05721282958984,KERN,UNINCORPORATED,-119.05750274658203,35.383369445800781
91484839,2021,2021-05-28,9420,2021-05-27,0535,014967,,4,3,9,1500,0,3,5,,2,672,"N. RANCHO DRIVE","DAVID ROAD",2640.00,N,N,A,-,N,,,,,,,,,,Y,2,0,2,2,A,-,08,22107,,N,D,C,A,A,H,-,B,D,0,,,,,Y,,A,01,2,0,0,0,0,0,0,0,0,"- ","- ",35.100170135498047,-118.85037994384766,KERN,UNINCORPORATED,-118.85048675537109,35.100013732910156
91487881,2021,2021-06-02,9420,2021-05-27,0820,017256,,4,1,9,1500,0,3,5,,2,510,"ZACHARY AVENUE","WOOLLOMES AVENUE",1584.00,N,N,A,-,N,,,,,,,,,,Y,2,0,1,2,A,-,09,21804,A,N,D,C,A,A,H,-,A,D,0,,,Y,,Y,,C,06,1,0,0,0,0,0,0,0,1,"- ","- ",35.753299713134766,-119.18726348876953,KERN,UNINCORPORATED,-119.18737030029297,35.751255035400391
91494857,2021,2021-06-11,9420,2021-06-05,2140,019598,,6,2,9,1500,0,1,3,,1,184,"SR-184 (MAIN STREET)","PARADISE STREET",73.00,S,N,A,-,Y,,,184,,,,,,,N,2,0,1,2,A,-,11,21954,A,F,G,B,D,A,H,-,C,D,0,Y,,,,Y,,N,60,1,0,0,0,1,0,0,0,0,"- ","- ",35.264980316162109,-118.91436004638672,KERN,UNINCORPORATED,-118.91440582275391,35.264980316162109
91495848,2021,2021-06-14,9420,2021-05-27,1310,019963,,4,1,9,1500,0,2,4,,1,077,"S. FAIRFAX ROAD","HERMOSA RD",200.00,N,N,A,-,N,,,,,,,,,,Y,2,0,2,2,A,-,09,21801,A,N,D,C,A,A,H,-,A,D,0,,,,,Y,,A,01,1,0,1,0,0,0,0,0,0,"- ","- ",35.315498352050781,-118.93250274658203,KERN,UNINCORPORATED,-118.93208312988281,35.311138153076172
91499161,2021,2021-08-26,9830,2021-05-29,2040,019977,,6,2,9,1500,0,1,3,,2,021,"SR-58 E/B","BUSINESS 58 EAST OVER-CROSS",6864.00,E,N,A,-,Y,,,58,,,,,,E,Y,2,0,2,2,A,-,01,23152,A,N,D,C,A,A,H,-,D,D,0,,,,Y,Y,Y,A,01,2,0,0,0,0,0,0,0,0,"- ","- ",35.029701232910156,-118.08963012695312,KERN,UNINCORPORATED,-118.08963775634766,35.029682159423828
91499625,2021,2021-06-17,9830,2021-06-11,1856,021903,,5,2,9,1500,0,1,3,,1,050,SR-14,SR-178W,3696.00,S,N,A,-,Y,,,14,,,,,,,Y,2,0,1,1,A,-,06,21751,,N,F,A,A,A,H,-,A,D,0,,,,,Y,,A,07,1,0,0,0,0,0,0,0,0,"- ","- ",35.591030120849609,-117.90824127197266,KERN,UNINCORPORATED,-117.90818786621094,35.591007232666016
91506781,2021,2021-06-25,9420,2021-06-20,1305,021133,,7,1,9,1500,0,2,4,,1,075,"S. UNION AVENUE","PACHECO ROAD",230.00,N,N,A,-,N,,,,,,,,,,N,2,0,1,2,A,-,11,21954,A,N,G,B,D,A,H,-,A,D,0,Y,,,,Y,,N,60,1,0,0,0,1,0,0,0,0,"- ","- ",35.311100006103516,-119.00314331054688,KERN,UNINCORPORATED,-119.00312805175781,35.311019897460938
91513263,2021,2021-07-06,9420,2021-06-28,1623,020634,,1,2,9,1500,0,1,3,,1,650,SR-65,"MINNEOLA AVE",5280.00,N,N,A,-,Y,,,65,,,,,,,Y,2,0,1,1,A,-,08,22107,,N,E,I,A,A,H,-,A,D,0,,,,Y,Y,,F,26,1,0,0,0,0,0,0,0,0,"- ","- ",35.735748291015625,-119.05918121337891,KERN,UNINCORPORATED,-119.05921173095703,35.735755920410156
91519018,2021,2021-07-13,9426,2021-06-05,0216,018633,,6,3,9,1500,0,1,1,,2,502,"I-5 S/B","LERDO HWY",3696.00,S,N,A,-,Y,,,5,,,,,,S,Y,1,2,0,2,A,-,05,21651,B,N,A,C,A,A,H,-,D,D,0,,,,,Y,,A,01,0,0,0,0,0,0,0,0,0,"- ","- ",35.49298095703125,-119.52683258056641,KERN,UNINCORPORATED,-119.52686309814453,35.492938995361328
91519121,2021,2021-07-13,9420,2021-07-05,0520,021503,,1,3,9,1500,0,3,5,,2,671,"COMANCHE DRIVE","PANAMA LANE",0.00,,Y,A,-,N,,,,,,,,,,Y,2,0,6,2,A,-,09,21802,A,N,D,C,A,A,H,-,A,A,0,,,,,Y,,A,08,3,3,0,0,0,0,0,0,0,"- ","- ",35.296428680419922,-118.84295654296875,KERN,UNINCORPORATED,-118.84293365478516,35.296417236328125
91520900,2021,2021-07-15,9420,2021-07-12,2110,021589,,1,2,9,1500,0,3,5,,2,040,"RIVER BLVD","KNOTTS ST",0.00,,Y,A,-,N,,,,,,,,,,N,2,0,1,3,A,-,09,21802,A,N,H,G,A,A,H,-,C,A,0,,Y,,,Y,,L,04,1,0,0,0,0,0,1,0,0,"- ","- ",35.391380310058594,-118.98519134521484,KERN,UNINCORPORATED,-118.98516845703125,35.391304016113281