CASE_ID,ACCIDENT_YEAR,PROC_DATE,JURIS,COLLISION_DATE,COLLISION_TIME,OFFICER_ID,REPORTING_DISTRICT,DAY_OF_WEEK,CHP_SHIFT,POPULATION,CNTY_CITY_LOC,SPECIAL_COND,BEAT_TYPE,CHP_BEAT_TYPE,CITY_DIVISION_LAPD,CHP_BEAT_CLASS,BEAT_NUMBER,PRIMARY_RD,SECONDARY_RD,DISTANCE,DIRECTION,INTERSECTION,WEATHER_1,WEATHER_2,STATE_HWY_IND,CALTRANS_COUNTY,CALTRANS_DISTRICT,STATE_ROUTE,ROUTE_SUFFIX,POSTMILE_PREFIX,POSTMILE,LOCATION_TYPE,RAMP_INTERSECTION,SIDE_OF_HWY,TOW_AWAY,COLLISION_SEVERITY,NUMBER_KILLED,NUMBER_INJURED,PARTY_COUNT,PRIMARY_COLL_FACTOR,PCF_CODE_OF_VIOL,PCF_VIOL_CATEGORY,PCF_VIOLATION,PCF_VIOL_SUBSECTION,HIT_AND_RUN,TYPE_OF_COLLISION,MVIW,PED_ACTION,ROAD_SURFACE,ROAD_COND_1,ROAD_COND_2,LIGHTING,CONTROL_DEVICE,CHP_ROAD_TYPE,PEDESTRIAN_ACCIDENT,BICYCLE_ACCIDENT,MOTORCYCLE_ACCIDENT,TRUCK_ACCIDENT,NOT_PRIVATE_PROPERTY,ALCOHOL_INVOLVED,STWD_VEHTYPE_AT_FAULT,CHP_VEHTYPE_AT_FAULT,COUNT_SEVERE_INJ,COUNT_VISIBLE_INJ,COUNT_COMPLAINT_PAIN,COUNT_PED_KILLED,COUNT_PED_INJURED,COUNT_BICYCLIST_KILLED,COUNT_BICYCLIST_INJURED,COUNT_MC_KILLED,COUNT_MC_INJURED,PRIMARY_RAMP,SECONDARY_RAMP,LATITUDE,LONGITUDE,COUNTY,CITY,POINT_X,POINT_Y
91526502,2021,2021-07-22,9420,2021-03-08,0100,021133,,1,3,9,1500,0,3,5,,2,040,"ALFRED HARRELL HIGHWAY","RIVER ROAD",557.00,E,N,A,-,N,,,,,,,,,,Y,1,1,0,1,A,-,01,23152,G,N,F,A,A,A,H,-,D,D,0,,,,,Y,Y,A,01,0,0,0,0,0,0,0,0,0,"- ","- ",35.443351745605469,-118.90323638916016,KERN,UNINCORPORATED,-118.92283630371094,35.445289611816406
91529608,2021,2021-07-27,9426,2021-06-07,2500,019592,,1,4,9,1500,0,3,5,,2,085,"LOST HILLS RD","STATE ROUTE 46",3168.00,N,N,A,-,N,,,,,,,,,,Y,1,1,0,1,A,-,08,22107,,N,F,A,A,A,H,-,D,D,0,,,,,Y,,A,01,0,0,0,0,0,0,0,0,0,"- ","- ",35.621601104736328,-119.68972778320312,KERN,UNINCORPORATED,-119.6898193359375,35.624755859375
91557188,2021,2021-08-27,9426,2021-08-20,1614,019592,,5,2,9,1500,0,1,3,,1,460,SR-46,"BITTERWATER VALLEY RD",12144.00,W,N,A,-,Y,,,46,,,,,,,Y,2,0,1,1,A,-,01,23152,A,N,E,I,A,A,H,-,A,D,0,,,,,Y,Y,A,01,1,0,0,0,0,0,0,0,0,"- ","- ",35.627079010009766,-119.99160003662109,KERN,UNINCORPORATED,-119.99140930175781,35.627464294433594
91560434,2021,2021-09-01,9420,2021-08-26,2145,020040,,4,2,9,1500,0,3,5,,2,040,"ALFRED HARRELL HIGHWAY","GOODMANVILLE ROAD",3168.00,W,N,A,-,N,,,,,,,,,,Y,2,0,3,1,A,-,08,22107,,N,E,I,A,A,H,-,D,D,0,,,,,Y,,A,01,1,2,0,0,0,0,0,0,0,"- ","- ",35.427700042724609,-118.93463897705078,KERN,UNINCORPORATED,-118.93276214599609,35.436038970947266
91561452,2021,2021-09-02,9420,2021-08-25,0910,016767,,3,1,9,1500,0,2,4,,1,075,"S. UNION AVENUE",SR-223,1773.00,S,N,A,-,N,,,,,,,,,,Y,2,0,2,2,A,-,05,21651,B,N,A,C,A,A,H,-,A,D,0,,,,,Y,,A,01,1,1,0,0,0,0,0,0,0,"- ","- ",35.200389862060547,-119.00324249267578,KERN,UNINCORPORATED,-119.00310516357422,35.203716278076172
91565252,2021,2021-09-08,9830,2021-06-11,0855,020524,,5,1,9,1500,0,1,3,,2,010,"STATE ROUTE 58 EASTBOUND","BROOME ROAD",10560.00,E,N,A,-,Y,,,58,,,,,,E,Y,1,1,0,1,A,-,08,22107,,N,E,I,A,A,H,-,A,D,0,,,,Y,Y,,G,25,0,0,0,0,0,0,0,0,0,"- ","- ",35.181800842285156,-118.49433135986328,KERN,UNINCORPORATED,-118.49432373046875,35.181873321533203
91574719,2021,2021-09-20,9420,2021-09-13,2018,021534,,1,2,9,1500,0,2,4,,1,075,"S. UNION AVE","AMANDOR AVE",50.00,N,N,A,-,N,,,,,,,,,,N,2,0,1,2,A,-,11,21954,A,N,G,B,E,A,H,-,E,D,0,Y,,,,Y,,N,60,1,0,0,0,1,0,0,0,0,"- ","- ",35.343379974365234,-119.00312042236328,KERN,UNINCORPORATED,-119.00311279296875,35.343227386474609
91577743,2021,2022-03-14,9420,2021-08-05,2135,019021,,4,2,6,1502,0,1,3,,2,095,"STATE ROUTE 99, SOUTHBOUND","BELLE TERRACE",1325.00,N,N,A,-,Y,,,99,,,,,,S,Y,1,1,1,2,A,-,03,22350,,N,C,C,A,A,D,-,D,D,0,,,,Y,Y,,A,01,0,0,1,0,0,0,0,0,0,"- ","- ",35.350299835205078,-119.03970336914062,KERN,BAKERSFIELD,-119.03966522216797,35.350299835205078
91578644,2021,2021-09-24,9420,2021-08-20,2040,020634,,5,2,9,1500,0,3,5,,2,050,"AIRPORT DRIVE SOUTHBOUND","OLIVE DRIVE",370.00,N,N,A,-,N,,,,,,,,,,N,1,1,0,2,A,-,11,21954,A,N,G,B,E,A,H,-,C,D,0,Y,,,,Y,,N,60,0,0,0,1,0,0,0,0,0,"- ","- ",35.413360595703125,-119.03910064697266,KERN,UNINCORPORATED,-119.03910827636719,35.413284301757812
91579172,2021,2021-09-24,9420,2021-06-26,2250,019649,,6,3,9,1500,0,1,3,,1,184,"STATE ROUTE 184 (MAIN STREET)","KEARNEY AVENUE",28.00,S,N,A,-,Y,,,184,,,,,,,Y,1,1,0,1,A,-,01,23152,A,N,E,8,A,A,H,-,C,D,0,,,,,Y,Y,A,01,0,0,0,0,0,0,0,0,0,"- ","- ",35.2547607421875,-118.91445922851562,KERN,UNINCORPORATED,-118.91442108154297,35.2547607421875
91581396,2021,2021-09-28,9420,2021-09-18,2320,021134,,6,3,9,1500,0,1,3,,2,583,"ROSEDALE HWY","KARLA ST",0.00,,Y,A,-,N,,,,,,,,,,Y,2,0,4,2,A,-,01,23152,A,M,D,C,A,A,H,-,C,D,0,,,,,Y,Y,D,22,1,2,1,0,0,0,0,0,0,"- ","- ",35.383529663085938,-119.12052154541016,KERN,UNINCORPORATED,-119.12043762207031,35.383552551269531
91588185,2021,2021-10-05,9420,2021-07-03,0053,019903,,6,3,9,1500,0,2,4,,1,051,"AIRPORT DRIVE SOUTHBOUND","CASTAIC AVENUE",0.00,,Y,A,-,N,,,,,,,,,,Y,1,1,0,2,A,-,11,21954,A,N,G,B,D,A,H,-,D,D,0,Y,,,,Y,Y,N,60,0,0,0,1,0,0,0,0,0,"- ","- ",35.418899536132812,-119.03913879394531,KERN,UNINCORPORATED,-119.03916168212891,35.418880462646484
91592822,2021,2021-10-11,9420,2021-09-27,2130,021589,,1,2,9,1500,0,3,5,,2,060,"KNUDSEN DR","GOLDEN STATE HWY",739.00,S,N,A,-,N,,,,,,,,,,N,2,0,1,2,A,-,05,21460,A,F,A,G,A,A,H,-,D,D,0,,Y,,,Y,,L,04,1,0,0,0,0,0,1,0,0,"- ","- ",35.422031402587891,-119.06172180175781,KERN,UNINCORPORATED,-119.06356811523438,35.423450469970703
91597365,2021,2021-10-15,9420,2021-10-09,2245,020093,,6,3,9,1500,0,1,3,,1,184,SR-184,"WATERGRASS RD",528.00,N,N,A,-,Y,,,184,,,,,,,Y,2,0,3,2,A,-,01,23152,A,N,D,C,A,A,H,-,D,D,0,,,,,Y,Y,D,22,3,0,0,0,0,0,0,0,0,"- ","- ",35.379940032958984,-118.90393829345703,KERN,UNINCORPORATED,-118.90399932861328,35.380031585693359
91597955,2021,2021-10-15,9420,2021-05-31,2308,019311,,1,3,9,1500,0,1,3,,2,092,"STATE ROUTE 99 NORTHBOUND","TRUXTUN AVENUE",408.00,S,N,A,-,Y,,,,,,,,,,N,1,1,0,2,A,-,11,21954,A,N,G,B,D,A,D,-,D,D,0,Y,,,,Y,,N,60,0,0,0,1,0,0,0,0,0,"- ","- ",35.372348785400391,-119.04341125488281,KERN,UNINCORPORATED,-119.04344177246094,35.372310638427734
91625972,2021,2022-03-07,9420,2021-10-16,1853,021534,,6,2,9,1500,0,3,5,,2,672,"COMANCHE DRIVE","HERMOSA ROAD",70.00,N,N,A,-,N,,,,,,,,,,Y,1,1,0,2,A,-,01,23152,A,N,A,C,A,A,H,-,D,D,0,,,,Y,Y,,A,01,0,0,0,0,0,0,0,0,0,"- ","- ",35.311389923095703,-118.84295654296875,KERN,UNINCORPORATED,-118.84297943115234,35.311203002929688
91631596,2021,2021-11-22,9420,2021-11-08,1500,021002,,1,2,9,1500,0,1,3,,2,093,"SR-99 S/B",SR-65,506.00,S,N,A,-,Y,,,99,,,,,,S,N,2,0,1,1,C,-,18,,,N,E,J,A,A,C,-,A,D,0,,,Y,,Y,,-,"- ",1,0,0,0,0,0,0,0,1,"- ","- ",35.432998657226562,-119.07425689697266,KERN,UNINCORPORATED,-119.07427978515625,35.432979583740234
91634432,2021,2021-11-24,9830,2021-11-15,2101,021553,,1,2,9,1500,0,1,3,,2,021,"SR-58 W/B","SR-14 N/B",3696.00,E,N,A,-,Y,,,58,,,,,,W,Y,2,0,1,1,A,-,01,23152,A,N,E,I,A,A,H,-,D,D,0,,,,,Y,Y,D,22,1,0,0,0,0,0,0,0,0,"- ","- ",35.093578338623047,-118.13285827636719,KERN,UNINCORPORATED,-118.13282775878906,35.093650817871094
91649134,2021,2021-12-10,9420,2021-11-26,1630,021572,,5,2,9,1500,0,3,5,,2,070,"PENTZ ST","CENTER ST",2.00,N,N,A,-,N,,,,,,,,,,N,2,0,1,2,A,-,09,21804,A,N,D,C,A,A,H,-,A,A,0,,,,,Y,,M,94,1,0,0,0,0,0,0,0,0,"- ","- ",35.372329711914062,-118.95636749267578,KERN,UNINCORPORATED,-118.95638275146484,35.372234344482422
91650078,2021,2021-12-13,9420,2021-07-24,1305,017256,,6,1,9,1500,0,1,3,,1,650,"STATE ROUTE 65","ELDON STREET",221.00,N,N,A,-,Y,,,65,,,,,,,Y,1,2,1,2,A,-,01,23152,F,N,A,C,A,A,H,-,A,D,0,,,,,Y,Y,A,08,1,0,0,0,0,0,0,0,0,"- ","- ",35.467441558837891,-119.07466125488281,KERN,UNINCORPORATED,-119.07466125488281,35.467441558837891
91653932,2021,2021-12-16,9420,2021-12-13,1743,020634,,1,2,9,1500,0,1,3,,2,204,SR-204,"AIRPORT DR",30.00,S,N,A,G,Y,,,204,,,,,,,Y,2,0,1,1,A,-,03,22350,,N,E,8,A,A,H,-,D,D,0,,,,,Y,,A,01,1,0,0,0,0,0,0,0,0,"- ","- ",35.40203857421875,-119.04120635986328,KERN,UNINCORPORATED,-119.04122161865234,35.402008056640625
91655953,2021,2021-12-20,9420,2021-12-11,1920,020634,,6,2,9,1500,0,3,5,,2,060,"KNUDSEN DRIVE","OLIVE DRIVE",200.00,N,N,A,-,N,,,,,,,,,,N,2,0,1,2,A,-,11,21954,A,N,G,B,D,A,H,-,D,A,0,Y,,,,Y,,N,60,1,0,0,0,1,0,0,0,0,"- ","- ",35.413059234619141,-119.05874633789062,KERN,UNINCORPORATED,-119.05876922607422,35.412818908691406
91662038,2021,2021-12-27,9420,2021-12-12,1022,018807,,7,1,9,1500,0,3,5,,2,050,"MERLE HAGGARD DRIVE","AIRPORT DRIVE",647.00,W,N,A,-,N,,,,,,,,,,Y,2,0,2,3,A,-,08,22107,,F,B,C,A,A,H,-,A,D,0,,,Y,,Y,,C,02,1,1,0,0,0,0,0,0,2,"- ","- ",35.441230773925781,-119.040771484375,KERN,UNINCORPORATED,-119.04103851318359,35.441120147705078
91665525,2021,2021-12-29,9830,2021-10-16,0634,020427,,6,1,9,1500,0,2,4,,1,026,"BUSINESS ROUTE 58 EAST","STATE ROUTE 58",2534.00,W,N,A,-,Y,,,,,,,,,,Y,1,1,3,1,A,-,01,23152,F,N,E,I,A,A,H,-,B,D,0,,,,,Y,,A,01,1,2,0,0,0,0,0,0,0,"- ","- ",35.034770965576172,-118.11495971679688,KERN,UNINCORPORATED,-119.62473297119141,35.305778503417969
91673613,2022,2022-01-07,9420,2022-01-06,1547,020634,,4,2,9,1500,0,2,4,,1,075,"S. UNION AVENUE","WHITE LANE",695.00,S,N,A,-,N,,,,,,,,,,Y,2,0,1,2,A,-,08,22107,,N,D,C,A,A,H,-,A,D,0,,,Y,Y,Y,,C,02,1,0,0,0,0,0,0,0,1,"- ","- ",35.315761566162109,-119.00299072265625,KERN,UNINCORPORATED,-119.00312805175781,35.315704345703125
91674374,2021,2022-01-10,9420,2021-11-20,2208,021589,,6,3,9,1500,0,1,3,,2,587,"STATE ROUTE 58","TOWER LINE ROAD",9821.00,E,N,A,-,Y,,,58,,,,,,,Y,1,1,2,3,A,-,03,22350,,N,C,C,A,A,H,-,D,D,0,,,,Y,Y,,A,01,1,0,1,0,0,0,0,0,0,"- ","- ",35.312160491943359,-118.78362274169922,KERN,UNINCORPORATED,-118.78363037109375,35.312152862548828
91678629,2021,2022-01-14,9420,2021-11-06,2150,021601,,6,2,9,1500,0,3,5,,2,610,"S. REAL ROAD","APACHE AVENUE",0.00,,Y,A,-,N,,,,,,,,,,N,1,1,0,2,A,-,11,21954,A,N,G,B,D,A,H,-,C,D,0,Y,,,,Y,,N,60,0,0,0,1,0,0,0,0,0,"- ","- ",35.350059509277344,-119.04341125488281,KERN,UNINCORPORATED,-119.04338836669922,35.35003662109375
91683529,2022,2022-01-24,9420,2022-01-16,1506,021632,,7,2,9,1500,0,3,5,,2,040,"ALFRED HARRELL HIGHWAY EASTBOUND","FAIRFAX ROAD",985.00,E,N,A,-,N,,,,,,,,,,Y,2,0,1,1,A,-,08,22107,,N,E,I,A,C,H,-,A,D,0,,,Y,,Y,,C,02,1,0,0,0,0,0,0,0,1,"- ","- ",35.423011779785156,-118.94631958007812,KERN,UNINCORPORATED,-118.95033264160156,35.423198699951172
91692563,2022,2022-03-25,9420,2022-01-22,1825,021632,,6,2,9,1500,0,2,4,,1,071,"OSWELL STREET SOUTHBOUND","VIRGINIA AVENUE",55.00,N,N,A,-,N,,,,,,,,,,N,2,0,2,2,A,-,01,23152,A,N,C,C,A,A,H,-,D,D,0,,,,,Y,Y,D,22,1,1,0,0,0,0,0,0,0,"- ","- ",35.361541748046875,-118.94985198974609,KERN,UNINCORPORATED,-118.94986724853516,35.361560821533203
91710702,2022,2022-02-28,9420,2022-02-13,2215,020093,,7,3,9,1500,0,2,4,,1,051,"N CHESTER AVE","UNIVERSE AVE",15.00,N,N,A,-,N,,,,,,,,,,N,2,0,1,2,A,-,11,21453,D,F,G,B,B,A,H,-,C,A,0,Y,,,,Y,,N,60,1,0,0,0,1,0,0,0,0,"- ","- ",35.431350708007812,-119.02140808105469,KERN,UNINCORPORATED,-119.02136993408203,35.431232452392578
91717461,2021,2022-03-08,9420,2021-09-14,1230,016828,,2,1,9,1500,0,3,5,,2,540,"GARZOLI AVENUE","ELMO HIGHWAY",1584.00,N,N,A,-,N,,,,,,,,,,Y,1,1,0,2,A,-,06,21750,A,N,D,C,A,A,H,-,A,D,0,,,,,Y,,D,22,0,0,0,0,0,0,0,0,0,"- ","- ",35.691440582275391,-119.24082183837891,KERN,UNINCORPORATED,-119.24083709716797,35.693168640136719
91724122,2022,2022-03-16,9426,2022-03-10,1810,019658,,4,2,9,1500,0,1,3,,2,581,SR-58,"MEADOW STREET",3.00,W,N,A,-,N,,,,,,,,,,Y,2,0,4,2,A,-,09,21801,A,N,A,C,A,A,H,-,B,D,0,,,,,Y,,A,01,3,1,0,0,0,0,0,0,0,"- ","- ",35.399608612060547,-119.46101379394531,KERN,UNINCORPORATED,-119.46101379394531,35.399593353271484
91727669,2022,2022-03-21,9420,2022-03-14,0750,016973,,1,1,9,1500,0,2,4,,1,052,"NORRIS RD.","CALIFORNIA ST.",35.00,E,N,A,-,N,,,,,,,,,,Y,2,0,4,3,A,-,03,22350,,N,C,C,A,A,H,-,A,D,0,,,,,Y,,D,22,1,2,1,0,0,0,0,0,0,"- ","- ",35.419540405273438,-119.02333068847656,KERN,UNINCORPORATED,-119.02332305908203,35.419509887695312
91734011,2022,2022-03-25,9420,2022-03-16,2000,021547,,3,2,9,1500,0,3,5,,2,030,"CALIENTE CREEK RD","QUAIL RIDGE COURT",6864.00,S,N,A,-,N,,,,,,,,,,Y,2,0,2,1,A,-,01,23152,A,M,F,A,A,A,H,-,D,D,0,,,,,Y,Y,A,07,2,0,0,0,0,0,0,0,0,"- ","- ",35.332878112792969,-118.39225769042969,KERN,UNINCORPORATED,-118.39222717285156,35.330787658691406
91736394,2022,2022-03-29,9420,2022-03-23,1910,021534,,3,2,9,1500,0,3,5,,2,070,"EASTER ST","POTOMAC AVE",3.00,S,N,A,-,N,,,,,,,,,,N,2,0,1,1,A,-,08,22107,,N,F,A,A,A,H,-,B,D,0,,Y,,,Y,Y,L,04,1,0,0,0,0,0,1,0,0,"- ","- ",35.364971160888672,-118.96251678466797,KERN,UNINCORPORATED,-118.96250915527344,35.364963531494141
91745270,2022,2022-04-11,9420,2022-04-03,0505,021572,,7,3,9,1500,0,1,3,,2,155,SR-155,"WALLACE RD",15.00,E,N,A,-,Y,KER,,155,,R,4.481,H,,R,Y,2,0,3,1,A,-,08,22107,,N,E,I,A,A,H,-,D,D,0,,,,,Y,,A,01,3,0,0,0,0,0,0,0,0,"- ","- ",35.761569976806641,-119.16953277587891,KERN,UNINCORPORATED,-119.16952514648438,35.761497497558594
91749994,2021,2022-04-18,9420,2021-12-20,0800,016978,,1,1,9,1500,0,1,3,,2,097,"SR-99 S/B",SR-223,1000.00,S,N,E,-,Y,,,99,,,,,,S,Y,1,1,1,1,A,-,08,22107,,N,E,I,A,A,H,-,A,D,0,,,,,Y,,D,22,1,0,0,0,0,0,0,0,0,"- ","- ",35.205329895019531,-119.01004791259766,KERN,UNINCORPORATED,-119.00989532470703,35.205352783203125
91750353,2022,2022-04-18,9420,2022-02-13,2255,021566,,7,3,9,1500,0,1,3,,1,176,"SR-178 E/B","ALTA VISTA DRIVE OVERCROSSING",165.00,W,N,A,-,Y,KER,,178,,R,2.751,H,,R,Y,1,1,0,1,A,-,08,22107,,N,E,8,A,A,H,-,C,D,0,,,,,Y,,A,01,0,0,0,0,0,0,0,0,0,"- ","- ",35.383430480957031,-118.99729919433594,KERN,UNINCORPORATED,-118.99729919433594,35.383430480957031
91752685,2022,2022-04-20,9426,2022-03-18,0147,018919,,5,3,9,1500,0,1,3,,2,582,"STATE ROUTE 58","STATE ROUTE 43",4224.00,W,N,A,-,Y,KER,,58,,R,38.872,H,,R,Y,1,1,1,2,A,-,01,23152,A,N,A,D,A,A,H,-,D,D,0,,,,Y,Y,Y,A,07,1,0,0,0,0,0,0,0,0,"- ","- ",35.354438781738281,-119.25892639160156,KERN,UNINCORPORATED,-119.25892639160156,35.354438781738281
91758527,2021,2022-04-28,9420,2021-10-02,2200,021596,,6,3,9,1500,0,2,4,,1,075,"S. UNION AVENUE","PACHECO ROAD",305.00,S,N,A,-,N,,,,,,,,,,Y,1,1,1,2,A,-,11,21954,A,F,G,B,D,A,H,-,C,D,0,Y,,,,Y,Y,N,60,0,1,0,1,0,0,0,0,0,"- ","- ",35.30950927734375,-119.00296020507812,KERN,UNINCORPORATED,-119.00312805175781,35.309551239013672
91762373,2022,2022-05-02,9420,2022-04-21,1240,016973,,4,1,9,1500,0,2,4,,1,051,"MANOR ST.","FERGUSON AVE.",0.00,,Y,A,-,N,,,,,,,,,,Y,2,0,2,2,A,-,09,21801,A,N,C,C,A,A,H,-,A,D,0,,,,,Y,,D,22,1,1,0,0,0,0,0,0,0,"- ","- ",35.4163818359375,-119.01277923583984,KERN,UNINCORPORATED,-119.01284790039062,35.416351318359375
91767476,2022,2022-05-09,9430,2022-04-28,1600,020875,,4,2,9,1500,0,2,4,,1,022,"DIRT TRAIL","FRAZIER MOUNTAIN PARK ROAD",40.00,S,N,A,-,N,,,,,,,,,,N,2,0,1,1,B,-,22,,,N,F,A,A,A,H,-,A,D,0,,,Y,,Y,,C,02,1,0,0,0,0,0,0,0,1,"- ","- ",34.818561553955078,-118.99285125732422,KERN,UNINCORPORATED,,
91769371,2022,2022-05-11,9420,2022-04-29,1745,021766,,5,2,9,1500,0,3,5,,2,070,"EUCALYPTUS DR.","TROY ST.",0.00,,Y,A,-,N,,,,,,,,,,N,2,0,1,2,A,-,11,21954,A,F,G,B,D,A,H,-,A,D,0,Y,,,,Y,,N,60,1,0,0,0,1,0,0,0,0,"- ","- ",35.365188598632812,-118.93350219726562,KERN,UNINCORPORATED,-118.93341064453125,35.365165710449219
91769779,2022,2022-05-11,9420,2022-01-21,0700,016973,,5,1,9,1500,0,2,4,,1,052,"NORRIS ROAD","MELODY LANE",85.00,W,N,B,E,N,,,,,,,,,,Y,1,1,0,2,A,-,08,22102,,N,D,C,A,D,H,-,A,D,0,,,,,Y,,D,22,0,0,0,0,0,0,0,0,0,"- ","- ",35.419658660888672,-119.05226135253906,KERN,UNINCORPORATED,-119.05219268798828,35.419609069824219
91772958,2022,2022-05-16,9830,2022-05-05,0245,015977,,4,3,9,1500,0,1,3,,1,052,SR-178,"BROWN RD",18.00,E,N,A,-,Y,KER,,178,,,92.511,H,,R,Y,2,0,1,1,A,-,01,23152,A,N,E,I,A,A,H,-,C,D,0,,,,,Y,Y,A,01,1,0,0,0,0,0,0,0,0,"- ","- ",35.646961212158203,-117.81223297119141,KERN,UNINCORPORATED,-117.81223297119141,35.646976470947266
91779886,2022,2022-05-25,9420,2022-05-05,1510,019868,,4,2,9,1500,0,3,5,,2,060,"KNUDSEN DR","SR-99 S/B, TO NORRIS RD",0.00,,Y,A,-,Y,KER,,99,,R,28.791,H,,L,Y,2,0,1,3,A,-,12,22450,A,N,A,C,A,A,H,-,A,A,0,,,,,Y,,A,01,1,0,0,0,0,0,0,0,0,"- ","- ",35.423919677734375,-119.06282806396484,KERN,UNINCORPORATED,-119.06261444091797,35.424045562744141
91795986,2022,2022-06-15,9426,2022-06-10,0730,014967,,5,1,9,1500,0,1,1,,2,504,"INTERSTATE 5 N/B","PUMPING STATION ROAD O/C",15840.00,N,N,A,-,Y,KER,,5,,,45.382,H,,R,Y,2,0,4,2,A,-,08,22107,,N,D,C,A,A,C,-,A,A,0,,,,,Y,,A,07,1,3,0,0,0,0,0,0,0,"- ","- ",35.334529876708984,-119.30680847167969,KERN,UNINCORPORATED,-119.30685424804688,35.334487915039062
91798849,2022,2022-06-20,9420,2022-06-09,1515,021773,,4,2,9,1500,0,2,4,,1,064,"OLIVE DRIVE","ROBERTS LANE",15.00,W,N,A,-,N,,,,,,,,,,Y,2,0,2,2,A,-,03,22350,,N,C,C,A,A,H,-,A,A,0,,,,,Y,,A,01,1,0,1,0,0,0,0,0,0,"- ","- ",35.412338256835938,-119.04882049560547,KERN,UNINCORPORATED,-119.04865264892578,35.412391662597656
91803716,2022,2022-06-27,9426,2022-06-18,1535,018610,,6,2,9,1500,0,1,3,,1,118,SR-119,"I-5 S/B OFF TO SR-119",600.00,W,N,A,-,Y,KER,,119,,,19.553,H,,R,Y,2,0,2,2,A,-,09,21804,A,N,D,C,A,A,H,-,A,D,0,,,,,Y,,A,07,1,1,0,0,0,0,0,0,0,"- ","- ",35.267230987548828,-119.22846221923828,KERN,UNINCORPORATED,-119.22846221923828,35.267082214355469
91804639,2022,2022-06-28,9420,2022-06-16,2209,020484,,4,3,9,1500,0,3,5,,2,671,"DI GIORGIO ROAD","MALAGA RD",139.00,W,N,A,-,N,,,,,,,,,,Y,2,0,1,2,A,-,03,22350,,N,C,C,A,A,H,-,D,D,0,,,,Y,Y,,A,01,1,0,0,0,0,0,0,0,0,"- ","- ",35.252658843994141,-118.80655670166016,KERN,UNINCORPORATED,-118.86097717285156,35.252658843994141
91804709,2022,2022-06-28,9420,2022-06-21,1440,018481,,2,2,9,1500,0,1,3,,2,462,"SR-46 (PASO ROBLES HWY)","BEECH AVE.",0.00,,Y,A,-,Y,KER,,46,,,55.096,H,,R,Y,2,0,1,2,A,-,06,21755,,N,D,C,A,A,H,-,A,D,0,,,Y,,Y,,C,02,1,0,0,0,0,0,0,0,1,"- ","- ",35.601890563964844,-119.25898742675781,KERN,UNINCORPORATED,-119.25898742675781,35.601818084716797
91806650,2022,2022-06-30,9420,2022-06-28,2240,021667,,2,3,9,1500,0,3,5,,2,050,"MERLE HAGGARD","WINGS WAY",511.00,E,N,A,-,N,,,,,,,,,,N,2,0,2,2,A,-,01,23152,A,N,C,C,A,A,H,-,C,D,0,,,Y,,Y,Y,A,01,1,1,0,0,0,0,0,0,1,"- ","- ",35.441078186035156,-119.05043792724609,KERN,UNINCORPORATED,-119.05068969726562,35.441226959228516
91813946,2022,2022-07-11,9420,2022-06-29,0025,021566,,3,3,6,1502,0,1,3,,2,092,"SR-99 N/B TO CALIFORNIA AVENUE","CALIFORNIA AVENUE",206.00,S,N,A,-,Y,,,,,,,,,,Y,2,0,1,3,A,-,01,23152,A,N,E,8,A,A,H,-,C,D,0,,,,,Y,Y,A,01,1,0,0,0,0,0,0,0,0,"- ","- ",35.367801666259766,-119.04026794433594,KERN,BAKERSFIELD,-119.04026794433594,35.367801666259766
91825849,2022,2022-07-27,9420,2022-07-22,0955,020366,,5,1,9,1500,0,3,5,,2,540,"POND ROAD","MELCHER ROAD",2000.00,E,N,A,-,N,,,,,,,,,,Y,2,0,1,2,A,-,06,21750,A,N,D,C,A,A,H,-,A,D,0,,,,,Y,,A,01,1,0,0,0,0,0,0,0,0,"- ","- ",35.717849731445312,-119.26817321777344,KERN,UNINCORPORATED,-119.26966857910156,35.717765808105469
91825854,2022,2022-07-27,9420,2022-06-06,1720,020634,,1,2,9,1500,0,3,5,,2,050,"WOODROW AVENUE","OILDALE DRIVE",197.00,W,N,A,-,N,,,,,,,,,,Y,1,1,1,1,A,-,01,23152,F,N,H,A,A,A,H,-,A,D,0,,,,,Y,,A,01,1,0,0,0,0,0,0,0,0,"- ","- ",35.4163818359375,-119.03079223632812,KERN,UNINCORPORATED,-119.03069305419922,35.416393280029297
91828964,2022,2022-07-29,9430,2022-07-23,2154,021486,,6,2,9,1500,0,1,1,,2,053,"I-5 N/B","GRAPEVINE RD",5808.00,S,N,A,-,Y,KER,,5,,,9.044,H,,R,Y,2,0,1,3,A,-,09,21802,A,N,C,C,A,A,G,-,D,D,0,,,Y,,Y,,C,02,1,0,0,0,0,0,0,0,1,"- ","- ",34.92449951171875,-118.92233276367188,KERN,UNINCORPORATED,-118.92240142822266,34.924510955810547