CASE_ID,ACCIDENT_YEAR,PROC_DATE,JURIS,COLLISION_DATE,COLLISION_TIME,OFFICER_ID,REPORTING_DISTRICT,DAY_OF_WEEK,CHP_SHIFT,POPULATION,CNTY_CITY_LOC,SPECIAL_COND,BEAT_TYPE,CHP_BEAT_TYPE,CITY_DIVISION_LAPD,CHP_BEAT_CLASS,BEAT_NUMBER,PRIMARY_RD,SECONDARY_RD,DISTANCE,DIRECTION,INTERSECTION,WEATHER_1,WEATHER_2,STATE_HWY_IND,CALTRANS_COUNTY,CALTRANS_DISTRICT,STATE_ROUTE,ROUTE_SUFFIX,POSTMILE_PREFIX,POSTMILE,LOCATION_TYPE,RAMP_INTERSECTION,SIDE_OF_HWY,TOW_AWAY,COLLISION_SEVERITY,NUMBER_KILLED,NUMBER_INJURED,PARTY_COUNT,PRIMARY_COLL_FACTOR,PCF_CODE_OF_VIOL,PCF_VIOL_CATEGORY,PCF_VIOLATION,PCF_VIOL_SUBSECTION,HIT_AND_RUN,TYPE_OF_COLLISION,MVIW,PED_ACTION,ROAD_SURFACE,ROAD_COND_1,ROAD_COND_2,LIGHTING,CONTROL_DEVICE,CHP_ROAD_TYPE,PEDESTRIAN_ACCIDENT,BICYCLE_ACCIDENT,MOTORCYCLE_ACCIDENT,TRUCK_ACCIDENT,NOT_PRIVATE_PROPERTY,ALCOHOL_INVOLVED,STWD_VEHTYPE_AT_FAULT,CHP_VEHTYPE_AT_FAULT,COUNT_SEVERE_INJ,COUNT_VISIBLE_INJ,COUNT_COMPLAINT_PAIN,COUNT_PED_KILLED,COUNT_PED_INJURED,COUNT_BICYCLIST_KILLED,COUNT_BICYCLIST_INJURED,COUNT_MC_KILLED,COUNT_MC_INJURED,PRIMARY_RAMP,SECONDARY_RAMP,LATITUDE,LONGITUDE,COUNTY,CITY,POINT_X,POINT_Y
91831116,2022,2022-08-02,9830,2022-07-29,2340,021851,,5,3,9,1500,0,1,3,,2,010,"SR-58 E/B","BROOME ROAD OVERCROSSING",2200.00,E,N,A,-,Y,KER,,58,,R,85.603,H,,R,Y,2,0,2,3,A,-,01,23152,A,F,C,C,A,A,H,-,D,D,0,,,,Y,Y,Y,D,22,1,1,0,0,0,0,0,0,0,"- ","- ",35.196430206298828,-118.51596069335938,KERN,UNINCORPORATED,-118.51596069335938,35.196434020996094
91842712,2022,2022-08-17,9420,2022-08-14,1009,021260,,7,1,9,1500,0,2,4,,2,031,"LAKE ISABELLA BOULEVARD","ERSKINE CREEK ROAD",10.00,N,N,A,-,N,,,,,,,,,,Y,1,1,0,5,A,-,03,22350,,N,B,C,A,A,H,-,A,A,0,,,,,Y,,A,01,0,0,0,0,0,0,0,0,0,"- ","- ",35.616741180419922,-118.47836303710938,KERN,UNINCORPORATED,-118.47842407226562,35.616485595703125
91843200,2022,2022-08-18,9420,2022-08-04,1445,021915,,4,2,9,1500,0,1,3,,2,155,SR-155,"DEADRICH RANCH ROAD",1056.00,E,N,B,C,Y,KER,,155,,,65.589,H,,R,Y,2,0,8,2,A,-,05,21460,A,N,A,C,A,D,H,-,A,D,0,,,,,Y,,A,07,1,4,3,0,0,0,0,0,0,"- ","- ",35.693679809570312,-118.46803283691406,KERN,UNINCORPORATED,-118.46800231933594,35.693675994873047
91846504,2022,2022-08-25,9420,2022-06-27,2050,020402,,1,2,9,1500,0,2,4,,1,051,"NORTH CHESTER AVENUE","LINCOLN AVENUE",0.00,,Y,A,-,N,,,,,,,,,,N,1,1,0,2,A,-,11,21954,A,N,G,B,D,A,H,-,C,A,0,Y,,,,Y,Y,N,60,0,0,0,1,0,0,0,0,0,"- ","- ",35.414539337158203,-119.02124786376953,KERN,UNINCORPORATED,-119.02120971679688,35.414585113525391
91846960,2022,2022-08-23,9830,2022-07-05,0105,021870,,2,3,9,1500,0,1,3,,2,021,"STATE ROUTE 58 EASTBOUND","STATE ROUTE 14",1143.00,E,N,A,-,Y,KER,,58,,M,111.371,H,,R,Y,1,2,0,1,A,-,08,22107,,N,F,A,A,A,H,-,D,D,0,,,,,Y,,D,22,0,0,0,0,0,0,0,0,0,"- ","- ",35.097000122070312,-118.14080810546875,KERN,UNINCORPORATED,-118.14083099365234,35.096969604492188
91851103,2022,2022-08-29,9830,2022-08-25,2345,021870,,4,3,9,1500,0,3,5,,2,007,"STATE ROUTE 5 WESTBOUND","BROOME ROAD",147.00,E,N,A,-,Y,,,,,,,,,,Y,2,0,1,1,A,-,08,22107,,N,E,8,A,A,H,-,D,D,0,,,,,Y,,A,08,1,0,0,0,0,0,0,0,0,"- ","- ",35.000038146972656,-118.52162933349609,KERN,UNINCORPORATED,,
91867917,2022,2022-09-19,9420,2022-09-16,1650,020402,,5,2,9,1500,0,3,5,,2,671,"NORTH WHEELER RIDGE ROAD","MILLUX ROAD",3560.00,N,N,A,-,N,,,,,,,,,,Y,2,0,3,1,A,-,03,22350,,N,E,I,A,A,H,-,A,D,0,,,,,Y,,A,01,2,1,0,0,0,0,0,0,0,"- ","- ",35.189701080322266,-118.9144287109375,KERN,UNINCORPORATED,-118.91455841064453,35.189296722412109
9186794,2020,2020-12-02,1511,2020-04-30,2500,53301,4,4,5,2,1511,0,0,0,,0,00A,"NORTH LOOP BL","NORTH LOOP BL 9817",0.00,,Y,A,-,N,,,,,,,,,,N,2,0,1,2,A,-,09,21801,A,N,B,C,A,A,H,-,A,D,0,,,,,Y,,A,01,1,0,0,0,0,0,0,0,0,"- ","- ",35.133460998535156,-117.95350646972656,KERN,"CALIFORNIA CITY",-117.953526,35.133310000000002
91883198,2022,2022-10-05,9420,2022-09-13,2258,020093,,2,3,6,1502,0,1,3,,2,092,"STATE ROUTE 99 NORTHBOUND","ROSEDALE HIGHWAY",1880.00,S,N,A,-,Y,KER,,99,,,25.283,H,,R,Y,1,1,0,2,A,-,11,21954,A,N,G,B,E,A,H,-,D,D,0,Y,,,,Y,,N,60,0,0,0,1,0,0,0,0,0,"- ","- ",35.377819061279297,-119.04421997070312,KERN,BAKERSFIELD,-119.04436492919922,35.377819061279297
91885309,2022,2022-10-07,9420,2022-10-02,1632,020634,,7,2,9,1500,0,2,4,,1,051,"MANOR STREET","NORRIS ROAD",0.00,,Y,A,-,N,,,,,,,,,,Y,2,0,3,2,A,-,12,21453,A,N,D,C,A,A,H,-,A,A,0,,,,,Y,,A,07,2,1,0,0,0,0,0,0,0,"- ","- ",34.419719696044922,-119.01286315917969,KERN,UNINCORPORATED,-119.01285552978516,35.419715881347656
91891163,2022,2022-10-17,9426,2022-09-29,0625,014887,,4,1,9,1500,0,1,3,,2,330,"KIMBERLINA RD","CENTRAL AVE",195.00,E,N,A,-,N,,,,,,,,,,Y,2,0,2,2,A,-,05,21650,,N,A,C,A,A,H,-,B,D,0,,,,,Y,,A,07,2,0,0,0,0,0,0,0,0,"- ","- ",38.557979583740234,-119.35780334472656,KERN,UNINCORPORATED,-119.35779571533203,35.557971954345703
91892697,2022,2022-10-18,9420,2022-10-03,1545,018481,,1,2,9,1500,0,2,4,,1,075,"S. UNION AVE.","SHAFTER RD.",500.00,N,N,A,-,N,,,,,,,,,,Y,2,0,1,1,A,-,08,22107,,N,F,A,A,A,H,-,A,D,0,,,Y,,Y,,C,02,1,0,0,0,0,0,0,0,1,"- ","- ",35.226268768310547,-119.00299835205078,KERN,UNINCORPORATED,-119.00308227539062,35.224521636962891
91898515,2022,2022-10-25,9426,2022-10-20,1007,016804,,4,1,9,1500,0,3,5,,2,086,"LERDO HWY.","SCARONI AVE.",500.00,W,N,A,-,N,,,,,,,,,,Y,2,0,1,3,C,-,18,,,N,E,I,A,A,H,-,A,D,0,,,,Y,Y,,-,"- ",1,0,0,0,0,0,0,0,0,"- ","- ",35.499721527099609,-119.32334136962891,KERN,UNINCORPORATED,-119.31552124023438,35.499942779541016
91904464,2022,2022-10-28,9420,2022-08-05,0500,021667,,5,3,9,1500,0,1,3,,2,092,"STATE ROUTE 99 NORTHBOUND","OLIVE DRIVE",1186.00,N,N,A,-,Y,KER,,99,,R,28.133,H,,R,Y,1,1,0,2,A,-,08,22107,,N,E,8,A,A,H,-,B,D,0,,,,Y,Y,,A,07,0,0,0,0,0,0,0,0,0,"- ","- ",35.415248870849609,-119.05786895751953,KERN,UNINCORPORATED,-119.05793762207031,35.415199279785156
91906731,2022,2022-11-01,9430,2022-10-22,1340,019845,,6,1,9,1500,0,1,1,,2,052,"I-5 NORTHBOUND","LEBEC SERVICE ROAD O/C",12.00,S,N,B,-,Y,KER,,5,,,1.598,H,,R,Y,2,0,4,2,A,-,08,22107,,N,B,C,A,A,H,-,A,D,0,,,,,Y,,A,01,1,0,3,0,0,0,0,0,0,"- ","- ",34.83551025390625,-118.8634033203125,KERN,UNINCORPORATED,-118.86347198486328,34.835536956787109
91911160,2022,2022-11-07,9420,2022-10-26,1913,019686,,3,2,9,1500,0,1,3,,2,430,SR-43,"POND ROAD",0.00,,Y,A,-,N,,,,,,,,,,Y,2,0,3,2,A,-,01,23152,A,N,D,C,A,A,H,-,D,D,0,,,,,Y,Y,A,01,2,1,0,0,0,0,0,0,0,"- ","- ",35.717700958251953,-119.33042144775391,KERN,UNINCORPORATED,-119.33041381835938,35.717689514160156
91914173,2022,2022-11-09,9430,2022-01-14,0335,016388,,5,3,9,1500,0,1,1,,2,053,"I-5 N/B","FORT TEJON RD",980.00,N,N,A,-,Y,KER,,5,,,5.211,H,,R,N,1,1,1,2,A,-,01,23153,A,N,A,C,A,A,H,-,D,D,0,,,,,Y,Y,A,01,1,0,0,0,0,0,0,0,0,"- ","- ",34.878860473632812,-118.89708709716797,KERN,UNINCORPORATED,-118.89717864990234,34.878799438476562
91916729,2022,2022-11-14,9420,2022-05-06,2029,021365,,5,2,9,1500,0,2,4,,1,072,"NILES STREET","FAIRFAX ROAD",0.00,,Y,A,-,N,,,,,,,,,,N,1,1,0,2,A,-,10,21950,A,F,G,B,B,A,H,-,C,A,0,Y,,,Y,Y,,G,25,0,0,0,1,0,0,0,0,0,"- ","- ",35.375900268554688,-118.93209838867188,KERN,UNINCORPORATED,-118.93203735351562,35.375995635986328
91921465,2022,2022-11-18,9420,2022-10-30,1640,021144,,7,2,9,1500,0,3,5,,2,040,"ROUND MOUNTAIN RD.","GOLDEN HILLS RD.",26400.00,N,N,A,-,N,,,,,,,,,,Y,2,0,1,1,A,-,08,22107,,N,F,A,A,A,H,-,A,D,0,,,Y,,Y,,C,02,1,0,0,0,0,0,0,0,1,"- ","- ",35.487289428710938,-118.87928009033203,KERN,UNINCORPORATED,,
91921559,2022,2022-11-18,9420,2022-11-14,1745,020402,,1,2,9,1500,0,3,5,,2,050,"MERLE HAGGARD DRIVE (WESTBOUND)","AIRPORT DRIVE",135.00,E,N,A,-,N,,,,,,,,,,Y,2,0,2,2,A,-,03,22350,,N,C,C,A,A,H,-,C,D,0,,,,,Y,,A,07,1,0,1,0,0,0,0,0,0,"- ","- ",35.441211700439453,-119.03820037841797,KERN,UNINCORPORATED,-119.03841400146484,35.441127777099609
91924042,2022,2022-11-22,9420,2022-11-13,1825,021144,,7,2,9,1500,0,3,5,,2,672,"KERN CANYON RD.","SHALANE DR.",65.00,W,N,A,-,N,,,,,,,,,,N,2,0,1,2,A,-,11,21954,A,N,G,B,D,A,H,-,C,D,0,Y,,,,Y,Y,N,60,1,0,0,0,1,0,0,0,0,"- ","- ",35.376838684082031,-118.90979766845703,KERN,UNINCORPORATED,-118.90966796875,35.3768310546875
91930059,2022,2022-11-30,9420,2022-06-17,1600,021766,,5,2,9,1500,0,3,5,,2,040,"RIVER BOULEVARD","GOODMAN STREET",0.00,,Y,A,-,N,,,,,,,,,,Y,1,1,1,2,A,-,08,22103,,N,D,C,A,A,H,-,A,D,0,,,Y,,Y,Y,A,01,0,0,1,0,0,0,0,1,0,"- ","- ",35.392318725585938,-118.98516082763672,KERN,UNINCORPORATED,-118.98516845703125,35.392372131347656
91931515,2022,2022-12-01,9426,2022-11-25,1040,017254,,5,1,9,1500,0,3,5,,2,082,"RUDNICK ROAD","7TH STANDARD ROAD",0.00,,Y,A,-,N,,,,,,,,,,Y,2,0,2,2,A,-,09,21802,A,N,D,C,A,A,H,-,A,A,0,,,,,Y,,A,01,1,0,1,0,0,0,0,0,0,"- ","- ",35.442348480224609,-119.45889282226562,KERN,UNINCORPORATED,,
91936058,2022,2022-12-07,9420,2022-09-09,2200,021596,,5,3,9,1500,0,3,5,,2,671,"MALAGA ROAD","SUNSET BOULEVARD",0.00,,Y,A,-,N,,,,,,,,,,Y,1,3,0,2,A,-,12,22450,A,N,D,C,A,A,H,-,D,A,0,,,,Y,Y,,G,25,0,0,0,0,0,0,0,0,0,"- ","- ",35.223499298095703,-118.86029052734375,KERN,UNINCORPORATED,-118.86028289794922,35.223480224609375
91937408,2022,2022-12-08,9420,2022-12-03,1819,020782,,6,2,9,1500,0,1,3,,2,178,SR-178,"ELIZABETH NORRIS ROAD",6336.00,S,N,B,-,Y,KER,,178,,R,40.449,H,,R,Y,2,0,2,1,A,-,08,22107,,N,E,8,A,A,H,-,D,D,0,,,,,Y,,D,22,1,0,1,0,0,0,0,0,0,"- ","- ",35.600940704345703,-118.50509643554688,KERN,UNINCORPORATED,-118.50511169433594,35.600994110107422
91939881,2022,2022-12-12,9830,2022-09-17,0555,020427,,6,3,9,1500,0,1,3,,1,040,"STATE ROUTE 14 SOUTHBOUND","STATE ROUTE 58 EASTBOUND TO STATE ROUTE 14",0.00,,Y,A,-,Y,KER,,14,,,18.993,H,,L,Y,1,1,0,2,A,-,09,21802,A,N,D,C,A,A,H,-,C,A,0,,,Y,,Y,,A,01,0,0,0,0,0,0,0,1,0,"- ","- ",35.097549438476562,-118.14552307128906,KERN,UNINCORPORATED,-118.14558410644531,35.097583770751953
91967181,2023,2023-01-12,9426,2023-01-10,"150 ",016579,,2,3,9,1500,0,1,3,,2,331,SR-33,"BROWN MATERIAL RD",10560.00,N,N,B,C,Y,KER,,33," "," ",56.881,H,,R,Y,2,0,1,2,A,-,03,22350,,N,C,C,A,D,B,F,D,B,0,,,,Y,Y,,F,26,1,0,0,0,0,0,0,0,0,"- ","- ",35.581928253173828,-119.82711029052734,KERN,UNINCORPORATED,-119.82713317871094,35.5819091796875
91984969,2023,2023-02-02,9420,2023-02-01,"305 ",021480,,3,3,9,1500,0,3,5,,2,060,"KNUDSEN DR","OLIVE DR",800.00,N,N,A,-,N,,,,,,,,,,Y,2,0,2,1,A,-,01,23152,F,N,E,I,A,A,H,-,C,D,0,,,,,Y,,A,01,1,0,1,0,0,0,0,0,0,"- ","- ",35.414730072021484,-119.05860137939453,KERN,UNINCORPORATED,-119.05876922607422,35.414463043212891
91990738,2023,2023-02-09,9420,2023-01-06,2255,021761,,5,3,9,1500,0,2,4,,1,075,"SOUTH UNION AVENUE NORTHBOUND","WATTS AVENUE.",249.00,S,N,A,-,N,,,,,,,,,,N,1,1,0,2,A,-,11,21954,A,N,G,B,D,A,H,-,D,D,0,Y,,,,Y,,N,60,0,0,0,1,0,0,0,0,0,"- ","- ",35.330890655517578,-119.00296783447266,KERN,UNINCORPORATED,-119.00298309326172,35.331497192382812
91993369,2023,2023-02-13,9426,2023-01-15,1730,021948,,7,2,9,1500,0,1,3,,2,331,"STATE ROUTE 33","ARNOLD AVENUE (EAST)",36.00,S,N,C,-,Y,KER,,33," "," ",29.249,H,,R,Y,1,1,0,2,A,-,11,21954,A,N,G,B,E,B,H,-,D,D,0,Y,,,,Y,,N,60,0,0,0,1,0,0,0,0,0,"- ","- ",35.244529724121094,-119.59237670898438,KERN,UNINCORPORATED,-119.59234619140625,35.244552612304688
91997176,2023,2023-02-17,9420,2023-01-03,1756,021134,,2,2,6,1502,0,1,3,,1,176,"STATE ROUTE 178 WESTBOUND","NILES STREET",740.00,E,N,A,-,Y,KER,,178," ",R,2.946,H,,L,N,1,1,0,2,A,-,11,21954,A,N,G,B,D,A,H,-,D,D,0,Y,,,,Y,,N,60,0,0,0,1,0,0,0,0,0,"- ","- ",35.384201049804688,-118.99387359619141,KERN,BAKERSFIELD,-118.99387359619141,35.384201049804688
92002567,2023,2023-02-24,9420,2023-02-11,1630,021667,,6,2,9,1500,0,3,5,,2,672,"REDBANK ROAD","GLEBE ROAD",220.00,E,N,A,-,N,,,,,,,,,,N,2,0,1,2,A,-,09,21804,A,N,D,C,A,A,H,-,A,D,0,,,Y,,Y,,C,06,1,0,0,0,0,0,0,0,1,"- ","- ",35.339771270751953,-118.92333221435547,KERN,UNINCORPORATED,,
92004404,2023,2023-02-27,9426,2023-02-23,1230,017254,,4,1,9,1500,0,1,1,,2,500,"I-5 N/B","TWISSELMAN ROAD",2640.00,S,N,B,C,Y,KER,,5," "," ",81.898,H,,R,Y,2,0,4,2,A,-,08,22107,,N,E,8,A,B,D,-,A,D,0,,,,,Y,,A,07,1,3,0,0,0,0,0,0,0,"- ","- ",35.726329803466797,-119.73499298095703,KERN,UNINCORPORATED,-119.73496246337891,35.726341247558594
92005329,2023,2023-02-28,9420,2023-02-27,"933 ",020782,,1,1,9,1500,0,1,3,,2,178,SR-178,"YANKEE CANYON DRIVE",2112.00,W,N,C,-,Y,KER,,178," "," ",46.875,H,,R,N,2,0,1,1,A,-,08,22107,,N,E,I,A,B,H,-,A,D,0,,,,,Y,,A,07,1,0,0,0,0,0,0,0,0,"- ","- ",35.656871795654297,-118.44786834716797,KERN,UNINCORPORATED,-118.4478759765625,35.656894683837891
92012327,2023,2023-03-08,9420,2023-02-28,1522,021802,,2,2,9,1500,0,3,5,,2,070,"EDWARDS AVE.","JADE AVE.",415.00,E,N,B,-,N,,,,,,,,,,N,2,0,1,2,C,-,18,,,N,G,B,D,A,H,-,A,A,0,Y,,,,Y,,-,"- ",1,0,0,0,1,0,0,0,0,"- ","- ",35.389381408691406,-118.9544677734375,KERN,UNINCORPORATED,-118.95451354980469,35.389377593994141
92012589,2023,2023-03-08,9420,2023-02-17,1205,016767,,5,1,9,1500,0,1,3,,1,650,SR-65,SR-155,2150.00,S,N,A,-,Y,KER,,65," "," ",22.775,H,,R,Y,1,1,0,1,A,-,08,22107,,N,E,9,A,A,H,-,A,D,0,,,,,Y,,A,01,0,0,0,0,0,0,0,0,0,"- ","- ",35.756080627441406,-119.05326080322266,KERN,UNINCORPORATED,-119.05319976806641,35.756084442138672
92014902,2023,2023-03-10,9420,2023-02-24,1943,019353,,5,2,9,1500,0,3,5,,2,050,"AIRPORT DRIVE","WOODROW AVENUE",0.00,,Y,B,C,N,,,,,,,,,,N,2,0,1,2,A,-,10,21950,A,F,G,B,B,B,H,-,C,A,0,Y,,,,Y,,-,99,1,0,0,0,1,0,0,0,0,"- ","- ",35.416271209716797,-119.03916168212891,KERN,UNINCORPORATED,-119.03913879394531,35.416358947753906
92025600,2023,2023-03-22,9420,2023-03-11,"210 ",021820,,6,3,9,1500,0,2,4,,1,064,"OLIVE DRIVE","KNUDSEN DRIVE",0.00,,Y,B,-,N,,,,,,,,,,Y,2,0,2,2,A,-,08,22100,A,N,D,2,A,A,H,-,C,A,0,,,,Y,Y,Y,A,01,2,0,0,0,0,0,0,0,0,"- ","- ",35.412429809570312,-119.05853271484375,KERN,UNINCORPORATED,-119.05878448486328,35.412273406982422
92043451,2023,2023-04-12,9426,2023-03-31,1812,018610,,5,2,9,1500,0,1,3,,1,118,SR-119,"SUNRIDGE AVE.",1056.00,W,N,A,-,Y,KER,,119," "," ",8.581,H,,R,Y,2,0,1,1,C,-,18,,,N,E,H,A,A,H,-,A,D,0,,,,,Y,,-,"- ",1,0,0,0,0,0,0,0,0,"- ","- ",35.222938537597656,-119.38516235351562,KERN,UNINCORPORATED,-119.38520812988281,35.222984313964844
92045207,2023,2023-04-14,9420,2023-02-07,1843,021134,,2,2,9,1500,0,2,4,,1,075,"SOUTH UNION AVENUE NORTHBOUND","ADAMS STREET",0.00,,Y,A,-,N,,,,,,,,,,N,1,1,0,2,A,-,11,21950,B,N,G,B,B,A,H,-,D,D,0,Y,,,,Y,,N,60,0,0,0,1,0,0,0,0,0,"- ","- ",35.343620300292969,-119.00293731689453,KERN,UNINCORPORATED,-119.00295257568359,35.343612670898438
92046883,2022,2023-04-17,9420,2022-10-04,2307,021566,,2,3,9,1500,0,2,4,,1,051,"N CHESTER AVENUE","BANCROFT DRIVE",0.00,,Y,A,-,N,,,,,,,,,,Y,1,2,1,2,A,-,03,22350,,N,D,C,A,A,H,-,C,D,0,,,Y,,Y,,C,02,0,1,0,0,0,0,0,2,0,"- ","- ",35.430629730224609,-119.02123260498047,KERN,UNINCORPORATED,-119.02123260498047,35.430622100830078
92052810,2023,2023-04-25,9830,2023-02-04,2049,021870,,6,2,9,1500,0,1,3,,2,030,"STATE ROUTE 14 NORTHBOUND","BACKUS ROAD",2640.00,N,N,A,-,Y,KER,,178," "," ",83.712,H,,R,Y,1,1,0,1,A,-,01,23152,A,N,E,I,A,A,H,-,D,D,0,,,,,Y,Y,D,22,0,0,0,0,0,0,0,0,0,"- ","- ",35.633941650390625,-117.97087097167969,KERN,UNINCORPORATED,-117.9708251953125,35.633987426757812
92054501,2023,2023-04-27,9830,2023-04-17,"552 ",020866,,1,3,9,1500,0,1,3,,2,030,SR-14,"SILVER QUEEN RD.",7920.00,S,N,A,-,Y,KER,,14," ",R,10.653,H,,R,Y,2,0,1,1,A,-,01,23152,,N,F,A,A,A,H,-,B,D,0,,,,,Y,Y,A,07,1,0,0,0,0,0,0,0,0,"- ","- ",34.973800659179688,-118.15931701660156,KERN,UNINCORPORATED,-118.15927124023438,34.973796844482422
92056802,2023,2023-04-28,9420,2023-03-14,1530,021133,,2,2,9,1500,0,1,3,,2,589,"STATE ROUTE 58 WESTBOUND","BEALVILLE ROAD",3115.00,E,N,B,C,Y,,,,,,,,,,Y,1,1,0,1,A,-,03,22350,,N,E,I,A,B,H,-,A,D,0,,,,,Y,,A,07,0,0,0,0,0,0,0,0,0,"- ","- ",35.154541015625,-118.37242126464844,KERN,UNINCORPORATED,-118.62302398681641,35.262615203857422
92059831,2023,2023-05-03,9830,2023-04-26,2330,023209,,3,3,9,1500,0,1,3,,1,031,"SR-14 N/B","CAMELOT BLVD",1950.00,N,N,A,-,N,,,,,,,,,,Y,2,0,1,1,A,-,01,23152,A,N,E,I,A,A,H,-,D,D,0,,,,,Y,Y,A,01,1,0,0,0,0,0,0,0,0,"- ","- ",35.036949157714844,-118.169677734375,KERN,UNINCORPORATED,-118.16958618164062,35.036968231201172
92064763,2023,2023-05-09,9430,2023-04-27,2012,021849,,4,2,9,1500,0,1,1,,2,053,"I-5 N/B (GOLDEN STATE FREEWAY)","GRAPEVINE RD",4699.00,S,N,A,-,Y,KER,,5," "," ",9.286,H,,R,Y,2,0,1,1,A,-,08,22107,,N,E,I,A,A,H,-,C,D,0,,,,Y,Y,,F,26,1,0,0,0,0,0,0,0,0,"- ","- ",34.928009033203125,-118.92236328125,KERN,UNINCORPORATED,-118.92243194580078,34.927993774414062
92069674,2023,2023-05-16,9420,2023-05-07,1952,020634,,7,2,9,1500,0,2,4,,1,051,"N. CHESTER AVENUE","CHINA GRADE LOOP",0.00,,Y,A,-,N,,,,,,,,,,Y,2,0,3,2,A,-,01,23152,A,N,A,C,A,A,H,-,C,A,0,,,,,Y,Y,A,01,2,0,1,0,0,0,0,0,0,"- ","- ",35.426700592041016,-119.02117919921875,KERN,UNINCORPORATED,-119.02117919921875,35.426719665527344
92070723,2023,2023-06-12,9420,2023-05-07,2329,021802,,7,3,9,1500,0,1,3,,1,650,"SR-65 S/B","MERLE HAGGARD DR.",475.00,N,N,A,-,Y,KER,,65," "," ",0.769,H,,L,Y,2,0,1,2,A,-,09,21801,B,N,D,C,A,A,H,-,C,D,0,,,,Y,Y,,A,01,1,0,0,0,0,0,0,0,0,"- ","- ",35.442829132080078,-119.07476806640625,KERN,UNINCORPORATED,-119.07469940185547,35.442829132080078
92074013,2023,2024-06-25,9420,2023-04-03,"150 ",019598,,1,3,9,1500,0,3,5,,2,672,"EAST BELLE TERRACE","BUNTING DRIVE",366.00,E,N,B,-,N,,,,,,,,,,Y,1,1,3,1,A,-,01,23152,A,N,E,J,A,A,H,-,C,D,0,,,,,Y,Y,A,01,3,0,0,0,0,0,0,0,0,"- ","- ",35.346710205078125,-118.99761199951172,KERN,UNINCORPORATED,-118.99739074707031,35.346534729003906
92077250,2023,2023-05-25,9420,2023-05-18,2255,021826,,4,3,6,1502,0,1,3,,2,095,"SR-99 S/B TO MING AVE","MING AVE",275.00,S,N,A,-,Y,,,,,,,,,,Y,2,0,1,1,A,-,01,23152,A,N,E,I,A,A,H,-,D,D,0,,,Y,,Y,Y,C,02,1,0,0,0,0,0,0,0,1,"- ","- ",35.338558197021484,-119.040283203125,KERN,BAKERSFIELD,-119.040283203125,35.338558197021484
92081243,2023,2023-05-30,9430,2023-05-20,1635,021296,,6,2,9,1500,0,2,4,,1,023,"CUDDY VALLEY RD","WHITE ROCK RD",5280.00,W,N,A,-,N,,,,,,,,,,N,2,0,1,1,B,-,22,,,N,F,A,A,A,H,-,A,D,0,,,Y,,Y,,C,02,1,0,0,0,0,0,0,0,1,"- ","- ",34.844879150390625,-119.07769775390625,KERN,UNINCORPORATED,-119.07935333251953,34.842918395996094
92081357,2023,2023-05-30,9420,2023-05-19,"150 ",021983,,5,3,9,1500,0,2,4,,1,072,"NILES ST","PESANTE RD",50.00,W,N,A,-,N,,,,,,,,,,N,2,0,1,1,A,-,01,23152,A,N,F,A,A,A,H,-,C,D,0,,,Y,,Y,Y,C,02,1,0,0,0,0,0,0,0,1,"- ","- ",35.375930786132812,-118.94325256347656,KERN,UNINCORPORATED,-118.94320678710938,35.375984191894531
92082204,2023,2023-05-31,9420,2023-03-31,1315,019140,,5,1,9,1500,0,1,3,,2,177,"STATE ROUTE 178","UPPER RICHBAR ROAD",5280.00,E,N,A,-,Y,KER,,178," "," ",21.823,H,,R,Y,1,1,0,1,A,-,08,22107,,N,E,I,A,A,H,-,A,D,0,,,,,Y,,A,07,0,0,0,0,0,0,0,0,0,"- ","- ",35.486949920654297,-118.71147918701172,KERN,UNINCORPORATED,-118.71138000488281,35.486980438232422
92089504,2023,2023-06-27,9420,2023-05-31,"10  ",015977,,3,3,9,1500,0,1,3,,2,178,SR-178,"PATTERSON LN",1056.00,W,N,A,-,Y,KER,,178," "," ",53.640,H,,R,Y,1,1,0,1,A,-,08,22107,,N,F,A,A,A,H,-,D,D,0,,,,,Y,,A,08,0,0,0,0,0,0,0,0,0,"- ","- ",35.650791168212891,-118.35578155517578,KERN,UNINCORPORATED,-118.35574340820312,35.650745391845703
92093416,2023,2023-06-14,9426,2023-06-08,1805,016315,,4,2,9,1500,0,3,5,,2,081,"ASH STREET","LINCOLN STREET",0.00,,Y,A,-,N,,,,,,,,,,Y,2,0,1,2,A,-,09,21802,A,N,D,C,A,A,H,-,A,A,0,,,Y,,Y,,D,22,1,0,0,0,0,0,0,0,1,"- ","- ",35.151340484619141,-119.46517181396484,KERN,UNINCORPORATED,-119.46517181396484,35.151283264160156
92100106,2023,2023-06-22,9420,2023-06-13,1529,018607,,2,2,9,1500,0,2,4,,2,062,"ROSEDALE HWY","NORD AVE",0.00,,Y,A,-,Y,,,,,,,,,,Y,2,0,1,2,A,-,12,22450,A,N,D,C,A,A,H,-,A,A,0,,,,,Y,,A,01,1,0,0,0,0,0,0,0,0,"- ","- ",35.383468627929688,-119.19854736328125,KERN,UNINCORPORATED,-119.19878387451172,35.38348388671875