CASE_ID,ACCIDENT_YEAR,PROC_DATE,JURIS,COLLISION_DATE,COLLISION_TIME,OFFICER_ID,REPORTING_DISTRICT,DAY_OF_WEEK,CHP_SHIFT,POPULATION,CNTY_CITY_LOC,SPECIAL_COND,BEAT_TYPE,CHP_BEAT_TYPE,CITY_DIVISION_LAPD,CHP_BEAT_CLASS,BEAT_NUMBER,PRIMARY_RD,SECONDARY_RD,DISTANCE,DIRECTION,INTERSECTION,WEATHER_1,WEATHER_2,STATE_HWY_IND,CALTRANS_COUNTY,CALTRANS_DISTRICT,STATE_ROUTE,ROUTE_SUFFIX,POSTMILE_PREFIX,POSTMILE,LOCATION_TYPE,RAMP_INTERSECTION,SIDE_OF_HWY,TOW_AWAY,COLLISION_SEVERITY,NUMBER_KILLED,NUMBER_INJURED,PARTY_COUNT,PRIMARY_COLL_FACTOR,PCF_CODE_OF_VIOL,PCF_VIOL_CATEGORY,PCF_VIOLATION,PCF_VIOL_SUBSECTION,HIT_AND_RUN,TYPE_OF_COLLISION,MVIW,PED_ACTION,ROAD_SURFACE,ROAD_COND_1,ROAD_COND_2,LIGHTING,CONTROL_DEVICE,CHP_ROAD_TYPE,PEDESTRIAN_ACCIDENT,BICYCLE_ACCIDENT,MOTORCYCLE_ACCIDENT,TRUCK_ACCIDENT,NOT_PRIVATE_PROPERTY,ALCOHOL_INVOLVED,STWD_VEHTYPE_AT_FAULT,CHP_VEHTYPE_AT_FAULT,COUNT_SEVERE_INJ,COUNT_VISIBLE_INJ,COUNT_COMPLAINT_PAIN,COUNT_PED_KILLED,COUNT_PED_INJURED,COUNT_BICYCLIST_KILLED,COUNT_BICYCLIST_INJURED,COUNT_MC_KILLED,COUNT_MC_INJURED,PRIMARY_RAMP,SECONDARY_RAMP,LATITUDE,LONGITUDE,COUNTY,CITY,POINT_X,POINT_Y
92108780,2023,2023-07-03,9420,2023-06-25,1950,021144,,7,2,9,1500,0,3,5,,2,040,"ALFRED HARRELL HWY.","FAIRFAX RD.",1758.00,E,N,A,-,N,,,,,,,,,,Y,2,0,1,1,A,-,01,23152,A,N,F,A,A,A,H,-,A,D,0,,,,,Y,Y,A,01,1,0,0,0,0,0,0,0,0,"- ","- ",35.425220489501953,-118.94213104248047,KERN,UNINCORPORATED,-118.95033264160156,35.423198699951172
92115274,2023,2023-07-12,9420,2023-05-19,2032,018607,,5,2,9,1500,0,2,4,,1,075,"S. UNION AVE","MACHADO AVE",370.00,S,N,A,-,N,,,,,,,,,,N,2,0,1,2,A,-,03,22350,,F,G,B,E,A,H,-,C,D,0,Y,,,,Y,,A,01,1,0,0,0,1,0,0,0,0,"- ","- ",35.2635498046875,-119.00319671630859,KERN,UNINCORPORATED,-119.00299072265625,35.263694763183594
9211600,2021,2021-02-11,1506,2021-01-11,0557,1304,43,1,5,4,1506,0,0,0,,0,,"W BOWMAN RD","S NORMA ST",720.00,E,N,A,-,N,,,,,,,,,,Y,1,1,0,2,A,-,11,21954,A,N,C,B,E,A,H,-,D,D,0,Y,,,,Y,,N,60,0,0,0,1,0,0,0,0,0,"- ","- ",35.607810974121094,-117.67902374267578,KERN,RIDGECREST,-117.6766357421875,35.607818603515625
9211811,2021,2021-04-15,1506,2021-01-13,1610,5293,37,3,5,4,1506,0,0,0,,0,,"E RIDGECREST BL","N GOLD CANYON ST",0.00,,Y,A,-,N,,,,,,,,,,N,1,1,0,2,A,-,10,21950,,N,G,B,E,A,H,-,A,A,0,Y,,,,Y,,A,07,0,0,0,1,0,0,0,0,0,"- ","- ",35.622489929199219,-117.66660308837891,KERN,RIDGECREST,-117.66661834716797,35.622486114501953
92119037,2023,2023-07-17,9420,2023-07-04,1009,020366,,2,1,9,1500,0,1,3,,2,588,"SR-58 E/B",SR-223,0.00,,Y,A,-,Y,KER,,58," "," ",75.625,H,,R,Y,2,0,4,2,A,-,09,21802,A,N,D,C,A,A,H,-,A,A,0,,,,,Y,,A,01,1,1,2,0,0,0,0,0,0,"- ","- ",35.264190673828125,-118.65834045410156,KERN,UNINCORPORATED,-118.65834045410156,35.264190673828125
92126913,2023,2023-07-26,9420,2023-05-27,2124,020634,,6,2,9,1500,0,2,4,,1,051,"N. CHESTER AVENUE","EAST WARREN AVENUE",60.00,S,N,A,-,N,,,,,,,,,,N,1,1,0,2,A,-,11,21954,A,N,G,B,D,A,H,-,D,D,0,Y,,,,Y,,N,60,0,0,0,1,0,0,0,0,0,"- ","- ",35.412101745605469,-119.02097320556641,KERN,UNINCORPORATED,-119.02098846435547,35.412117004394531
92126986,2023,2023-07-26,9420,2023-07-19,1440,020782,,3,2,9,1500,0,3,5,,2,310,"BURLANDO ROAD","TOBIAS STREET",45.00,N,N,A,-,N,,,,,,,,,,Y,2,0,1,1,A,-,03,22350,,N,E,8,A,A,H,-,A,D,0,,,,,Y,,D,22,1,0,0,0,0,0,0,0,0,"- ","- ",35.756690979003906,-118.42887115478516,KERN,UNINCORPORATED,-118.42879486083984,35.75665283203125
92136218,2023,2023-08-04,9420,2023-05-14,2049,021981,,7,2,9,1500,0,1,3,,2,178,"STATE ROUTE 178","POWERS LANE",1056.00,W,N,A,-,Y,KER,,178," "," ",58.873,H,,R,Y,1,1,0,2,A,-,06,21750,A,N,D,C,A,A,H,-,D,D,0,,,Y,,Y,,C,02,0,0,0,0,0,0,0,1,0,"- ","- ",35.667011260986328,-118.27189636230469,KERN,UNINCORPORATED,-118.27189636230469,35.667030334472656
92145624,2023,2023-08-16,9420,2023-08-04,2115,021144,,5,2,9,1500,0,2,4,,1,072,"FAIRFAX RD.","NILES ST.",18.00,S,N,A,-,N,,,,,,,,,,Y,2,0,3,3,A,-,08,22107,,N,E,I,F,A,H,-,C,A,0,Y,,,,Y,,A,01,1,1,1,0,1,0,0,0,0,"- ","- ",35.376190185546875,-118.93192291259766,KERN,UNINCORPORATED,-118.93203735351562,35.375942230224609
92146648,2023,2023-08-17,9830,2023-08-03,1314,019872,,4,1,9,1500,0,2,4,,1,034,"ROSAMOND BLVD","46TH ST WEST",100.00,W,N,A,-,N,,,,,,,,,,Y,2,0,1,2,A,-,09,21804,A,F,E,A,A,A,H,-,A,D,0,,,Y,,Y,,-,99,1,0,0,0,0,0,0,0,1,"- ","- ",34.863780975341797,-118.21408081054688,KERN,UNINCORPORATED,-118.21403503417969,34.863750457763672
92147384,2023,2023-08-18,9420,2023-08-10,1142,018807,,4,1,9,1500,0,3,5,,2,060,"MEACHAM ROAD","ASLIN ST",104.00,E,N,B,-,N,,,,,,,,,,Y,2,0,1,1,A,-,08,22107,,N,F,I,A,A,H,-,A,D,0,,,Y,,Y,,C,02,1,0,0,0,0,0,0,0,1,"- ","- ",35.390819549560547,-119.12470245361328,KERN,UNINCORPORATED,-119.12474822998047,35.390705108642578
92152228,2023,2023-08-24,9430,2023-08-17,1120,018627,,4,1,9,1500,0,2,4,,1,024,"MIL POTRERO HWY","MPM 364 F 27.31",75.00,E,N,A,-,N,,,,,,,,,,Y,2,0,1,1,A,-,03,22350,,N,F,A,A,A,H,-,A,D,0,,,Y,,Y,,-,"- ",1,0,0,0,0,0,0,0,1,"- ","- ",34.851459503173828,-119.11318206787109,KERN,UNINCORPORATED,-118.45243835449219,35.131900787353516
92154069,2023,2023-08-25,9830,2023-08-12,2139,022202,,6,2,9,1500,0,2,4,,1,034,"ROSAMOND BLVD","67TH ST WEST",370.00,E,N,A,-,N,,,,,,,,,,Y,2,0,2,2,A,-,03,22350,,N,C,C,A,A,H,-,D,D,0,,,,,Y,,A,01,1,1,0,0,0,0,0,0,0,"- ","- ",34.86370849609375,-118.25015258789062,KERN,UNINCORPORATED,-118.25006866455078,34.863723754882812
92158589,2023,2023-08-30,9426,2023-07-07,2100,022015,,5,2,9,1500,0,3,5,,2,087,"PETROLEUM CLUB ROAD","KERTO ROAD",47.00,S,N,A,-,N,,,,,,,,,,N,1,1,0,1,A,-,08,22107,,N,F,A,A,A,H,-,D,A,0,,,Y,,Y,,-,"- ",0,0,0,0,0,0,0,1,0,"- ","- ",35.084209442138672,-119.39820098876953,KERN,UNINCORPORATED,-119.39826202392578,35.084239959716797
92178213,2023,2023-09-25,9420,2023-09-07,1854,021981,,4,2,9,1500,0,1,3,,2,178,"STATE ROUTE 178","LAKE ISABELLA BOULEVARD",2112.00,E,N,A,-,Y,KER,,178," "," ",45.970,H,,R,Y,2,0,1,1,A,-,08,22107,,N,E,I,A,A,H,-,B,D,0,,,Y,,Y,,C,02,1,0,0,0,0,0,0,0,1,"- ","- ",35.648429870605469,-118.45777130126953,KERN,UNINCORPORATED,-118.45774078369141,35.648429870605469
92188328,2023,2023-10-03,9420,2023-09-23,"455 ",021802,,6,3,9,1500,0,1,3,,1,184,"SR-184 N/B","FOOTHILL RD.",5.00,N,N,A,-,N,,,,,,,,,,Y,2,0,2,2,A,-,01,23152,A,N,A,C,A,A,H,-,C,A,0,,,,,Y,Y,D,22,1,0,1,0,0,0,0,0,0,"- ","- ",35.367088317871094,-118.91429901123047,KERN,UNINCORPORATED,-118.91424560546875,35.367088317871094
92188329,2023,2023-10-03,9420,2023-09-21,2252,020093,,4,3,9,1500,0,3,5,,2,672,"ROCKPILE ROAD","SUNSET BOULEVARD",5.00,S,N,A,-,N,,,,,,,,,,Y,2,0,1,1,A,-,01,23152,A,N,E,I,A,A,H,-,D,D,0,,,,,Y,Y,D,22,1,0,0,0,0,0,0,0,0,"- ","- ",35.223888397216797,-118.78829956054688,KERN,UNINCORPORATED,-118.78829193115234,35.223800659179688
92188895,2023,2023-10-03,9426,2023-09-20,"815 ",016162,,3,1,9,1500,0,1,3,,1,460,SR-46,"KECKS RD",10032.00,E,N,A,-,Y,KER,,46," "," ",9.286,H,,R,Y,2,0,3,3,A,-,03,22350,,N,C,2,A,A,G,-,A,A,0,,,,Y,Y,,A,01,1,0,2,0,0,0,0,0,0,"- ","- ",35.656818389892578,-120.05211639404297,KERN,UNINCORPORATED,-120.05225372314453,35.656635284423828
92190576,2023,2024-03-20,9420,2023-09-22,1932,018607,,5,2,9,1500,0,3,5,,2,060,"PHAIRFIELD ST","POWDER RIVER AVE",0.00,,Y,A,-,N,,,,,,,,,,Y,2,0,3,3,A,-,01,23153,A,N,E,I,F,A,H,-,C,D,0,Y,,,,Y,Y,A,01,2,1,0,0,2,0,0,0,0,"- ","- ",35.396060943603516,-119.14990234375,KERN,UNINCORPORATED,-119.14997863769531,35.396091461181641
92221296,2023,2023-10-27,9830,2023-10-21,2130,022246,,6,2,9,1500,0,3,5,,2,005,"BROWN RD","BUZZARD GULCH RD",1780.00,N,N,A,-,N,,,,,,,,,,N,2,0,1,1,A,-,08,22107,,N,E,8,A,A,H,-,D,D,0,,,,,Y,,A,01,1,0,0,0,0,0,0,0,0,"- ","- ",35.771820068359375,-117.84967803955078,KERN,UNINCORPORATED,-117.84957885742188,35.771747589111328
92230399,2023,2023-11-07,9420,2023-10-30,"755 ",021144,,1,1,9,1500,0,3,5,,2,040,"BERNARD ST.","HALEY ST.",40.00,W,N,A,-,N,,,,,,,,,,N,2,0,1,3,A,-,03,22350,,N,C,C,A,A,H,-,A,A,0,,,,,Y,,A,01,1,0,0,0,0,0,0,0,0,"- ","- ",35.389030456542969,-118.97737884521484,KERN,UNINCORPORATED,-118.97698974609375,35.388923645019531
92243070,2023,2023-11-22,9420,2023-11-12,2050,022247,,7,2,9,1500,0,2,4,,1,072,SR-184,"PIONEER DRIVE",0.00,,Y,A,-,N,,,,,,,,,,Y,2,0,3,2,A,-,08,22107,,N,D,C,A,A,H,-,C,A,0,,,,,Y,Y,D,22,1,0,2,0,0,0,0,0,0,"- ","- ",35.368968963623047,-118.91428375244141,KERN,UNINCORPORATED,-118.91425323486328,35.368938446044922
92244808,2023,2023-11-27,9420,2023-11-12,1125,021480,,7,1,9,1500,0,3,5,,2,040,"GRANITE RD",SR-155,800.00,S,N,A,-,N,,,,,,,,,,N,2,0,1,1,A,-,03,22350,,N,F,A,A,A,H,-,A,D,0,,,Y,,Y,,C,02,1,0,0,0,0,0,0,0,1,"- ","- ",35.710281372070312,-118.72689819335938,KERN,UNINCORPORATED,-118.72789001464844,35.713943481445312
92246619,2023,2023-11-28,9420,2023-11-13,1140,017256,,1,1,9,1500,0,1,3,,1,650,"STATE ROUTE 65","STATE ROUTE 155",2798.00,S,N,A,-,Y,KER,,65," "," ",22.640,H,,R,Y,2,0,2,1,A,-,08,22107,,N,E,I,A,A,H,-,A,D,0,,,,,Y,,A,01,2,0,0,0,0,0,0,0,0,"- ","- ",35.754138946533203,-119.05296325683594,KERN,UNINCORPORATED,-119.05303192138672,35.754135131835938
92264468,2023,2023-12-18,9430,2023-12-11,"110 ",022355,,1,3,9,1500,0,3,5,,2,004,"WHEELER RIDGE ROAD","SEBASTIAN ROAD",300.00,S,N,A,-,N,,,,,,,,,,Y,2,0,1,1,A,-,08,22107,,N,F,A,A,A,H,-,D,D,0,,,,,Y,,D,22,1,0,0,0,0,0,0,0,0,"- ","- ",35.045089721679688,-118.91768646240234,KERN,UNINCORPORATED,-118.91783142089844,35.044593811035156
92270066,2023,2023-12-25,9420,2023-12-13,"650 ",023401,,3,1,9,1500,0,2,4,,1,072,"NILES ST.","OSWELL ST.",400.00,E,N,A,-,N,,,,,,,,,,N,2,0,1,2,A,-,11,21954,A,F,G,B,D,A,H,-,D,D,0,Y,,,,Y,,N,60,1,0,0,0,1,0,0,0,0,"- ","- ",35.375881195068359,-118.94812774658203,KERN,UNINCORPORATED,-118.94847869873047,35.375980377197266
92275287,2023,2023-12-29,9430,2023-12-21,1355,015185,,4,1,9,1500,0,1,1,,2,052,"INTERSTATE 5 NB SOUTH OF LEBEC ROAD OVERCROSS","LEBEC ROAD OVERCROSS",400.00,S,N,B,C,Y,KER,,5," "," ",3.989,H,,R,Y,2,0,1,2,A,-,08,22107,,F,B,C,A,B,H,-,A,D,0,,,,,Y,,A,01,1,0,0,0,0,0,0,0,0,"- ","- ",34.865711212158203,-118.88271331787109,KERN,UNINCORPORATED,-118.88278198242188,34.86566162109375
92277660,2023,2024-01-03,9420,2023-09-10,"516 ",021632,,7,3,9,1500,0,1,3,,2,090,"STATE ROUTE 99 NORTHBOUND","SHERWOOD AVENUE",6336.00,S,N,A,-,Y,KER,,99," "," ",48.096,H,,R,Y,1,1,1,2,A,-,03,22350,,N,C,C,A,A,H,-,D,D,0,,,,,Y,Y,D,22,0,0,1,0,0,0,0,0,0,"- ","- ",35.656158447265625,-119.22190093994141,KERN,UNINCORPORATED,-119.22188568115234,35.656162261962891
92282901,2023,2024-01-09,9430,2023-12-28,2015,020255,,4,2,9,1500,0,1,3,,2,090,"STATE ROUTE-99 S/B (GOLDEN STATE HIGHWAY)","INTERSTATE-5 (GOLDEN STATE FREEWAY)",2281.50,N,N,F,-,Y,KER,,99," "," ",0.493,H,,L,Y,2,0,1,2,A,-,07,21658,A,N,C,C,A,A,H,-,D,D,0,,,,,Y,,A,01,1,0,0,0,0,0,0,0,0,"- ","- ",35.026538848876953,-118.95809936523438,KERN,UNINCORPORATED,-118.95816802978516,35.026527404785156
92290085,2024,2024-02-26,9420,2024-01-14,"500 ",021870,,7,3,9,1500,0,3,5,,2,610,"EAST PANAMA LANE","SOUTH OSWELL STREET",148.00,E,N,A,-,N,,,,,,,,,,Y,1,1,1,2,A,-,08,22107,,N,A,C,A,A,H,-,D,D,0,,,,,Y,,A,07,0,1,0,0,0,0,0,0,0,"- ","- ",35.296028137207031,-118.94944000244141,KERN,UNINCORPORATED,-118.94901275634766,35.296001434326172
92293122,2024,2024-01-22,9420,2024-01-10,2329,022151,,3,3,9,1500,0,1,3,,2,178,SR-178,"MPM 48",85.00,E,N,C,-,Y,KER,,178," "," ",47.978,H,,R,N,2,0,2,1,A,-,01,23153,A,N,E,A,A,B,H,-,D,D,0,,,,,Y,Y,D,22,2,0,0,0,0,0,0,0,0,"- ","- ",35.656501770019531,-118.43016815185547,KERN,UNINCORPORATED,-118.43013000488281,35.656505584716797
92294761,2024,2024-01-23,9426,2024-01-16,1936,017281,,2,2,9,1500,0,3,5,,2,082,"7TH STANDARD RD.","BRANDT RD.",3960.00,W,N,A,-,N,,,,,,,,,,N,2,0,2,2,A,-,05,21650,,N,B,C,A,A,H,-,D,D,0,,,,Y,Y,,G,25,1,0,1,0,0,0,0,0,0,"- ","- ",35.442119598388672,-119.38979339599609,KERN,UNINCORPORATED,-119.3892822265625,35.442150115966797
92314979,2024,2024-02-15,9420,2024-02-03,2130,021849,,6,2,9,1500,0,3,5,,2,070,"HALEY STREET (1900 BLOCK)","GRACE STREET",60.00,S,N,B,C,N,,,,,,,,,,N,2,0,1,2,A,-,00,21954,,N,G,B,D,B,H,-,D,D,0,Y,,,,Y,,N,60,1,0,0,0,1,0,0,0,0,"- ","- ",35.386608123779297,-118.97772979736328,KERN,UNINCORPORATED,-118.97766876220703,35.386661529541016
9231976,2021,2021-05-06,1511,2021-01-14,1452,53083,,4,5,2,1511,0,0,0,,0,00A,"RT 58","ZORRO RD",0.00,N,N,A,-,Y,KER,6,58,-,R,121.610,H,-,W,N,2,0,3,1,A,-,08,22107,,N,F,A,A,A,H,-,A,D,0,,,,,Y,,A,01,1,0,2,0,0,0,0,0,0,"- ","- ",,,KERN,"CALIFORNIA CITY",-118.02219390869141,35.019729614257812
92336050,2024,2024-03-12,9426,2024-02-08,2500,018610,,4,4,9,1500,0,3,5,,2,087,"BEAR MOUNTAIN BOULEVARD","I-5 S/B",5808.00,W,N,B,-,N,,,,,,,,,,Y,1,1,0,1,A,-,08,22107,,N,E,A,A,A,B,-,A,D,0,,,,,Y,,A,01,0,0,0,0,0,0,0,0,0,"- ","- ",35.209228515625,-119.18170928955078,KERN,UNINCORPORATED,-119.16526794433594,35.209098815917969
92337160,2023,2024-03-13,9830,2023-06-29,1350,019872,,4,1,9,1500,0,3,5,,2,001,"HIGHLINE ROAD","CURRY STREET",1320.00,W,N,A,-,N,,,,,,,,,,Y,1,1,0,2,A,-,03,22350,,N,D,C,A,A,H,-,A,D,0,,,,,Y,,E,22,0,0,0,0,0,0,0,0,0,"- ","- ",,,KERN,UNINCORPORATED,-118.45453643798828,35.109527587890625
92340883,2024,2024-03-18,9830,2024-01-08,"833 ",019762,,1,1,9,1500,0,3,5,,2,004,"REDROCK RANDSBURG ROAD","MESQUITE CANYON ROAD",1584.00,E,N,A,-,N,,,,,,,,,,Y,1,1,2,2,A,-,05,21460,A,N,A,C,A,A,H,-,A,D,0,,,,,Y,,A,01,2,0,0,0,0,0,0,0,0,"- ","- ",35.38983154296875,-117.81124114990234,KERN,UNINCORPORATED,-117.81181335449219,35.389698028564453
92347677,2024,2024-03-26,9420,2024-03-21,2035,021915,,4,2,9,1500,0,1,3,,2,178,SR-178,"YANKEE CANYON ROAD",3696.00,E,N,A,-,Y,KER,,178," "," ",48.062,H,,R,Y,2,0,2,2,A,-,06,21751,,N,A,C,A,A,H,-,D,D,0,,,,,Y,,A,01,1,1,0,0,0,0,0,0,0,"- ","- ",35.655288696289062,-118.42984771728516,KERN,UNINCORPORATED,-118.42986297607422,35.655288696289062
92347732,2024,2024-03-26,9420,2024-03-16,2125,021565,,6,2,9,1500,0,3,5,,2,050,"AIRPORT DR","OLIVE DR",363.00,S,N,A,-,N,,,,,,,,,,N,2,0,1,2,A,-,11,21954,A,F,G,B,D,A,H,-,C,D,0,Y,,,,Y,,-,"- ",1,0,0,0,1,0,0,0,0,"- ","- ",35.411220550537109,-119.03901672363281,KERN,UNINCORPORATED,-119.03904724121094,35.411273956298828
92364583,2024,2024-04-15,9426,2024-03-29,1010,016804,,5,1,9,1500,0,1,1,,2,502,"I-5 S/B","ROWLEE RD.",20064.00,N,N,A,-,Y,KER,,5," "," ",59.833,H,,L,Y,2,0,4,1,A,-,08,22107,,N,E,I,A,A,H,-,A,D,0,,,,,Y,,A,01,3,1,0,0,0,0,0,0,0,"- ","- ",35.472789764404297,-119.49932861328125,KERN,UNINCORPORATED,-119.49922943115234,35.472881317138672
92367483,2024,2024-04-18,9420,2024-01-14,"405 ",021849,,7,3,6,1502,0,1,3,,2,095,"STATE ROUTE 99 SOUTHBOUND","WILSON ROAD",728.00,S,N,A,-,Y,KER,,99," "," ",21.990,H,,L,Y,1,2,0,1,A,-,08,22107,,N,E,8,A,A,H,-,D,D,0,,,,,Y,,D,22,0,0,0,0,0,0,0,0,0,"- ","- ",35.330478668212891,-119.03971862792969,KERN,BAKERSFIELD,-119.03961944580078,35.330490112304688
92375116,2024,2024-04-25,9420,2024-04-12,1543,021845,,5,2,4,1503,0,1,3,,2,091,"SR-99 S/B","COUNTY LINE RD",1545.00,S,N,A,-,Y,KER,,99," "," ",57.275,H,,L,Y,2,0,1,1,A,-,08,22107,,N,F,A,A,A,H,-,A,D,0,,,Y,,Y,,C,02,1,0,0,0,0,0,0,0,1,"- ","- ",35.786251068115234,-119.25090026855469,KERN,DELANO,-119.25086212158203,35.786239624023438
92380133,2024,2024-05-02,9830,2024-04-23,1615,019367,,2,2,9,1500,0,2,4,,1,023,"TWENTY MULE TEAM RD","JAMES ST.",145.00,W,N,A,-,N,,,,,,,,,,Y,2,0,1,2,A,-,08,22107,,N,D,C,A,A,H,-,A,D,0,,,,Y,Y,,F,27,1,0,0,0,0,0,0,0,0,"- ","- ",34.999370574951172,-117.64656066894531,KERN,UNINCORPORATED,-117.64652252197266,34.999385833740234
92380162,2024,2024-05-02,9420,2024-04-19,1612,021845,,5,2,9,1500,0,1,3,,2,430,SR-43,"WHISLER RD",3020.00,S,N,A,-,Y,KER,,43," "," ",27.763,H,,R,Y,2,0,1,1,A,-,08,22107,,N,F,A,A,A,H,-,A,D,0,,,,,Y,,A,01,1,0,0,0,0,0,0,0,0,"- ","- ",35.636680603027344,-119.33101654052734,KERN,UNINCORPORATED,-119.33107757568359,35.636680603027344
92386685,2024,2024-05-10,9830,2024-05-03,1100,022701,,5,1,9,1500,0,2,4,,1,032,"SIERRA HWY","DAWN RD",1056.00,N,N,A,-,N,,,,,,,,,,N,2,0,1,1,A,-,03,22350,,N,E,J,A,A,H,-,A,D,0,,,Y,,Y,,C,02,1,0,0,0,0,0,0,0,1,"- ","- ",34.911369323730469,-118.15161895751953,KERN,UNINCORPORATED,-118.15167236328125,34.911048889160156
92420148,2024,2024-06-21,9830,2024-06-05,2314,022872,,3,3,9,1500,0,3,5,,2,002,"SR-58 E/B TO GEPHART RD","GEPHART RD",40.00,W,N,A,-,Y,,,,,,,,,,Y,2,0,1,1,A,-,01,23152,A,N,E,I,A,A,H,-,D,D,0,,,,,Y,Y,A,07,1,0,0,0,0,0,0,0,0,"- ","- ",35.005058288574219,-117.73914337158203,KERN,UNINCORPORATED,-117.74234771728516,35.006340026855469
9256253,2021,2021-06-28,1507,2021-04-20,1642,281,6,2,5,3,1507,0,0,0,,0,,"RT 43","FRESNO AV",0.00,,Y,A,-,Y,KER,6,43,-,-,17.966,I,5,S,Y,1,3,0,2,A,-,09,21804,A,N,D,C,A,A,H,-,A,C,0,,,,,Y,,A,01,0,0,0,0,0,0,0,0,0,"- ","- ",35.514381408691406,-119.28803253173828,KERN,SHAFTER,-119.28822326660156,35.514442443847656
92833292,2024,2024-07-29,9420,2024-07-17,"515 ",023531,,3,3,9,1500,0,1,3,,2,178,"SR-178 E/B","SHAWNEE RD",300.00,E,N,A,-,Y,KER,,178," "," ",53.780,H,,R,N,2,0,1,2,A,-,05,21460,,M,B,C,A,A,H,-,D,D,0,,,Y,,Y,,-,99,1,0,0,0,0,0,0,0,1,"- ","- ",35.651988983154297,-118.3536376953125,KERN,UNINCORPORATED,-118.35362243652344,35.651966094970703
9289811,2021,2021-07-23,1506,2021-06-06,0211,2692,3,7,5,4,1506,0,0,0,,0,,"W WARD AV","N SIERRA VIEW ST",86.00,W,N,A,-,N,,,,,,,,,,Y,2,0,1,2,A,-,07,21658,A,N,A,C,A,A,H,-,C,D,0,,,,,Y,Y,A,01,1,0,0,0,0,0,0,0,0,"- ","- ",35.644371032714844,-117.67877960205078,KERN,RIDGECREST,-117.68350982666016,35.644382476806641
9320090,2020,2021-11-23,1502,2020-12-17,1718,1225,,4,5,6,1502,0,0,0,,0,VALLEY,"MING AV","EL TORO DR",0.00,,Y,A,-,N,,,,,,,,,,Y,1,1,0,2,A,-,17,24250,,F,D,C,A,A,H,-,D,A,0,,,,,Y,,M,96,0,0,0,0,0,0,0,0,0,"- ","- ",35.339408874511719,-119.01625061035156,KERN,BAKERSFIELD,-119.01628112792969,35.339469909667969
9321100,2021,2023-06-17,1502,2021-11-19,0003,1322,,5,5,6,1502,0,0,0,,0,CENTRA,"STOCKDALE HWY","RENFRO RD",25.00,E,N,-,-,N,,,,,,,,,,Y,1,2,1,3,A,-,03,22350,,F,B,C,A,A,H,-,C,D,0,,,,,Y,Y,A,01,1,0,0,0,0,0,0,0,0,"- ","- ",35.35498046875,-119.16371154785156,KERN,BAKERSFIELD,-119.1632080078125,35.354518890380859
9368933,2021,2021-12-08,1503,2021-07-23,2230,10155,1503,5,5,4,1503,0,0,0,,0,,"COUNTY LINE RD","DRIVER RD",680.00,W,N,A,-,N,,,,,,,,,,Y,2,0,1,1,A,-,01,23152,,N,E,I,A,A,H,-,D,D,0,,,,,Y,Y,A,01,1,0,0,0,0,0,0,0,0,"- ","- ",35.790489196777344,-119.20529937744141,KERN,DELANO,-119.20766448974609,35.790508270263672
94361524,2024,2024-09-30,9420,2024-08-05,"530 ",019311,,1,3,9,1500,0,1,3,,1,184,"SR-184 (WHEELER RIDGE RD)","SANDRINI RD",0.00,,Y,A,-,Y,,,,,,,,,,Y,2,0,2,2,A,-,09,21802,A,N,D,C,A,A,H,-,B,A,0,,,,Y,Y,,A,01,1,1,0,0,0,0,0,0,0,"- ","- ",35.122028350830078,-118.91462707519531,KERN,UNINCORPORATED,,
94366115,2024,2024-08-22,9420,2024-08-13,"930 ",021915,,2,1,9,1500,0,3,5,,2,320,"CALIENTE BODFISH ROAD","LARKSPUR ROAD",950.00,S,N,A,-,N,,,,,,,,,,Y,2,0,1,1,A,-,03,22350,,N,F,A,A,A,H,-,A,D,0,,,,Y,Y,,F,24,1,0,0,0,0,0,0,0,0,"- ","- ",35.46697998046875,-118.52996826171875,KERN,UNINCORPORATED,-118.53042602539062,35.466373443603516
94374831,2024,2024-08-29,9420,2024-08-19,"147 ",021766,,1,3,9,1500,0,2,4,,1,072,"NILES STREET","FAIRFAX ROAD",0.00,,Y,A,-,N,,,,,,,,,,Y,2,0,4,3,A,-,12,21453,A,F,D,C,A,A,H,-,C,A,0,,,,,Y,,A,08,1,1,2,0,0,0,0,0,0,"- ","- ",35.376041412353516,-118.93183898925781,KERN,UNINCORPORATED,-118.93203735351562,35.375995635986328
94388379,2024,2024-09-10,9420,2024-08-21,1810,021144,,3,2,9,1500,0,2,4,,1,051,"N. CHESTER AVE.","ROBERTS LN.",100.00,N,N,A,-,N,,,,,,,,,,N,2,0,1,2,A,-,11,21954,A,N,G,B,D,A,H,-,A,D,0,Y,,,,Y,,N,60,1,0,0,0,1,0,0,0,0,"- ","- ",35.408969879150391,-119.02091979980469,KERN,UNINCORPORATED,-119.02108764648438,35.408912658691406
94393012,2024,2024-09-13,9420,2024-09-01,"434 ",021766,,7,3,9,1500,0,3,5,,2,070,"OSWELL ST.","COLLEGE AVE.",0.00,,Y,A,-,N,,,,,,,,,,Y,2,0,4,2,A,-,01,23152,A,N,D,C,A,A,H,-,C,A,0,,,,,Y,Y,A,07,1,1,2,0,0,0,0,0,0,"- ","- ",35.383190155029297,-118.94963836669922,KERN,UNINCORPORATED,-118.94976043701172,35.383140563964844