CASE_ID,ACCIDENT_YEAR,PROC_DATE,JURIS,COLLISION_DATE,COLLISION_TIME,OFFICER_ID,REPORTING_DISTRICT,DAY_OF_WEEK,CHP_SHIFT,POPULATION,CNTY_CITY_LOC,SPECIAL_COND,BEAT_TYPE,CHP_BEAT_TYPE,CITY_DIVISION_LAPD,CHP_BEAT_CLASS,BEAT_NUMBER,PRIMARY_RD,SECONDARY_RD,DISTANCE,DIRECTION,INTERSECTION,WEATHER_1,WEATHER_2,STATE_HWY_IND,CALTRANS_COUNTY,CALTRANS_DISTRICT,STATE_ROUTE,ROUTE_SUFFIX,POSTMILE_PREFIX,POSTMILE,LOCATION_TYPE,RAMP_INTERSECTION,SIDE_OF_HWY,TOW_AWAY,COLLISION_SEVERITY,NUMBER_KILLED,NUMBER_INJURED,PARTY_COUNT,PRIMARY_COLL_FACTOR,PCF_CODE_OF_VIOL,PCF_VIOL_CATEGORY,PCF_VIOLATION,PCF_VIOL_SUBSECTION,HIT_AND_RUN,TYPE_OF_COLLISION,MVIW,PED_ACTION,ROAD_SURFACE,ROAD_COND_1,ROAD_COND_2,LIGHTING,CONTROL_DEVICE,CHP_ROAD_TYPE,PEDESTRIAN_ACCIDENT,BICYCLE_ACCIDENT,MOTORCYCLE_ACCIDENT,TRUCK_ACCIDENT,NOT_PRIVATE_PROPERTY,ALCOHOL_INVOLVED,STWD_VEHTYPE_AT_FAULT,CHP_VEHTYPE_AT_FAULT,COUNT_SEVERE_INJ,COUNT_VISIBLE_INJ,COUNT_COMPLAINT_PAIN,COUNT_PED_KILLED,COUNT_PED_INJURED,COUNT_BICYCLIST_KILLED,COUNT_BICYCLIST_INJURED,COUNT_MC_KILLED,COUNT_MC_INJURED,PRIMARY_RAMP,SECONDARY_RAMP,LATITUDE,LONGITUDE,COUNTY,CITY,POINT_X,POINT_Y
94405916,2024,2024-09-24,9420,2024-09-08,"135 ",022774,,7,3,9,1500,0,1,3,,2,090,"SR-99 S/B","POND RD",2112.00,N,N,A,-,Y,KER,,99," "," ",52.905,H,,L,Y,2,0,2,2,A,-,08,22107,,F,B,C,A,A,H,-,D,D,0,,,Y,,Y,,A,01,2,0,0,0,0,0,0,0,2,"- ","- ",35.724639892578125,-119.23815155029297,KERN,UNINCORPORATED,-119.23813629150391,35.724643707275391
94427435,2024,2024-10-11,9420,2024-10-05,"320 ",021773,,6,3,9,1500,0,3,5,,2,672,"VARSITY AVENUE","NORTH COMANCHE DRIVE",0.00,,Y,A,-,N,,,,,,,,,,Y,2,0,1,1,A,-,01,23152,A,N,E,8,A,A,H,-,C,A,0,,,Y,,Y,Y,C,02,1,0,0,0,0,0,0,0,1,"- ","- ",35.216300964355469,-118.84233856201172,KERN,UNINCORPORATED,-118.84226226806641,35.216289520263672
94434989,2024,2024-10-17,9426,2024-10-03,"514 ",018919,,4,3,9,1500,0,1,3,,1,460,SR46,"ALOMA ST",0.00,,Y,A,-,Y,KER,,46," "," ",32.293,H,,R,Y,2,0,1,2,A,-,09,21801,A,N,D,C,A,A,H,-,C,D,0,,,,Y,Y,,G,25,1,0,0,0,0,0,0,0,0,"- ","- ",35.616161346435547,-119.65747833251953,KERN,UNINCORPORATED,-119.65747833251953,35.6160888671875
94447924,2024,2024-10-28,9830,2024-10-22,1427,017237,,2,2,9,1500,0,2,4,,1,032,"SIERRA HWY","MARIE AVE",1584.00,S,N,A,-,N,,,,,,,,,,Y,2,0,3,2,A,-,09,21804,A,N,D,C,A,A,H,-,A,D,0,,,,,Y,,A,01,1,2,0,0,0,0,0,0,0,"- ","- ",34.845230102539062,-118.15995788574219,KERN,UNINCORPORATED,-118.16004943847656,34.845592498779297
94453504,2024,2024-11-01,9830,2024-10-26,1225,018700,,6,1,9,1500,0,3,5,,2,001,"TEHACHAPI BLVD","TEHACHAPI WILLOW SPRINGS RD",2112.00,E,N,A,-,N,,,,,,,,,,Y,2,0,1,1,A,-,08,22107,,N,F,A,A,A,G,-,A,D,0,,,Y,,Y,,C,02,1,0,0,0,0,0,0,0,1,"- ","- ",35.124111175537109,-118.38870239257812,KERN,UNINCORPORATED,-118.38954162597656,35.124229431152344
94505569,2024,2024-12-16,9420,2024-12-01,2200,022567,,7,3,9,1500,0,3,5,,2,050,"CALIFORNIA STREET","MINNER AVENUE",0.00,,Y,A,-,N,,,,,,,,,,N,2,0,1,2,A,-,01,23152,A,N,G,B,D,A,H,-,C,D,0,Y,,,,Y,Y,A,01,1,0,0,0,1,0,0,0,0,"- ","- ",35.418910980224609,-119.02349090576172,KERN,UNINCORPORATED,-119.0234375,35.418922424316406
94508157,2024,2024-12-18,9420,2024-09-15,1600,022387,,7,2,9,1500,0,3,5,,2,672,"WHEELER RIDGE ROAD","MILLUX ROAD",2118.00,N,N,A,-,N,,,,,,,,,,Y,1,1,4,3,A,-,01,23152,A,N,B,C,A,A,H,-,A,D,0,,,,,Y,Y,D,22,2,0,2,0,0,0,0,0,0,"- ","- ",35.185379028320312,-118.91458129882812,KERN,UNINCORPORATED,-118.91456604003906,35.185340881347656
94513913,2024,2024-12-23,9420,2024-12-15,"257 ",021981,,7,3,9,1500,0,1,3,,2,177,"STATE ROUTE 178","178 MPM 22.50",1056.00,W,N,A,-,Y,KER,,178," "," ",22.592,H,,R,Y,2,0,2,1,A,-,01,23152,A,N,F,I,A,A,H,-,D,D,0,,,,,Y,Y,A,01,1,1,0,0,0,0,0,0,0,"- ","- ",35.492759704589844,-118.70348358154297,KERN,UNINCORPORATED,-118.7034912109375,35.492805480957031
94524974,2024,2025-01-03,9420,2024-12-28,1209,020634,,6,1,9,1500,0,3,5,,2,050,"HIGHLAND DR","WELL AVE",125.00,W,N,A,-,N,,,,,,,,,,Y,2,0,1,1,A,-,03,22350,,N,F,A,A,A,H,-,A,D,0,,,Y,,Y,,C,02,1,0,0,0,0,0,0,0,1,"- ","- ",35.425178527832031,-119.02590942382812,KERN,UNINCORPORATED,-119.02607727050781,35.425155639648438
94528961,2024,2025-01-07,9426,2024-10-26,2041,019592,,6,2,9,1500,0,1,3,,1,460,"STATE ROUTE 46","KECKS ROAD",25608.00,E,N,A,-,Y,KER,,46," "," ",12.141,H,,R,N,1,1,0,2,A,-,11,21954,A,N,G,B,D,A,H,-,D,D,0,Y,,,,Y,,N,60,0,0,0,1,0,0,0,0,0,"- ","- ",35.635509490966797,-120.00874328613281,KERN,UNINCORPORATED,-120.00873565673828,35.635517120361328
94542039,2024,2025-01-17,9830,2024-12-25,1440,020866,,3,2,9,1500,0,3,5,,2,002,"JOHN ST.","ROBERTA AVE",310.00,W,N,A,-,N,,,,,,,,,,N,2,0,1,1,A,-,08,22107,,N,E,I,A,A,H,-,A,D,0,,,,,Y,,A,42,1,0,0,0,0,0,0,0,0,"- ","- ",34.996730804443359,-117.65310668945312,KERN,UNINCORPORATED,-117.65299987792969,34.996814727783203
94545840,2025,2025-01-22,9420,2025-01-09,"656 ",019901,,4,1,9,1500,0,1,3,,2,090,"SR-99 N/B","LERDO HWY.",1133.00,S,N,A,-,Y,KER,,99," "," ",36.287,H,,R,Y,2,0,1,1,A,-,08,22107,,N,E,I,A,A,H,-,A,D,0,,,Y,,Y,,C,02,1,0,0,0,0,0,0,0,1,"- ","- ",35.497150421142578,-119.16053009033203,KERN,UNINCORPORATED,-119.16054534912109,35.497138977050781
94553778,2025,2025-01-29,9430,2025-01-20,1340,020875,,1,1,9,1500,0,3,5,,2,004,"S. WHEELER RIDGE RD","LEGRAY RD",2640.00,N,N,A,-,N,,,,,,,,,,Y,2,0,1,2,A,-,03,22350,,N,C,C,A,A,H,-,A,D,0,,,,,Y,,A,01,1,0,0,0,0,0,0,0,0,"- ","- ",35.038150787353516,-118.92178344726562,KERN,UNINCORPORATED,-118.92230987548828,35.037261962890625
94574604,2024,2025-02-11,9830,2024-12-30,2225,021788,,1,3,9,1500,0,3,5,,2,005,"BROWN ROAD","RIDGECREST BLVD",1056.00,S,N,A,-,N,,,,,,,,,,Y,2,0,1,1,A,-,08,22107,,N,E,I,A,A,H,-,D,D,0,,,,,Y,,-,"- ",1,0,0,0,0,0,0,0,0,"- ","- ",35.619640350341797,-117.80416870117188,KERN,UNINCORPORATED,-117.804443359375,35.620258331298828
94576994,2024,2025-02-12,9830,2024-11-15,"800 ",018700,,5,1,9,1500,0,1,3,,2,012,"STATE ROUTE 58 (EASTBOUND)","TEHACHAPI WILLOW SPRINGS ROAD",6336.00,E,N,C,D,Y,KER,,58," ",R,96.350,H,,R,Y,1,2,3,3,A,-,03,22350,,N,E,8,A,C,H,-,A,D,0,,,,,Y,,A,07,1,0,2,0,0,0,0,0,0,"- ","- ",35.115280151367188,-118.37740325927734,KERN,UNINCORPORATED,-118.37741088867188,35.115219116210938
94580398,2025,2025-02-14,9420,2025-02-06,2230,021773,,4,3,9,1500,0,1,3,,1,176,"SR-178 W/B","UNION AVE",430.00,E,N,A,-,Y,KER,,178," ",R,2.536,H,,L,Y,2,0,1,1,A,-,08,22107,,N,E,I,A,A,H,-,D,D,0,,,,,Y,,D,22,1,0,0,0,0,0,0,0,0,"- ","- ",35.383739471435547,-119.00102996826172,KERN,UNINCORPORATED,-119.00102996826172,35.383686065673828
94590854,2025,2025-02-26,9426,2025-02-02,1757,018023,,7,2,9,1500,0,1,3,,2,581,"STATE ROUTE 58","OLD TRACY AVENUE",1056.00,E,N,A,-,Y,KER,,58," "," ",31.028,H,,R,Y,1,1,5,2,A,-,06,21751,,N,A,C,A,A,H,-,B,D,0,,,,,Y,,A,01,2,3,0,0,0,0,0,0,0,"- ","- ",35.399330139160156,-119.40814208984375,KERN,UNINCORPORATED,-119.40814208984375,35.399375915527344
94609751,2025,2025-03-18,9426,2025-03-07,"856 ",019442,,5,1,9,1500,0,3,5,,2,086,"WASCO AVE","LERDO HWY",0.00,,Y,A,-,N,,,,,,,,,,N,2,0,2,2,A,-,09,21802,A,N,D,C,A,A,H,-,A,A,0,,,,,Y,,A,01,1,0,1,0,0,0,0,0,0,"- ","- ",35.499988555908203,-119.33231353759766,KERN,UNINCORPORATED,-119.33230590820312,35.499988555908203
94624486,2025,2025-03-24,9420,2025-03-15,1940,022963,,6,2,6,1502,0,2,4,,1,072,"E. CALIFORNIA AVENUE","EXCHANGE ST",65.00,E,N,A,-,N,,,,,,,,,,N,2,0,1,2,A,-,11,21954,A,N,G,B,D,A,H,-,C,A,0,Y,,,,Y,,N,60,1,0,0,0,1,0,0,0,0,"- ","- ",35.368579864501953,-118.96508026123047,KERN,BAKERSFIELD,-118.96507263183594,35.368579864501953
94631854,2025,2025-03-31,9430,2025-02-28,"602 ",022345,,5,1,9,1500,0,1,1,,2,052,"I-5 N/B","FORT TEJON RD",250.00,S,N,A,-,Y,KER,,5," "," ",4.955,H,,R,Y,2,0,1,2,A,-,08,22107,,N,B,2,A,A,H,-,A,D,0,,,,Y,Y,,D,22,1,0,0,0,0,0,0,0,0,"- ","- ",34.876361846923828,-118.89386749267578,KERN,UNINCORPORATED,-118.89391326904297,34.876323699951172
94658806,2024,2025-04-22,9420,2024-11-17,"105 ",022567,,7,3,9,1500,0,1,3,,2,096,"STATE ROUTE 99 NORTHBOUND","HOUGHTON ROAD",1954.00,S,N,A,-,Y,KER,,99," "," ",15.051,H,,R,N,1,1,1,3,A,-,11,21954,A,F,G,B,E,A,H,-,D,D,0,Y,,,,Y,,N,60,1,0,0,1,1,0,0,0,0,"- ","- ",35.232128143310547,-119.01397705078125,KERN,UNINCORPORATED,-119.01387786865234,35.232139587402344
94666886,2025,2025-04-28,9420,2025-02-01,2253,022882,,6,3,9,1500,0,3,5,,2,510,"STATE ROUTE 43 SOUTHBOUND","CECIL AVENUE",4752.00,N,N,A,-,Y,KER,,43," "," ",38.698,H,,L,Y,1,1,1,2,A,-,01,23152,G,N,A,C,A,A,H,-,D,D,0,,,,,Y,Y,A,01,1,0,0,0,0,0,0,0,0,"- ","- ",35.788829803466797,-119.35471343994141,KERN,UNINCORPORATED,-119.35469818115234,35.788833618164062
94668021,2025,2025-04-29,9420,2025-04-15,"905 ",019140,,2,1,9,1500,0,2,4,,2,021,"SIERRA WAY","STINE COVE ROAD",2112.00,S,N,A,-,N,,,,,,,,,,Y,2,0,2,2,A,-,05,21460,A,N,A,C,A,A,H,-,A,D,0,,,,,Y,,A,07,1,1,0,0,0,0,0,0,0,"- ","- ",35.676528930664062,-118.40496063232422,KERN,UNINCORPORATED,-118.40862274169922,35.680671691894531
94683447,2025,2025-05-12,9430,2025-04-19,"522 ",022644,,6,3,9,1500,0,1,1,,2,053,"I-5 S/B","GRAPEVINE ROAD",15840.00,S,N,A,-,Y,KER,,5," "," ",7.214,H,,L,Y,2,0,1,2,A,-,03,22350,,N,C,C,A,A,H,-,D,D,0,,,,,Y,,A,01,1,0,0,0,0,0,0,0,0,"- ","- ",34.898040771484375,-118.92198944091797,KERN,UNINCORPORATED,-118.92198181152344,34.898044586181641
94695269,2025,2025-05-21,9420,2025-05-14,1205,021895,,3,1,9,1500,0,3,5,,2,510,"SCHUSTER RD","STRADLEY AVE",0.00,,Y,A,-,N,,,,,,,,,,Y,2,0,3,2,A,-,12,22450,A,N,D,C,A,A,H,-,A,A,0,,,,,Y,,D,22,2,0,1,0,0,0,0,0,0,"- ","- ",35.732269287109375,-119.25834655761719,KERN,UNINCORPORATED,-119.25833129882812,35.732276916503906
94705133,2025,2025-05-29,9420,2025-03-29,2240,023124,,6,3,9,1500,0,2,4,,1,075,"SOUTH UNION AVENUE SOUTHBOUND (S/B)","WHITE LANE",382.00,S,N,A,-,N,,,,,,,,,,N,1,1,0,2,A,-,11,21954,A,F,G,B,D,A,H,-,C,D,0,Y,,,,Y,Y,N,60,0,0,0,1,0,0,0,0,0,"- ","- ",35.316490173339844,-119.00312042236328,KERN,UNINCORPORATED,-119.00312805175781,35.316562652587891
94756630,2023,2025-07-10,9430,2023-04-09,"245 ",021486,,7,3,9,1500,0,1,1,,2,054,"I-5 N/B","S WHEELER RIDGE ROAD O/C",1100.00,S,N,A,-,Y,KER,,5," "," ",13.312,H,,R,Y,1,2,4,1,A,-,08,22107,,N,E,I,A,A,H,-,C,D,0,,,,,Y,,A,07,4,0,0,0,0,0,0,0,0,"- ","- ",34.9835205078125,-118.94407653808594,KERN,UNINCORPORATED,-118.94424438476562,34.983486175537109
94772485,2025,2025-07-22,9830,2025-06-06,"420 ",022202,,5,3,9,1500,0,3,5,,2,001,"RED APPLE AVENUE","WINESAP STREET",194.00,E,N,A,-,N,,,,,,,,,,Y,2,0,1,2,A,-,05,21202,A,F,H,G,A,A,H,-,D,A,0,,Y,,,Y,,M,91,1,0,0,0,0,0,1,0,0,"- ","- ",35.131671905517578,-118.47161865234375,KERN,UNINCORPORATED,-118.47169494628906,35.131679534912109
94784361,2025,2025-07-31,9830,2025-06-04,2020,023211,,3,2,9,1500,0,1,3,,1,052,"STATE ROUTE 178 EASTBOUND","NORTH CALVERT BOULEVARD",0.00,,Y,A,-,Y,KER,,178," "," ",95.592,H,,R,Y,1,1,1,2,A,-,09,21801,A,N,D,C,A,A,H,-,D,D,0,,,Y,,Y,Y,C,02,0,1,0,0,0,0,0,1,0,"- ","- ",35.651901245117188,-117.75861358642578,KERN,UNINCORPORATED,-117.75861358642578,35.651870727539062
9480356,2022,2022-07-25,1508,2022-06-03,1711,141,2B,5,5,2,1508,0,0,0,,0,,"ADKISSON WY","1ST ST",151.00,E,N,A,-,N,,,,,,,,,,N,2,0,1,2,A,-,01,23152,A,N,E,I,A,A,H,-,A,A,0,,,,,Y,Y,A,01,1,0,0,0,0,0,0,0,0,"- ","- ",35.140708923339844,-119.45191192626953,KERN,TAFT,-119.45143890380859,35.140541076660156
9520155,2022,2022-12-20,1507,2022-05-13,1400,296,100,5,5,3,1507,0,0,0,,0,,"CHERRY AV","BURLINGTON NORTHERN SANTA FE RAILROAD",0.00,,Y,A,-,N,,,,,,,,,,Y,1,1,0,2,A,-,12,22451,A,N,H,-,A,A,H,-,A,A,0,,,,Y,Y,,F,86,0,0,0,0,0,0,0,0,0,"- ","- ",35.477588653564453,-119.2430419921875,KERN,SHAFTER,-119.24306300000001,35.477955999999999
9520208,2021,2023-01-12,1502,2021-08-23,2341,1225,,1,5,6,1502,0,0,0,,0,HILL,"24TH ST","OAK ST",0.00,,Y,A,-,N,,,,,,,,,,N,1,1,0,2,A,-,11,21453,D,N,G,B,B,A,H,-,C,A,0,Y,,,,Y,,N,60,0,0,0,1,0,0,0,0,0,"- ","- ",35.381309509277344,-119.03804779052734,KERN,BAKERSFIELD,-119.03857421875,35.381187438964844
9520215,2021,2023-06-20,1502,2021-11-16,1126,1185,,2,5,6,1502,0,0,0,,0,CENTRA,"MING AV","CALLE SALIDA",66.00,W,N,A,-,N,,,,,,,,,,Y,1,1,0,1,A,-,08,22107,,N,E,I,A,A,H,-,A,D,0,,,,,Y,,A,01,0,0,0,0,0,0,0,0,0,"- ","- ",35.339839935302734,-119.08972930908203,KERN,BAKERSFIELD,-119.09002685546875,35.339767456054688
9520217,2021,2023-06-20,1502,2021-12-31,1834,1225,,5,5,6,1502,0,0,0,,0,VALLEY,"PACHECO RD","CAMINO DEL SOL",113.00,E,N,A,-,N,,,,,,,,,,N,1,1,0,2,A,-,11,21954,A,N,G,B,E,A,H,-,C,D,0,Y,,,,Y,Y,N,60,0,0,0,1,0,0,0,0,0,"- ","- ",35.310291290283203,-119.00675201416016,KERN,BAKERSFIELD,-119.00643920898438,35.310379028320312
9520860,2023,2023-09-11,1502,2023-01-25,1039,1519,,3,5,6,1502,0,0,0,,0,METRO,"Q ST","24TH ST",0.00,,Y,A,-,N,,,,,,,,,,Y,1,1,1,2,A,-,09,21801,A,N,D,C,A,A,H,-,A,A,0,,,,,Y,,A,01,0,0,1,0,0,0,0,0,0,"- ","- ",35.381458282470703,-119.01062774658203,KERN,BAKERSFIELD,-119.01056671142578,35.380970001220703
9564182,2023,2023-04-25,1511,2023-02-05,1826,53338,2,7,5,2,1511,0,0,0,,0,00A,"CALIFORNIA CITY BL","67TH ST",48.00,W,N,A,-,N,,,,,,,,,,N,2,0,8,2,A,-,08,22107,,N,A,C,A,A,H,-,D,D,0,,,,,Y,Y,A,07,1,3,4,0,0,0,0,0,0,"- ","- ",35.125751495361328,-118.00877380371094,KERN,"CALIFORNIA CITY",-118.00891876220703,35.125709533691406
9564215,2023,2023-05-31,1511,2023-03-27,1223,53344,,1,5,2,1511,0,0,0,,0,00A,"90TH ST","EDISON POLE",72.00,S,-,A,-,N,,,,,,,,,,Y,2,0,5,1,A,-,08,22107,,N,E,I,A,A,H,-,A,D,0,,,,,Y,,-,,2,3,0,0,0,0,0,0,0,"- ","- ",35.147178649902344,-117.96787261962891,KERN,"CALIFORNIA CITY",-117.96787261962891,35.147178649902344
9574036,2023,2023-04-18,1506,2023-03-15,1415,9998,29,3,5,4,1506,0,0,0,,0,,"N GOLD CANYON DR","E RIDGECREST AV",0.00,,Y,A,-,N,,,,,,,,,,Y,2,0,1,2,A,-,09,21804,,N,D,C,A,A,H,-,A,A,0,,,Y,,Y,,A,01,1,0,0,0,0,0,0,0,1,"- ","- ",35.622249603271484,-117.66660308837891,KERN,RIDGECREST,-117.66661834716797,35.622486114501953
9577797,2023,2023-05-31,1506,2023-04-03,1221,7566,34,1,5,4,1506,0,0,0,,0,,"WEST RIDGECREST BL","N MAHAN ST",0.00,,Y,A,-,N,,,,,,,,,,Y,2,0,3,3,A,-,09,21804,A,N,D,C,A,A,H,-,A,A,0,,,,,Y,,A,01,1,1,1,0,0,0,0,0,0,"- ","- ",35.622520446777344,-117.69667816162109,KERN,RIDGECREST,-117.69672393798828,35.622512817382812
9599385,2023,2023-07-27,1507,2023-06-18,2330,293,,7,5,3,1507,0,0,0,,0,,"7TH STANDARD RD","GOSSAMER GROVE BLVD",2166.00,W,N,A,-,N,,,,,,,,,,Y,2,0,1,1,A,-,03,22350,,F,C,D,A,A,H,-,D,D,0,,,Y,,Y,,C,02,1,0,0,0,0,0,0,0,1,"- ","- ",35.441650390625,-119.22059631347656,KERN,SHAFTER,-119.12604522705078,35.441493988037109
9624115,2023,2023-11-14,1501,2023-02-02,1538,626,24,4,5,3,1501,0,0,0,,0,003,"EL CAMINO REAL","TARVER WY",0.00,,Y,A,-,N,,,,,,,,,,Y,1,1,0,2,A,-,09,21800,B,N,D,C,A,A,H,-,A,D,0,,,Y,,Y,,O,05,0,0,0,0,0,0,0,1,0,"- ","- ",35.187488555908203,-118.82698059082031,KERN,ARVIN,-118.82675170898438,35.187290191650391
9640028,2022,2023-11-29,1502,2022-12-11,1801,1336,,7,5,6,1502,0,0,0,,0,CENTRA,"MING AV","SCARLET OAK BL",0.00,,Y,A,-,N,,,,,,,,,,Y,1,1,0,1,A,-,01,23152,A,N,E,I,A,A,H,-,A,A,0,,,,,Y,Y,A,01,0,0,0,0,0,0,0,0,0,"- ","- ",35.340068817138672,-119.10587310791016,KERN,BAKERSFIELD,-119.10620880126953,35.339679718017578
9716064,2024,2024-09-05,1500,2024-06-20,"425 ",030,,4,5,3,1510,0,0,0,,0,,"N CENTRAL AV","RT 46",0.00,,Y,A,-,N,,,,,,,,,,Y,2,0,1,2,A,-,09,21804,A,M,A,C,A,A,H,-,D,D,0,,,Y,,Y,,C,02,1,0,0,0,0,0,0,0,1,"- ","- ",35.604278564453125,-119.35941314697266,KERN,WASCO,-119.35805511474609,35.601535797119141
9748502,2024,2024-11-14,1506,2024-10-04,2255,3912,3,5,5,4,1506,0,0,0,,0,001,"SIERRA VIEW ST","REEVES AV",0.00,,Y,A,-,N,,,,,,,,,,Y,2,0,1,4,A,-,00,23103,A,N,C,E,A,A,H,-,D,D,0,,,,,Y,,A,01,1,0,0,0,0,0,0,0,0,"- ","- ",35.646198272705078,-117.68321990966797,KERN,RIDGECREST,-117.6832275390625,35.646209716796875
9748607,2024,2024-11-21,1506,2024-10-16,1251,7181,35,3,5,4,1506,0,0,0,,0,003,"RIDGECREST BL","SIERRA VIEW ST",228.00,W,N,A,-,N,,,,,,,,,,Y,2,0,3,2,A,-,09,21804,A,N,D,C,A,A,H,-,A,D,0,,,,,Y,,A,01,1,1,1,0,0,0,0,0,0,"- ","- ",35.622520446777344,-117.68784332275391,KERN,RIDGECREST,-117.68418884277344,35.622528076171875
9757795,2024,2025-04-09,1500,2024-12-15,1800,58037,,7,5,3,1509,0,0,0,,0,,"BEAR VALLEY RD","CUMBERLAND RD",0.00,,Y,A,-,N,,,,,,,,,,N,2,0,1,1,A,-,12,22450,A,N,E,I,A,A,H,-,D,A,0,,,,,Y,,A,01,1,0,0,0,0,0,0,0,0,"- ","- ",35.152961730957031,-118.59001922607422,KERN,TEHACHAPI,-118.64469909667969,35.158958435058594
9784776,2025,2025-02-28,1509,2025-02-09,"603 ",1032,,7,5,3,1509,0,0,0,,0,,"TEHACHAPI WILLOW SPRINGS RD","TEHACHPI BLVD",0.00,,N,E,-,N,,,,,,,,,,Y,2,0,1,1,A,-,03,22350,,N,E,I,A,A,H,-,D,A,0,,,,,Y,,A,01,1,0,0,0,0,0,0,0,0,"- ","- ",,,KERN,TEHACHAPI,-118.39649200439453,35.125209808349609
9786120,2025,2025-05-05,1502,2025-02-09,2315,1381,,7,5,6,1502,0,0,0,,0,SOUTH,"GOSFORD RD","HARRIS RD",0.00,,Y,A,-,N,,,,,,,,,,N,1,1,0,1,A,-,08,22107,,N,E,I,A,A,H,-,C,A,0,,,,,Y,,D,22,0,0,0,0,0,0,0,0,0,"- ","- ",35.303569793701172,-119.09236145019531,KERN,BAKERSFIELD,-119.09223937988281,35.303398132324219
9807645,2025,2025-05-08,1511,2025-02-23,"400 ",53348,1,7,5,2,1511,0,0,0,,0,00A,"CALIFORNIA CITY BL","WES ST",0.00,,Y,A,-,N,,,,,,,,,,Y,2,0,1,1,A,-,05,21651,A,N,F,A,A,A,H,-,D,D,0,,,,,Y,,A,01,1,0,0,0,0,0,0,0,0,"- ","- ",35.125579833984375,-118.03024291992188,KERN,"CALIFORNIA CITY",-118.03468322753906,35.125560760498047
9814170,2025,2025-06-11,1509,2025-04-25,2350,1029,W,5,5,3,1509,0,0,0,,0,,"W VALLEY BL","SUNDOWNER CT",0.00,,Y,A,-,N,,,,,,,,,,Y,2,0,1,1,A,-,08,22107,,N,E,J,A,A,H,-,C,D,0,,,,,Y,,A,01,1,0,0,0,0,0,0,0,0,"- ","- ",35.124309539794922,-118.46608734130859,KERN,TEHACHAPI,,
6290285,2014,2014-04-21,9420,2014-02-19,2000,18397,,3,2,6,1502,0,1,3,,2,095,"RT 99","WHITE LN",1166.00,N,N,A,-,Y,KER,6,99,-,-,21.290,H,-,S,Y,1,1,0,3,A,-,03,22350,,N,C,C,A,A,D,-,D,A,1,,,,Y,Y,,A,01,0,0,0,0,0,0,0,0,0,"- ","- ",35.319420000000001,-119.03682000000001,KERN,BAKERSFIELD,-119.0371549,35.320623900000001
6290321,2014,2015-12-21,9426,2014-03-09,1810,18633,,7,2,9,1500,0,1,3,,1,118,"RT 119","RT 43",8448.00,W,N,A,-,Y,KER,6,119,-,-,16.650,H,-,E,Y,1,1,0,1,A,-,08,22107,,N,F,A,A,A,H,-,A,D,0,,,,,Y,,A,08,0,0,0,0,0,0,0,0,0,"- ","- ",35.267429999999997,-119.27938,KERN,UNINCORPORATED,-119.2795777,35.26746644
6290371,2014,2014-04-23,9420,2014-03-24,1515,16969,,1,2,9,1500,0,3,5,,2,671,"EDISON RD","DI GIORGIO RD",0.00,,Y,A,-,N,,,,,,,,,,Y,1,1,3,2,A,-,12,22450,A,N,D,C,A,A,H,-,A,A,0,,,,,Y,,A,01,2,1,0,0,0,0,0,0,0,"- ","- ",35.252510000000001,-118.07059,KERN,UNINCORPORATED,-118.87839004,35.25256006
6290605,2014,2014-06-02,9420,2014-05-01,0525,18068,9420,4,3,9,1500,0,1,3,,1,184,"RT 184","SEGRUE RD",248.00,S,N,A,-,Y,KER,6,184,-,-,1.210,H,-,N,N,1,1,0,2,A,-,11,21954,A,N,G,B,D,A,H,-,C,D,0,Y,,,,Y,,N,60,0,0,0,1,0,0,0,0,0,"- ","- ",35.255330000000001,-118.91404,KERN,UNINCORPORATED,-118.91441909,35.255161469999997
6291172,2014,2015-12-30,9420,2014-06-26,2314,17972,,4,3,9,1500,0,3,5,,2,610,"SOUTH REAL RD","WOOD LN",0.00,,Y,A,-,N,,,,,,,,,,Y,1,1,1,2,A,-,09,21801,A,N,F,A,A,A,H,-,C,D,0,,,Y,,Y,,A,01,0,1,0,0,0,0,0,1,0,"- ","- ",35.344949999999997,-119.04340000000001,KERN,UNINCORPORATED,-119.04339009,35.344910120000002
6291179,2014,2015-12-18,9420,2014-06-23,1358,19459,,1,1,9,1500,0,3,5,,2,672,"S EDISON RD","BUENA VISTA BL",35.00,S,N,A,-,N,,,,,,,,,,Y,1,1,1,1,A,-,01,23152,A,N,E,I,A,A,H,-,A,D,0,,,,,Y,Y,D,22,0,1,0,0,0,0,0,0,0,"- ","- ",35.237679999999997,-118.87831,KERN,UNINCORPORATED,-118.87829947,35.237913970000001
6291262,2014,2014-10-23,9426,2014-08-12,2237,16780,,2,3,9,1500,0,1,1,,2,506,"RT 5","ASHE RD",500.00,N,N,A,-,Y,KER,6,5,-,-,26.100,H,-,N,Y,1,1,1,1,A,-,08,22107,,N,F,A,A,A,H,-,C,D,1,,,,,Y,,A,07,0,1,0,0,0,0,0,0,0,"- ","- ",35.130040000000001,-119.07595000000001,KERN,UNINCORPORATED,-119.07531143,35.129784149999999