CASE_ID,ACCIDENT_YEAR,PROC_DATE,JURIS,COLLISION_DATE,COLLISION_TIME,OFFICER_ID,REPORTING_DISTRICT,DAY_OF_WEEK,CHP_SHIFT,POPULATION,CNTY_CITY_LOC,SPECIAL_COND,BEAT_TYPE,CHP_BEAT_TYPE,CITY_DIVISION_LAPD,CHP_BEAT_CLASS,BEAT_NUMBER,PRIMARY_RD,SECONDARY_RD,DISTANCE,DIRECTION,INTERSECTION,WEATHER_1,WEATHER_2,STATE_HWY_IND,CALTRANS_COUNTY,CALTRANS_DISTRICT,STATE_ROUTE,ROUTE_SUFFIX,POSTMILE_PREFIX,POSTMILE,LOCATION_TYPE,RAMP_INTERSECTION,SIDE_OF_HWY,TOW_AWAY,COLLISION_SEVERITY,NUMBER_KILLED,NUMBER_INJURED,PARTY_COUNT,PRIMARY_COLL_FACTOR,PCF_CODE_OF_VIOL,PCF_VIOL_CATEGORY,PCF_VIOLATION,PCF_VIOL_SUBSECTION,HIT_AND_RUN,TYPE_OF_COLLISION,MVIW,PED_ACTION,ROAD_SURFACE,ROAD_COND_1,ROAD_COND_2,LIGHTING,CONTROL_DEVICE,CHP_ROAD_TYPE,PEDESTRIAN_ACCIDENT,BICYCLE_ACCIDENT,MOTORCYCLE_ACCIDENT,TRUCK_ACCIDENT,NOT_PRIVATE_PROPERTY,ALCOHOL_INVOLVED,STWD_VEHTYPE_AT_FAULT,CHP_VEHTYPE_AT_FAULT,COUNT_SEVERE_INJ,COUNT_VISIBLE_INJ,COUNT_COMPLAINT_PAIN,COUNT_PED_KILLED,COUNT_PED_INJURED,COUNT_BICYCLIST_KILLED,COUNT_BICYCLIST_INJURED,COUNT_MC_KILLED,COUNT_MC_INJURED,PRIMARY_RAMP,SECONDARY_RAMP,LATITUDE,LONGITUDE,COUNTY,CITY,POINT_X,POINT_Y
6291330,2014,2015-12-30,9420,2014-07-08,1220,18807,,2,1,9,1500,0,1,3,,2,223,"RT 223","TOWERLINE RD",10560.00,E,N,A,-,Y,KER,6,223,-,-,24.630,H,-,W,Y,1,1,0,2,A,-,09,21804,A,N,D,C,A,A,H,-,A,D,0,,,Y,Y,Y,,G,25,0,0,0,0,0,0,0,1,0,"- ","- ",35.548580000000001,-118.45757999999999,KERN,UNINCORPORATED,-118.76435567999999,35.209370460000002
6291340,2014,2015-12-30,1502,2014-07-17,1842,1100,,4,5,6,1502,0,0,0,,0,,"MARILYN PL","AKERS RD",0.00,,Y,A,-,N,,,,,,,,,,Y,1,1,0,2,A,-,09,21802,A,F,D,C,A,A,H,-,A,A,0,,,Y,,Y,,A,07,0,0,0,0,0,0,0,1,0,"- ","- ",,,KERN,BAKERSFIELD,-119.04782012,35.331290009999996
6291366,2014,2016-01-07,9420,2014-08-22,1615,19829,,5,2,9,1500,0,1,3,,2,585,"RT 58","S CHESTER AV",83.00,E,N,A,-,Y,KER,6,58,-,R,53.540,H,-,W,N,1,1,0,3,A,-,03,22350,,N,B,C,A,A,H,-,A,D,1,,,Y,,Y,Y,C,02,0,0,0,0,0,0,0,1,0,"- ","- ",35.352510000000002,-119.02131,KERN,UNINCORPORATED,-119.01858411000001,35.352692769999997
6291568,2014,2014-11-19,9420,2014-10-05,1125,018631,,7,1,9,1500,0,1,3,,2,177,"RT 178","COW FLAT CREEK",0.00,,Y,A,-,Y,KER,6,178,-,-,25.300,H,-,W,Y,1,1,0,2,A,-,05,21460,A,N,A,C,A,A,H,-,A,D,0,,,Y,,Y,,C,02,0,0,0,0,0,0,0,1,0,"- ","- ",,,KERN,UNINCORPORATED,-118.67575290000001,35.519854690000003
6291828,2014,2015-01-14,9420,2014-10-04,1902,19442,,6,2,9,1500,0,2,4,,1,052,"ROBERTS LN","SEQUOIA DR",266.00,W,N,A,-,N,,,,,,,,,,N,1,1,0,2,A,-,11,21954,A,N,G,B,D,A,H,-,D,D,0,Y,,,,Y,Y,N,60,0,0,0,1,0,0,0,0,0,"- ","- ",35.408560000000001,-119.03485000000001,KERN,UNINCORPORATED,-119.03501153000001,35.408619999999999
6291923,2014,2015-07-20,9420,2014-11-27,1812,019098,,4,2,9,1500,0,1,3,,1,184,"RT 184","SUNSET BL",870.00,N,N,A,-,Y,KER,6,184,-,L,1.180,H,-,N,N,1,1,0,2,A,-,11,21954,A,F,G,B,D,A,H,-,D,D,0,Y,,,,Y,Y,N,60,0,0,0,1,0,0,0,0,0,"- ","- ",35.226849999999999,-118.91365999999999,KERN,UNINCORPORATED,-118.91447017,35.225891410000003
6292030,2014,2016-01-14,1502,2014-03-10,2349,1049,,1,5,6,1502,0,0,0,,0,,"MONTEREY ST","ROBINSON ST",163.00,W,N,A,-,N,,,,,,,,,,N,1,1,0,2,A,-,11,21954,A,F,G,B,E,A,H,-,C,D,0,Y,,,,Y,,N,60,0,0,0,1,0,0,0,0,0,"- ","- ",,,KERN,BAKERSFIELD,-118.98421501999999,35.379243049999999
6292231,2015,2015-06-10,9420,2015-04-12,0158,19829,,7,3,6,1502,0,1,3,,1,176,"RT 178","BERNARD ST",625.00,W,N,A,-,Y,KER,6,178,-,R,3.680,H,-,E,Y,1,1,0,2,A,-,08,22107,,F,B,C,A,A,H,-,C,D,1,,,,,Y,,-,"- ",0,0,0,0,0,0,0,0,0,"- ","- ",35.389780000000002,-118.98088,KERN,BAKERSFIELD,-118.9822819,35.388582649999996
6292261,2015,2016-01-11,9420,2015-05-18,0531,15259,,1,3,9,1500,0,1,3,,2,223,"RT 223","S EDISON RD",0.00,,Y,B,-,Y,KER,6,223,-,R,18.090,I,5,W,Y,1,1,0,2,A,-,12,22450,A,N,D,C,A,A,H,-,D,A,0,,,,Y,Y,,A,01,0,0,0,0,0,0,0,0,0,"- ","- ",35.208829999999999,-118.87814,KERN,UNINCORPORATED,-118.87813730000001,35.20881851
6292393,2015,2015-07-13,1502,2015-02-04,0713,784,,3,5,6,1502,0,0,0,,0,,"CLAY PATRICK FARR WY","ABBOTT DR",73.00,S,N,A,-,N,,,,,,,,,,Y,1,1,0,2,A,-,11,21954,A,N,G,B,D,A,H,-,A,D,0,Y,,,,Y,,N,60,0,0,0,1,0,0,0,0,0,"- ","- ",,,KERN,BAKERSFIELD,-119.10527899,35.396550980000001
6292408,2015,2015-07-29,1502,2015-03-09,0611,1100,,1,5,6,1502,0,0,0,,0,HILL,"RT 178","FAIRFAX RD",4880.00,E,N,A,-,Y,KER,6,178,-,R,7.690,H,-,E,Y,1,1,1,1,A,-,08,22107,,N,F,A,A,A,D,-,D,D,0,,,,Y,Y,,F,26,0,0,1,0,0,0,0,0,0,"- ","- ",,,KERN,BAKERSFIELD,-118.91413301999999,35.396879890000001
6292490,2015,2015-08-21,9830,2015-05-09,0045,14518,,6,3,9,1500,0,1,3,,1,040,"RT 14","RT 58",3168.00,N,N,A,-,Y,KER,6,14,-,-,19.660,H,-,S,N,1,1,0,2,D,-,00,,,F,G,B,E,A,H,-,D,D,5,Y,,,Y,Y,,-,"- ",0,0,0,1,0,0,0,0,0,"- ","- ",35.106319999999997,-118.13891,KERN,UNINCORPORATED,-118.13918045,35.105557570000002
6292636,2015,2015-09-14,1502,2015-06-03,0629,1049,,3,5,6,1502,0,0,0,,0,,"DR MARTIN LUTHER KING JR BL","TEXAS ST",167.00,S,N,A,-,N,,,,,,,,,,Y,1,1,1,2,A,-,09,21804,A,N,D,C,A,A,H,-,A,D,0,,,,,Y,,A,01,0,1,0,0,0,0,0,0,0,"- ","- ",,,KERN,BAKERSFIELD,-118.98526,35.35712178
6292697,2015,2017-03-30,9830,2015-08-11,1410,19883,,2,2,9,1500,0,1,2,,1,054,"RT 395","SEARLES STATION RD",6864.00,S,N,A,-,Y,KER,6,395,-,-,6.890,H,-,N,Y,1,1,0,1,A,-,08,22107,,N,E,I,A,A,H,-,A,D,0,,,,,Y,,A,07,0,0,0,0,0,0,0,0,0,"- ","- ",35.273180000000004,-117.39275000000001,KERN,UNINCORPORATED,-117.65451969,35.45317721
6292779,2015,2016-04-15,1502,2015-08-26,1900,1033,,3,5,6,1502,0,0,0,,0,SOUTH,"ASHE RD","PANAMA LN",1000.00,S,N,A,-,N,,,,,,,,,,Y,1,1,0,1,A,-,03,22350,,N,E,I,A,A,H,-,B,A,0,,,,,Y,,A,01,0,0,0,0,0,0,0,0,0,"- ","- ",35.296050000000001,-119.07478999999999,KERN,BAKERSFIELD,-119.07445154,35.293316279999999
6292819,2015,2017-03-27,1502,2015-09-19,2300,1167,,6,5,6,1502,0,0,0,,0,METRO,"P ST","CHESTER PL",110.00,S,N,A,-,N,,,,,,,,,,Y,1,1,0,2,A,-,01,23153,A,F,G,B,E,A,H,-,D,D,0,Y,,,,Y,Y,A,07,0,0,0,1,0,0,0,0,0,"- ","- ",35.359749999999998,-119.01157000000001,KERN,BAKERSFIELD,-119.01186,35.359518170000001
6292860,2015,2016-03-03,9420,2015-07-14,1710,18116,,2,2,9,1500,0,2,4,,1,052,"NORRIS RD","AIRPORT RD",0.00,,Y,A,-,N,,,,,,,,,,Y,1,1,1,2,B,-,22,,,N,D,C,A,A,H,-,A,A,0,,,Y,,Y,,J,48,0,1,0,0,0,0,0,1,0,"- ","- ",34.419510000000002,-119.03916,KERN,UNINCORPORATED,-119.03917008000001,35.419570020000002
6292888,2017,2019-04-05,1502,2017-04-23,2257,1241,,7,5,6,1502,0,0,0,,0,METRO,"CHESTER AV","20TH ST",0.00,,Y,A,-,N,,,,,,,,,,Y,1,1,1,2,A,-,09,21801,A,N,D,C,A,A,H,-,C,A,0,,,Y,,Y,,A,01,0,1,0,0,0,0,0,1,0,"- ","- ",35.37717,-119.01828999999999,KERN,BAKERSFIELD,-119.01876032,35.377174179999997
6343365,2014,2014-06-14,9420,2014-01-08,1747,015259,,3,2,9,1500,0,3,5,,2,672,"DI GIORGIO RD","COTTONWOOD RD",31.00,E,N,B,-,N,,,,,,,,,,Y,2,0,2,2,A,-,03,22350,,N,C,C,A,A,H,-,C,A,0,,,,,Y,,D,22,1,1,0,0,0,0,0,0,0,"- ","- ",35.25235,-118.98511999999999,KERN,UNINCORPORATED,-118.98522629999999,35.252299999999998
6348110,2014,2015-11-17,9420,2014-01-12,0038,18117,,7,3,6,1502,0,1,3,,2,095,"RT 99","WIBLE RD",150.00,N,N,A,-,Y,KER,6,99,-,-,21.099,H,-,S,Y,2,0,2,1,A,-,01,23152,A,N,E,I,A,A,D,-,D,D,1,,,,,Y,Y,A,01,1,0,1,0,0,0,0,0,0,"- ","- ",35.330539999999999,-119.03968999999999,KERN,BAKERSFIELD,-119.0364491,35.317926470000003
6373049,2014,2014-06-06,1502,2014-01-28,1755,1064,,2,5,6,1502,0,0,0,,0,,"JEWETTA AV","PATRICK HENRY DR",494.00,S,N,A,-,N,,,,,,,,,,N,2,0,1,2,A,-,11,21954,A,N,G,B,D,A,H,-,C,D,0,Y,,,,Y,,N,60,1,0,0,0,1,0,0,0,0,"- ","- ",,,KERN,BAKERSFIELD,-119.12792281999999,35.366144419999998
6393725,2014,2015-11-24,9420,2014-02-26,2010,18397,,3,2,9,1500,0,1,3,,2,584,"RT 58","STERLING RD",528.00,E,N,B,-,Y,KER,6,58,-,R,58.030,H,-,E,Y,2,0,3,1,A,-,08,22107,,N,F,A,A,A,H,-,D,D,1,,,,,Y,,A,01,1,2,0,0,0,0,0,0,0,"- ","- ",35.352359999999997,-118.93728,KERN,UNINCORPORATED,-118.93910798,35.352138930000002
6428625,2014,2015-09-16,9420,2014-02-20,2220,18116,,4,3,9,1500,0,1,3,,1,582,"RT 58","MAYER AV",2640.00,W,N,A,-,N,,,,,,,,,,Y,2,0,1,1,A,-,01,23152,A,N,E,I,A,A,H,-,D,D,0,,,,,Y,Y,A,01,1,0,0,0,0,0,0,0,0,"- ","- ",36.39837,-119.29647,KERN,UNINCORPORATED,-119.29638849,35.398351179999999
6430684,2014,2015-11-20,1502,2014-03-19,1301,965,,3,5,6,1502,0,0,0,,0,,"RT 178","OAK ST",460.00,W,N,A,-,Y,KER,6,178,-,-,1.660,H,-,E,N,2,0,1,2,A,-,11,21954,A,N,G,B,D,A,H,-,A,D,0,Y,,,,Y,,N,60,1,0,0,0,1,0,0,0,0,"- ","- ",,,KERN,BAKERSFIELD,-119.01607256,35.38004127
6449945,2014,2015-11-17,9420,2014-03-22,2028,19140,,6,2,9,1500,0,1,3,,2,093,"RT 99","OLIVE DR",1320.00,N,N,A,-,Y,KER,6,99,-,R,28.120,H,-,S,Y,2,0,2,2,A,-,01,23152,A,N,B,C,A,A,H,-,C,D,1,,,Y,,Y,Y,C,02,1,1,0,0,0,0,0,0,2,"- ","- ",35.416879999999999,-119.05982,KERN,UNINCORPORATED,-119.05821527000001,35.415000059999997
6456952,2014,2016-04-11,9426,2014-04-10,1920,17281,,4,2,9,1500,0,1,1,,2,506,"RT 5","HERRING RD",3168.00,S,N,A,-,Y,KER,6,5,-,-,27.560,H,-,N,Y,2,0,1,2,A,-,03,22350,,N,C,C,A,A,H,-,B,D,1,,,,Y,Y,,G,25,1,0,0,0,0,0,0,0,0,"- ","- ",35.144910000000003,-119.09211000000001,KERN,UNINCORPORATED,-119.0925281,35.145334089999999
6469089,2014,2016-04-08,9420,2014-04-21,1245,13672,,1,1,9,1500,0,1,3,,1,650,"RT 65","MERLE HAGGARD DR",0.00,,Y,A,-,Y,KER,6,65,-,-,0.670,H,-,S,Y,2,0,1,5,A,-,01,23152,A,N,B,C,F,A,H,-,A,A,0,Y,,,,Y,Y,D,22,1,0,0,0,1,0,0,0,0,"- ","- ",35.44135,-119.06937000000001,KERN,UNINCORPORATED,-119.07480767,35.441384650000003
6475831,2014,2016-04-09,1502,2014-04-16,1159,993,,3,5,6,1502,0,0,0,,0,,"RT 178","VALLEY ST",0.00,,Y,A,-,Y,KER,6,178,-,-,103.750,I,5,E,Y,2,0,1,1,A,-,03,22350,,N,F,I,A,A,H,-,A,D,0,,,Y,,Y,,C,02,1,0,0,0,0,0,0,0,1,"- ","- ",,,KERN,BAKERSFIELD,-117.65004820999999,35.622461190000003
6481577,2014,2015-11-19,9420,2014-05-09,0845,016153,,5,1,9,1500,0,3,5,,2,060,"FRUITVALE AV","RT 58",360.00,N,N,A,-,N,,,,,,,,,,Y,2,0,1,2,A,-,03,22350,,N,C,C,A,A,H,-,A,D,0,,,,,Y,,A,01,1,0,0,0,0,0,0,0,0,"- ","- ",35.38402,-119.07422,KERN,UNINCORPORATED,-119.07425164999999,35.384351469999999
6495723,2014,2016-04-12,9420,2014-05-31,0510,019098,,6,3,9,1500,0,1,3,,2,094,"RT 99","HOSKING RD",1584.00,S,N,A,-,Y,KER,6,99,-,-,18.230,H,-,N,Y,2,0,3,2,A,-,03,22350,,N,C,C,A,A,H,-,B,D,1,,,,Y,Y,,D,22,1,1,1,0,0,0,0,0,0,"- ","- ",35.277709999999999,-119.02509000000001,KERN,UNINCORPORATED,-119.02551745,35.277234780000001
6501356,2014,2014-07-28,1502,2014-05-03,1620,P63,,6,5,6,1502,0,0,0,,0,,"21ST ST","OAK ST",0.00,,Y,A,-,N,,,,,,,,,,Y,2,0,1,2,A,-,12,21453,A,N,D,C,A,A,H,-,A,A,0,,,,,Y,,A,01,1,0,0,0,0,0,0,0,0,"- ","- ",,,KERN,BAKERSFIELD,-119.03858001,35.378210060000001
6508953,2014,2014-07-31,1508,2014-05-08,2207,66,3B,4,5,2,1508,0,0,0,,0,,"10TH ST","CENTER ST",0.00,,Y,A,-,N,,,,,,,,,,Y,2,0,1,2,A,-,11,21955,,N,G,B,D,A,H,-,C,D,0,Y,,,,Y,,N,60,1,0,0,0,1,0,0,0,0,"- ","- ",,,KERN,TAFT,-119.46513994,35.142840030000002
6524517,2014,2016-04-09,9426,2014-05-16,0320,16828,,5,3,9,1500,0,1,3,,1,461,"RT 46","MAIN DRAIN RD",5280.00,W,N,A,-,Y,KER,6,46,-,-,33.620,H,-,E,Y,2,0,1,1,A,-,01,23152,A,N,F,A,A,A,H,-,D,D,0,,,,,Y,Y,A,01,1,0,0,0,0,0,0,0,0,"- ","- ",35.598489999999998,-119.53498999999999,KERN,UNINCORPORATED,-119.63402601999999,35.616176109999998
6539278,2014,2016-04-09,9420,2014-06-13,1532,019829,,5,2,9,1500,0,1,3,,2,588,"RT 58","STATION LINE",170.00,E,N,A,-,Y,KER,6,58,-,-,79.070,H,-,E,Y,2,0,1,2,A,-,03,22350,,N,C,C,A,A,H,-,A,D,1,,,,Y,Y,,D,22,1,0,0,0,0,0,0,0,0,"- ","- ",35.145449999999997,-118.35481,KERN,UNINCORPORATED,-118.6032689,35.250969519999998
6539470,2014,2016-03-16,9420,2014-06-09,0010,019649,,1,3,9,1500,0,3,5,,2,630,"METTLER FRONTAGE RD","VALPREDO AV",87.00,N,N,A,-,N,,,,,,,,,,Y,2,0,1,1,A,-,08,22107,,F,E,I,A,A,H,-,C,D,0,,,,,Y,,A,01,1,0,0,0,0,0,0,0,0,"- ","- ",35.435189999999999,-118.58293,KERN,UNINCORPORATED,-118.97468146,35.07635775
6539585,2014,2014-08-28,9430,2014-06-19,0525,18165,,4,3,9,1500,0,2,4,,1,021,"FRAZIER MOUNTAIN PARK RD","GRAND TERRACE ESTATES",389.00,W,N,A,-,N,,,,,,,,,,Y,2,0,1,1,A,-,03,22350,,N,E,I,A,A,-,-,B,D,0,,,Y,,Y,,C,02,1,0,0,0,0,0,0,0,1,"- ","- ",34.818800000000003,-118.9151,KERN,UNINCORPORATED,-118.91526103,34.81891796
6549135,2014,2014-08-19,9426,2014-06-28,2345,18932,,6,3,9,1500,0,1,3,,1,167,"RT 166","LYRA RD",2112.00,E,N,A,-,Y,,,166,,,,,,,Y,2,0,3,2,A,-,08,22107,,N,A,C,A,A,H,-,D,D,0,,,,,Y,Y,A,07,1,0,2,0,0,0,0,0,0,"- ","- ",35.058540000000001,-119.18179000000001,KERN,UNINCORPORATED,-119.18178997,35.05853561
6558467,2014,2014-08-13,1502,2014-05-27,1915,965,,2,5,6,1502,0,0,0,,0,,"EAST CALIFORNIA AV","BROWN ST",204.00,E,N,A,-,N,,,,,,,,,,Y,2,0,2,2,A,-,05,21651,A,N,A,C,A,A,H,-,A,D,0,,,,,Y,,A,01,1,1,0,0,0,0,0,0,0,"- ","- ",,,KERN,BAKERSFIELD,-118.98171668000001,35.36858642
6570203,2014,2014-08-26,9420,2014-06-29,0713,019184,,7,1,9,1500,0,3,5,,2,060,"7TH STANDARD RD","COFFEE RD",0.00,,Y,A,-,N,,,,,,,,,,Y,2,0,1,1,A,-,01,23152,,N,E,I,A,A,H,-,A,D,0,,,,,Y,,A,07,1,0,0,0,0,0,0,0,0,"- ","- ",35.44126,-119.09661,KERN,UNINCORPORATED,-119.09219012,35.441420069999999
6580866,2014,2016-04-12,1500,2014-06-14,1006,201081,WA02,6,5,3,1510,0,0,0,,0,4401,"RT 43","KIMBERLINA RD",87.00,N,N,A,-,Y,KER,6,43,-,-,22.130,H,-,N,Y,2,0,3,4,A,-,04,21703,,M,C,C,A,A,H,-,A,D,0,,,,,Y,,-,,2,1,0,0,0,0,0,0,0,"- ","- ",,,KERN,WASCO,-119.33187588,35.558302920000003
6589163,2014,2014-08-22,1502,2014-07-31,0131,1083,,4,5,6,1502,0,0,0,,0,,"S MONTCLAIR ST","MARSHA ST",52.00,S,N,A,-,N,,,,,,,,,,Y,2,0,2,3,A,-,01,23152,A,N,B,E,A,A,H,-,C,D,0,,,,,Y,Y,D,22,1,0,1,0,0,0,0,0,0,"- ","- ",,,KERN,BAKERSFIELD,-119.05578038,35.352259619999998
6591215,2014,2014-08-19,1502,2014-07-24,1915,780,,4,5,6,1502,0,0,0,,0,,"SANDRA DR","MEREDITH DR",98.00,N,N,A,-,N,,,,,,,,,,N,2,0,1,2,A,-,11,21950,B,N,G,B,D,A,H,-,A,D,0,Y,,,,Y,,N,60,1,0,0,0,1,0,0,0,0,"- ","- ",,,KERN,BAKERSFIELD,-119.01568265,35.326121450000002
6592126,2014,2016-05-10,9420,2014-07-26,1658,19578,,6,2,6,1502,0,1,3,,2,093,"RT 99","RT 58",10.00,N,N,A,-,Y,KER,6,99,-,-,25.680,H,-,S,Y,2,0,5,2,A,-,03,22350,,N,C,C,A,A,H,-,A,D,1,,,,,Y,,A,01,1,1,3,0,0,0,0,0,0,"- ","- ",35.230170000000001,-119.24057999999999,KERN,BAKERSFIELD,-119.04466806000001,35.383480949999999
6599897,2014,2016-05-12,9420,2014-08-08,1445,019829,,5,2,9,1500,0,1,3,,2,588,"RT 58","RT 223",0.00,,Y,A,-,Y,KER,6,58,-,-,75.620,I,5,E,Y,2,0,3,2,A,-,09,21802,A,N,D,C,A,A,H,-,A,A,1,,,,,Y,,A,01,1,2,0,0,0,0,0,0,0,"- ","- ",35.264360000000003,-118.65822,KERN,UNINCORPORATED,-118.65836576,35.264167810000004
6602843,2014,2015-11-19,1509,2014-08-10,1428,946,T,7,5,3,1509,0,0,0,,0,2501,"W TEHACHAPI BL","MT VIEW",0.00,,Y,A,-,N,,,,,,,,,,Y,2,0,1,5,A,-,09,21801,A,N,D,D,A,A,H,-,A,D,0,,,Y,,Y,,A,01,1,0,0,0,0,0,0,0,1,"- ","- ",,,KERN,TEHACHAPI,-118.45985007,35.1317801
6603214,2014,2016-05-12,9426,2014-08-15,0145,18919,,5,3,9,1500,0,1,1,,2,502,"RT 5","7TH STANDARD RD",2112.00,S,N,A,-,Y,KER,6,5,-,-,56.240,H,-,S,Y,2,0,1,2,A,-,03,22350,,F,B,E,A,A,H,-,D,D,1,,,,,Y,,-,,1,0,0,0,0,0,0,0,0,"- ","- ",35.438209999999998,-119.45153999999999,KERN,UNINCORPORATED,-119.45172267,35.438388770000003
6604219,2014,2014-09-08,1502,2014-08-12,2202,P63,,2,5,6,1502,0,0,0,,0,,"S H ST","HOSKING AV",0.00,,Y,A,-,N,,,,,,,,,,Y,2,0,1,3,A,-,01,23152,A,N,D,C,A,A,H,-,C,A,0,,,,,Y,Y,A,01,1,0,0,0,0,0,0,0,0,"- ","- ",,,KERN,BAKERSFIELD,-119.0212501,35.28134009
6605525,2014,2016-05-11,9426,2014-08-19,2315,018919,,2,3,9,1500,0,1,3,,1,332,"RT 33","KERN ST",528.00,N,N,A,-,Y,KER,6,33,-,-,12.230,H,-,N,Y,2,0,3,2,A,-,05,21460,A,N,A,C,A,A,H,-,D,D,0,,,,,Y,,A,01,1,0,2,0,0,0,0,0,0,"- ","- ",35.066719999999997,-119.40205,KERN,UNINCORPORATED,-119.40200259,35.066504879999997
6606198,2014,2014-09-30,9420,2014-06-11,1558,017061,,3,2,9,1500,0,3,5,,2,040,"GRANITE RD","ROUND MOUNTAIN RD",2640.00,S,N,A,-,N,,,,,,,,,,Y,1,1,2,2,A,-,03,22350,,N,D,C,A,A,H,-,A,D,0,,,,,Y,,A,01,2,0,0,0,0,0,0,0,0,"- ","- ",35.530090000000001,-118.96216,KERN,UNINCORPORATED,-118.96929224,35.527242880000003
6607244,2014,2014-09-08,1502,2014-08-10,1946,936,,7,5,6,1502,0,0,0,,0,,"GRAND HAVEN LN","GRANITE PEAK ST",172.00,E,N,A,-,N,,,,,,,,,,Y,2,0,1,2,A,-,17,21712,A,N,H,B,E,A,H,-,A,D,0,Y,,,,Y,,A,07,1,0,0,0,1,0,0,0,0,"- ","- ",,,KERN,BAKERSFIELD,-119.03411445,35.282005740000002
6612826,2014,2016-05-11,1508,2014-08-19,0630,53,3B,2,5,2,1508,0,0,0,,0,,"10TH ST","KERN ST",0.00,,Y,A,-,Y,KER,6,33,-,-,19.129,I,6,N,Y,2,0,1,2,A,-,01,23152,E,N,A,C,A,A,H,-,A,A,0,,,,,Y,,A,01,1,0,0,0,0,0,0,0,0,"- ","- ",,,KERN,TAFT,-119.46515348,35.144910899999999
6635568,2014,2016-05-11,9420,2014-09-08,1925,018068,9420,1,2,9,1500,0,3,5,,2,671,"PANAMA RD","RT 184",185.00,E,N,A,-,Y,KER,6,184,-,-,2.035,I,6,N,N,2,0,1,2,A,-,08,22107,,F,G,B,E,A,H,-,B,A,0,Y,,,,Y,,A,08,1,0,0,0,1,0,0,0,0,"- ","- ",35.161299999999997,-118.5449,KERN,UNINCORPORATED,-118.91440334000001,35.267018810000003
6644752,2014,2014-10-10,9420,2014-09-20,1525,015119,,6,2,9,1500,0,2,4,,1,072,"NILES ST","PALM DR",262.00,E,N,A,-,N,,,,,,,,,,Y,2,0,1,2,A,-,03,22350,,N,D,C,A,A,H,-,A,D,0,,,Y,,Y,,C,02,1,0,0,0,0,0,0,0,1,"- ","- ",35.377070000000003,-118.96974,KERN,UNINCORPORATED,-118.97010797,35.377007059999997
6666281,2014,2014-12-15,9420,2014-10-09,1755,16691,,4,2,9,1500,0,3,5,,2,040,"ALFRED HARRELL HWY","GOODMANVILLE RD",237.00,E,N,A,-,N,,,,,,,,,,Y,2,0,3,1,A,-,01,23152,A,N,E,I,A,A,H,-,A,D,0,,,,,Y,Y,A,08,2,1,0,0,0,0,0,0,0,"- ","- ",35.437139999999999,-118.93261,KERN,UNINCORPORATED,-118.93276,35.436039999999998
6677889,2014,2014-11-12,9420,2014-09-22,0805,019140,,1,1,9,1500,0,3,5,,2,070,"E BRUNDAGE AV","STERLING RD",0.00,,Y,A,-,N,,,,,,,,,,Y,2,0,2,2,A,-,12,22450,A,N,D,C,A,A,H,-,A,A,0,,,,,Y,,A,07,1,0,1,0,0,0,0,0,0,"- ","- ",35.354509999999998,-118.94088000000001,KERN,UNINCORPORATED,-118.94091,35.354230010000002
6678019,2015,2016-01-29,9830,2015-07-30,0705,14518,,4,1,9,1500,0,3,5,,2,004,"REDROCK RANDSBURG RD","SALTDALE RD",1056.00,E,N,B,-,N,,,,,,,,,,Y,1,1,1,2,A,-,05,21650,,N,A,C,A,A,H,-,A,D,0,,,,Y,Y,,A,01,0,0,1,0,0,0,0,0,0,"- ","- ",35.365670000000001,-117.89064999999999,KERN,UNINCORPORATED,-117.89082583,35.365632810000001
6678091,2015,2016-02-18,1502,2015-06-13,1545,784,,6,5,6,1502,0,0,0,,0,SOUTH,"MC KEE RD","WIBLE RD",216.00,W,N,A,-,N,,,,,,,,,,Y,1,1,0,1,A,-,08,22107,,N,E,I,A,A,H,-,A,D,0,,,,,Y,Y,D,22,0,0,0,0,0,0,0,0,0,"- ","- ",,,KERN,BAKERSFIELD,-119.03971275000001,35.274149999999999
6678321,2017,2018-01-31,1500,2017-03-29,1955,201081,WA02,3,5,3,1510,0,0,0,,0,4401,"RT 43","PROSPECT AV",0.00,,Y,A,-,Y,KER,6,43,-,R,22.619,I,5,S,Y,1,1,2,3,A,-,01,23153,A,N,D,C,A,A,H,-,D,D,0,,,,,Y,Y,A,01,0,1,1,0,0,0,0,0,0,"- ","- ",,,KERN,WASCO,-119.33335017,35.5652884
6680841,2014,2014-12-17,1502,2014-10-12,0145,1120,,7,5,6,1502,0,0,0,,0,,"MING AV","CASTRO LN",44.00,W,N,A,-,N,,,,,,,,,,Y,2,0,1,1,A,-,01,23152,A,N,E,I,A,A,H,-,C,A,0,,,,,Y,Y,A,01,1,0,0,0,0,0,0,0,0,"- ","- ",,,KERN,BAKERSFIELD,-119.03466731,35.33953254
6680847,2014,2014-12-16,1502,2014-10-11,1859,1083,,6,5,6,1502,0,0,0,,0,,"STINE RD","WHITE LN",354.00,N,N,A,-,N,,,,,,,,,,Y,2,0,1,2,A,-,11,21956,,N,G,B,E,A,H,-,C,A,0,Y,,,,Y,Y,N,60,1,0,0,0,1,0,0,0,0,"- ","- ",,,KERN,BAKERSFIELD,-119.05668061,35.319044910000002
6701023,2014,2014-12-04,9420,2014-10-24,2055,019578,,5,2,9,1500,0,1,3,,2,092,"RT 99","OLIVE DR",26.00,N,N,A,-,Y,,,,,,,,,,Y,2,0,1,1,A,-,01,23152,A,N,E,I,A,A,H,-,C,D,0,,,,,Y,Y,A,01,1,0,0,0,0,0,0,0,0,"- ","- ",35.244630000000001,-119.31650999999999,KERN,UNINCORPORATED,-119.05528916,35.412432379999998
6717268,2014,2015-01-12,9830,2014-11-04,1740,17645,,2,2,9,1500,0,2,4,,1,034,"ROSAMOND BL","28TH ST W",93.00,E,N,A,-,N,,,,,,,,,,Y,2,0,2,3,A,-,01,23152,A,N,B,C,A,A,H,-,D,D,0,,,,,Y,Y,A,01,1,0,1,0,0,0,0,0,0,"- ","- ",34.86401,-118.18250999999999,KERN,UNINCORPORATED,-118.18232069,34.864095589999998