CASE_ID,ACCIDENT_YEAR,PROC_DATE,JURIS,COLLISION_DATE,COLLISION_TIME,OFFICER_ID,REPORTING_DISTRICT,DAY_OF_WEEK,CHP_SHIFT,POPULATION,CNTY_CITY_LOC,SPECIAL_COND,BEAT_TYPE,CHP_BEAT_TYPE,CITY_DIVISION_LAPD,CHP_BEAT_CLASS,BEAT_NUMBER,PRIMARY_RD,SECONDARY_RD,DISTANCE,DIRECTION,INTERSECTION,WEATHER_1,WEATHER_2,STATE_HWY_IND,CALTRANS_COUNTY,CALTRANS_DISTRICT,STATE_ROUTE,ROUTE_SUFFIX,POSTMILE_PREFIX,POSTMILE,LOCATION_TYPE,RAMP_INTERSECTION,SIDE_OF_HWY,TOW_AWAY,COLLISION_SEVERITY,NUMBER_KILLED,NUMBER_INJURED,PARTY_COUNT,PRIMARY_COLL_FACTOR,PCF_CODE_OF_VIOL,PCF_VIOL_CATEGORY,PCF_VIOLATION,PCF_VIOL_SUBSECTION,HIT_AND_RUN,TYPE_OF_COLLISION,MVIW,PED_ACTION,ROAD_SURFACE,ROAD_COND_1,ROAD_COND_2,LIGHTING,CONTROL_DEVICE,CHP_ROAD_TYPE,PEDESTRIAN_ACCIDENT,BICYCLE_ACCIDENT,MOTORCYCLE_ACCIDENT,TRUCK_ACCIDENT,NOT_PRIVATE_PROPERTY,ALCOHOL_INVOLVED,STWD_VEHTYPE_AT_FAULT,CHP_VEHTYPE_AT_FAULT,COUNT_SEVERE_INJ,COUNT_VISIBLE_INJ,COUNT_COMPLAINT_PAIN,COUNT_PED_KILLED,COUNT_PED_INJURED,COUNT_BICYCLIST_KILLED,COUNT_BICYCLIST_INJURED,COUNT_MC_KILLED,COUNT_MC_INJURED,PRIMARY_RAMP,SECONDARY_RAMP,LATITUDE,LONGITUDE,COUNTY,CITY,POINT_X,POINT_Y
6718055,2014,2016-01-13,9426,2014-12-05,0014,18919,,5,3,9,1500,0,1,1,,2,504,"RT 5","RT 43",7392.00,S,N,A,-,Y,KER,6,5,-,-,39.790,H,-,S,Y,1,1,0,2,A,-,07,21658,A,N,C,D,A,A,H,-,D,D,1,,,,,Y,Y,A,01,0,0,0,0,0,0,0,0,0,"- ","- ",35.277070000000002,-119.23553,KERN,UNINCORPORATED,-119.23631424,35.277865689999999
6718073,2014,2016-01-13,1502,2014-12-10,0238,1033,,3,5,6,1502,0,0,0,,0,,"NEW STINE RD","MING AV",16.00,S,N,E,-,N,,,,,,,,,,Y,1,1,0,1,A,-,08,22107,,N,E,I,A,A,H,-,C,A,0,,,,,Y,Y,A,01,0,0,0,0,0,0,0,0,0,"- ","- ",,,KERN,BAKERSFIELD,-119.06096658,35.338187499999997
6718104,2014,2016-01-13,9420,2014-12-23,2000,18626,,2,2,6,1502,0,1,3,,2,095,"RT 99","PLANZ RD",20.00,S,N,A,-,Y,KER,6,99,-,-,21.590,H,-,S,N,1,1,0,2,A,-,11,21954,A,N,G,B,D,A,H,-,D,D,1,Y,,,,Y,Y,N,60,0,0,0,1,0,0,0,0,0,"- ","- ",35.32499,-119.03830000000001,KERN,BAKERSFIELD,-119.03826496000001,35.324861609999999
6718232,2014,2015-03-13,1502,2014-06-11,2246,1049,,3,5,6,1502,0,0,0,,0,,"PANAMA LN","SALINAS ST",5320.00,W,N,A,-,N,,,,,,,,,,Y,1,1,2,3,A,-,05,21460,A,N,B,C,A,A,H,-,D,D,0,,,,,Y,,A,07,0,2,0,0,0,0,0,0,0,"- ","- ",,,KERN,BAKERSFIELD,-118.95761451,35.296015910000001
6718245,2014,2015-03-16,1502,2014-08-18,0835,784,,1,5,6,1502,0,0,0,,0,,"MING AV","OLD RIVER RD",0.00,,Y,A,-,N,,,,,,,,,,Y,1,1,1,3,A,-,12,21453,A,N,D,C,A,A,H,-,A,A,0,,,,,Y,,D,22,0,1,0,0,0,0,0,0,0,"- ","- ",,,KERN,BAKERSFIELD,-119.11441009000001,35.339700030000003
6718281,2014,2016-01-14,1502,2014-12-19,2259,784,,5,5,6,1502,0,0,0,,0,,"MOHAWK ST","TOWER WY",215.00,N,N,B,-,N,,,,,,,,,,Y,1,1,0,2,A,-,11,21956,,F,G,B,E,A,H,-,C,D,0,Y,,,,Y,,N,60,0,0,0,1,0,0,0,0,0,"- ","- ",,,KERN,BAKERSFIELD,-119.06276751999999,35.362136640000003
6718358,2015,2017-04-04,9420,2015-01-05,1945,18805,,1,2,9,1500,0,2,4,,1,071,"VIRGINIA AV","OSWELL ST",0.00,,Y,A,-,N,,,,,,,,,,N,1,1,0,2,A,-,11,21954,A,N,G,B,D,A,H,-,C,A,0,Y,,,,Y,Y,N,60,0,0,0,1,0,0,0,0,0,"- ","- ",35.361420000000003,-118.94987999999999,KERN,UNINCORPORATED,-118.94987012,35.361410110000001
6718360,2015,2017-04-20,1502,2015-01-17,1711,1049,,6,5,6,1502,0,0,0,,0,,"UNION AV","TRUXTON AV FR RD",234.00,S,N,A,-,Y,KER,6,204,-,-,3.370,H,-,N,N,1,1,0,2,A,-,11,21954,A,N,G,B,E,A,H,-,B,D,0,Y,,,,Y,Y,N,60,0,0,0,1,0,0,0,0,0,"- ","- ",,,KERN,BAKERSFIELD,-119.00292924999999,35.372528209999999
6718491,2014,2014-12-18,9830,2014-11-07,1843,18700,,5,2,9,1500,0,1,3,,1,040,"RT 14","BUS RT 58",560.00,N,N,A,-,Y,KER,6,14,-,-,16.140,H,-,N,N,1,1,0,2,A,-,11,21954,A,N,G,B,D,A,H,-,D,D,0,Y,,,,Y,,N,60,0,0,0,1,0,0,0,0,0,"- ","- ",35.067549999999997,-118.17646999999999,KERN,UNINCORPORATED,-118.17713005,35.066910849999999
6718524,2015,2015-06-08,9426,2015-05-08,0422,18610,,5,3,9,1500,0,1,1,,2,504,"RT 5","BUENA VISTA RD",5808.00,S,N,B,-,Y,KER,6,5,-,-,35.030,H,-,S,Y,1,1,0,1,A,-,08,22107,,N,F,A,A,A,H,-,D,D,1,,,,,Y,,D,22,0,0,0,0,0,0,0,0,0,"- ","- ",35.226010000000002,-119.18094000000001,KERN,UNINCORPORATED,-119.18097514,35.225895190000003
6724044,2014,2015-01-13,9420,2014-11-14,2125,19845,,5,2,9,1500,0,2,4,,1,072,"EAST CALIFORNIA AV","CHAMBERLAIN AV",55.00,E,N,A,-,N,,,,,,,,,,N,2,0,1,2,A,-,11,21954,A,N,G,B,D,A,H,-,C,A,0,Y,,,,Y,,N,60,1,0,0,0,1,0,0,0,0,"- ","- ",35.368479999999998,-118.96993000000001,KERN,UNINCORPORATED,-118.97012583,35.368644089999997
6725445,2014,2015-01-13,1502,2014-11-04,1752,1033,,2,5,6,1502,0,0,0,,0,,"CALLOWAY DR","MARBY GRANGE WY",0.00,,Y,A,-,N,,,,,,,,,,Y,2,0,1,2,A,-,11,21453,D,N,G,B,B,A,H,-,C,A,0,Y,,,,Y,,N,60,1,0,0,0,1,0,0,0,0,"- ","- ",,,KERN,BAKERSFIELD,-119.11464005000001,35.365040039999997
6730853,2014,2015-01-21,9420,2014-11-25,2050,15896,,2,2,9,1500,0,3,5,,2,510,"ELMO HWY","FAMOSO PORTERVILLE HWY",40.00,W,N,A,-,N,,,,,,,,,,N,2,0,2,1,A,-,03,22350,,N,H,A,A,A,H,-,D,A,0,,,,,Y,,D,22,2,0,0,0,0,0,0,0,0,"- ","- ",35.686909999999997,-119.17598,KERN,UNINCORPORATED,-119.17759454999999,35.689140000000002
6735094,2014,2015-02-06,9426,2014-12-31,0655,15633,,3,1,9,1500,0,1,3,,1,118,"RT 119","RT 5",2112.00,W,N,A,-,Y,,,119,,,,,,,Y,2,0,3,2,A,-,05,21650,,N,A,C,A,A,H,-,A,D,0,,,,,Y,,A,07,1,1,1,0,0,0,0,0,0,"- ","- ",35.267060000000001,-119.23586,KERN,UNINCORPORATED,-119.23585971999999,35.267092470000001
6750127,2014,2015-02-23,9420,2014-12-10,0655,014811,,3,1,9,1500,0,1,3,,1,184,"RT 184","ALICANTE AV",90.00,N,N,E,-,Y,KER,6,184,-,-,1.650,H,-,N,Y,1,1,0,2,A,-,03,22350,,N,C,C,A,B,H,-,B,D,0,,,Y,,Y,,C,02,0,0,0,0,0,0,0,1,0,"- ","- ",35.261339999999997,-118.91434,KERN,UNINCORPORATED,-118.91440891000001,35.261464140000001
6754898,2014,2015-02-04,9420,2014-12-28,1910,16978,,7,2,9,1500,0,1,3,,2,223,"RT 223","ASHE RD",3168.00,W,N,A,-,Y,,,223,,,,,,,Y,2,0,1,1,A,-,08,22107,,N,E,I,A,A,H,-,D,D,0,,,,,Y,,A,01,1,0,0,0,0,0,0,0,0,"- ","- ",35.208779999999997,-119.06731000000001,KERN,UNINCORPORATED,-119.06730998,35.208788069999997
6765041,2014,2015-02-04,9420,2014-12-04,1712,16926,,4,2,9,1500,0,1,3,,1,184,"RT 184","FILLMORE ST",350.00,N,N,A,-,Y,,,184,,,,,,,N,2,0,1,2,A,-,11,21954,A,N,G,B,D,A,H,-,D,D,0,Y,,,,Y,Y,N,60,1,0,0,0,1,0,0,0,0,"- ","- ",35.370019999999997,-118.91419999999999,KERN,UNINCORPORATED,-118.91424024,35.37002004
6765105,2014,2015-02-03,9420,2014-12-02,2127,18607,,2,2,6,1502,0,1,3,,2,092,"RT 99","RT 204",10.00,N,N,A,-,Y,,,99,,,,,,,Y,2,0,1,1,A,-,08,22107,,N,E,I,A,B,H,-,C,D,0,,,,,Y,,A,01,1,0,0,0,0,0,0,0,0,"- ","- ",35.402979999999999,-119.04521,KERN,BAKERSFIELD,-119.04542456,35.402890919999997
6765420,2014,2015-02-02,9420,2014-12-20,1942,016691,,6,2,9,1500,0,2,4,,1,051,"OLIVE DR","SANFORD DR",1724.00,W,N,A,-,N,,,,,,,,,,N,2,0,1,2,A,-,11,21954,A,N,G,B,D,A,H,-,D,D,0,Y,,,,Y,,N,60,1,0,0,0,1,0,0,0,0,"- ","- ",35.412439999999997,-119.84623999999999,KERN,UNINCORPORATED,-119.04859256,35.412400429999998
6779314,2014,2015-02-13,1502,2014-12-30,0107,984,,2,5,6,1502,0,0,0,,0,,"24TH ST","SPRUCE ST",15.00,E,N,A,-,N,,,,,,,,,,Y,2,0,1,1,A,-,01,23152,A,N,E,I,A,A,H,-,C,D,0,,,,,Y,Y,A,01,1,0,0,0,0,0,0,0,0,"- ","- ",,,KERN,BAKERSFIELD,-119.03273975,35.381059569999998
6783610,2015,2015-03-26,9420,2015-02-20,0610,018643,,5,1,9,1500,0,2,4,,1,077,"SOUTH FAIRFAX RD","HEHN AV",168.00,N,N,E,-,N,,,,,,,,,,Y,2,0,2,2,A,-,03,22350,,N,D,C,A,A,H,-,D,D,0,,,,Y,Y,,A,01,1,0,1,0,0,0,0,0,0,"- ","- ",35.330440000000003,-118.93212,KERN,UNINCORPORATED,-118.93204673,35.330170940000002
6783669,2015,2015-03-17,9420,2015-02-21,1345,017105,,6,1,9,1500,0,3,5,,2,060,"ALMOND DR","NORRIS RD",15.00,S,N,A,-,N,,,,,,,,,,Y,2,0,1,2,A,-,01,23152,A,N,D,C,A,A,H,-,A,A,0,,,,,Y,Y,A,01,1,0,0,0,0,0,0,0,0,"- ","- ",35.419559999999997,-119.06895,KERN,UNINCORPORATED,-119.06895977000001,35.419608840000002
6785288,2015,2016-02-17,9430,2015-01-12,0030,16681,,1,3,9,1500,0,2,4,,1,023,"MIL POTRERO HWY","CUDDY VALLEY RD",5280.00,W,N,A,-,N,,,,,,,,,,Y,2,0,1,1,A,-,03,22350,,N,E,I,A,C,H,-,D,D,0,,,,,Y,,A,01,1,0,0,0,0,0,0,0,0,"- ","- ",34.847909999999999,-119.0951,KERN,UNINCORPORATED,-119.09324984,34.847852349999997
6797342,2015,2016-04-18,9420,2015-01-09,2228,19185,,5,3,9,1500,0,1,3,,2,090,"RT 99","POND RD",1320.00,S,N,A,-,Y,KER,6,99,-,-,52.200,H,-,N,Y,2,0,1,2,A,-,01,23152,A,N,C,C,A,A,H,-,D,D,1,,,,Y,Y,Y,A,01,1,0,0,0,0,0,0,0,0,"- ","- ",35.714550000000003,-119.23575,KERN,UNINCORPORATED,-119.23584099999999,35.714665750000002
6820308,2015,2015-02-27,9420,2015-01-30,0500,018607,,5,3,9,1500,0,3,5,,2,672,"DAVID RD","WHEELER RIDGE RD",200.00,W,N,A,-,N,,,,,,,,,,Y,2,0,1,1,A,-,08,22107,,N,F,A,A,A,H,-,D,D,0,,,,,Y,,A,07,1,0,0,0,0,0,0,0,0,"- ","- ",35.093040000000002,-118.91967,KERN,UNINCORPORATED,-118.91538748000001,35.092922710000003
6822154,2015,2016-09-07,1501,2015-01-18,1839,942,16,7,5,3,1501,0,0,0,,0,001,"BEAR MOUNTAIN BL","STOCKTON AV",0.00,,Y,A,-,Y,KER,6,223,-,-,21.030,H,-,E,N,2,0,1,2,A,-,11,21950,B,N,G,B,D,A,H,-,C,D,0,Y,,,,Y,,A,01,1,0,0,0,1,0,0,0,0,"- ","- ",,,KERN,ARVIN,-118.82665337,35.209107529999997
6834933,2015,2015-03-12,1507,2015-01-25,2226,253,27,7,5,3,1507,0,0,0,,0,,"EAST LERDO HWY","DRIVER RD",3696.00,E,N,A,-,N,,,,,,,,,,Y,2,0,2,2,A,-,03,22350,,N,D,C,A,A,G,-,D,D,0,,,,,Y,Y,A,01,1,0,1,0,0,0,0,0,0,"- ","- ",,,KERN,SHAFTER,-119.19336718,35.4998
6837530,2015,2015-03-17,9420,2015-02-22,0207,19351,,7,3,9,1500,0,2,4,,1,072,"EDISON HWY","EXCHANGE ST",528.00,E,N,A,-,N,,,,,,,,,,Y,2,0,2,2,A,-,01,23152,A,N,C,C,A,A,H,-,D,D,0,,,,,Y,Y,A,07,1,0,1,0,0,0,0,0,0,"- ","- ",35.369549999999997,-118.96071000000001,KERN,UNINCORPORATED,-118.96341294,35.370101810000001
6843684,2015,2015-03-18,1503,2015-02-08,1221,1067,1009,7,5,4,1503,0,0,0,,0,ALL,"CECIL AV","METTLER AV",0.00,,Y,A,-,N,,,,,,,,,,Y,2,0,4,1,A,-,03,22350,,N,E,I,A,A,H,-,A,A,0,,,,,Y,,A,01,1,1,2,0,0,0,0,0,0,"- ","- ",,,KERN,DELANO,-119.28523996,35.775830079999999
6853148,2015,2016-04-13,9426,2015-03-02,0600,017581,,1,1,9,1500,0,1,1,,2,506,"COPUS RD","RT 5",1056.00,W,N,B,C,N,,,,,,,,,,Y,2,0,1,1,A,-,03,22350,,N,F,A,A,B,F,-,A,D,0,,,,,Y,,D,22,1,0,0,0,0,0,0,0,0,"- ","- ",35.095059999999997,-119.05023,KERN,UNINCORPORATED,-119.04108488,35.095026859999997
6853775,2015,2015-03-27,9430,2015-03-15,1235,018209,,7,1,9,1500,0,2,4,,1,024,"MIL POTRERO HWY","PINE CIRCLE DR",0.00,,Y,A,-,N,,,,,,,,,,Y,2,0,1,2,A,-,09,21801,A,N,D,C,A,A,H,-,A,D,0,,,Y,,Y,,D,22,1,0,0,0,0,0,0,0,1,"- ","- ",34.051299999999998,-119.166,KERN,UNINCORPORATED,-119.16668002999999,34.850970080000003
6854137,2014,2015-04-13,9426,2014-11-08,1505,17254,,6,2,9,1500,0,1,1,,2,500,"RT 5","RT 46",0.00,,Y,A,-,Y,KER,6,5,-,-,72.837,R,4,S,Y,1,1,6,3,-,-,"- ",,,N,D,C,A,A,H,-,A,A,1,,,,,Y,,-,"- ",0,5,1,0,0,0,0,0,0,"- ","- ",35.616039999999998,-119.65627000000001,KERN,UNINCORPORATED,-119.65179213,35.613972490000002
6854248,2014,2015-04-17,1502,2014-12-02,0544,965,,2,5,6,1502,0,0,0,,0,CENTRA,"WHITE LN","SHELBY LOOP",263.00,E,N,B,C,N,,,,,,,,,,N,1,1,0,2,A,-,"- ",,,N,H,G,A,B,H,-,D,D,0,,Y,,,Y,,-,"- ",0,0,0,0,0,1,0,0,0,"- ","- ",,,KERN,BAKERSFIELD,-119.07888948,35.318280000000001
6854249,2014,2015-04-17,1502,2014-12-16,2217,965,,2,5,6,1502,0,0,0,,0,CENTRA,"CAMINO MEDIA","MILL ROCK WY",820.00,E,N,A,-,N,,,,,,,,,,Y,1,1,0,1,A,-,01,23152,A,N,E,I,A,A,H,-,C,D,0,,,,,Y,Y,A,01,0,0,0,0,0,0,0,0,0,"- ","- ",,,KERN,BAKERSFIELD,-119.09526258,35.343064400000003
6854559,2015,2017-05-09,9830,2015-05-19,0635,016971,,2,1,9,1500,0,3,5,,2,001,"GOLDEN HILLS BL","BROOK DR",38.00,E,N,A,-,N,,,,,,,,,,Y,1,1,1,3,A,-,08,22107,,N,A,C,A,A,H,-,A,D,0,,,,Y,Y,,A,01,0,0,1,0,0,0,0,0,0,"- ","- ",35.133040000000001,-118.49149,KERN,UNINCORPORATED,-118.49132381,35.133052970000001
6854636,2015,2015-06-08,9420,2015-05-13,2131,18135,,3,2,9,1500,0,1,3,,1,462,"RT 46","WESTERN AV",0.00,,Y,A,-,Y,KER,6,46,-,-,48.520,I,5,E,Y,1,1,1,2,A,-,01,23152,E,N,D,C,A,A,H,-,D,A,0,,,,Y,Y,,A,01,0,1,0,0,0,0,0,0,0,"- ","- ",35.60145,-119.37591,KERN,UNINCORPORATED,-119.37587250999999,35.601517950000002
6859925,2015,2016-02-17,1502,2015-03-01,1823,1143,,7,5,6,1502,0,0,0,,0,NORTH,"ROSEDALE HWY","MOSASCO ST",53.00,E,N,B,-,N,,,,,,,,,,Y,2,0,2,2,A,-,01,23153,A,N,C,C,A,A,H,-,C,D,0,,,,,Y,Y,A,01,2,0,0,0,0,0,0,0,0,"- ","- ",,,KERN,BAKERSFIELD,-119.11425241000001,35.38355
6861430,2015,2015-10-07,1502,2015-02-27,1353,1083,,5,5,6,1502,0,0,0,,0,,"WIBLE RD","HOSKING AV",2640.00,N,N,A,-,N,,,,,,,,,,N,2,0,1,1,A,-,"- ",,,N,H,-,A,A,H,-,A,D,0,,,,,Y,,A,01,1,0,0,0,0,0,0,0,0,"- ","- ",,,KERN,BAKERSFIELD,-119.03901,35.288633879999999
6864044,2015,2015-04-07,9420,2015-03-03,1750,015255,,2,2,9,1500,0,3,5,,2,040,"ALFRED HARRELL HWY","GOODMANVILLE RD",2640.00,W,N,A,-,N,,,,,,,,,,Y,2,0,5,1,A,-,08,22107,,N,E,I,A,A,H,-,A,D,0,,,,,Y,,A,01,2,0,3,0,0,0,0,0,0,"- ","- ",35.2547,-118.565,KERN,UNINCORPORATED,-118.93276,35.436039999999998
6871764,2015,2016-10-19,9430,2015-03-30,1845,018209,,1,2,9,1500,0,1,1,,2,053,"RT 5",GRAPEVINE,2534.00,N,N,A,-,Y,KER,6,5,-,-,10.650,H,-,N,N,2,0,1,2,A,-,11,21954,A,N,G,B,E,A,H,-,A,D,1,Y,,,,Y,,N,60,1,0,0,0,1,0,0,0,0,"- ","- ",34.939990000000002,-118.93012,KERN,UNINCORPORATED,-118.93235794,34.945888089999997
6884016,2015,2015-04-21,1502,2015-04-05,1610,1181,,7,5,6,1502,0,0,0,,0,NORTH,"ALLEN RD","VERMILLION DR",200.00,S,N,A,-,N,,,,,,,,,,N,2,0,1,1,A,-,01,23152,A,N,E,I,A,A,H,-,A,D,0,,,Y,,Y,Y,C,02,1,0,0,0,0,0,0,0,1,"- ","- ",,,KERN,BAKERSFIELD,-119.14555701,35.365851259999999
6884656,2015,2015-04-23,9420,2015-04-10,2135,019466,,5,2,9,1500,0,3,5,,2,310,"KERNVILLE RD","BIG BLUE RD",100.00,S,N,A,-,N,,,,,,,,,,Y,2,0,2,2,A,-,01,23152,A,N,D,C,A,A,H,-,C,D,0,,,Y,,Y,Y,D,22,1,1,0,0,0,0,0,0,2,"- ","- ",35.754570000000001,-118.42529,KERN,UNINCORPORATED,-118.42533367,35.754535760000003
6891525,2015,2015-05-08,9420,2015-04-13,1645,16973,,1,2,9,1500,0,3,5,,2,520,"DRIVER RD","HANNAWALT AV",0.00,,Y,A,-,N,,,,,,,,,,Y,2,0,3,2,A,-,12,22450,A,N,D,C,A,A,H,-,A,A,0,,,,,Y,,A,01,1,1,1,0,0,0,0,0,0,"- ","- ",35.66057,-119.20466999999999,KERN,UNINCORPORATED,-119.20461996,35.660070070000003
6895090,2015,2015-05-07,9420,2015-04-27,1545,017253,,1,2,9,1500,0,2,4,,1,051,"AIRPORT DR","LINCOLN AV",0.00,,Y,A,-,N,,,,,,,,,,Y,2,0,1,2,A,-,03,22350,,F,C,C,A,A,H,-,A,D,0,,,Y,,Y,Y,C,02,1,0,0,0,0,0,0,0,1,"- ","- ",35.41451,-119.03895,KERN,UNINCORPORATED,-119.03895002,35.414610060000001
6920494,2015,2016-11-04,9830,2015-05-08,2135,017645,,5,2,9,1500,0,1,3,,2,030,"RT 14","ROSAMOND BL",4224.00,S,N,A,-,Y,KER,6,14,-,R,2.230,H,-,S,Y,2,0,1,2,A,-,03,22350,,N,C,C,A,A,H,-,D,D,1,,,,,Y,,E,22,1,0,0,0,0,0,0,0,0,"- ","- ",34.852609999999999,-118.17204,KERN,UNINCORPORATED,-118.17203827,34.852831909999999
6944543,2015,2015-06-29,9420,2015-05-20,2328,18135,,3,3,9,1500,0,3,5,,2,671,"DI GIORGIO RD","MAY ST",160.00,E,N,A,-,N,,,,,,,,,,N,2,0,1,2,A,-,03,22350,,F,G,B,E,A,H,-,D,D,0,Y,,,,Y,Y,-,99,1,0,0,0,1,0,0,0,0,"- ","- ",35.252420000000001,-118.92249,KERN,UNINCORPORATED,-118.92275483,35.252398810000003
6953587,2015,2015-07-08,1502,2015-06-07,1421,P63,,7,5,6,1502,0,0,0,,0,HILL,"BAKER ST","NILES ST",81.00,S,N,A,-,N,,,,,,,,,,N,2,0,1,2,A,-,03,22350,,N,H,G,A,A,H,-,A,D,0,,Y,,,Y,,L,04,1,0,0,0,0,0,1,0,0,"- ","- ",,,KERN,BAKERSFIELD,-118.99109967,35.381797540000001
6956965,2015,2016-12-09,1503,2015-05-20,1903,10116,1503,3,5,4,1503,0,0,0,,0,ALL,"GARCES HWY","ELLINGTON ST",0.00,,Y,A,-,Y,KER,6,155,-,-,0.388,I,5,E,Y,2,0,2,2,A,-,09,21802,A,N,D,C,A,A,H,-,A,A,0,,,,,Y,,A,01,1,0,1,0,0,0,0,0,0,"- ","- ",,,KERN,DELANO,-119.24975851000001,35.761393980000001
6975580,2015,2015-07-08,9830,2015-06-16,0045,019400,,2,3,9,1500,0,3,5,,2,002,"CALIFORNIA CITY BL","FOREST BL",528.00,S,N,A,-,N,,,,,,,,,,Y,2,0,2,1,A,-,08,22107,,N,E,J,A,A,H,-,D,D,0,,,,,Y,,A,01,1,0,1,0,0,0,0,0,0,"- ","- ",,,KERN,UNINCORPORATED,-117.91788158,35.101969369999999
6983244,2015,2016-12-15,9420,2015-06-29,1550,019896,,1,2,9,1500,0,1,3,,2,177,"RT 178","DEMOCRAT RD",21120.00,W,N,A,-,Y,KER,6,178,-,-,22.630,H,-,W,Y,2,0,2,2,A,-,05,21460,A,N,A,C,A,A,H,-,A,D,0,,,,,Y,Y,D,22,1,0,1,0,0,0,0,0,0,"- ","- ",35.493259999999999,-118.699,KERN,UNINCORPORATED,-118.70271828,35.49292269
6991364,2015,2015-07-27,9420,2015-07-09,2053,018643,,4,2,9,1500,0,3,5,,2,610,"BALDWIN RD","LA FRANCE DR",247.00,S,N,A,-,N,,,,,,,,,,N,2,0,1,2,A,-,03,22350,,F,G,B,D,A,H,-,D,D,0,Y,,,,Y,,A,01,1,0,0,0,1,0,0,0,0,"- ","- ",35.342359999999999,-119.02894999999999,KERN,UNINCORPORATED,-119.02894999999999,35.342402239999998
7002056,2015,2017-01-12,9426,2015-07-07,0655,014794,,2,1,9,1500,0,1,1,,2,502,"RT 5","ROWLEE RD",5280.00,N,N,A,-,Y,KER,6,5,-,-,59.010,H,-,N,Y,2,0,2,1,A,-,08,22107,,N,F,A,A,A,H,-,A,D,1,,,,,Y,,B,07,1,1,0,0,0,0,0,0,0,"- ","- ",35.466520000000003,-119.49033,KERN,UNINCORPORATED,-119.48814254,35.465244869999999
7002194,2015,2016-12-21,9830,2015-07-14,1412,016971,,2,2,9,1500,0,1,3,,1,040,"RT 14","SIERRA HWY",2640.00,N,N,A,-,Y,KER,6,14,-,-,16.570,H,-,S,Y,2,0,7,2,A,-,01,23152,E,N,A,C,A,A,H,-,A,D,0,,,,,Y,,A,01,1,2,4,0,0,0,0,0,0,"- ","- ",,,KERN,UNINCORPORATED,-118.17238297999999,35.071231789999999
7006417,2014,2016-01-27,9420,2014-11-16,0010,017560,,7,3,9,1500,0,1,3,,1,119,"RT 119","BUENA VISTA RD",8976.00,W,N,A,-,Y,KER,6,119,-,-,23.620,H,-,W,Y,1,1,1,1,A,-,01,23152,A,N,F,A,A,A,H,-,D,D,0,,,,,Y,Y,D,22,0,1,0,0,0,0,0,0,0,"- ","- ",35.267069999999997,-119.1602,KERN,UNINCORPORATED,-119.1571685,35.267178459999997
7006567,2015,2016-04-13,1502,2015-06-26,0240,,,5,5,6,1502,0,0,0,,0,,"ALFRED HARRELL HWY","PANORAMA DR",15.00,N,N,A,-,N,,,,,,,,,,Y,1,1,0,1,B,-,22,,,N,E,I,A,A,H,-,C,D,0,,,,,Y,,J,48,0,0,0,0,0,0,0,0,0,"- ","- ",35.412889999999997,-118.96749,KERN,BAKERSFIELD,-118.98052058,35.40983756
7006667,2015,2015-10-22,1502,2015-02-01,0240,1049,,7,5,6,1502,0,0,0,,0,CENTRA,"BUENA VISTA RD","DEER PEAK DR",510.00,N,N,A,-,N,,,,,,,,,,Y,1,1,0,2,A,-,01,23152,,F,G,B,E,A,H,-,C,D,0,Y,,,,Y,Y,-,,0,0,0,1,0,0,0,0,0,"- ","- ",,,KERN,BAKERSFIELD,-119.12801035,35.344379500000002
7006793,2015,2016-06-01,9420,2015-07-04,1555,19316,,6,2,9,1500,0,3,5,,2,672,"EAST PANAMA LN","INO MADERA ST",89.00,W,N,A,-,N,,,,,,,,,,Y,1,2,1,2,A,-,01,23152,A,N,A,C,A,A,H,-,A,D,0,,,,,Y,Y,A,01,0,1,0,0,0,0,0,0,0,"- ","- ",35.296039999999998,-118.93814,KERN,UNINCORPORATED,-118.93792784999999,35.296011370000002
7018446,2015,2017-01-09,9420,2015-08-01,1935,19856,,6,2,9,1500,0,1,3,,1,184,"RT 184","DI GIORGIO RD",0.00,,Y,A,-,Y,KER,6,184,-,-,1.004,I,5,S,Y,2,0,4,4,A,-,01,23152,A,N,D,C,A,A,H,-,A,A,0,,,,,Y,Y,A,01,1,1,2,0,0,0,0,0,0,"- ","- ",35.252429999999997,-118.91446000000001,KERN,UNINCORPORATED,-118.91442367000001,35.252211039999999
7025609,2015,2016-07-26,1502,2015-07-15,0458,993,,3,5,6,1502,0,0,0,,0,METRO,"24TH ST","EYE ST",103.00,E,N,A,-,N,,,,,,,,,,N,2,0,1,2,A,-,11,21955,,N,G,B,D,A,H,-,C,D,0,Y,,,,Y,,N,60,1,0,0,0,1,0,0,0,0,"- ","- ",,,KERN,BAKERSFIELD,-119.01964491,35.381010000000003
7136753,2015,2015-12-17,1506,2015-09-21,1741,4240,4,1,5,4,1506,0,0,0,,0,,"WEST WARD AV","NORTH WAYNE AV",235.00,E,N,A,-,N,,,,,,,,,,N,2,0,1,2,A,-,03,22350,,N,C,G,A,A,H,-,A,D,0,,Y,,,Y,,A,01,1,0,0,0,0,0,1,0,0,"- ","- ",35.651359999999997,-117.68393,KERN,RIDGECREST,-117.67354106000001,35.644359999999999
7165500,2016,2016-02-03,1502,2016-01-01,0212,1218,,5,5,6,1502,0,0,0,,0,HILL,"UNIVERSITY AV","DANA ST",250.00,E,N,A,-,N,,,,,,,,,,Y,2,0,1,4,C,-,18,,,N,B,E,A,A,H,-,C,D,0,,,,,Y,,-,"- ",1,0,0,0,0,0,0,0,0,"- ","- ",,,KERN,BAKERSFIELD,-118.96366225,35.404978919999998
7169132,2016,2016-01-27,1502,2016-01-15,0052,1048,,5,5,6,1502,0,0,0,,0,,"H ST","7TH ST",6.00,S,N,A,-,N,,,,,,,,,,Y,2,0,1,1,A,-,08,22107,,N,E,I,A,A,H,-,C,D,0,,,,,Y,Y,A,01,1,0,0,0,0,0,0,0,0,"- ","- ",35.363660000000003,-119.02088000000001,KERN,BAKERSFIELD,-119.02124999999999,35.363643539999998
7180231,2016,2016-02-22,1502,2016-01-31,0559,984,,7,5,6,1502,0,0,0,,0,METRO,"BRUNDAGE LN","CHESTER AV",15.00,E,N,A,-,N,,,,,,,,,,N,2,0,1,1,A,-,08,22107,,N,E,I,A,A,H,-,C,A,0,,,,,Y,,D,22,1,0,0,0,0,0,0,0,0,"- ","- ",35.353969999999997,-119.0187,KERN,BAKERSFIELD,-119.01887977,35.353999160000001