CASE_ID,ACCIDENT_YEAR,PROC_DATE,JURIS,COLLISION_DATE,COLLISION_TIME,OFFICER_ID,REPORTING_DISTRICT,DAY_OF_WEEK,CHP_SHIFT,POPULATION,CNTY_CITY_LOC,SPECIAL_COND,BEAT_TYPE,CHP_BEAT_TYPE,CITY_DIVISION_LAPD,CHP_BEAT_CLASS,BEAT_NUMBER,PRIMARY_RD,SECONDARY_RD,DISTANCE,DIRECTION,INTERSECTION,WEATHER_1,WEATHER_2,STATE_HWY_IND,CALTRANS_COUNTY,CALTRANS_DISTRICT,STATE_ROUTE,ROUTE_SUFFIX,POSTMILE_PREFIX,POSTMILE,LOCATION_TYPE,RAMP_INTERSECTION,SIDE_OF_HWY,TOW_AWAY,COLLISION_SEVERITY,NUMBER_KILLED,NUMBER_INJURED,PARTY_COUNT,PRIMARY_COLL_FACTOR,PCF_CODE_OF_VIOL,PCF_VIOL_CATEGORY,PCF_VIOLATION,PCF_VIOL_SUBSECTION,HIT_AND_RUN,TYPE_OF_COLLISION,MVIW,PED_ACTION,ROAD_SURFACE,ROAD_COND_1,ROAD_COND_2,LIGHTING,CONTROL_DEVICE,CHP_ROAD_TYPE,PEDESTRIAN_ACCIDENT,BICYCLE_ACCIDENT,MOTORCYCLE_ACCIDENT,TRUCK_ACCIDENT,NOT_PRIVATE_PROPERTY,ALCOHOL_INVOLVED,STWD_VEHTYPE_AT_FAULT,CHP_VEHTYPE_AT_FAULT,COUNT_SEVERE_INJ,COUNT_VISIBLE_INJ,COUNT_COMPLAINT_PAIN,COUNT_PED_KILLED,COUNT_PED_INJURED,COUNT_BICYCLIST_KILLED,COUNT_BICYCLIST_INJURED,COUNT_MC_KILLED,COUNT_MC_INJURED,PRIMARY_RAMP,SECONDARY_RAMP,LATITUDE,LONGITUDE,COUNTY,CITY,POINT_X,POINT_Y
7190393,2016,2018-09-27,1502,2016-04-07,2201,965,,4,5,6,1502,0,0,0,,0,SOUTH,"WHITE LN","LILY DR",8.00,W,N,B,-,N,,,,,,,,,,Y,1,1,0,4,A,-,11,21456,B,N,G,B,B,B,H,-,C,A,0,Y,,,,Y,Y,N,60,0,0,0,1,0,0,0,0,0,"- ","- ",35.318309999999997,-119.08347999999999,KERN,BAKERSFIELD,-119.08349678,35.318289999999998
7190425,2016,2018-09-26,1502,2016-06-28,0115,1033,,2,5,6,1502,0,0,0,,0,CENTRA,"STOCKDALE HWY","N EL RIO DR",460.00,E,N,A,-,N,,,,,,,,,,Y,1,1,0,3,A,-,11,21954,A,N,G,B,E,A,H,-,D,A,0,Y,,,,Y,,N,60,0,0,0,1,0,0,0,0,0,"- ","- ",,,KERN,BAKERSFIELD,-119.08126932,35.354399999999998
7190427,2016,2018-09-27,1502,2016-07-08,2109,1033,,5,5,6,1502,0,0,0,,0,,"MORNING DR","COLLEGE AV",2646.00,N,N,A,-,N,,,,,,,,,,Y,1,2,3,1,A,-,01,23153,A,N,E,J,A,A,H,-,D,D,0,,,,,Y,Y,A,01,2,1,0,0,0,0,0,0,0,"- ","- ",35.383229999999998,-118.91423,KERN,BAKERSFIELD,-118.91431,35.39068803
7195516,2016,2016-03-04,1511,2016-02-10,2155,53051,1,3,5,2,1511,0,0,0,,0,,"TWENTY MULE TEAM PKWY","CAL-EDISON UTILITY POLE #1778912E",0.00,,Y,A,-,N,,,,,,,,,,Y,2,0,1,1,A,-,08,22107,,N,F,A,A,A,H,-,D,D,0,,,,,Y,,D,22,1,0,0,0,0,0,0,0,0,"- ","- ",,,KERN,"CALIFORNIA CITY",,
7196674,2016,2016-03-09,1501,2016-01-15,1510,933,18,5,5,3,1501,0,0,0,,0,002,"MARK RD","COMANCHE DR",234.00,E,N,A,-,N,,,,,,,,,,Y,2,0,2,1,A,-,08,22107,,N,E,I,A,A,H,-,A,D,0,,,,,Y,Y,A,01,1,1,0,0,0,0,0,0,0,"- ","- ",35.201569999999997,-118.84106,KERN,ARVIN,-118.84131785,35.201328269999998
7199502,2015,2017-03-28,9420,2015-07-31,0316,16613,,5,3,6,1502,0,2,S,,2,901,"WHITE LN","WHITE LN 8800",0.00,,N,A,-,N,,,,,,,,,,Y,1,1,1,1,A,-,08,22107,,N,E,I,A,A,H,-,C,D,0,,,Y,,Y,Y,C,02,0,1,0,0,0,0,0,1,1,"- ","- ",,,KERN,BAKERSFIELD,-119.09970134,35.319156569999997
7199507,2015,2017-04-04,1502,2015-10-24,1949,1195,,6,5,6,1502,0,0,0,,0,HILL,"UNION AV","IRENE ST",36.00,N,N,A,-,N,,,,,,,,,,N,1,1,0,2,A,-,11,21954,A,N,G,B,D,A,H,-,C,D,0,Y,,,,Y,Y,N,60,0,0,0,1,0,0,0,0,0,"- ","- ",,,KERN,BAKERSFIELD,-119.00279,35.391268779999997
7199510,2015,2017-04-04,1502,2015-12-30,2036,1167,,3,5,6,1502,0,0,0,,0,VALLEY,"HUGHES ST","TRICIA CT",98.00,S,N,A,-,N,,,,,,,,,,Y,1,1,0,2,A,-,09,21801,A,N,D,C,A,A,H,-,C,D,0,,,Y,,Y,Y,A,01,0,0,0,0,0,0,0,1,0,"- ","- ",35.320360000000001,-119.03027,KERN,BAKERSFIELD,-119.03008,35.320041089999997
7199796,2016,2018-09-26,1502,2016-03-21,2327,784,,1,5,6,1502,0,0,0,,0,HILL,"UNION AV","THELMA DR",2.00,N,N,B,-,N,,,,,,,,,,Y,1,1,1,2,A,-,09,21802,A,N,D,C,A,A,H,-,C,A,0,,,Y,,Y,,A,01,0,1,0,0,0,0,0,1,0,"- ","- ",35.394240000000003,-119.00275999999999,KERN,BAKERSFIELD,-119.00299,35.393835490000001
7200038,2017,2017-08-16,1508,2017-03-26,0204,111,6B,7,5,2,1508,0,0,0,,0,,"N PETROLEUM CLUB RD","CADET RD",4488.00,N,N,A,-,N,,,,,,,,,,Y,1,1,2,1,A,-,01,23152,A,N,F,A,A,A,H,-,D,D,0,,,,,Y,Y,A,07,0,0,2,0,0,0,0,0,0,"- ","- ",35.118119999999998,-119.40218,KERN,TAFT,-119.40382916,35.111011419999997
7200111,2016,2017-05-22,1507,2016-12-29,0707,270,100,4,5,3,1507,0,0,0,,0,,"SANTA FE WY","BURBANK ST",0.00,S,N,E,-,N,,,,,,,,,,Y,1,1,0,2,A,-,03,22350,,N,D,C,A,B,G,-,B,D,0,,,,,Y,,A,01,0,0,0,0,0,0,0,0,0,"- ","- ",35.470680000000002,-119.2346,KERN,SHAFTER,-119.23456991,35.470660109999997
7200163,2017,2019-04-08,1502,2017-01-07,1903,1167,,6,5,6,1502,0,0,0,,0,METRO,"24TH ST","N ST",25.00,W,N,C,-,Y,KER,6,178,S,S,1.749,I,5,W,Y,1,1,0,2,A,-,11,21954,A,N,G,B,E,B,H,-,D,D,0,Y,,,,Y,,N,60,0,0,0,1,0,0,0,0,0,"- ","- ",35.380969999999998,-119.01352,KERN,BAKERSFIELD,-119.01415698,35.381032879999999
7203443,2016,2016-03-14,1502,2016-02-26,2006,1212,,5,5,6,1502,0,0,0,,0,VALLEY,"PLANZ RD","RAIDER DR",84.00,W,N,B,-,N,,,,,,,,,,N,2,0,1,2,A,-,05,21202,A,F,H,G,A,A,H,-,C,D,0,,Y,,,Y,,L,04,1,0,0,0,0,0,1,0,0,"- ","- ",35.324849999999998,-119.01091,KERN,BAKERSFIELD,-119.01103119,35.324905739999998
8013976,2016,2016-04-18,1502,2016-03-18,0919,1177,,5,5,6,1502,0,0,0,,0,HILL,"PANORAMA DR","BOISE ST",15.00,E,N,A,-,N,,,,,,,,,,N,2,0,1,2,A,-,07,21658,A,N,C,E,A,A,H,-,A,D,0,,,,,Y,,D,22,1,0,0,0,0,0,0,0,0,"- ","- ",35.41133,-118.95397,KERN,BAKERSFIELD,-118.95420973,35.41122
8026543,2016,2016-04-26,1502,2016-04-07,0026,1120,,4,5,6,1502,0,0,0,,0,,"MING AV","AKERS RD",0.00,,Y,A,-,N,,,,,,,,,,N,2,0,1,2,A,-,11,21956,A,F,G,B,D,A,H,-,C,D,0,Y,,,,Y,Y,N,60,1,0,0,0,1,0,0,0,0,"- ","- ",35.339770000000001,-119.04776,KERN,BAKERSFIELD,-119.04778011000001,35.339460019999997
8047318,2016,2016-05-17,1502,2016-04-21,0131,1120,,4,5,6,1502,0,0,0,,0,,"WILSON RD","COURTLEIGH DR",390.00,W,N,A,-,N,,,,,,,,,,N,2,0,1,2,A,-,11,21106,B,N,G,B,D,A,H,-,D,D,0,Y,,,,Y,,N,60,1,0,0,0,1,0,0,0,0,"- ","- ",35.33135,-119.06191,KERN,BAKERSFIELD,-119.06333490999999,35.331198200000003
8047328,2016,2016-05-17,1502,2016-04-11,1611,P45,,1,5,6,1502,0,0,0,,0,CENTRA,"HALF MOON DR","ASHE RD S",245.00,E,N,B,-,N,,,,,,,,,,N,2,0,1,2,A,-,02,21654,A,N,G,B,E,A,H,-,A,D,0,Y,,,,Y,,N,60,1,0,0,0,1,0,0,0,0,"- ","- ",35.321809999999999,-119.07442,KERN,BAKERSFIELD,-119.07367970999999,35.330150230000001
8069777,2016,2016-08-29,1502,2016-06-14,1703,P63,,2,5,6,1502,0,0,0,,0,METRO,"BRUNDAGE LN","INDUSTRIAL ST",246.00,E,N,A,-,N,,,,,,,,,,N,2,0,1,2,A,-,05,21650,1,N,H,G,A,A,H,-,A,D,0,,Y,,,Y,,L,04,1,0,0,0,0,0,1,0,0,"- ","- ",35.354230000000001,-118.97230999999999,KERN,BAKERSFIELD,-118.97111612,35.354044430000002
81006156,2019,2019-06-10,1502,2019-06-07,1303,1185,,5,5,6,1502,0,0,0,,0,Centra,"GOSFORD RD","NEWHAVEN CT",500.00,S,N,A,-,N,,,,,,,,,,N,1,1,0,2,A,-,07,21658,A,N,H,G,A,A,H,-,A,D,0,,Y,,,Y,,L,04,0,0,0,0,0,1,0,0,0,"- ","- ",35.323188781738281,-119.09317016601562,KERN,BAKERSFIELD,-119.09225463867188,35.321979522705078
81033724,2019,2019-07-19,1502,2019-06-23,0032,1185,,7,5,6,1502,0,0,0,,0,Valley,"CASINO ST","LOTUS LN",80.00,W,N,A,-,N,,,,,,,,,,Y,2,0,1,1,A,-,01,23152,A,N,E,I,A,A,H,-,C,D,0,,,,,Y,Y,D,22,1,0,0,0,0,0,0,0,0,"- ","- ",35.331039428710938,-118.98990631103516,KERN,BAKERSFIELD,-118.98983764648438,35.331279754638672
81033743,2019,2019-07-19,1502,2019-07-14,1336,1267,,7,5,6,1502,0,0,0,,0,Valley,"GATEWAY AV","ENTERPRISE WY",378.00,W,N,A,-,N,,,,,,,,,,N,2,0,1,1,A,-,03,22350,,N,F,A,A,A,H,-,A,D,0,,,Y,,Y,,C,02,1,0,0,0,0,0,0,0,1,"- ","- ",35.350101470947266,-118.97406768798828,KERN,BAKERSFIELD,-118.97491455078125,35.349906921386719
81043869,2019,2019-08-02,1502,2019-06-14,2141,1293,,5,5,6,1502,0,0,0,,0,Centra,"NEW STINE RD","STOCKDALE HWY",134.00,S,N,A,-,N,,,,,,,,,,N,2,0,1,2,A,-,11,21954,A,N,G,B,D,A,H,-,C,A,0,Y,,,,Y,,N,60,1,0,0,0,1,0,0,0,0,"- ","- ",35.353809356689453,-119.06175994873047,KERN,BAKERSFIELD,-119.06124877929688,35.353801727294922
81047698,2019,2019-08-08,1502,2019-08-04,0007,1265,,7,5,6,1502,0,0,0,,0,Hill,"34TH ST","O ST",21.00,W,N,A,-,N,,,,,,,,,,N,2,0,1,2,A,-,11,21954,A,N,G,B,D,A,H,-,C,D,0,Y,,,,Y,Y,N,60,1,0,0,0,1,0,0,0,0,"- ","- ",35.390998840332031,-119.01280212402344,KERN,BAKERSFIELD,-119.01296234130859,35.390518188476562
81049452,2019,2019-08-12,1502,2019-08-08,1318,P45,,4,5,6,1502,0,0,0,,0,Metro,"BEALE AV","MONTEREY ST (1)",0.00,,Y,A,-,N,,,,,,,,,,N,2,0,2,2,A,-,12,21453,A,N,D,C,A,A,H,-,A,A,0,,,,,Y,,A,01,1,0,1,0,0,0,0,0,0,"- ","- ",35.380481719970703,-118.98819732666016,KERN,BAKERSFIELD,-118.98838043212891,35.3802490234375
81055974,2019,2019-08-21,1502,2019-08-17,0206,1225,,6,5,6,1502,0,0,0,,0,Centra,"REAL RD","DE SOUZA PL",60.00,S,N,A,-,N,,,,,,,,,,Y,2,0,4,2,A,-,01,23152,A,N,A,C,A,A,H,-,C,D,0,,,,,Y,Y,D,22,2,1,1,0,0,0,0,0,0,"- ","- ",35.338649749755859,-119.04335021972656,KERN,BAKERSFIELD,-119.04338836669922,35.338306427001953
81067715,2019,2019-09-05,1502,2019-09-02,1707,1181,,1,5,6,1502,0,0,0,,0,Centra,"WHITE LN","MEXICALI DR",0.00,,Y,-,-,N,,,,,,,,,,Y,2,0,1,2,A,-,09,21801,A,N,D,C,A,A,H,-,A,D,0,,,Y,,Y,,D,22,1,0,0,0,0,0,0,0,1,"- ","- ",35.318290710449219,-119.08162689208984,KERN,BAKERSFIELD,-119.08159637451172,35.318141937255859
81076900,2019,2019-09-18,1502,2019-09-15,1946,P63,,7,5,6,1502,0,0,0,,0,Valley,"P ST","TERRACE WY",200.00,N,N,A,-,N,,,,,,,,,,Y,2,0,2,2,A,-,01,23152,A,F,C,E,A,A,H,-,C,D,0,,,,,Y,Y,A,01,1,1,0,0,0,0,0,0,0,"- ","- ",35.350261688232422,-119.01167297363281,KERN,BAKERSFIELD,-119.01184844970703,35.350887298583984
81091046,2019,2019-10-07,1502,2019-10-03,1301,P45,,4,5,6,1502,0,0,0,,0,Centra,"STOCKDALE HWY","STINE RD",290.00,E,N,A,-,N,,,,,,,,,,N,2,0,1,2,A,-,11,21954,A,N,G,B,D,A,H,-,A,D,0,Y,,,,Y,Y,N,60,1,0,0,0,1,0,0,0,0,"- ","- ",35.353641510009766,-119.04844665527344,KERN,BAKERSFIELD,-119.04686737060547,35.354244232177734
81111138,2019,2019-11-15,1502,2019-10-16,0022,1153,,3,5,6,1502,0,0,0,,0,South,"WIBLE RD","MOTOR CENTER DR",0.00,,Y,A,-,N,,,,,,,,,,N,2,0,1,2,A,-,03,22350,,N,F,A,A,A,H,-,C,D,0,,,Y,Y,Y,,C,02,1,0,0,0,0,0,0,0,1,"- ","- ",35.306610107421875,-119.04019927978516,KERN,BAKERSFIELD,-119.03903961181641,35.307231903076172
81130559,2019,2019-11-27,1502,2019-11-17,1931,1241,,7,5,6,1502,0,0,0,,0,North,"ALLEN RD","OVERTON ST",46.00,S,N,A,-,N,,,,,,,,,,N,2,0,1,2,A,-,08,22107,,F,H,G,A,A,H,-,C,A,0,,Y,,,Y,,-,99,1,0,0,0,0,0,1,0,0,"- ","- ",35.371028900146484,-119.14591979980469,KERN,BAKERSFIELD,-119.14553070068359,35.370574951171875
81149601,2019,2019-12-23,1502,2019-11-03,2242,1223,,7,5,6,1502,0,0,0,,0,Valley,"P ST","TERRACE WY",60.00,S,N,A,-,N,,,,,,,,,,Y,2,0,1,2,A,-,03,22350,,F,H,G,A,A,H,-,C,D,0,,Y,,,Y,Y,A,01,1,0,0,0,0,0,1,0,0,"- ","- ",35.350261688232422,-119.01167297363281,KERN,BAKERSFIELD,-119.01184844970703,35.350173950195312
81162088,2019,2020-01-09,1502,2019-12-31,1734,1181,,2,5,6,1502,0,0,0,,0,North,"COFFEE RD","WESTFIELD RD",242.00,S,N,A,-,N,,,,,,,,,,N,1,1,1,2,A,-,08,22107,,F,C,C,A,A,H,-,C,D,0,,,Y,,Y,,A,07,0,0,1,0,0,0,0,1,0,"- ","- ",35.357791900634766,-119.09279632568359,KERN,BAKERSFIELD,-119.09233856201172,35.357276916503906
81163510,2019,2020-01-13,1502,2019-12-27,1932,1223,,5,5,6,1502,0,0,0,,0,Hill,"COLUMBUS ST","RICE ST",5.00,W,N,A,-,N,,,,,,,,,,N,2,0,1,2,A,-,11,21954,A,N,G,B,D,A,H,-,C,D,0,Y,,,,Y,,N,60,1,0,0,0,1,0,0,0,0,"- ","- ",35.397701263427734,-118.96420288085938,KERN,BAKERSFIELD,-118.96436309814453,35.397651672363281
81170876,2020,2020-01-23,1502,2020-01-17,1542,1291,,5,5,6,1502,0,0,0,,0,Metro,"TRUXTUN AV","G ST",0.00,,Y,A,-,N,,,,,,,,,,N,2,0,1,1,C,-,18,,,F,H,A,A,A,H,-,A,D,0,,,,,Y,,-,"- ",1,0,0,0,0,0,0,0,0,"- ","- ",35.373359680175781,-119.02189636230469,KERN,BAKERSFIELD,-119.02237701416016,35.373420715332031
81170886,2020,2020-01-23,1502,2020-01-22,1412,P63,,3,5,6,1502,0,0,0,,0,Centra,"MARELLA WY","STINE RD",0.00,,Y,A,-,N,,,,,,,,,,N,2,0,1,1,A,-,03,22350,,N,F,A,A,A,H,-,A,D,0,,,Y,,Y,,C,02,1,0,0,0,0,0,0,0,1,"- ","- ",35.36077880859375,-119.04837799072266,KERN,BAKERSFIELD,-119.04885864257812,35.360130310058594
81180195,2020,2020-02-05,1502,2020-02-02,2154,P63,,7,5,6,1502,0,0,0,,0,Hill,"MANOR ST","DENISE AV",1504.00,N,N,A,-,Y,,,,,,,,,,N,2,0,1,2,A,-,11,21954,A,F,G,B,E,A,D,-,D,D,0,Y,,,,Y,,N,60,1,0,0,0,1,0,0,0,0,"- ","- ",35.404941558837891,-119.00676727294922,KERN,BAKERSFIELD,-119.01011657714844,35.407825469970703
8118912,2016,2017-03-04,1511,2016-08-27,0249,53099,,6,5,2,1511,0,0,0,,0,00A,"RT 58","POLE #1755956E",113.00,W,N,A,-,Y,KER,6,58,-,R,121.720,H,-,W,N,2,0,6,6,A,-,08,22107,,N,F,J,A,A,H,-,D,D,0,,,,,Y,,-,,1,0,5,0,0,0,0,0,0,"- ","- ",,,KERN,"CALIFORNIA CITY",-118.02028681,35.019519449999997
81191574,2020,2020-02-24,1502,2020-02-21,0811,P45,,5,5,6,1502,0,0,0,,0,South,"GOLD COUNTRY WY","INDIAN GULCH ST",0.00,,Y,B,-,N,,,,,,,,,,N,2,0,1,2,A,-,10,21950,A,N,G,B,B,A,H,-,A,D,0,Y,,,,Y,,A,07,1,0,0,0,1,0,0,0,0,"- ","- ",35.299808502197266,-119.08619689941406,KERN,BAKERSFIELD,-119.08592987060547,35.299690246582031
81194414,2020,2020-02-27,1502,2020-02-24,1706,P45,,1,5,6,1502,0,0,0,,0,North,"ROSEDALE HWY","FROEHLICH ST",37.00,E,N,A,-,Y,,,,,,,,,,N,2,0,1,2,A,-,05,21650,1,N,H,G,A,A,H,-,A,A,0,,Y,,,Y,,L,04,1,0,0,0,0,0,1,0,0,"- ","- ",35.383869171142578,-119.14932250976562,KERN,BAKERSFIELD,-119.14897918701172,35.383457183837891
81198244,2019,2020-02-28,1502,2019-11-08,1827,1185,,5,5,6,1502,0,0,0,,0,Valley,"MING AV","M ST",71.00,W,N,A,-,N,,,,,,,,,,N,1,1,0,2,A,-,11,21954,A,F,G,B,D,A,H,-,C,D,0,Y,,,,Y,,N,60,0,0,0,1,0,0,0,0,0,"- ","- ",35.338638305664062,-119.01600646972656,KERN,BAKERSFIELD,-119.01542663574219,35.339469909667969
81202842,2020,2020-03-06,1502,2020-03-05,1938,1291,,4,5,6,1502,0,0,0,,0,Metro,"TRUXTUN AV","SONORA ST",0.00,,Y,A,-,N,,,,,,,,,,N,2,0,1,2,A,-,01,21200,5,F,H,G,A,A,H,-,D,A,0,,Y,,,Y,Y,L,04,1,0,0,0,0,0,1,0,0,"- ","- ",35.373680114746094,-119.00102233886719,KERN,BAKERSFIELD,-119.00089263916016,35.373210906982422
81224360,2020,2020-04-13,1502,2020-04-10,1628,1177,,5,5,6,1502,0,0,0,,0,Metro,"CALIFORNIA AV","BAKER ST",0.00,,Y,A,-,N,,,,,,,,,,N,2,0,1,2,A,-,12,21453,A,F,H,G,A,A,H,-,A,A,0,,Y,,,Y,,-,99,1,0,0,0,0,0,1,0,0,"- ","- ",35.368820190429688,-118.99609375,KERN,BAKERSFIELD,-118.99587249755859,35.368419647216797
81228702,2020,2020-04-23,1502,2020-04-16,0836,P45,,4,5,6,1502,0,0,0,,0,Centra,"STOCKDALE HWY","EL RIO DR",0.00,,Y,B,-,N,,,,,,,,,,Y,2,0,1,3,A,-,08,22107,,N,B,C,A,A,H,-,A,A,0,,,,,Y,,D,22,1,0,0,0,0,0,0,0,0,"- ","- ",35.35443115234375,-119.08229064941406,KERN,BAKERSFIELD,-119.08281707763672,35.35430908203125
81229099,2020,2020-04-24,1502,2020-04-22,1744,P63,,3,5,6,1502,0,0,0,,0,Metro,"BRUNDAGE LN","UNION AV",0.00,,Y,A,-,Y,,,,,,,,,,N,2,0,1,2,A,-,12,21453,A,N,H,G,A,A,H,-,A,A,0,,Y,,,Y,,L,04,1,0,0,0,0,0,1,0,0,"- ","- ",35.353710174560547,-119.00276947021484,KERN,BAKERSFIELD,-119.00309753417969,35.353851318359375
81229452,2020,2020-04-27,1502,2020-04-22,0105,1153,,3,5,6,1502,0,0,0,,0,Metro,"CALIFORNIA AV","KERN ST",95.00,W,N,A,-,N,,,,,,,,,,N,2,0,1,1,A,-,01,23152,A,N,E,I,A,A,H,-,C,D,0,,,,,Y,Y,A,01,1,0,0,0,0,0,0,0,0,"- ","- ",35.367488861083984,-118.9986572265625,KERN,BAKERSFIELD,-118.99782562255859,35.368518829345703
81232564,2020,2020-05-01,1502,2020-04-28,1716,1181,,2,5,6,1502,0,0,0,,0,North,"COFFEE RD","RIVERLAKES DR",33.00,S,N,A,-,N,,,,,,,,,,Y,2,0,2,2,A,-,03,22350,,N,C,C,A,A,H,-,A,A,0,,,,,Y,,A,01,1,1,0,0,0,0,0,0,0,"- ","- ",35.394069671630859,-119.09227752685547,KERN,BAKERSFIELD,-119.09231567382812,35.394050598144531
81244991,2020,2020-05-29,1502,2020-05-12,1433,1223,,2,5,6,1502,0,0,0,,0,Centra,"WHITE LN","GRISSOM ST",0.00,,Y,A,-,N,,,,,,,,,,Y,1,1,1,4,A,-,12,21453,A,N,A,C,A,A,H,-,A,A,0,,,,Y,Y,,A,01,0,0,1,0,0,0,0,0,0,"- ","- ",35.318019866943359,-119.06141662597656,KERN,BAKERSFIELD,-119.06140899658203,35.318191528320312
81251104,2020,2020-06-12,1502,2020-03-09,0532,1293,,1,5,6,1502,0,0,0,,0,Metro,"UNION AV","3RD ST (S)",225.00,S,N,A,-,Y,,,204,,,,,,,Y,1,1,0,2,A,-,11,21954,A,N,G,B,D,A,H,-,C,D,0,Y,,,,Y,,N,60,0,0,0,1,0,0,0,0,0,"- ","- ",35.358688354492188,-119.00269317626953,KERN,BAKERSFIELD,-119.00299072265625,35.358692169189453
81251572,2020,2020-06-15,1502,2020-06-11,1337,P45,,4,5,6,1502,0,0,0,,0,Metro,"4TH ST","UNION AV",0.00,,Y,A,-,Y,,,,,,,,,,N,2,0,1,2,A,-,05,21202,A,F,H,G,A,A,H,-,A,A,0,,Y,,,Y,,L,04,1,0,0,0,0,0,1,0,0,"- ","- ",35.360591888427734,-119.00264739990234,KERN,BAKERSFIELD,-119.00306701660156,35.360748291015625
81252937,2020,2020-06-17,1502,2020-04-06,0346,1223,,1,5,6,1502,0,0,0,,0,Valley,"PANAMA LN","COTTONWOOD RD",5280.00,E,N,C,-,N,,,,,,,,,,Y,1,1,0,2,A,-,01,23152,A,N,C,C,A,B,H,-,D,D,0,,,,,Y,Y,A,01,0,0,0,0,0,0,0,0,0,"- ","- ",35.295631408691406,-118.98587036132812,KERN,BAKERSFIELD,-118.96768951416016,35.295989990234375
81261236,2020,2020-07-01,1502,2020-06-06,2312,1223,,6,5,6,1502,0,0,0,,0,Valley,"LOTUS LN","WATTS DR",0.00,,Y,A,-,N,,,,,,,,,,Y,2,0,4,3,A,-,01,23152,A,N,D,C,A,A,H,-,C,A,0,,,,,Y,Y,A,01,1,2,1,0,0,0,0,0,0,"- ","- ",35.331951141357422,-118.98989105224609,KERN,BAKERSFIELD,-118.98983764648438,35.332191467285156
81265674,2020,2020-07-09,1502,2020-07-05,0317,1185,,7,5,6,1502,0,0,0,,0,Valley,"CHESTER AV","CHESTER VILLAGE LN (S)",45.00,N,N,A,-,N,,,,,,,,,,Y,2,0,1,2,A,-,03,22350,,F,C,C,A,A,H,-,C,D,0,,,Y,,Y,,A,01,1,0,0,0,0,0,0,0,1,"- ","- ",35.321929931640625,-119.00755310058594,KERN,BAKERSFIELD,-119.00752258300781,35.322067260742188
81272353,2020,2020-07-22,1502,2020-07-17,2030,1322,,5,5,6,1502,0,0,0,,0,North,"REINA RD","WEGIS AV",44.00,W,N,A,-,N,,,,,,,,,,Y,2,0,2,1,A,-,03,22350,,N,E,I,A,A,H,-,D,A,0,,,Y,,Y,,C,02,2,0,0,0,0,0,0,0,2,"- ","- ",35.413249969482422,-119.18965911865234,KERN,BAKERSFIELD,-119.18984985351562,35.412498474121094
81275247,2020,2020-07-28,1502,2020-07-19,2128,1185,,7,5,6,1502,0,0,0,,0,,"CHESTER AV","13TH ST",15.00,S,N,A,-,N,,,,,,,,,,N,1,1,0,2,A,-,10,21950,A,F,G,B,B,A,H,-,C,D,0,Y,,,,Y,,-,99,0,0,0,1,0,0,0,0,0,"- ","- ",35.369461059570312,-119.01841735839844,KERN,BAKERSFIELD,-119.01889038085938,35.369434356689453
81281423,2020,2020-08-06,1502,2020-06-28,0032,1291,,7,5,6,1502,0,0,0,,0,South,"PANAMA LN","STINE RD",183.00,E,N,A,-,N,,,,,,,,,,Y,1,1,1,1,A,-,03,22350,,N,E,I,A,A,H,-,C,A,0,,,,,Y,,A,01,1,0,0,0,0,0,0,0,0,"- ","- ",35.295818328857422,-119.05697631835938,KERN,BAKERSFIELD,-119.05607604980469,35.295909881591797
81295590,2020,2020-08-31,1502,2020-08-27,1315,1185,,4,5,6,1502,0,0,0,,0,Centra,"STINE RD","WILSON RD",170.00,N,N,A,-,N,,,,,,,,,,Y,2,0,4,3,A,-,03,22350,,N,C,C,A,A,H,-,A,D,0,,,,Y,Y,,D,22,2,2,0,0,0,0,0,0,0,"- ","- ",35.332618713378906,-119.05571746826172,KERN,BAKERSFIELD,-119.05538177490234,35.332710266113281
81312600,2020,2020-09-28,1502,2020-06-06,1630,1185,,6,5,6,1502,0,0,0,,0,Valley,"LOTUS LN","PLANZ RD",521.00,N,N,A,-,N,,,,,,,,,,Y,1,1,3,1,A,-,01,23152,G,N,E,I,A,A,H,-,A,D,0,,,,,Y,,A,01,0,1,2,0,0,0,0,0,0,"- ","- ",35.324699401855469,-118.98996734619141,KERN,BAKERSFIELD,-118.98983001708984,35.326358795166016
81328439,2020,2020-10-21,1502,2020-09-14,0204,1185,,1,5,6,1502,0,0,0,,0,Metro,"MONTEREY ST","INYO ST",0.00,,Y,A,-,N,,,,,,,,,,Y,1,1,0,3,A,-,09,21802,A,F,D,D,A,A,H,-,C,A,0,,,Y,,Y,,C,03,0,0,0,0,0,0,0,1,0,"- ","- ",35.382450103759766,-118.99610137939453,KERN,BAKERSFIELD,-118.99606323242188,35.382061004638672
81328574,2020,2020-10-21,1502,2020-09-23,1518,1223,,3,5,6,1502,0,0,0,,0,Metro,"PALM ST","HOLTBY RD",0.00,,Y,A,-,N,,,,,,,,,,Y,2,0,1,2,A,-,01,23152,A,N,D,C,A,A,H,-,A,A,0,,,Y,,Y,Y,C,02,1,0,0,0,0,0,0,0,1,"- ","- ",35.361400604248047,-119.02674865722656,KERN,BAKERSFIELD,-119.02706146240234,35.361320495605469
81328798,2020,2020-10-21,1502,2020-10-08,1758,1223,,4,5,6,1502,0,0,0,,0,North,"SNOW RD","FRUITVALE AV",0.00,,Y,A,-,N,,,,,,,,,,Y,2,0,2,2,A,-,12,22450,A,N,D,C,A,A,H,-,A,A,0,,,,Y,Y,,A,01,1,0,1,0,0,0,0,0,0,"- ","- ",35.426639556884766,-119.07415008544922,KERN,BAKERSFIELD,-119.07450866699219,35.42694091796875