CASE_ID,ACCIDENT_YEAR,PROC_DATE,JURIS,COLLISION_DATE,COLLISION_TIME,OFFICER_ID,REPORTING_DISTRICT,DAY_OF_WEEK,CHP_SHIFT,POPULATION,CNTY_CITY_LOC,SPECIAL_COND,BEAT_TYPE,CHP_BEAT_TYPE,CITY_DIVISION_LAPD,CHP_BEAT_CLASS,BEAT_NUMBER,PRIMARY_RD,SECONDARY_RD,DISTANCE,DIRECTION,INTERSECTION,WEATHER_1,WEATHER_2,STATE_HWY_IND,CALTRANS_COUNTY,CALTRANS_DISTRICT,STATE_ROUTE,ROUTE_SUFFIX,POSTMILE_PREFIX,POSTMILE,LOCATION_TYPE,RAMP_INTERSECTION,SIDE_OF_HWY,TOW_AWAY,COLLISION_SEVERITY,NUMBER_KILLED,NUMBER_INJURED,PARTY_COUNT,PRIMARY_COLL_FACTOR,PCF_CODE_OF_VIOL,PCF_VIOL_CATEGORY,PCF_VIOLATION,PCF_VIOL_SUBSECTION,HIT_AND_RUN,TYPE_OF_COLLISION,MVIW,PED_ACTION,ROAD_SURFACE,ROAD_COND_1,ROAD_COND_2,LIGHTING,CONTROL_DEVICE,CHP_ROAD_TYPE,PEDESTRIAN_ACCIDENT,BICYCLE_ACCIDENT,MOTORCYCLE_ACCIDENT,TRUCK_ACCIDENT,NOT_PRIVATE_PROPERTY,ALCOHOL_INVOLVED,STWD_VEHTYPE_AT_FAULT,CHP_VEHTYPE_AT_FAULT,COUNT_SEVERE_INJ,COUNT_VISIBLE_INJ,COUNT_COMPLAINT_PAIN,COUNT_PED_KILLED,COUNT_PED_INJURED,COUNT_BICYCLIST_KILLED,COUNT_BICYCLIST_INJURED,COUNT_MC_KILLED,COUNT_MC_INJURED,PRIMARY_RAMP,SECONDARY_RAMP,LATITUDE,LONGITUDE,COUNTY,CITY,POINT_X,POINT_Y
81333638,2020,2020-10-29,1502,2020-10-27,1345,1291,,2,5,6,1502,0,0,0,,0,Centra,"WESTSIDE PKWY","TRUXTUN AV (E)",258.00,S,N,A,-,Y,,,,,,,,,,Y,2,0,1,1,A,-,03,22350,,N,F,A,A,A,H,-,A,D,0,,,Y,,Y,,C,02,1,0,0,0,0,0,0,0,1,"- ","- ",35.371189117431641,-119.05638885498047,KERN,BAKERSFIELD,,
81352032,2020,2020-11-24,1502,2020-10-12,1525,1135,,1,5,6,1502,0,0,0,,0,Valley,"PANAMA LN","COTTONWOOD RD",2268.00,E,N,A,-,N,,,,,,,,,,Y,1,1,1,2,A,-,05,21650,,N,D,C,A,A,H,-,A,D,0,,,,Y,Y,,A,01,0,0,1,0,0,0,0,0,0,"- ","- ",35.29486083984375,-118.98677825927734,KERN,BAKERSFIELD,-118.97776794433594,35.295948028564453
81352042,2020,2020-11-24,1502,2020-10-30,1417,P17,,5,5,6,1502,0,0,0,,0,Hill,"COLUMBUS ST","ISLA VERDE ST",205.00,W,N,A,-,N,,,,,,,,,,Y,2,0,2,2,A,-,01,23152,A,N,D,C,A,A,H,-,A,D,0,,,,,Y,Y,D,22,1,0,1,0,0,0,0,0,0,"- ","- ",35.397670745849609,-119.00557708740234,KERN,BAKERSFIELD,-119.00641632080078,35.397239685058594
81360815,2020,2020-12-08,1502,2020-12-06,1727,P17,,7,5,6,1502,0,0,0,,0,Valley,"RICHLAND ST","H ST",0.00,,Y,A,-,Y,,,,,,,,,,Y,2,0,2,2,A,-,01,23152,A,N,D,C,A,A,H,-,C,A,0,,,,,Y,Y,A,01,1,0,1,0,0,0,0,0,0,"- ","- ",35.352981567382812,-119.02102661132812,KERN,BAKERSFIELD,-119.02120971679688,35.353000640869141
81361685,2020,2020-12-09,1502,2020-12-01,1904,1359,,2,5,6,1502,0,0,0,,0,Metro,"OAK ST","BRUNDAGE LN",38.00,N,N,A,-,N,,,,,,,,,,Y,2,0,1,2,A,-,01,23152,A,F,C,C,A,A,D,-,C,A,0,,,,,Y,Y,A,01,1,0,0,0,0,0,0,0,0,"- ","- ",35.354278564453125,-119.03865814208984,KERN,BAKERSFIELD,-119.03890991210938,35.354232788085938
81368047,2020,2020-12-16,1502,2020-12-08,1129,1291,,2,5,6,1502,0,0,0,,0,Centra,"NEW STINE RD","SUNDALE AV",0.00,,Y,A,B,N,,,,,,,,,,Y,2,0,2,2,A,-,12,21453,A,N,D,C,A,A,H,-,A,A,0,,,,,Y,,A,07,1,0,1,0,0,0,0,0,0,"- ","- ",35.34381103515625,-119.06188201904297,KERN,BAKERSFIELD,-119.06136322021484,35.344310760498047
81371635,2020,2020-12-21,1502,2020-12-13,1000,1349,,7,5,6,1502,0,0,0,,0,Valley,"MING AV","SUNSHINE AV",146.00,E,N,A,-,N,,,,,,,,,,Y,2,0,2,3,A,-,08,22107,,N,A,D,A,A,H,-,A,D,0,,,,,Y,,A,01,1,0,1,0,0,0,0,0,0,"- ","- ",35.339359283447266,-119.00961303710938,KERN,BAKERSFIELD,-119.00916290283203,35.339488983154297
81380485,2020,2021-01-05,1502,2020-10-30,1749,1223,,5,5,6,1502,0,0,0,,0,Centra,"STOCKDALE HWY","MONTCLAIR ST",0.00,,Y,A,-,N,,,,,,,,,,Y,1,1,2,2,A,-,09,21453,C,N,D,C,A,A,H,-,B,A,0,,,,,Y,,A,01,0,1,1,0,0,0,0,0,0,"- ","- ",35.353729248046875,-119.05520629882812,KERN,BAKERSFIELD,-119.05458068847656,35.354270935058594
81380486,2020,2021-01-05,1502,2020-11-20,1933,1223,,5,5,6,1502,0,0,0,,0,Centra,"MING AV","CANTER WY",0.00,,Y,A,-,N,,,,,,,,,,Y,1,1,0,2,A,-,11,21954,A,N,G,B,D,A,H,-,C,D,0,Y,,,,Y,,N,60,0,0,0,1,0,0,0,0,0,"- ","- ",35.339061737060547,-119.05702209472656,KERN,BAKERSFIELD,-119.05619812011719,35.339450836181641
81398314,2020,2021-01-29,1502,2020-08-22,0909,1213,,6,5,6,1502,0,0,0,,0,Hill,"UNION AV","34TH ST",129.00,N,N,A,-,N,,,,,,,,,,Y,1,1,0,1,C,-,18,,,N,E,I,A,A,H,-,A,D,0,,,,,Y,,-,"- ",0,0,0,0,0,0,0,0,0,"- ","- ",35.390769958496094,-119.00279998779297,KERN,BAKERSFIELD,-119.00299072265625,35.390678405761719
81404869,2021,2021-02-09,1502,2021-01-23,0006,1349,,6,5,6,1502,0,0,0,,0,Hill,"ORANGE DR","FLOWER ST",0.00,,Y,A,-,N,,,,,,,,,,Y,2,0,5,5,A,-,03,22350,,F,D,C,A,B,H,-,C,A,0,,,,,Y,,A,01,1,4,0,0,0,0,0,0,0,"- ","- ",35.381988525390625,-118.97109985351562,KERN,BAKERSFIELD,-118.97104644775391,35.381809234619141
81408138,2020,2021-02-15,1502,2020-12-19,1732,1185,,6,5,6,1502,0,0,0,,0,Metro,"DR MARTIN LUTHER KING JR BL","3RD ST",313.00,N,N,A,-,N,,,,,,,,,,Y,1,1,0,2,A,-,11,21954,A,F,G,B,D,A,H,-,C,D,0,Y,,,,Y,,N,60,0,0,0,1,0,0,0,0,0,"- ","- ",35.358348846435547,-118.98580169677734,KERN,BAKERSFIELD,-118.98523712158203,35.360260009765625
81409608,2020,2021-02-17,1502,2020-06-13,0135,1185,,6,5,6,1502,0,0,0,,0,Metro,"24TH ST","C ST (N)",165.00,W,N,A,-,Y,,,,,,,,,,Y,1,1,0,1,A,-,01,23152,A,N,E,I,A,A,D,-,D,D,0,,,,,Y,Y,A,01,0,0,0,0,0,0,0,0,0,"- ","- ",35.380531311035156,-119.02642822265625,KERN,BAKERSFIELD,-119.02751922607422,35.381038665771484
81429750,2021,2021-03-18,1502,2021-01-26,1855,1291,,2,5,6,1502,0,0,0,,0,Metro,"23RD ST","L ST",133.00,W,N,B,-,Y,,,,,,,,,,Y,1,1,0,2,A,-,11,21954,A,N,G,B,D,A,H,-,C,D,0,Y,,,,Y,,N,60,0,0,0,1,0,0,0,0,0,"- ","- ",35.380001068115234,-119.01584625244141,KERN,BAKERSFIELD,-119.016845703125,35.380039215087891
81437373,2021,2021-03-29,1502,2021-03-20,2320,1362,,6,5,6,1502,0,0,0,,0,Metro,"UNION AV","MONTEREY ST",59.00,S,N,A,-,Y,,,,,,,,,,N,2,0,1,2,A,-,11,21954,A,N,G,B,D,A,H,-,C,A,0,Y,,,,Y,,N,60,1,0,0,0,1,0,0,0,0,"- ","- ",35.383289337158203,-119.00283813476562,KERN,BAKERSFIELD,-119.0029296875,35.382709503173828
81442378,2021,2021-04-05,1502,2021-03-27,0048,1362,,6,5,6,1502,0,0,0,,0,Centra,"MING AV","VALHALLA DR",200.00,E,N,A,-,N,,,,,,,,,,N,2,0,1,2,A,-,11,21954,A,F,G,B,D,A,H,-,C,D,0,Y,,,,Y,,N,60,1,0,0,0,1,0,0,0,0,"- ","- ",35.339889526367188,-119.05503845214844,KERN,BAKERSFIELD,-119.05441284179688,35.339511871337891
81442384,2021,2021-04-05,1502,2021-03-28,1841,P63,,7,5,6,1502,0,0,0,,0,Metro,"TRUXTUN AV","E 21ST ST",0.00,,Y,A,-,N,,,,,,,,,,N,2,0,1,2,A,-,11,21954,A,N,G,B,D,A,H,-,B,A,0,Y,,,,Y,,N,60,1,0,0,0,1,0,0,0,0,"- ","- ",35.373489379882812,-118.98258209228516,KERN,BAKERSFIELD,-118.98324584960938,35.37322998046875
81443675,2021,2021-04-06,1502,2021-03-27,0103,1362,,6,5,6,1502,0,0,0,,0,Centra,"ALLEN RD","MING AV",2164.00,N,N,A,-,N,,,,,,,,,,N,2,0,1,1,A,-,08,22107,,F,E,I,A,A,H,-,D,D,0,,,,,Y,,A,01,1,0,0,0,0,0,0,0,0,"- ","- ",35.340278625488281,-119.14630889892578,KERN,BAKERSFIELD,-119.14536285400391,35.345882415771484
81445778,2021,2021-04-08,1502,2021-04-06,1956,P63,,2,5,6,1502,0,0,0,,0,Centra,"WHITE LN","DOVEWOOD ST",470.00,W,N,A,-,N,,,,,,,,,,N,2,0,1,2,A,-,11,21954,A,N,G,B,D,A,H,-,D,D,0,Y,,,,Y,,N,60,1,0,0,0,1,0,0,0,0,"- ","- ",35.317569732666016,-119.05172729492188,KERN,BAKERSFIELD,-119.05329132080078,35.317878723144531
8148196,2016,2016-10-18,1502,2016-10-03,0318,1177,,1,5,6,1502,0,0,0,,0,HILL,"FAIRFAX RD","ROYAL COACH CIR S",310.00,S,N,A,-,N,,,,,,,,,,Y,2,0,1,2,A,-,11,21954,A,N,G,B,D,A,H,-,C,D,0,Y,,,,Y,Y,N,60,1,0,0,0,1,0,0,0,0,"- ","- ",35.40842,-118.93239,KERN,BAKERSFIELD,-118.93313852999999,35.409044620000003
81485997,2021,2021-06-01,1502,2021-05-28,1608,1223,,5,5,6,1502,0,0,0,,0,Centra,"MOHAWK ST","TRUXTUN AV",150.00,S,N,A,-,N,,,,,,,,,,N,2,0,1,2,A,-,11,21954,A,N,G,B,D,A,H,-,A,A,0,Y,,,,Y,,N,60,1,0,0,0,1,0,0,0,0,"- ","- ",35.365108489990234,-119.06484985351562,KERN,BAKERSFIELD,-119.06543731689453,35.365402221679688
81486009,2021,2021-06-01,1502,2021-03-03,0209,1185,,3,5,6,1502,0,0,0,,0,Centra,"OLD RIVER RD","WHITE LN",503.00,N,N,A,-,N,,,,,,,,,,Y,1,1,0,1,A,-,01,23152,A,N,E,I,A,A,H,-,C,D,0,,,,,Y,Y,D,22,0,0,0,0,0,0,0,0,0,"- ","- ",35.325531005859375,-119.10923004150391,KERN,BAKERSFIELD,-119.10955047607422,35.326492309570312
81493592,2021,2021-06-10,1502,2021-06-01,1001,1338,,2,5,6,1502,0,0,0,,0,Hill,"CHESTER AV","10TH ST",11.00,N,N,A,-,N,,,,,,,,,,N,2,0,2,3,A,-,10,21950,A,F,G,B,B,A,H,-,A,A,0,Y,,,,Y,,-,99,2,0,0,0,2,0,0,0,0,"- ","- ",35.366489410400391,-119.01847076416016,KERN,BAKERSFIELD,-119.01886749267578,35.366531372070312
81520609,2021,2021-07-15,1502,2021-07-12,1942,1364,,1,5,6,1502,0,0,0,,0,Centra,"TRUXTUN AV","EMPIRE DR",617.00,W,N,A,-,N,,,,,,,,,,Y,2,0,2,3,A,-,01,23152,A,N,D,C,A,A,H,-,B,D,0,,,,,Y,Y,D,22,1,0,1,0,0,0,0,0,0,"- ","- ",35.373199462890625,-119.04701995849609,KERN,BAKERSFIELD,-119.04953765869141,35.372959136962891
81521677,2021,2021-07-16,1502,2021-03-17,0230,1195,,3,5,6,1502,0,0,0,,0,South,"PANAMA LN","STINE RD",0.00,,Y,A,-,N,,,,,,,,,,Y,1,1,2,3,A,-,01,23152,A,F,E,I,A,A,H,-,C,A,0,,,,,Y,Y,A,01,0,0,2,0,0,0,0,0,0,"- ","- ",35.295818328857422,-119.05697631835938,KERN,BAKERSFIELD,-119.05668640136719,35.295902252197266
8155374,2016,2016-11-03,1502,2016-10-22,0248,1153,,6,5,6,1502,0,0,0,,0,,"CALLOWAY DR","SLIKKER DR",393.00,S,N,A,-,N,,,,,,,,,,Y,2,0,1,1,A,-,01,23152,A,N,E,I,A,A,H,-,C,D,0,,,,,Y,Y,D,22,1,0,0,0,0,0,0,0,0,"- ","- ",,,KERN,BAKERSFIELD,-119.11006999999999,35.372212820000001
81559008,2021,2021-08-31,1502,2021-08-23,1109,P17,,1,5,6,1502,0,0,0,,0,Hill,"MOUNT VERNON AV","COLUMBUS ST",391.00,S,N,A,-,N,,,,,,,,,,Y,2,0,2,2,A,-,09,21801,A,N,D,C,A,A,H,-,A,A,0,,,,,Y,,A,01,1,0,1,0,0,0,0,0,0,"- ","- ",35.397689819335938,-118.96736145019531,KERN,BAKERSFIELD,-118.96759796142578,35.396438598632812
81575122,2021,2021-09-21,1502,2021-09-16,1151,1062,,4,5,6,1502,0,0,0,,0,Hill,"PANORAMA DR","MONTE VISTA DR",172.00,E,N,A,-,N,,,,,,,,,,Y,2,0,3,2,A,-,08,22107,,N,A,C,A,A,H,-,A,D,0,,,,,Y,,A,07,1,1,1,0,0,0,0,0,0,"- ","- ",35.40155029296875,-119.00270843505859,KERN,BAKERSFIELD,-119.00283050537109,35.401111602783203
81603357,2021,2021-10-22,1502,2021-10-08,1234,P17,,5,5,6,1502,0,0,0,,0,Metro,"MONTEREY ST","BAKER ST",35.00,W,N,A,-,N,,,,,,,,,,Y,2,0,2,2,A,-,03,22350,,N,C,C,A,A,H,-,A,A,0,,,,Y,Y,,A,01,1,0,1,0,0,0,0,0,0,"- ","- ",35.381309509277344,-118.99147033691406,KERN,BAKERSFIELD,-118.99152374267578,35.380992889404297
81608326,2021,2021-10-28,1502,2021-04-10,1032,1213,,6,5,6,1502,0,0,0,,0,South,"PANAMA LN","RELIANCE DR",351.00,W,N,A,-,N,,,,,,,,,,Y,1,1,0,2,A,-,08,22107,,N,C,E,A,A,H,-,A,D,0,,,,,Y,,A,07,0,0,0,0,0,0,0,0,0,"- ","- ",35.295860290527344,-119.084716796875,KERN,BAKERSFIELD,-119.08448791503906,35.296142578125
81621268,2021,2021-11-10,1502,2021-11-08,1517,C299,,1,5,6,1502,0,0,0,,0,Hill,"TULARE ST","FLOWER ST",0.00,,Y,A,-,N,,,,,,,,,,Y,2,0,1,1,A,-,03,22350,,N,E,I,A,A,H,-,A,A,0,,,,,Y,,A,01,1,0,0,0,0,0,0,0,0,"- ","- ",35.3873291015625,-118.99260711669922,KERN,BAKERSFIELD,-118.99263763427734,35.386993408203125
81630058,2021,2021-11-19,1502,2021-11-16,1719,P63,,2,5,6,1502,0,0,0,,0,Valley,"HUGHES LN","PATTI CT",130.00,S,N,A,-,N,,,,,,,,,,N,2,0,1,2,A,-,06,21755,,N,D,C,A,A,H,-,C,D,0,,,Y,,Y,,C,02,1,0,0,0,0,0,0,0,1,"- ","- ",35.319679260253906,-119.03028106689453,KERN,BAKERSFIELD,-119.03008270263672,35.319252014160156
81666076,2021,2021-12-30,1502,2021-12-05,1551,1188,,7,5,6,1502,0,0,0,,0,Hill,"ESPEE ST","Q ST",52.00,E,N,A,-,N,,,,,,,,,,N,2,0,1,2,A,-,11,21954,A,F,G,B,D,A,H,-,A,D,0,Y,,,,Y,,N,60,1,0,0,0,1,0,0,0,0,"- ","- ",35.384929656982422,-119.01056671142578,KERN,BAKERSFIELD,-119.01042175292969,35.384357452392578
8166837,2016,2018-09-27,1502,2016-08-31,1946,784,,3,5,6,1502,0,0,0,,0,,"MING AV","HUGHES LN",63.00,E,N,A,-,N,,,,,,,,,,N,1,1,0,2,A,-,05,21202,A,F,H,G,A,A,H,-,B,A,0,,Y,,,Y,,L,04,0,0,0,0,0,1,0,0,0,"- ","- ",35.339530000000003,-119.03001999999999,KERN,BAKERSFIELD,-119.02984907,35.339536649999999
8166838,2016,2017-03-28,1502,2016-09-10,2117,1195,,6,5,6,1502,0,0,0,,0,NORTH,"WESTSIDE PKWY","COFFEE RD",132.00,W,N,A,-,N,,,,,,,,,,Y,1,1,0,1,A,-,01,23152,A,N,E,I,A,A,H,-,C,D,0,,,,,Y,Y,A,07,0,0,0,0,0,0,0,0,0,"- ","- ",35.362940000000002,-119.09645999999999,KERN,BAKERSFIELD,-119.09252275,35.36684262
8166839,2016,2018-09-27,1502,2016-11-14,1736,1163,,1,5,6,1502,0,0,0,,0,HILL,"UNION AV","W JEFFREY ST",0.00,,Y,A,-,N,,,,,,,,,,N,1,1,0,2,A,-,11,21954,A,N,G,B,D,A,H,-,C,D,0,Y,,,,Y,Y,N,60,0,0,0,1,0,0,0,0,0,"- ","- ",,,KERN,BAKERSFIELD,-119.00299007,35.395560080000003
8166843,2016,2017-04-04,1502,2016-10-17,1007,1033,,1,5,6,1502,0,0,0,,0,,"TRUXTUN AV","WILLIAMS ST",35.00,E,N,A,-,N,,,,,,,,,,Y,1,1,0,3,A,-,03,22350,,N,A,E,A,A,H,-,A,D,0,,,,Y,Y,,D,22,0,0,0,0,0,0,0,0,0,"- ","- ",35.373309999999996,-118.97888,KERN,BAKERSFIELD,-118.97857286999999,35.373065740000001
8166845,2016,2017-03-28,1502,2016-11-21,0600,965,,1,5,6,1502,0,0,0,,0,CENTRA,"STOCKDALE HWY","VILLAGE LN",445.00,W,N,B,-,N,,,,,,,,,,Y,1,1,0,3,A,-,03,22350,,N,C,C,E,B,H,-,C,D,0,Y,,,,Y,,D,22,0,0,0,1,0,0,0,0,0,"- ","- ",35.354529999999997,-119.0574,KERN,BAKERSFIELD,-119.0591905,35.35416
8166847,2016,2018-09-27,1502,2016-08-23,0048,1177,,2,5,6,1502,0,0,0,,0,SOUTH,"TAFT HWY","GOSFORD RD",0.00,,Y,A,-,Y,KER,6,119,-,-,27.320,I,5,W,Y,1,1,0,2,A,-,12,21453,A,N,D,C,A,A,H,-,D,A,0,,,,Y,Y,,A,01,0,0,0,0,0,0,0,0,0,"- ","- ",35.267299999999999,-119.09275,KERN,BAKERSFIELD,-119.09217006999999,35.267133170000001
8167037,2017,2018-05-23,1502,2017-10-15,1736,1212,,7,5,6,1502,0,0,0,,0,SOUTH,"RT 119","STINE RD",1315.00,E,N,A,-,Y,KER,6,119,-,-,29.570,H,-,E,Y,1,1,0,2,A,-,06,21750,,F,C,C,A,A,H,-,B,D,0,,,,,Y,,A,01,0,0,0,0,0,0,0,0,0,"- ","- ",35.266860000000001,-119.05734,KERN,BAKERSFIELD,-119.05242453,35.266975459999998
8167129,2017,2019-04-08,1502,2017-11-26,1844,1177,,7,5,6,1502,0,0,0,,0,METRO,"BAKER ST","CALIFORNIA AV",0.00,,Y,A,-,N,,,,,,,,,,N,1,1,0,2,A,-,11,21453,D,N,G,B,B,A,H,-,C,A,0,Y,,,,Y,,N,60,0,0,0,1,0,0,0,0,0,"- ","- ",35.368819999999999,-118.99609,KERN,BAKERSFIELD,-118.99587013,35.368420110000002
8167135,2017,2018-05-24,1502,2017-07-16,1015,1195,,7,5,6,1502,0,0,0,,0,SOUTH,"RT 119","STINE RD",827.00,W,N,A,-,Y,KER,6,119,-,-,29.160,H,-,E,Y,1,1,2,2,A,-,01,23152,A,N,A,C,A,A,H,-,A,D,0,,,,,Y,Y,A,01,2,0,0,0,0,0,0,0,0,"- ","- ",35.266860000000001,-119.05734,KERN,BAKERSFIELD,-119.05956528999999,35.267012479999998
8167566,2017,2019-04-09,1502,2017-12-12,0922,1212,,2,5,6,1502,0,0,0,,0,CENTRA,"WILSON RD","STINE RD",0.00,,Y,A,-,N,,,,,,,,,,Y,1,1,0,2,A,-,12,21453,A,N,D,C,A,A,H,-,A,A,0,,,,,Y,,A,01,0,0,0,0,0,0,0,0,0,"- ","- ",35.332180000000001,-119.05552,KERN,BAKERSFIELD,-119.0556801,35.33231001
8167578,2017,2019-04-09,1502,2017-11-12,2359,1181,,7,5,6,1502,0,0,0,,0,HILL,"GOLDEN STATE AV","H ST",162.00,E,N,A,-,Y,KER,6,204,-,-,5.020,H,-,N,N,1,1,0,2,A,-,11,21954,A,F,G,B,D,A,H,-,C,D,0,Y,,,,Y,Y,N,60,0,0,0,1,0,0,0,0,0,"- ","- ",35.387830000000001,-119.02048000000001,KERN,BAKERSFIELD,-119.02145603,35.388520579999998
81704997,2022,2022-02-21,1502,2022-02-19,1415,1249,,6,5,6,1502,0,0,0,,0,SOUTH,"PANAMA LN","POWDERHORN ST",0.00,,Y,A,-,N,,,,,,,,,,Y,2,0,1,2,A,-,09,21801,A,N,D,C,A,A,D,-,A,D,0,,,Y,,Y,,E,22,1,0,0,0,0,0,0,0,1,"- ","- ",35.296138763427734,-119.08083343505859,KERN,BAKERSFIELD,-119.08052062988281,35.296100616455078
8173288,2016,2016-11-29,1502,2016-11-03,1906,1212,,4,5,6,1502,0,0,0,,0,HILL,"24TH ST","OAK ST",13.00,E,N,A,-,N,,,,,,,,,,N,2,0,1,2,A,-,12,21453,A,N,H,G,A,A,H,-,C,A,0,,Y,,,Y,,L,04,1,0,0,0,0,0,1,0,0,"- ","- ",35.381309999999999,-119.03805,KERN,BAKERSFIELD,-119.03852673,35.381155880000001
81750840,2022,2022-04-19,1502,2022-04-15,2352,1343,,5,5,6,1502,0,0,0,,0,CENTRA,"WHITE LN","KILTERBURY LN",33.00,E,N,A,-,N,,,,,,,,,,Y,2,0,2,1,A,-,01,23152,A,F,E,I,A,A,H,-,C,D,0,,,,,Y,Y,A,01,1,1,0,0,0,0,0,0,0,"- ","- ",35.318508148193359,-119.09703063964844,KERN,BAKERSFIELD,-119.09693908691406,35.318195343017578
81799459,2022,2022-06-21,1502,2022-06-07,1620,P63,,2,5,6,1502,0,0,0,,0,METRO,"BRUNDAGE LN","HOUCHIN RD",98.00,E,N,A,-,N,,,,,,,,,,Y,2,0,2,4,A,-,03,22350,,N,C,C,A,A,H,-,A,D,0,,,,,Y,,A,01,1,0,1,0,0,0,0,0,0,"- ","- ",35.353981018066406,-119.023193359375,KERN,BAKERSFIELD,-119.02304077148438,35.353969573974609
81803258,2022,2022-06-27,1502,2022-06-22,1500,P63,,3,5,6,1502,0,0,0,,0,METRO,"24TH ST","M ST",130.00,W,N,A,-,Y,KER,,178,,R,1.736,H,,L,N,2,0,1,2,A,-,11,21954,A,N,G,B,D,A,H,-,A,D,0,Y,,,,Y,,N,60,1,0,0,0,1,0,0,0,0,"- ","- ",35.381130218505859,-119.01467132568359,KERN,BAKERSFIELD,-119.01469421386719,35.381050109863281
81810879,2022,2022-07-06,1502,2022-06-16,2216,1322,,4,5,6,1502,0,0,0,,0,METRO,"TRUXTUN AV","BAKER ST",0.00,,Y,A,-,N,,,,,,,,,,Y,2,0,2,2,A,-,11,21456,B,N,G,B,B,A,H,-,C,A,0,Y,,,,Y,Y,N,60,1,1,0,0,1,0,0,0,0,"- ","- ",35.372688293457031,-118.99439239501953,KERN,BAKERSFIELD,-118.99404907226562,35.373580932617188
81820999,2022,2022-07-20,1502,2022-07-19,0802,1249,,2,5,6,1502,0,0,0,,0,NORTH,"HAGEMAN RD","VERDUGO LN",0.00,,Y,A,-,N,,,,,,,,,,N,2,0,1,2,A,-,12,21453,A,N,D,C,A,A,H,-,A,D,0,,,,,Y,,A,01,1,0,0,0,0,0,0,0,0,"- ","- ",35.398090362548828,-119.11891937255859,KERN,BAKERSFIELD,-119.11891174316406,35.397964477539062
81828616,2022,2022-07-29,1502,2022-06-21,2250,1322,,2,5,6,1502,0,0,0,,0,VALLEY,"BERKSHIRE RD","CANYON CREEK DR",106.00,E,N,A,-,N,,,,,,,,,,Y,1,1,0,2,A,-,01,23152,B,F,G,B,D,A,H,-,D,D,0,Y,,,,Y,Y,A,01,0,0,0,1,0,0,0,0,0,"- ","- ",,,KERN,BAKERSFIELD,-119.01761,35.288530999999999
81831917,2022,2022-08-03,1502,2022-07-21,0956,1149,,4,5,6,1502,0,0,0,,0,NORTH,"BRIMHALL RD","COYOTE SPRINGS DR",99.00,W,N,A,-,N,,,,,,,,,,Y,2,0,1,2,A,-,03,22350,,N,C,C,A,A,H,-,A,D,0,,,Y,,Y,,C,02,1,0,0,0,0,0,0,0,1,"- ","- ",35.369010925292969,-119.12116241455078,KERN,BAKERSFIELD,-119.12107849121094,35.368865966796875
81835929,2022,2022-08-09,1502,2022-08-05,2327,1409,,5,5,6,1502,0,0,0,,0,HILL,"GOLDEN STATE AV","Q ST",0.00,,Y,A,-,N,,,,,,,,,,N,2,0,1,2,A,-,11,21954,A,N,G,B,D,A,H,-,C,A,0,Y,,,,Y,,N,60,1,0,0,0,1,0,0,0,0,"- ","- ",35.382839202880859,-119.01061248779297,KERN,BAKERSFIELD,-119.01058197021484,35.382427215576172
8185460,2016,2016-12-15,1502,2016-11-23,1755,P63,,3,5,6,1502,0,0,0,,0,VALLEY,"CHESTER AV","SANDRA DR",176.00,N,N,A,-,N,,,,,,,,,,N,2,0,1,2,A,-,11,21955,,N,G,B,D,A,H,-,D,D,0,Y,,,,Y,,N,60,1,0,0,0,1,0,0,0,0,"- ","- ",35.329230000000003,-119.01224000000001,KERN,BAKERSFIELD,-119.01248086,35.329684550000003
81861996,2022,2022-09-12,1503,2022-08-26,2054,10160,4010,5,5,4,1503,0,0,0,,0,,"9TH AV","CLINTON ST",12.00,N,-,A,-,N,,,,,,,,,,N,2,0,2,2,A,-,03,22350,,N,D,C,A,A,H,-,C,D,0,,,,,Y,,A,01,1,1,0,0,0,0,0,0,0,"- ","- ",35.766349792480469,-119.25459289550781,KERN,DELANO,-119.25454711914062,35.766387939453125
81870506,2022,2022-09-22,1502,2022-08-20,2147,1322,,6,5,6,1502,0,0,0,,0,METRO,"UNION AV","5TH ST",100.00,N,N,A,-,N,,,,,,,,,,N,1,1,0,2,A,-,11,21954,A,F,G,B,D,A,H,-,C,D,0,Y,,,,Y,,N,60,0,0,0,1,0,0,0,0,0,"- ","- ",35.361530303955078,-119.00263977050781,KERN,BAKERSFIELD,-119.00297546386719,35.361530303955078
81874111,2022,2022-09-27,1502,2022-09-25,1906,1008,,7,5,6,1502,0,0,0,,0,METRO,"H ST","6TH ST",99.00,N,N,A,-,N,,,,,,,,,,N,2,0,1,2,A,-,11,21954,A,N,G,B,D,A,H,-,C,D,0,Y,,,,Y,,N,60,1,0,0,0,1,0,0,0,0,"- ","- ",35.362709045410156,-119.02089691162109,KERN,BAKERSFIELD,-119.02124786376953,35.362960815429688
81880101,2022,2022-10-03,1502,2022-09-30,0853,P45,,5,5,6,1502,0,0,0,,0,SOUTH,"DISTRICT BL","RIDE ST",67.00,W,N,A,-,N,,,,,,,,,,Y,2,0,2,2,A,-,09,21801,A,N,D,C,A,A,H,-,A,D,0,,,,,Y,,D,22,1,1,0,0,0,0,0,0,0,"- ","- ",35.313308715820312,-119.09027099609375,KERN,BAKERSFIELD,-119.09041595458984,35.313159942626953
81881221,2022,2022-10-04,1502,2022-10-02,0309,1400,,7,5,6,1502,0,0,0,,0,METRO,"19TH ST","BAKER ST",0.00,,Y,A,-,N,,,,,,,,,,N,2,0,1,1,A,-,01,23152,A,N,E,I,A,A,H,-,C,A,0,,,,,Y,Y,A,01,1,0,0,0,0,0,0,0,0,"- ","- ",35.375148773193359,-118.99375152587891,KERN,BAKERSFIELD,-118.99360656738281,35.374778747558594