CASE_ID,ACCIDENT_YEAR,PROC_DATE,JURIS,COLLISION_DATE,COLLISION_TIME,OFFICER_ID,REPORTING_DISTRICT,DAY_OF_WEEK,CHP_SHIFT,POPULATION,CNTY_CITY_LOC,SPECIAL_COND,BEAT_TYPE,CHP_BEAT_TYPE,CITY_DIVISION_LAPD,CHP_BEAT_CLASS,BEAT_NUMBER,PRIMARY_RD,SECONDARY_RD,DISTANCE,DIRECTION,INTERSECTION,WEATHER_1,WEATHER_2,STATE_HWY_IND,CALTRANS_COUNTY,CALTRANS_DISTRICT,STATE_ROUTE,ROUTE_SUFFIX,POSTMILE_PREFIX,POSTMILE,LOCATION_TYPE,RAMP_INTERSECTION,SIDE_OF_HWY,TOW_AWAY,COLLISION_SEVERITY,NUMBER_KILLED,NUMBER_INJURED,PARTY_COUNT,PRIMARY_COLL_FACTOR,PCF_CODE_OF_VIOL,PCF_VIOL_CATEGORY,PCF_VIOLATION,PCF_VIOL_SUBSECTION,HIT_AND_RUN,TYPE_OF_COLLISION,MVIW,PED_ACTION,ROAD_SURFACE,ROAD_COND_1,ROAD_COND_2,LIGHTING,CONTROL_DEVICE,CHP_ROAD_TYPE,PEDESTRIAN_ACCIDENT,BICYCLE_ACCIDENT,MOTORCYCLE_ACCIDENT,TRUCK_ACCIDENT,NOT_PRIVATE_PROPERTY,ALCOHOL_INVOLVED,STWD_VEHTYPE_AT_FAULT,CHP_VEHTYPE_AT_FAULT,COUNT_SEVERE_INJ,COUNT_VISIBLE_INJ,COUNT_COMPLAINT_PAIN,COUNT_PED_KILLED,COUNT_PED_INJURED,COUNT_BICYCLIST_KILLED,COUNT_BICYCLIST_INJURED,COUNT_MC_KILLED,COUNT_MC_INJURED,PRIMARY_RAMP,SECONDARY_RAMP,LATITUDE,LONGITUDE,COUNTY,CITY,POINT_X,POINT_Y
8188309,2016,2016-12-13,1500,2016-11-04,1330,201730,WA02,5,5,3,1510,0,0,0,,0,4401,"PALM AV","FILBURN AV",350.00,N,N,A,-,N,,,,,,,,,,Y,2,0,1,1,A,-,08,22107,,N,E,I,A,A,H,-,A,A,0,,,,,Y,,A,01,1,0,0,0,0,0,0,0,0,"- ","- ",,,KERN,WASCO,-119.34938126999999,35.580760570000002
81884767,2022,2022-10-07,1502,2022-10-05,0943,P45,,3,5,6,1502,0,0,0,,0,VALLEY,"SAN MATEO DR","ISLA BONITA ST",275.00,E,N,A,-,N,,,,,,,,,,N,2,0,1,1,A,-,08,22107,,N,H,I,A,A,H,-,A,D,0,,Y,,,Y,,L,04,1,0,0,0,0,0,1,0,0,"- ","- ",35.349449157714844,-118.94740295410156,KERN,BAKERSFIELD,-118.94606018066406,35.349464416503906
81886945,2022,2022-10-11,1502,2022-09-29,0540,1322,,4,5,6,1502,0,0,0,,0,CENTRA,"PIN OAK PARK BL","DELL FOREST WY",72.00,N,N,A,-,N,,,,,,,,,,Y,1,1,0,1,C,-,18,,,N,E,I,A,A,H,-,B,A,0,,,,,Y,,-,"- ",0,0,0,0,0,0,0,0,0,"- ","- ",35.322021484375,-119.09806060791016,KERN,BAKERSFIELD,-119.09814453125,35.321983337402344
81889094,2022,2022-10-13,1502,2022-10-09,1226,P63,,7,5,6,1502,0,0,0,,0,CENTRA,"GOSFORD RD","KROLL WY",234.00,S,N,A,-,N,,,,,,,,,,Y,2,0,2,1,A,-,03,22350,,N,E,I,A,A,H,-,A,D,0,,,,,Y,,A,01,1,1,0,0,0,0,0,0,0,"- ","- ",35.349941253662109,-119.09181976318359,KERN,BAKERSFIELD,-119.09232330322266,35.349098205566406
81907247,2021,2022-11-02,1502,2021-09-07,2234,1213,,2,5,6,1502,0,0,0,,0,CENTRA,"MING AV","STINE RD",30.00,E,N,-,-,N,,,,,,,,,,N,1,1,0,2,A,-,11,21456,C,F,G,B,B,A,H,-,C,A,0,Y,,,,Y,,N,60,0,0,0,1,0,0,0,0,0,"- ","- ",35.339820861816406,-119.05039978027344,KERN,BAKERSFIELD,-119.05037689208984,35.339481353759766
81912030,2022,2022-11-08,1502,2022-09-16,2301,1223,,5,5,6,1502,0,0,0,,0,NORTH,"OLIVE DR","AGOURA HILLS WY",195.00,W,N,A,-,N,,,,,,,,,,N,1,1,0,2,A,-,11,21954,A,F,G,B,D,A,H,-,C,D,0,Y,,,,Y,,N,60,0,0,0,1,0,0,0,0,0,"- ","- ",35.419929504394531,-119.13310241699219,KERN,BAKERSFIELD,-119.13402557373047,35.419658660888672
81912031,2022,2022-11-08,1502,2022-09-16,2308,1223,,5,5,6,1502,0,0,0,,0,NORTH,"OLIVE DR","AGOURA HILLS WY",152.00,W,N,A,-,N,,,,,,,,,,N,1,1,0,2,A,-,11,21954,A,N,G,B,E,A,H,-,C,D,0,Y,,,,Y,,N,60,0,0,0,1,0,0,0,0,0,"- ","- ",35.419929504394531,-119.13310241699219,KERN,BAKERSFIELD,-119.13388061523438,35.419658660888672
81912032,2022,2022-11-08,1502,2022-09-16,2309,1223,,5,5,6,1502,0,0,0,,0,NORTH,"OLIVE DR","AGOURA HILLS WY",138.00,W,N,A,-,N,,,,,,,,,,N,1,1,0,2,A,-,11,21954,A,F,G,B,E,A,H,-,C,D,0,Y,,,,Y,,N,60,0,0,0,1,0,0,0,0,0,"- ","- ",35.419929504394531,-119.13310241699219,KERN,BAKERSFIELD,-119.13383483886719,35.419658660888672
81912647,2021,2022-11-08,1503,2021-10-31,0505,10167,3010,7,5,4,1503,0,0,0,,0,,"CECIL AV","WEST PROLNGATION OF HIGH ST",115.00,W,-,A,-,N,,,,,,,,,,Y,1,1,0,1,A,-,01,23152,G,N,E,I,A,A,H,-,C,A,0,,,,,Y,,A,01,0,0,0,0,0,0,0,0,0,"- ","- ",35.775028228759766,-119.23863983154297,KERN,DELANO,-119.24939000000001,35.775964999999999
81929880,2022,2022-11-30,1502,2022-10-11,0423,1225,,2,5,6,1502,0,0,0,,0,VALLEY,"UNION AV","DANIELS LN",76.00,S,N,A,-,N,,,,,,,,,,N,2,0,1,2,A,-,11,21954,A,N,G,B,E,A,H,-,C,D,0,Y,,,,Y,Y,N,60,1,0,0,0,1,0,0,0,0,"- ","- ",35.347499847412109,-119.00370025634766,KERN,BAKERSFIELD,-119.0029296875,35.348190307617188
81935883,2022,2022-12-07,1502,2022-12-05,0749,P63,,1,5,6,1502,0,0,0,,0,CENTRA,"STINE RD","BEECHWOOD ST",115.00,N,N,C,-,N,,,,,,,,,,Y,2,0,2,3,A,-,08,22107,,N,E,I,A,B,H,-,A,D,0,,,,,Y,,A,01,1,1,0,0,0,0,0,0,0,"- ","- ",35.3212890625,-119.056640625,KERN,BAKERSFIELD,-119.05675506591797,35.321731567382812
81947768,2022,2022-12-21,1502,2022-12-18,2017,1188,,7,5,6,1502,0,0,0,,0,CENTRA,"BARRINGTON ST","INWOOD DR",0.00,,Y,A,-,N,,,,,,,,,,Y,2,0,1,2,A,-,01,23152,A,N,A,E,A,A,H,-,C,D,0,,,,,Y,Y,A,01,1,0,0,0,0,0,0,0,0,"- ","- ",35.330741882324219,-119.07615661621094,KERN,BAKERSFIELD,-119.07631683349609,35.3306884765625
81948823,2022,2022-12-22,1502,2022-12-15,1722,1409,,4,5,6,1502,0,0,0,,0,METRO,"TRUXTUN AV","EYE ST",0.00,,Y,A,-,N,,,,,,,,,,N,2,0,1,2,A,-,11,21453,D,N,G,B,B,A,H,-,C,A,0,Y,,,,Y,,N,60,1,0,0,0,1,0,0,0,0,"- ","- ",35.373329162597656,-119.01956939697266,KERN,BAKERSFIELD,-119.02004241943359,35.373268127441406
81983768,2022,2023-02-01,1502,2022-12-16,0951,1223,,5,5,6,1502,0,0,0,,0,METRO,"8TH ST","CHESTER AV",70.00,W,N,A,-,N,,,,,,,,,,Y,2,0,1,4,A,-,01,23152,F,N,A,E,E,A,H,-,A,D,0,Y,,,,Y,,D,22,1,0,0,0,1,0,0,0,0,"- ","- ",35.364589691162109,-119.01850891113281,KERN,BAKERSFIELD,-119.01911163330078,35.364604949951172
81993965,2023,2023-02-14,1503,2023-01-30,1549,10185,5010,1,5,4,1503,0,0,0,,0,,"400 BLOCK DEL SOL PKWY","SOUTH AUSTIN ST",0.00,,Y,A,-,N,,,,,,,,,,Y,2,0,2,2,A,-,09,21801,A,N,D,C,A,A,H,-,A,D,0,,,,,Y,,A,01,2,0,0,0,0,0,0,0,0,"- ","- ",,,KERN,DELANO,-119.25582122802734,35.754127502441406
81998145,2023,2023-02-20,1502,2023-02-11,1000,1347,,6,5,6,1502,0,0,0,,0,CENTRA,"COFFEE RD","TRUXTUN AV",259.00,S,N,B,-,N,,,,,,,,,,Y,2,0,2,2,A,-,09,21801,A,N,D,C,A,A,H,-,A,D,0,,,,,Y,,A,01,1,0,1,0,0,0,0,0,0,"- ","- ",35.361770629882812,-119.09232330322266,KERN,BAKERSFIELD,-119.09193420410156,35.361274719238281
81998152,2023,2023-02-20,1502,2023-01-15,1048,P94,,7,5,6,1502,0,0,0,,0,METRO,"OAK ST","21ST ST",0.00,,Y,A,-,N,,,,,,,,,,Y,2,0,1,3,A,-,12,21453,A,N,D,C,A,A,H,-,A,A,0,,,,,Y,,D,22,1,0,0,0,0,0,0,0,0,"- ","- ",35.377590179443359,-119.03891754150391,KERN,BAKERSFIELD,-119.03858184814453,35.378208160400391
82007524,2023,2023-03-02,1502,2023-01-15,2223,P63,,7,5,6,1502,0,0,0,,0,SOUTH,"CAMPUS PARK DR","MOUNTAIN VISTA DR",0.00,,Y,B,C,N,,,,,,,,,,Y,2,0,5,2,A,-,01,23152,A,F,D,D,A,B,H,-,C,A,0,,,,,Y,Y,D,22,2,2,1,0,0,0,0,0,0,"- ","- ",35.318378448486328,-119.11872863769531,KERN,BAKERSFIELD,-119.11873626708984,35.317970275878906
82014470,2023,2023-03-10,1502,2023-02-14,1853,1188,,2,5,6,1502,0,0,0,,0,VALLEY,"WIBLE RD","BELLE TERRACE",712.00,N,N,A,-,N,,,,,,,,,,Y,2,0,7,3,A,-,08,22107,,N,E,I,A,A,H,-,D,D,0,,,,,Y,,A,07,1,2,4,0,0,0,0,0,0,"- ","- ",35.346111297607422,-119.0396728515625,KERN,BAKERSFIELD,-119.03879547119141,35.348663330078125
82014478,2023,2023-03-10,1502,2023-03-03,"743 ",1347,,5,5,6,1502,0,0,0,,0,SOUTH,"ANACOSTIA WY","MOUNTAIN VISTA DR",0.00,,Y,A,-,N,,,,,,,,,,N,2,0,1,2,A,-,10,21950,A,F,G,B,B,A,H,-,A,A,0,Y,,,,Y,,-,99,1,0,0,0,1,0,0,0,0,"- ","- ",35.314731597900391,-119.11988067626953,KERN,BAKERSFIELD,-119.11878967285156,35.314640045166016
82034333,2023,2023-03-31,1502,2023-03-28,2253,P63,,2,5,6,1502,0,0,0,,0,CENTRA,"WHITE LN","VAUGHN WY",0.00,,Y,A,-,N,,,,,,,,,,N,2,0,1,2,A,-,17,25650,,N,D,C,A,A,H,-,C,A,0,,,Y,,Y,Y,C,02,1,0,0,0,0,0,0,0,1,"- ","- ",35.317569732666016,-119.05172729492188,KERN,BAKERSFIELD,-119.05171203613281,35.317699432373047
82037245,2023,2023-04-05,1502,2023-04-02,1830,P63,,7,5,6,1502,0,0,0,,0,HILL,"COLUMBUS ST","UNIVERSITY AV",454.00,N,N,A,-,N,,,,,,,,,,Y,2,0,1,1,A,-,01,23152,A,N,E,I,A,A,H,-,A,D,0,,,,,Y,Y,A,01,1,0,0,0,0,0,0,0,0,"- ","- ",35.403751373291016,-118.94975280761719,KERN,BAKERSFIELD,-118.94953918457031,35.406261444091797
82051250,2023,2023-04-24,1502,2023-04-14,2159,1475,,5,5,6,1502,0,0,0,,0,METRO,"H ST","PALM ST",15.00,S,N,A,-,N,,,,,,,,,,N,2,0,1,2,A,-,01,23152,A,N,C,C,A,A,H,-,C,A,0,,,,,Y,Y,A,01,1,0,0,0,0,0,0,0,0,"- ","- ",35.360458374023438,-119.02176666259766,KERN,BAKERSFIELD,-119.02127075195312,35.361198425292969
82053368,2023,2023-04-26,1502,2023-01-05,"218 ",1188,,4,5,6,1502,0,0,0,,0,CENTRA,"VILLAS GREENBRIER","LENNOX AV",66.00,E,N,B,G,N,,,,,,,,,,Y,2,0,1,1,A,-,01,23152,A,N,E,I,A,B,H,-,C,D,0,,,,,Y,Y,D,22,1,0,0,0,0,0,0,0,0,"- ","- ",35.361278533935547,-119.06434631347656,KERN,BAKERSFIELD,-119.06446075439453,35.361736297607422
82070581,2023,2023-05-17,1502,2023-05-14,"946 ",P94,,7,5,6,1502,0,0,0,,0,HILL,"MONTEREY ST","HALEY ST",45.00,W,N,A,-,N,,,,,,,,,,N,2,0,3,2,A,-,08,22107,,N,B,C,A,A,H,-,A,A,0,,,,,Y,,A,07,1,0,2,0,0,0,0,0,0,"- ","- ",35.378620147705078,-118.98068237304688,KERN,BAKERSFIELD,-118.98076629638672,35.378414154052734
82073837,2023,2023-05-22,1502,2023-04-15,1522,1409,,6,5,6,1502,0,0,0,,0,HILL,"UNION AV","COLUMBUS ST",0.00,,Y,A,-,N,,,,,,,,,,Y,2,0,1,2,A,-,12,21453,A,N,D,C,A,A,H,-,A,A,0,,,Y,,Y,,C,02,1,0,0,0,0,0,0,0,1,"- ","- ",35.39788818359375,-119.00272369384766,KERN,BAKERSFIELD,-119.00277709960938,35.397457122802734
82093197,2023,2023-06-14,1502,2023-06-03,1522,1409,,6,5,6,1502,0,0,0,,0,SOUTH,"SILVER CITY WY","INDIAN GULCH ST",30.00,S,N,A,-,N,,,,,,,,,,N,2,0,1,1,A,-,08,22107,,M,E,I,A,A,H,-,A,D,0,,,Y,,Y,,C,02,1,0,0,0,0,0,0,0,1,"- ","- ",35.300201416015625,-119.08708953857422,KERN,BAKERSFIELD,-119.08689117431641,35.299995422363281
82112668,2023,2023-07-10,1502,2023-07-03,1143,P94,,1,5,6,1502,0,0,0,,0,CENTRA,"STINE RD","PACHECO RD",477.00,N,N,A,-,N,,,,,,,,,,N,2,0,1,4,A,-,05,21651,B,M,B,D,A,A,H,-,A,D,0,,,Y,,Y,,C,02,1,0,0,0,0,0,0,0,1,"- ","- ",35.310279846191406,-119.05679321289062,KERN,BAKERSFIELD,-119.05667877197266,35.311649322509766
82113603,2023,2023-07-11,1502,2023-07-09,"535 ",P17,,7,5,6,1502,0,0,0,,0,CENTRA,"AKERS RD","SECHREST AV",49.00,S,N,A,-,N,,,,,,,,,,Y,2,0,1,2,A,-,01,23152,A,N,A,E,A,A,H,-,B,D,0,,,,,Y,Y,A,01,1,0,0,0,0,0,0,0,0,"- ","- ",35.334949493408203,-119.04779052734375,KERN,BAKERSFIELD,-119.04778289794922,35.334575653076172
82131640,2023,2023-07-31,1502,2023-07-18,2256,P99,,2,5,6,1502,0,0,0,,0,HILL,"CHESTER AV","BEARDSLEY AV",991.00,S,N,A,-,N,,,,,,,,,,Y,2,0,2,2,A,-,11,21954,A,N,G,B,D,A,H,-,C,D,0,Y,,Y,,Y,,N,60,1,1,0,0,1,0,0,0,1,"- ","- ",35.404949188232422,-119.02004241943359,KERN,BAKERSFIELD,-119.01984405517578,35.402420043945312
82137145,2023,2023-08-07,1502,2023-07-19,1616,1450,,3,5,6,1502,0,0,0,,0,SOUTH,"PANAMA LN","MOUNTAIN RIDGE DR",0.00,,Y,A,-,N,,,,,,,,,,Y,2,0,4,3,A,-,12,21453,A,N,D,D,A,A,H,-,A,A,0,,,,,Y,,A,01,1,2,1,0,0,0,0,0,0,"- ","- ",35.295871734619141,-119.06587982177734,KERN,BAKERSFIELD,-119.06558227539062,35.295856475830078
82148166,2023,2023-08-21,1502,2023-04-02,1221,1418,,7,5,6,1502,0,0,0,,0,HILL,"NILES ST","BAKER ST",0.00,,Y,A,-,N,,,,,,,,,,N,2,0,5,2,A,-,03,22350,,N,D,C,A,A,H,-,A,A,0,,,,,Y,,A,01,1,2,2,0,0,0,0,0,0,"- ","- ",35.382350921630859,-118.9910888671875,KERN,BAKERSFIELD,-118.99102020263672,35.382007598876953
82172180,2023,2023-09-18,1502,2023-09-17,"646 ",1249,,7,5,6,1502,0,0,0,,0,HILL,"PANORAMA DR","WENATCHEE AV",213.00,E,N,A,-,N,,,,,,,,,,Y,2,0,1,1,A,-,01,23152,A,N,E,I,A,A,H,-,A,D,0,,,,,Y,Y,A,07,1,0,0,0,0,0,0,0,0,"- ","- ",35.411140441894531,-118.95854949951172,KERN,BAKERSFIELD,-118.95802307128906,35.412437438964844
82203135,2023,2023-10-19,1502,2023-08-09,2025,1194,,3,5,6,1502,0,0,0,,0,METRO,"UNION AV","8TH ST (S)",88.00,N,N,A,-,Y,KER,,204," "," ",2.792,H,,R,N,2,0,1,3,A,-,03,22350,,F,G,B,B,A,H,-,C,A,0,Y,,,,Y,,A,07,1,0,0,0,1,0,0,0,0,"- ","- ",35.364238739013672,-119.00258636474609,KERN,BAKERSFIELD,-119.00289916992188,35.364242553710938
82203142,2023,2023-10-19,1502,2023-08-30,2000,1322,,3,5,6,1502,0,0,0,,0,HILL,"178 FWY","CANTERIA DR",141.00,E,N,A,-,N,,,,,,,,,,N,1,1,0,2,A,-,17,21229,A,N,H,C,A,A,H,-,C,D,0,,,Y,,Y,,C,03,0,0,0,0,0,0,0,1,0,"- ","- ",35.397621154785156,-118.88951110839844,KERN,BAKERSFIELD,-118.88921356201172,35.398090362548828
82205343,2023,2023-10-23,1502,2023-08-06,2221,1213,,7,5,6,1502,0,0,0,,0,SOUTH,"PANAMA LN","AKERS RD",0.00,,Y,A,-,N,,,,,,,,,,Y,1,1,1,2,A,-,01,23153,A,N,D,C,A,A,H,-,C,A,0,,,,,Y,Y,A,01,0,1,0,0,0,0,0,0,0,"- ","- ",35.295711517333984,-119.04811859130859,KERN,BAKERSFIELD,-119.04779815673828,35.295928955078125
82228512,2023,2023-11-06,1502,2023-10-28,"445 ",1393,,6,5,6,1502,0,0,0,,0,SOUTH,"OLD RIVER RD","HARRIS RD",0.00,,Y,A,-,N,,,,,,,,,,Y,2,0,1,3,A,-,12,21453,A,N,D,C,A,A,H,-,C,A,0,,,,,Y,,A,01,1,0,0,0,0,0,0,0,0,"- ","- ",35.303768157958984,-119.11009979248047,KERN,BAKERSFIELD,-119.11000061035156,35.303455352783203
82255737,2022,2023-12-07,1502,2022-12-04,0232,1225,,7,5,6,1502,0,0,0,,0,CENTRA,"STOCKDALE HWY","MC DONALD WY",170.00,E,N,B,-,N,,,,,,,,,,N,1,1,0,2,A,-,11,21954,A,F,G,B,E,B,H,-,C,D,0,Y,,,,Y,,N,60,0,0,0,1,0,0,0,0,0,"- ","- ",35.354461669921875,-119.05204010009766,KERN,BAKERSFIELD,-119.05167388916016,35.354133605957031
82258237,2023,2023-12-11,1502,2023-12-01,"616 ",P45,,5,5,6,1502,0,0,0,,0,HILL,"NILES ST","UNION AV",957.00,W,N,A,-,N,,,,,,,,,,Y,2,0,1,1,A,-,01,23152,A,N,F,A,A,A,H,-,C,D,0,,,,,Y,Y,D,22,1,0,0,0,0,0,0,0,0,"- ","- ",35.384380340576172,-119.00287628173828,KERN,BAKERSFIELD,-119.00279998779297,35.383979797363281
82284609,2024,2024-01-11,1502,2024-01-02,"627 ",P88,,2,5,6,1502,0,0,0,,0,NORTH,"PATTON WY","HAGEMAN RD",68.00,S,N,B,-,N,,,,,,,,,,Y,2,0,1,1,A,-,08,22107,,N,E,I,A,A,H,-,B,D,0,,,,,Y,,A,07,1,0,0,0,0,0,0,0,0,"- ","- ",35.401271820068359,-119.08326721191406,KERN,BAKERSFIELD,-119.08331298828125,35.401233673095703
82300351,2023,2024-01-30,1502,2023-05-03,2129,1188,,3,5,6,1502,0,0,0,,0,CENTRA,"CALIFORNIA AV","REAL RD",80.00,W,N,C,-,N,,,,,,,,,,N,1,1,0,2,A,-,11,21954,A,N,G,B,D,B,H,-,C,A,0,Y,,,,Y,,N,60,0,0,0,1,0,0,0,0,0,"- ","- ",35.36737060546875,-119.04383087158203,KERN,BAKERSFIELD,-119.04360961914062,35.367816925048828
82307578,2024,2024-02-07,1502,2024-01-21,1953,1359,,7,5,6,1502,0,0,0,,0,METRO,"SUMNER ST","BAKER ST",0.00,,Y,A,-,N,,,,,,,,,,Y,2,0,6,3,A,-,01,23153,A,F,D,D,A,A,H,-,C,A,0,,,,,Y,Y,A,01,2,4,0,0,0,0,0,0,0,"- ","- ",35.377250671386719,-118.99297332763672,KERN,BAKERSFIELD,-118.99288177490234,35.376911163330078
82312232,2024,2024-02-13,1503,2024-02-03,2035,10189,,6,5,4,1503,0,0,0,,0,,"S LEXINGTON ST","BALBOA AVE",0.00,,Y,C,-,N,,,,,,,,,,Y,1,1,0,3,A,-,03,22350,,N,G,B,B,B,H,-,C,A,0,Y,,,,Y,,A,01,0,0,0,1,0,0,0,0,0,"- ","- ",35.756420135498047,-119.24076080322266,KERN,DELANO,-119.24076843261719,35.756389617919922
82376490,2024,2024-04-29,1502,2024-04-06,2241,1393,,6,5,6,1502,0,0,0,,0,NORTH,"SEVENTH STANDARD RD","CALLOWAY DR",270.00,E,N,A,-,N,,,,,,,,,,Y,2,0,2,2,A,-,01,23152,A,N,C,C,A,A,H,-,C,D,0,,,,,Y,Y,A,01,1,1,0,0,0,0,0,0,0,"- ","- ",35.441379547119141,-119.10933685302734,KERN,BAKERSFIELD,-119.10902404785156,35.441299438476562
82389025,2024,2024-05-14,1502,2024-05-08,"721 ",P45,,3,5,6,1502,0,0,0,,0,CENTRA,"APPLEBLOSSOM DR","STINE RD",0.00,,Y,A,-,N,,,,,,,,,,Y,2,0,2,2,A,-,09,21802,A,N,D,C,A,A,H,-,A,A,0,,,,,Y,,A,08,1,1,0,0,0,0,0,0,0,"- ","- ",35.326740264892578,-119.05657196044922,KERN,BAKERSFIELD,-119.05677795410156,35.326873779296875
82394682,2024,2024-05-21,1502,2024-05-19,1848,P63,,7,5,6,1502,0,0,0,,0,METRO,"MYRTLE ST","CHESTER LN",0.00,,Y,A,-,N,,,,,,,,,,N,2,0,3,2,A,-,09,21802,A,N,D,D,A,A,H,-,B,A,0,,,Y,,Y,,A,01,1,0,2,0,0,0,0,0,2,"- ","- ",35.365039825439453,-119.03372192382812,KERN,BAKERSFIELD,-119.03407287597656,35.364906311035156
82401823,2024,2024-05-30,1502,2024-05-27,2018,P63,,1,5,6,1502,0,0,0,,0,CENTRA,"WHITE LN","PIN OAK PARK BL",0.00,,Y,A,-,N,,,,,,,,,,N,2,0,1,2,A,-,12,21453,A,N,H,G,A,A,H,-,B,A,0,,Y,,,Y,,L,04,1,0,0,0,0,0,1,0,0,"- ","- ",35.318790435791016,-119.09841156005859,KERN,BAKERSFIELD,-119.09843444824219,35.318466186523438
82408023,2024,2024-06-06,1503,2024-05-25,"806 ",10189,,6,5,4,1503,0,0,0,,0,4009,"ALBANY ST","GARCES HWY",626.00,N,-,A,-,N,,,,,,,,,,N,1,1,0,2,A,-,09,21801,A,N,D,C,A,A,H,-,A,D,0,,,,,Y,,A,07,0,0,0,0,0,0,0,0,0,"- ","- ",35.75775146484375,-119.25845336914062,KERN,DELANO,-119.25851440429688,35.763099670410156
82416886,2024,2024-06-18,1502,2024-05-25,2103,1213,,6,5,6,1502,0,0,0,,0,SOUTH,"WHITE LN","STINE RD",298.00,E,N,A,-,N,,,,,,,,,,N,2,0,1,2,A,-,11,21954,A,F,G,B,D,A,H,-,D,D,0,Y,,,,Y,,N,60,1,0,0,0,1,0,0,0,0,"- ","- ",35.317939758300781,-119.05668640136719,KERN,BAKERSFIELD,-119.0557861328125,35.317943572998047
82422528,2024,2024-06-25,1502,2024-06-09,2208,P63,,7,5,6,1502,0,0,0,,0,VALLEY,"PANAMA LN","SPARKS ST",0.00,,Y,A,-,N,,,,,,,,,,Y,2,0,2,2,A,-,01,23152,A,N,D,C,A,A,H,-,C,A,0,,,,,Y,Y,A,01,2,0,0,0,0,0,0,0,0,"- ","- ",35.295749664306641,-119.00354766845703,KERN,BAKERSFIELD,-118.99423217773438,35.295913696289062
82432455,2024,2024-07-08,1502,2024-06-27,2301,1523,,4,5,6,1502,0,0,0,,0,,"PANORAMA DR","RIVER BL",465.00,E,N,A,-,N,,,,,,,,,,N,2,0,1,2,B,-,22,,,N,D,C,A,A,H,-,D,D,0,,,Y,,Y,,A,01,1,0,0,0,0,0,0,0,1,"- ","- ",35.409339904785156,-118.98507690429688,KERN,BAKERSFIELD,-118.98377990722656,35.409149169921875
82441105,2024,2024-07-17,1502,2024-07-12,"725 ",1476,,5,5,6,1502,0,0,0,,0,,"CHESTER AVE FRONTAGE EXT","14TH ST",100.00,N,N,A,-,N,,,,,,,,,,N,2,0,1,2,A,-,11,21954,A,N,G,B,E,A,H,-,A,D,0,Y,,,,Y,,N,60,1,0,0,0,1,0,0,0,0,"- ","- ",35.369461059570312,-119.01841735839844,KERN,BAKERSFIELD,-119.01903533935547,35.370704650878906
8301622,2017,2017-06-13,1502,2017-01-27,1214,P17,,5,5,6,1502,0,0,0,,0,NORTH,"MEACHAM RD","STARSIDE DR",48.00,W,N,A,-,N,,,,,,,,,,Y,1,1,1,2,A,-,05,21650,,N,A,C,A,A,H,-,A,D,0,,,,,Y,,D,22,0,1,0,0,0,0,0,0,0,"- ","- ",35.391199999999998,-119.105,KERN,BAKERSFIELD,-119.10505667,35.391220160000003
8308036,2017,2017-03-28,1502,2017-03-04,1414,1271,,6,5,6,1502,0,0,0,,0,METRO,"BAKER ST","TRUXTUN AV",31.00,S,N,A,-,N,,,,,,,,,,N,2,0,1,2,A,-,12,22451,A,N,H,B,B,A,H,-,A,A,0,Y,,,,Y,,N,60,1,0,0,0,1,0,0,0,0,"- ","- ",35.374029999999998,-118.99415999999999,KERN,BAKERSFIELD,-118.99408233,35.373499170000002
8313111,2016,2017-02-27,1509,2016-10-10,1202,58002,B,1,5,3,1509,0,0,0,,0,,"JACARANDA DR","TIARA CT",0.00,W,N,A,-,N,,,,,,,,,,Y,2,0,1,1,A,-,03,22350,,N,E,I,A,A,H,-,A,-,0,,,,,Y,,-,,1,0,0,0,0,0,0,0,0,"- ","- ",35.163469999999997,-118.57975,KERN,TEHACHAPI,-118.60804002,35.173839999999998
8335558,2017,2017-04-17,1502,2017-03-23,1948,1221,,4,5,6,1502,0,0,0,,0,NORTH,"GRANITE FALLS DR","SEAVIEW DR",329.00,E,N,A,-,N,,,,,,,,,,N,2,0,1,2,A,-,11,21955,,F,G,B,D,A,H,-,C,D,0,Y,,,,Y,,N,60,1,0,0,0,1,0,0,0,0,"- ","- ",35.386690000000002,-119.09965,KERN,BAKERSFIELD,-119.09838709,35.386875860000004
8337815,2017,2017-04-10,1502,2017-03-17,1940,1185,,5,5,6,1502,0,0,0,,0,NORTH,"OLIVE DR","ALLEN RD",0.00,,Y,A,-,N,,,,,,,,,,Y,2,0,3,2,A,-,09,21453,C,N,D,C,A,A,H,-,C,A,0,,,,,Y,,D,22,2,1,0,0,0,0,0,0,0,"- ","- ",35.420050000000003,-119.1452,KERN,BAKERSFIELD,-119.14547002,35.419790069999998
8350205,2017,2017-06-27,1502,2017-04-08,2229,1291,,6,5,6,1502,0,0,0,,0,CENTRA,"WHITE LN","WIBLE RD",0.00,,Y,A,-,N,,,,,,,,,,Y,2,0,3,2,A,-,12,21453,A,N,D,C,A,A,H,-,C,A,0,,,,,Y,,A,01,1,0,2,0,0,0,0,0,0,"- ","- ",35.317839999999997,-119.03918,KERN,BAKERSFIELD,-119.03909007999999,35.317790070000001
8357635,2017,2017-05-05,1509,2017-04-12,1313,949,W,3,5,3,1509,0,0,0,,0,001,"TUCKER RD","TUCKER RD  841",0.00,,N,A,-,N,,,,,,,,,,N,2,0,1,2,A,-,03,22350,A,N,G,B,F,A,H,-,A,-,0,Y,,,,Y,,D,72,1,0,0,0,1,0,0,0,0,"- ","- ",35.122630000000001,-118.4684,KERN,TEHACHAPI,-118.46781670999999,35.122650919999998