CASE_ID,ACCIDENT_YEAR,PROC_DATE,JURIS,COLLISION_DATE,COLLISION_TIME,OFFICER_ID,REPORTING_DISTRICT,DAY_OF_WEEK,CHP_SHIFT,POPULATION,CNTY_CITY_LOC,SPECIAL_COND,BEAT_TYPE,CHP_BEAT_TYPE,CITY_DIVISION_LAPD,CHP_BEAT_CLASS,BEAT_NUMBER,PRIMARY_RD,SECONDARY_RD,DISTANCE,DIRECTION,INTERSECTION,WEATHER_1,WEATHER_2,STATE_HWY_IND,CALTRANS_COUNTY,CALTRANS_DISTRICT,STATE_ROUTE,ROUTE_SUFFIX,POSTMILE_PREFIX,POSTMILE,LOCATION_TYPE,RAMP_INTERSECTION,SIDE_OF_HWY,TOW_AWAY,COLLISION_SEVERITY,NUMBER_KILLED,NUMBER_INJURED,PARTY_COUNT,PRIMARY_COLL_FACTOR,PCF_CODE_OF_VIOL,PCF_VIOL_CATEGORY,PCF_VIOLATION,PCF_VIOL_SUBSECTION,HIT_AND_RUN,TYPE_OF_COLLISION,MVIW,PED_ACTION,ROAD_SURFACE,ROAD_COND_1,ROAD_COND_2,LIGHTING,CONTROL_DEVICE,CHP_ROAD_TYPE,PEDESTRIAN_ACCIDENT,BICYCLE_ACCIDENT,MOTORCYCLE_ACCIDENT,TRUCK_ACCIDENT,NOT_PRIVATE_PROPERTY,ALCOHOL_INVOLVED,STWD_VEHTYPE_AT_FAULT,CHP_VEHTYPE_AT_FAULT,COUNT_SEVERE_INJ,COUNT_VISIBLE_INJ,COUNT_COMPLAINT_PAIN,COUNT_PED_KILLED,COUNT_PED_INJURED,COUNT_BICYCLIST_KILLED,COUNT_BICYCLIST_INJURED,COUNT_MC_KILLED,COUNT_MC_INJURED,PRIMARY_RAMP,SECONDARY_RAMP,LATITUDE,LONGITUDE,COUNTY,CITY,POINT_X,POINT_Y
83983373,2024,2024-08-09,1502,2024-03-19,"740 ",P45,,2,5,6,1502,0,0,0,,0,VALLEY,"PANAMA LN","CHESTER W NIMITZ ST",0.00,,Y,A,-,N,,,,,,,,,,N,2,0,1,2,A,-,12,22450,A,F,H,C,A,A,H,-,A,A,0,,,Y,,Y,,-,99,1,0,0,0,0,0,0,0,1,"- ","- ",35.295131683349609,-119.02494812011719,KERN,BAKERSFIELD,-119.02354431152344,35.295875549316406
8402174,2017,2017-07-20,1502,2017-06-17,1527,1210,,6,5,6,1502,0,0,0,,0,SOUTH,"ALLEN RD","CHAMBER BL",249.00,S,N,A,-,N,,,,,,,,,,Y,2,0,1,1,A,-,01,23152,F,N,E,I,A,A,H,-,A,D,0,,,,,Y,Y,D,22,1,0,0,0,0,0,0,0,0,"- ","- ",35.33325,-119.14542,KERN,BAKERSFIELD,-119.14551,35.332650000000001
8402396,2017,2018-07-27,1502,2017-06-23,2123,1195,,5,5,6,1502,0,0,0,,0,CENTRA,"MING AV","VALHALLA DR",24.00,W,N,A,-,N,,,,,,,,,,N,1,1,0,2,A,-,11,21954,A,N,G,B,D,A,H,-,C,A,0,Y,,,,Y,,N,60,0,0,0,1,0,0,0,0,0,"- ","- ",35.339449999999999,-119.05483,KERN,BAKERSFIELD,-119.05516014,35.339694989999998
8404025,2017,2017-07-14,1509,2017-06-25,0225,933,E,7,5,3,1509,0,0,0,,0,002,"DENNISON RD","VALLEY BL",0.00,,Y,A,-,N,,,,,,,,,,Y,2,0,1,1,A,-,03,22350,,N,E,I,A,A,H,-,C,A,0,,,,,Y,,D,82,1,0,0,0,0,0,0,0,0,"- ","- ",35.13017,-118.43204,KERN,TEHACHAPI,-118.43216,35.12439002
8404541,2017,2017-09-14,1502,2017-04-17,1934,1177,,1,5,6,1502,0,0,0,,0,VALLEY,"H ST","CECIL BRUNNER DR",110.00,N,N,B,-,N,,,,,,,,,,Y,1,1,0,1,A,-,01,23152,A,N,E,I,A,A,H,-,B,D,0,,,,,Y,Y,D,22,0,0,0,0,0,0,0,0,0,"- ","- ",35.344889999999999,-119.02106999999999,KERN,BAKERSFIELD,-119.0213,35.345191829999997
8404670,2017,2019-04-09,1502,2017-07-20,2215,1177,,4,5,6,1502,0,0,0,,0,METRO,"CHESTER AV","TRUXTUN AV",0.00,,Y,A,-,N,,,,,,,,,,Y,1,1,0,2,A,-,11,21954,A,N,G,B,D,A,H,-,C,D,0,Y,,,,Y,Y,N,60,0,0,0,1,0,0,0,0,0,"- ","- ",35.373309999999996,-119.01835,KERN,BAKERSFIELD,-119.01890002,35.373270060000003
8404681,2017,2019-04-09,1502,2017-03-14,2104,784,,2,5,6,1502,0,0,0,,0,CENTRA,"STINE RD","APPLEBLOSSOM DR",125.00,S,N,A,-,N,,,,,,,,,,Y,1,1,0,2,A,-,11,21954,A,N,G,B,D,A,H,-,C,D,0,Y,,,,Y,Y,N,60,0,0,0,1,0,0,0,0,0,"- ","- ",35.326740000000001,-119.05656999999999,KERN,BAKERSFIELD,-119.05678,35.326526999999999
8404687,2017,2019-04-09,1502,2017-01-13,2122,1033,,5,5,6,1502,0,0,0,,0,,"UNION AV","17TH ST",0.00,,Y,A,-,N,,,204,,,,,,,Y,1,1,0,2,A,-,11,21954,A,N,G,B,D,A,H,-,C,D,0,Y,,,,Y,Y,N,60,0,0,0,1,0,0,0,0,0,"- ","- ",35.374690000000001,-119.00303,KERN,BAKERSFIELD,-119.00291917,35.374689510000003
8404697,2017,2019-04-09,1502,2017-06-25,1849,1177,,7,5,6,1502,0,0,0,,0,CENTRA,"MING AV","CALLE SALIDA",0.00,,Y,A,-,N,,,,,,,,,,Y,1,1,0,2,A,-,11,21954,A,N,G,B,D,A,H,-,B,D,0,Y,,,,Y,Y,N,60,0,0,0,1,0,0,0,0,0,"- ","- ",35.339820000000003,-119.08958,KERN,BAKERSFIELD,-119.08981005,35.339750039999998
8404815,2018,2018-06-25,1511,2018-04-12,1733,53099,2,4,5,2,1511,0,0,0,,0,00A,"NEURALIA RD","WHARF HYDRANT",208.00,S,N,A,F,N,,,,,,,,,,N,1,1,3,2,A,-,05,21650,,N,A,C,A,A,G,-,A,D,0,,,,,Y,,D,82,0,2,1,0,0,0,0,0,0,"- ","- ",35.147720336914062,-117.98586273193359,KERN,"CALIFORNIA CITY",,
8404936,2018,2020-05-22,1502,2018-04-25,2157,1033,,3,5,6,1502,0,0,0,,0,VALLEY,"STINE RD","FLICKER DR",117.00,S,N,A,-,N,,,,,,,,,,N,1,1,0,2,A,-,11,21954,A,N,G,B,D,A,H,-,C,A,0,Y,,,,Y,,N,60,0,0,0,1,0,0,0,0,0,"- ","- ",35.334388732910156,-119.05387878417969,KERN,BAKERSFIELD,-119.05425262451172,35.334243774414062
8425654,2017,2017-08-15,1502,2017-04-16,2123,784,,7,5,6,1502,0,0,0,,0,,"MING AV","HAGGIN OAKS BL",0.00,,Y,B,-,N,,,,,,,,,,Y,2,0,4,3,A,-,09,21453,C,N,D,C,A,A,H,-,C,A,0,,,,,Y,,A,01,1,0,3,0,0,0,0,0,0,"- ","- ",35.340009999999999,-119.10084000000001,KERN,BAKERSFIELD,-119.10111009000001,35.339860029999997
8432971,2017,2017-09-06,1502,2017-06-26,1818,1212,,1,5,6,1502,0,0,0,,0,HILL,"PANORAMA DR","MONTE VISTA DR",189.00,N,N,A,-,N,,,,,,,,,,Y,2,0,2,2,A,-,01,23152,A,N,D,C,A,A,H,-,A,D,0,,,,,Y,Y,D,22,1,0,1,0,0,0,0,0,0,"- ","- ",35.40155,-119.00270999999999,KERN,BAKERSFIELD,-119.00271443,35.401618079999999
84385646,2024,2024-09-09,1502,2024-07-27,2222,1213,,6,5,6,1502,0,0,0,,0,METRO,"CALIFORNIA AV","TULARE ST (W)",9.00,W,N,A,-,N,,,,,,,,,,Y,1,1,0,2,A,-,11,21954,A,N,G,B,D,A,H,-,C,D,0,Y,,,,Y,,N,60,0,0,0,1,0,0,0,0,0,"- ","- ",35.368259429931641,-118.99897766113281,KERN,BAKERSFIELD,-118.99980926513672,35.368381500244141
84398348,2024,2024-09-18,1502,2024-07-15,1226,1181,,1,5,6,1502,0,0,0,,0,METRO,"4TH ST","L ST",207.00,E,N,A,-,N,,,,,,,,,,Y,2,0,2,2,A,-,01,23152,A,N,C,C,A,A,H,-,A,D,0,,,,,Y,,A,01,2,0,0,0,0,0,0,0,0,"- ","- ",35.359989166259766,-119.01703643798828,KERN,BAKERSFIELD,-119.01578521728516,35.360790252685547
84403222,2024,2024-09-23,1502,2024-08-31,1843,1409,,6,5,6,1502,0,0,0,,0,SOUTH,"WIBLE RD","HOSKING AV",149.00,S,N,A,-,N,,,,,,,,,,Y,2,0,1,2,A,-,08,22107,,N,D,C,A,A,H,-,A,D,0,,,,,Y,,A,01,1,0,0,0,0,0,0,0,0,"- ","- ",35.281558990478516,-119.03961944580078,KERN,BAKERSFIELD,-119.03897857666016,35.280982971191406
84408592,2024,2024-09-26,1502,2024-09-10,"801 ",P17,,2,5,6,1502,0,0,0,,0,NORTH,"BRIMHALL RD","CALLOWAY DR",406.00,W,N,A,-,N,,,,,,,,,,Y,2,0,1,2,A,-,03,22350,,N,D,C,A,A,H,-,A,D,0,,,,,Y,,A,01,1,0,0,0,0,0,0,0,0,"- ","- ",35.368751525878906,-119.11083984375,KERN,BAKERSFIELD,-119.1119384765625,35.368785858154297
8441134,2017,2017-09-14,1502,2017-08-25,1715,1186,,5,5,6,1502,0,0,0,,0,NORTH,"HAGEMAN RD","VERDUGO LN",0.00,,Y,A,-,N,,,,,,,,,,Y,2,0,3,3,A,-,12,21453,A,N,D,B,E,A,H,-,A,A,0,Y,,,,Y,,A,01,1,1,1,0,1,0,0,0,0,"- ","- ",35.398090000000003,-119.11892,KERN,BAKERSFIELD,-119.11891014,35.398120050000003
84427158,2023,2024-10-11,1502,2023-03-30,1413,1347,,4,5,6,1502,0,0,0,,0,METRO,"L ST","23RD ST",10.00,S,N,A,-,N,,,,,,,,,,N,1,1,0,2,A,-,11,21950,B,N,G,B,B,A,H,-,A,A,0,Y,,,,Y,,N,60,0,0,0,1,0,0,0,0,0,"- ","- ",35.379230499267578,-119.01667022705078,KERN,BAKERSFIELD,-119.01640319824219,35.380012512207031
84441512,2024,2024-10-23,1502,2024-10-21,2134,P63,,1,5,6,1502,0,0,0,,0,HILL,"178 FWY","CANTERIA DR",39.00,W,N,A,-,N,,,,,,,,,,Y,2,0,4,2,A,-,05,21651,B,N,A,C,A,A,H,-,C,A,0,,,,,Y,,A,01,2,0,2,0,0,0,0,0,0,"- ","- ",35.397621154785156,-118.88951110839844,KERN,BAKERSFIELD,-118.88984680175781,35.398044586181641
84455937,2024,2024-11-04,1502,2024-10-03,1842,P45,,4,5,6,1502,0,0,0,,0,METRO,"CALIFORNIA AV","BROWN ST",32.00,W,N,A,-,N,,,,,,,,,,N,2,0,1,2,A,-,11,21954,A,N,G,B,D,A,H,-,B,D,0,Y,,,,Y,Y,N,60,1,0,0,0,1,0,0,0,0,"- ","- ",35.368759155273438,-118.98262023925781,KERN,BAKERSFIELD,-118.98250579833984,35.368579864501953
84474645,2024,2024-11-19,1502,2024-11-09,1719,P82,,6,5,6,1502,0,0,0,,0,SOUTH,"GOSFORD RD","HARRIS RD",506.00,N,N,A,-,N,,,,,,,,,,N,2,0,1,2,A,-,03,22350,,M,C,C,A,A,H,-,B,A,0,,,,,Y,,-,99,1,0,0,0,0,0,0,0,0,"- ","- ",35.303569793701172,-119.09236145019531,KERN,BAKERSFIELD,-119.09223937988281,35.304786682128906
84476365,2024,2024-11-27,1502,2024-10-15,2141,1528,,2,5,6,1502,0,0,0,,0,,"ASHE RD","NOTTINGHAM LN",185.00,N,N,A,-,N,,,,,,,,,,N,2,0,1,2,A,-,11,21954,A,N,G,B,D,A,H,-,C,D,0,Y,,,,Y,,N,60,1,0,0,0,1,0,0,0,0,"- ","- ",35.332511901855469,-119.07537078857422,KERN,BAKERSFIELD,-119.07450103759766,35.333316802978516
84476376,2024,2024-11-20,1502,2024-11-18,1919,P63,,1,5,6,1502,0,0,0,,0,SOUTH,"GOSFORD RD","MC CUTCHEN RD",0.00,,Y,A,-,N,,,,,,,,,,Y,2,0,1,2,A,-,12,22450,A,N,D,D,A,A,H,-,C,A,0,,,,,Y,,D,22,1,0,0,0,0,0,0,0,0,"- ","- ",35.281841278076172,-119.09264373779297,KERN,BAKERSFIELD,-119.09215545654297,35.281612396240234
84488171,2024,2024-12-02,1502,2024-11-18,"630 ",P17,,1,5,6,1502,0,0,0,,0,METRO,"TRUXTUN AV","WILLIAMS ST",92.00,E,N,A,-,N,,,,,,,,,,Y,2,0,1,2,A,-,08,22102,,N,D,C,A,A,H,-,A,D,0,,,Y,,Y,,A,01,1,0,0,0,0,0,0,0,1,"- ","- ",35.373310089111328,-118.9788818359375,KERN,BAKERSFIELD,-118.97838592529297,35.373058319091797
84509510,2024,2024-12-19,1502,2024-12-17,2101,1442,,2,5,6,1502,0,0,0,,0,NORTH,"HAGEMAN RD","VERDUGO LN",0.00,,Y,A,-,N,,,,,,,,,,N,2,0,2,2,A,-,12,21453,A,N,D,C,A,A,H,-,C,A,0,,,,Y,Y,,F,26,1,0,1,0,0,0,0,0,0,"- ","- ",35.398090362548828,-119.11891937255859,KERN,BAKERSFIELD,-119.11891174316406,35.397964477539062
84509511,2024,2024-12-19,1502,2024-12-18,1139,1336,,3,5,6,1502,0,0,0,,0,NORTH,"HAGEMAN RD","CARRIAGE RANCH DR",0.00,,Y,B,-,N,,,,,,,,,,Y,2,0,1,2,A,-,09,21801,A,N,D,C,A,A,H,-,A,D,0,,,Y,,Y,,A,01,1,0,0,0,0,0,0,0,1,"- ","- ",35.401321411132812,-119.08773040771484,KERN,BAKERSFIELD,-119.08776092529297,35.401447296142578
84512429,2024,2024-12-23,1502,2024-12-07,1411,P45,,6,5,6,1502,0,0,0,,0,HILL,"MANOR ST","MANOR ST ACC RD",232.00,S,N,A,-,N,,,,,,,,,,N,1,1,1,1,A,-,03,22350,,N,E,I,A,A,H,-,A,D,0,,,,,Y,,A,01,1,0,0,0,0,0,0,0,0,"- ","- ",35.400360107421875,-119.00492095947266,KERN,BAKERSFIELD,-119.0042724609375,35.400993347167969
84519200,2024,2024-12-30,1502,2024-11-25,1742,1408,,1,5,6,1502,0,0,0,,0,VALLEY,"PLANZ RD","ANDERSON ST",41.00,W,N,A,-,N,,,,,,,,,,N,2,0,1,2,A,-,11,21954,A,F,G,B,E,A,H,-,C,D,0,Y,,,,Y,,N,60,1,0,0,0,1,0,0,0,0,"- ","- ",35.323921203613281,-118.98863220214844,KERN,BAKERSFIELD,-118.98774719238281,35.324928283691406
84519212,2024,2024-12-30,1502,2024-12-23,1839,1408,,1,5,6,1502,0,0,0,,0,VALLEY,"HAYES ST","KINCAID ST",224.00,S,N,A,-,N,,,,,,,,,,Y,2,0,1,2,A,-,08,22107,,N,A,E,A,A,H,-,C,D,0,,,Y,Y,Y,,C,03,1,0,0,0,0,0,0,0,1,"- ","- ",35.349750518798828,-118.99244689941406,KERN,BAKERSFIELD,-118.99315643310547,35.349525451660156
84522467,2024,2025-01-01,1502,2024-12-30,2058,1408,,1,5,6,1502,0,0,0,,0,,"COLUMBUS ST","JEWETT AV",589.00,W,N,A,-,N,,,,,,,,,,Y,2,0,1,2,A,-,08,22107,,F,B,C,A,A,H,-,C,D,0,,,Y,,Y,,-,99,1,0,0,0,0,0,0,0,1,"- ","- ",35.397289276123047,-119.01428985595703,KERN,BAKERSFIELD,-119.01624298095703,35.398128509521484
84534438,2024,2025-01-13,1502,2024-12-14,2126,1409,,6,5,6,1502,0,0,0,,0,CENTRA,"STOCKDALE HWY","JONES ST",0.00,,Y,A,-,N,,,,,,,,,,N,2,0,2,3,A,-,17,21209,A,F,G,B,E,A,H,-,C,D,0,Y,,,,Y,,-,99,1,1,0,0,2,0,0,0,0,"- ","- ",35.353660583496094,-119.04955291748047,KERN,BAKERSFIELD,-119.04892730712891,35.354133605957031
84581080,2024,2025-02-17,1502,2024-03-16,2335,1225,,6,5,6,1502,0,0,0,,0,,"S. STERLING RD","ALTO PL",249.00,N,N,A,-,N,,,,,,,,,,Y,1,1,0,2,A,-,00,21300,B,N,H,J,A,A,H,-,C,D,0,,,,,Y,Y,-,99,0,0,0,0,0,0,0,0,0,"- ","- ",35.341899871826172,-118.94142150878906,KERN,BAKERSFIELD,-118.94088745117188,35.342624664306641
84591614,2025,2025-02-27,1503,2025-02-11,"905 ",10198,,2,5,4,1503,0,0,0,,0,,"RANDOLPH ST","CECIL AVE",0.00,,Y,A,-,N,,,,,,,,,,N,1,1,0,2,A,-,17,21200,,N,H,G,A,A,H,-,A,A,0,,Y,,,Y,,L,04,0,0,0,0,0,1,0,0,0,"- ","- ",35.775901794433594,-119.23201751708984,KERN,DELANO,-119.23200225830078,35.775871276855469
84597458,2025,2025-03-05,1503,2025-02-03,1824,10194,,1,5,4,1503,0,0,0,,0,,"10TH AV","E CURB EDGE OF ELLINGTON ST",21.00,W,-,A,-,N,,,,,,,,,,Y,2,0,1,2,A,-,11,21950,B,N,G,B,E,A,H,-,C,D,0,Y,,,Y,Y,,N,60,1,0,0,0,1,0,0,0,0,"- ","- ",35.768230438232422,-119.25132751464844,KERN,DELANO,-121.44255065917969,38.676509857177734
84603516,2025,2025-03-18,1502,2025-02-26,1430,1185,,3,5,6,1502,0,0,0,,0,SOUTH,"AGASSIZ ROCK WAY","KANOSH COBBLE DR",117.00,W,N,A,-,N,,,,,,,,,,N,2,0,1,1,A,-,01,23152,A,N,H,A,A,A,H,-,A,D,0,,,,,Y,Y,A,07,1,0,0,0,0,0,0,0,0,"- ","- ",35.268760681152344,-119.06562042236328,KERN,BAKERSFIELD,-119.064243,35.269145000000002
8465435,2017,2019-04-10,1511,2017-09-30,1735,53016,,6,5,2,1511,0,0,0,,0,00A,"BURR AV","MIND ST",140.00,W,N,A,-,N,,,,,,,,,,N,1,1,0,1,A,-,08,38314,,N,H,A,A,A,G,H,A,D,0,,,Y,,Y,Y,C,02,0,0,0,0,0,0,0,1,0,"- ","- ",,,KERN,"CALIFORNIA CITY",-117.74244736999999,35.185200010000003
8465688,2018,2019-03-19,1511,2018-12-13,1750,53025,1,4,5,2,1511,0,0,0,,0,00A,"CALIFORNIA CITY BL","WONDER AV",296.00,W,N,A,-,N,,,,,,,,,,Y,1,1,0,2,A,-,11,21954,A,N,G,B,D,A,H,-,D,D,0,Y,,,,Y,,N,60,0,0,0,1,0,0,0,0,0,"- ","- ",35.125461578369141,-118.11049652099609,KERN,"CALIFORNIA CITY",-118.11152648925781,35.125461578369141
8465831,2019,2019-06-04,1502,2019-02-13,2014,1033,,3,5,6,1502,0,0,0,,0,METRO,"P ST","BANK ST",6.00,S,N,B,-,N,,,,,,,,,,N,1,1,0,4,A,-,11,21954,A,N,G,B,D,A,H,-,C,D,0,Y,,,,Y,,N,60,0,0,0,1,0,0,0,0,0,"- ","- ",35.357841491699219,-119.0115966796875,KERN,BAKERSFIELD,-119.01187133789062,35.357894897460938
8465915,2018,2019-07-09,1502,2018-12-14,2157,1181,,5,5,6,1502,0,0,0,,0,SOUTH,"PANAMA LN","ALLEN RD",7920.00,W,N,A,-,N,,,,,,,,,,Y,1,1,0,1,A,-,01,23152,G,N,E,I,A,A,H,-,D,D,0,,,,,Y,Y,A,07,0,0,0,0,0,0,0,0,0,"- ","- ",35.296890258789062,-119.14615631103516,KERN,BAKERSFIELD,-119.17247772216797,35.296176910400391
8466038,2019,2021-05-20,1503,2019-07-07,1544,10159,3011,7,5,4,1503,0,0,0,,0,,"11TH AV","GLENWOOD ST",0.00,,Y,A,-,N,,,,,,,,,,Y,1,1,0,2,A,-,10,21950,,N,G,B,B,A,H,-,A,D,0,Y,,,,Y,,I,10,0,0,0,1,0,0,0,0,0,"- ","- ",35.769950866699219,-119.24900054931641,KERN,DELANO,-119.24899291992188,35.769889831542969
84728206,2025,2025-06-17,1502,2025-06-10,2047,1442,,2,5,6,1502,0,0,0,,0,NORTH,"ALLEN RD","SAN JUAN AVE",0.00,,Y,A,-,N,,,,,,,,,,N,2,0,1,1,A,-,03,22350,,N,H,A,A,A,H,-,C,A,0,,,Y,,Y,,C,02,1,0,0,0,0,0,0,0,1,"- ","- ",35.356918334960938,-119.1461181640625,KERN,BAKERSFIELD,-119.14555358886719,35.356590270996094
84743236,2025,2025-06-30,1502,2025-06-26,1620,P45,,4,5,6,1502,0,0,0,,0,CENTRA,"ASHE RD","HERB WAY",774.00,N,N,A,-,N,,,,,,,,,,N,2,0,1,2,A,-,03,22350,,N,H,G,A,A,H,-,A,D,0,,Y,,,Y,,L,04,1,0,0,0,0,0,1,0,0,"- ","- ",35.324150085449219,-119.07440185546875,KERN,BAKERSFIELD,-119.07450103759766,35.326274871826172
8475051,2017,2017-11-28,1502,2017-10-08,1757,P82,,7,5,6,1502,0,0,0,,0,VALLEY,"NADEAU ST","PANAMA LN",0.00,,Y,A,-,N,,,,,,,,,,Y,2,0,1,4,A,-,06,21750,,N,D,C,A,A,H,-,A,A,0,,,Y,,Y,,C,02,1,0,0,0,0,0,0,0,1,"- ","- ",35.295780000000001,-119.00797,KERN,BAKERSFIELD,-119.00746003,35.295900019999998
8482889,2017,2017-11-02,1507,2017-10-10,0750,271,4,2,5,3,1507,0,0,0,,0,,"MANNEL AV","E TULARE AV",0.00,,Y,A,-,N,,,,,,,,,,N,2,0,2,3,A,-,"- ",,,N,G,B,B,A,H,-,A,D,0,Y,,,,Y,,-,"- ",1,1,0,0,2,0,0,0,0,"- ","- ",35.5077,-119.26824000000001,KERN,SHAFTER,-119.26929987,35.507060099999997
8496965,2017,2017-12-16,1502,2017-10-27,2054,P45,,5,5,6,1502,0,0,0,,0,HILL,"DANA ST","KAIBAB AV",0.00,,Y,A,-,N,,,,,,,,,,N,2,0,1,2,A,-,05,21650,1,N,H,G,A,A,H,-,D,D,0,,Y,,,Y,,L,04,1,0,0,0,0,0,1,0,0,"- ","- ",35.404290000000003,-118.96427,KERN,BAKERSFIELD,-118.96450004,35.404220019999997
8504075,2017,2018-07-03,1508,2017-12-22,1535,33,2B,5,5,2,1508,0,0,0,,0,,"RT 33","CASCADE PL",0.00,,Y,A,-,Y,KER,6,33,-,-,19.287,I,5,N,N,2,0,2,2,A,-,09,21804,A,N,D,C,A,A,H,-,A,D,0,,,Y,,Y,,A,01,2,0,0,0,0,0,0,0,2,"- ","- ",35.145809999999997,-119.46786,KERN,TAFT,-119.46780006,35.145757860000003
8512092,2017,2018-01-11,1502,2017-10-01,2215,1177,,7,5,6,1502,0,0,0,,0,HILL,"COLUMBUS ST","O ST",67.00,W,N,A,-,N,,,,,,,,,,Y,2,0,1,2,A,-,05,21650,1,N,H,G,A,A,H,-,D,D,0,,Y,,,Y,,L,04,1,0,0,0,0,0,1,0,0,"- ","- ",35.398620000000001,-119.01269000000001,KERN,BAKERSFIELD,-119.01305452,35.398111559999997
8535751,2018,2018-02-02,1506,2018-01-02,1530,4013,3,2,5,4,1506,0,0,0,,0,,"W REEVES ST","N SIERRA VISTA ST",535.00,W,N,A,-,N,,,,,,,,,,N,2,0,1,2,A,-,03,22350,A,N,C,C,A,A,H,-,A,D,0,,,Y,,Y,Y,C,02,1,0,0,0,0,0,0,0,1,"- ","- ",,,KERN,RIDGECREST,,
8543895,2018,2018-08-07,1508,2018-01-26,0735,41,4B,5,5,2,1508,0,0,0,,0,,"RT 33","5TH ST",9.00,W,N,A,-,Y,KER,6,33,-,-,18.710,I,5,N,Y,2,0,6,7,A,-,10,21950,A,N,G,B,B,A,H,-,A,D,0,Y,,,,Y,,A,01,1,5,0,0,6,0,0,0,0,"- ","- ",35.142341613769531,-119.45805358886719,KERN,TAFT,-119.45808410644531,35.142669677734375
8564133,2017,2018-03-06,1502,2017-12-16,1859,1167,,6,5,6,1502,0,0,0,,0,VALLEY,"FAIRFAX RD","REDBANK RD",477.00,S,N,A,-,N,,,,,,,,,,Y,2,0,1,1,A,-,01,23152,A,N,E,I,A,A,H,-,D,D,0,,,Y,,Y,Y,C,02,1,0,0,0,0,0,0,0,1,"- ","- ",35.339619999999996,-118.93253,KERN,BAKERSFIELD,-118.93201000000001,35.338401509999997
8578911,2018,2018-04-06,1502,2018-03-18,1725,P45,,7,5,6,1502,0,0,0,,0,VALLEY,"TRABUCO CANYON DR","COLIMA ST",26.00,E,N,B,-,N,,,,,,,,,,N,2,0,1,2,A,-,01,23152,A,M,C,C,A,A,H,-,A,D,0,,,,,Y,Y,A,01,1,0,0,0,0,0,0,0,0,"- ","- ",35.346469879150391,-118.94683074951172,KERN,BAKERSFIELD,-118.94627380371094,35.346450805664062
8581406,2018,2018-03-30,1502,2018-03-08,1913,1185,,4,5,6,1502,0,0,0,,0,HILL,"34TH ST","Q ST",171.00,W,N,A,-,N,,,,,,,,,,N,2,0,2,3,A,-,11,21954,A,N,G,B,D,A,H,-,C,D,0,Y,,,,Y,,N,60,1,0,1,0,2,0,0,0,0,"- ","- ",35.390979766845703,-119.01046752929688,KERN,BAKERSFIELD,-119.01111602783203,35.3905029296875
8589393,2018,2018-04-05,1502,2018-03-25,0228,1293,,7,5,6,1502,0,0,0,,0,METRO,"CHESTER AV","4TH ST",0.00,,Y,A,-,N,,,,,,,,,,Y,2,0,2,2,A,-,01,23153,A,N,D,C,A,A,H,-,C,A,0,,,,,Y,Y,A,07,1,0,1,0,0,0,0,0,0,"- ","- ",35.36077880859375,-119.80185699462891,KERN,BAKERSFIELD,-119.01891000000001,35.360799999999998
8589479,2018,2018-04-09,1502,2018-03-27,1222,P63,,2,5,6,1502,0,0,0,,0,CENTRA,"TRUXTUN AV","TRUXTON PLZ E",259.00,W,N,A,-,N,,,,,,,,,,Y,2,0,1,2,A,-,07,21658,A,F,H,A,A,A,H,-,A,D,0,,,,,Y,,-,99,1,0,0,0,0,0,0,0,0,"- ","- ",35.363540649414062,-119.06909942626953,KERN,BAKERSFIELD,-119.07054901123047,35.363376617431641
8617530,2018,2018-08-20,1502,2018-05-05,2110,1195,,6,5,6,1502,0,0,0,,0,METRO,"4TH ST","UNION AV",218.00,W,N,A,-,Y,KER,6,99,-,-,2.550,I,6,S,N,2,0,1,2,A,-,11,21954,A,F,G,B,D,A,H,-,A,D,0,Y,,,,Y,,N,60,1,0,0,0,1,0,0,0,0,"- ","- ",35.360591888427734,-119.00264739990234,KERN,BAKERSFIELD,-118.96729278564453,35.055316925048828
8621510,2018,2018-05-23,1502,2018-05-10,2047,1265,,4,5,6,1502,0,0,0,,0,METRO,"BRUNDAGE LN","CYPRESS ST",180.00,W,N,A,-,N,,,,,,,,,,N,2,0,1,2,A,-,05,21202,A,N,G,G,A,A,H,-,C,D,0,,Y,,,Y,Y,L,04,1,0,0,0,0,0,1,0,0,"- ","- ",35.354240417480469,-119.035888671875,KERN,BAKERSFIELD,-119.03673553466797,35.354118347167969
8639607,2018,2018-06-25,1502,2018-06-08,2206,1291,,5,5,6,1502,0,0,0,,0,VALLEY,"S H ST","VINCA ST",39.00,S,N,A,-,N,,,,,,,,,,Y,2,0,1,2,A,-,05,21202,A,N,H,G,A,A,H,-,D,D,0,,Y,,,Y,,L,04,1,0,0,0,0,0,1,0,0,"- ","- ",35.313041687011719,-119.02149963378906,KERN,BAKERSFIELD,-119.02136993408203,35.312911987304688
8652419,2017,2018-07-20,1506,2017-10-07,2013,4013,21,6,5,4,1506,0,0,0,,0,,"RT 178","WEST LAS FLORES AV",0.00,,Y,A,-,Y,KER,6,178,-,-,102.100,I,5,E,N,2,0,1,2,A,-,01,23152,A,N,D,C,A,A,H,-,C,A,0,,,Y,,Y,Y,C,02,1,0,0,0,0,0,0,0,1,"- ","- ",35.625140000000002,-117.68872,KERN,RIDGECREST,-117.66994149999999,35.629797259999997
8665564,2018,2018-07-31,1502,2018-07-09,1110,1077,,1,5,6,1502,0,0,0,,0,SOUTH,"DISTRICT BL","ASHE RD",531.00,E,N,A,-,N,,,,,,,,,,Y,2,0,2,2,A,-,09,21801,A,N,D,C,A,A,H,-,A,D,0,,,,,Y,,A,01,1,1,0,0,0,0,0,0,0,"- ","- ",35.313129425048828,-119.07450866699219,KERN,BAKERSFIELD,-119.07266998291016,35.313114166259766