CASE_ID,ACCIDENT_YEAR,PROC_DATE,JURIS,COLLISION_DATE,COLLISION_TIME,OFFICER_ID,REPORTING_DISTRICT,DAY_OF_WEEK,CHP_SHIFT,POPULATION,CNTY_CITY_LOC,SPECIAL_COND,BEAT_TYPE,CHP_BEAT_TYPE,CITY_DIVISION_LAPD,CHP_BEAT_CLASS,BEAT_NUMBER,PRIMARY_RD,SECONDARY_RD,DISTANCE,DIRECTION,INTERSECTION,WEATHER_1,WEATHER_2,STATE_HWY_IND,CALTRANS_COUNTY,CALTRANS_DISTRICT,STATE_ROUTE,ROUTE_SUFFIX,POSTMILE_PREFIX,POSTMILE,LOCATION_TYPE,RAMP_INTERSECTION,SIDE_OF_HWY,TOW_AWAY,COLLISION_SEVERITY,NUMBER_KILLED,NUMBER_INJURED,PARTY_COUNT,PRIMARY_COLL_FACTOR,PCF_CODE_OF_VIOL,PCF_VIOL_CATEGORY,PCF_VIOLATION,PCF_VIOL_SUBSECTION,HIT_AND_RUN,TYPE_OF_COLLISION,MVIW,PED_ACTION,ROAD_SURFACE,ROAD_COND_1,ROAD_COND_2,LIGHTING,CONTROL_DEVICE,CHP_ROAD_TYPE,PEDESTRIAN_ACCIDENT,BICYCLE_ACCIDENT,MOTORCYCLE_ACCIDENT,TRUCK_ACCIDENT,NOT_PRIVATE_PROPERTY,ALCOHOL_INVOLVED,STWD_VEHTYPE_AT_FAULT,CHP_VEHTYPE_AT_FAULT,COUNT_SEVERE_INJ,COUNT_VISIBLE_INJ,COUNT_COMPLAINT_PAIN,COUNT_PED_KILLED,COUNT_PED_INJURED,COUNT_BICYCLIST_KILLED,COUNT_BICYCLIST_INJURED,COUNT_MC_KILLED,COUNT_MC_INJURED,PRIMARY_RAMP,SECONDARY_RAMP,LATITUDE,LONGITUDE,COUNTY,CITY,POINT_X,POINT_Y
8666070,2018,2018-08-01,1502,2018-07-16,1323,P63,,1,5,6,1502,0,0,0,,0,VALLEY,"PANAMA LN","SALINAS ST",3790.00,W,N,A,-,N,,,,,,,,,,Y,2,0,3,2,A,-,05,21650,A,N,C,C,A,A,H,-,A,D,0,,,,,Y,,A,01,3,0,0,0,0,0,0,0,0,"- ","- ",35.295360565185547,-118.94024658203125,KERN,BAKERSFIELD,-118.95249176025391,35.296031951904297
8677869,2018,2018-10-25,1508,2018-07-16,1617,48,KCS,1,5,2,1508,0,0,0,,0,,"RT 33","RT 119",0.00,,Y,A,-,Y,KER,6,33,-,-,17.889,I,5,N,N,2,0,1,2,A,-,09,21801,A,N,D,C,A,A,H,-,A,D,0,,,,,Y,,A,01,1,0,0,0,0,0,0,0,0,"- ","- ",35.135608673095703,-119.44731140136719,KERN,TAFT,-119.44770812988281,35.135715484619141
8680236,2018,2018-10-05,1506,2018-08-04,1424,2302,37,6,5,4,1506,0,0,0,,0,,"S CHINA LAKE BL","EAST UPJOHN AV",309.00,N,N,A,-,N,,,,,,,,,,Y,2,0,3,1,A,-,01,23152,F,F,E,J,A,A,H,-,A,D,0,,,,,Y,,-,,1,2,0,0,0,0,0,0,0,"- ","- ",35.615909576416016,-117.66944885253906,KERN,RIDGECREST,-117.67005920410156,35.616115570068359
8681021,2018,2018-10-04,1506,2018-08-04,1245,1712,37,6,5,4,1506,0,0,0,,0,,"S DESERT CANDLES ST","E CHURCH AV",0.00,,Y,A,-,N,,,,,,,,,,N,2,0,1,1,A,-,08,22107,,N,E,I,A,A,H,-,A,D,0,,,,,Y,,-,,1,0,0,0,0,0,0,0,0,"- ","- ",,,KERN,RIDGECREST,-117.66336822509766,35.618900299072266
8688672,2018,2018-10-23,1502,2018-08-15,1654,1291,,3,5,6,1502,0,0,0,,0,VALLEY,"H ST","RICHLAND ST",6.00,N,N,A,-,Y,KER,6,58,-,R,53.258,R,4,W,N,2,0,2,2,A,-,11,21954,A,N,G,B,D,A,H,-,A,A,0,Y,,Y,,Y,,N,60,1,1,0,0,1,0,0,0,1,"- ","- ",35.352981567382812,-119.02102661132812,KERN,BAKERSFIELD,-119.02356719970703,35.352737426757812
8694014,2018,2018-09-07,1502,2018-07-22,2223,1258,,7,5,6,1502,0,0,0,,0,METRO,"UNION AV","E 11TH ST",66.00,S,N,A,-,N,,,204,,,,,,,N,2,0,1,2,A,-,11,21954,A,N,G,B,D,A,H,-,C,D,0,Y,,,,Y,,N,60,1,0,0,0,1,0,0,0,0,"- ","- ",35.367259979248047,-119.00254058837891,KERN,BAKERSFIELD,-119.00295257568359,35.367259979248047
8702428,2018,2018-10-02,1502,2018-07-21,0117,1167,,6,5,6,1502,0,0,0,,0,VALLEY,"PLANZ RD","H ST",345.00,E,N,A,-,N,,,,,,,,,,Y,2,0,1,1,A,-,01,23152,A,N,E,I,A,A,H,-,C,A,0,,,,,Y,Y,A,01,1,0,0,0,0,0,0,0,0,"- ","- ",35.324920654296875,-119.02133178710938,KERN,BAKERSFIELD,-119.02019500732422,35.324901580810547
8712697,2018,2018-11-26,1502,2018-10-16,0638,P24,,2,5,6,1502,0,0,0,,0,METRO,"SUMNER ST","BAKER ST",10.00,W,N,A,-,N,,,,,,,,,,N,2,0,1,2,A,-,10,21950,A,N,G,B,B,A,H,-,C,A,0,Y,,,,Y,,D,22,1,0,0,0,1,0,0,0,0,"- ","- ",35.377250671386719,-118.99297332763672,KERN,BAKERSFIELD,-118.99291229248047,35.376918792724609
8718327,2018,2018-12-27,1508,2018-09-04,1016,107,6B,2,5,2,1508,0,0,0,,0,,"RT 33","PETROLEUM CLUB RD",528.00,S,N,A,-,Y,KER,6,33,-,-,17.454,H,-,N,Y,2,0,1,1,A,-,08,22107,,N,F,A,A,A,H,-,A,D,0,,,,,Y,,A,01,1,0,0,0,0,0,0,0,0,"- ","- ",35.131591796875,-119.44554138183594,KERN,TAFT,-119.44409942626953,35.130084991455078
8745068,2018,2018-11-30,1502,2018-10-17,1857,1195,,3,5,6,1502,0,0,0,,0,METRO,"H ST","1ST ST N",0.00,,Y,A,-,N,,,,,,,,,,N,2,0,2,3,A,-,10,21950,A,N,G,B,B,A,H,-,C,D,0,Y,,,,Y,,A,01,2,0,0,0,2,0,0,0,0,"- ","- ",35.355091094970703,-119.02104187011719,KERN,BAKERSFIELD,-119.02130889892578,35.354949951171875
8751790,2018,2018-12-12,1502,2018-10-15,2227,1177,,1,5,6,1502,0,0,0,,0,VALLEY,"WIBLE RD","VALLEY PLAZA",555.00,S,N,A,-,N,,,,,,,,,,Y,2,0,1,2,A,-,09,21801,A,N,D,C,A,A,H,-,C,D,0,,,Y,,Y,,A,07,1,0,0,0,0,0,0,0,1,"- ","- ",35.336711883544922,-119.0389404296875,KERN,BAKERSFIELD,-119.03897857666016,35.335037231445312
8771039,2018,2019-01-31,1502,2018-12-28,1826,1249,,5,5,6,1502,0,0,0,,0,METRO,"UNION AV","TEXAS ST",252.00,S,N,A,-,N,,,204,,,,,,,N,2,0,1,2,A,-,11,21954,A,N,G,B,D,A,H,-,C,D,0,Y,,,,Y,,N,60,1,0,0,0,1,0,0,0,0,"- ","- ",35.357349395751953,-119.00270843505859,KERN,BAKERSFIELD,-119.00299072265625,35.357349395751953
8775843,2018,2019-01-26,1507,2018-12-16,2500,269,100,7,5,3,1507,0,0,0,,0,,"SEVENTH STANDARD RD","CHERRY AV",3696.00,E,N,A,-,N,,,,,,,,,,Y,2,0,1,1,A,-,01,23152,A,N,F,A,A,A,H,-,D,D,0,,,,,Y,,A,07,1,0,0,0,0,0,0,0,0,"- ","- ",35.441669464111328,-119.24352264404297,KERN,SHAFTER,-119.23106384277344,35.441665649414062
8776060,2019,2019-02-02,1507,2019-01-04,1850,280,12,5,5,3,1507,0,0,0,,0,,"CALIFORNIA AV","MUNZER ST",0.00,,Y,A,-,N,,,,,,,,,,N,2,0,1,2,A,-,10,21950,A,F,G,B,B,A,H,-,C,A,0,Y,,,,Y,,-,99,1,0,0,0,1,0,0,0,0,"- ","- ",35.501781463623047,-119.27767944335938,KERN,SHAFTER,-119.27768707275391,35.501781463623047
8801216,2019,2019-02-25,1502,2019-02-08,2005,1291,,5,5,6,1502,0,0,0,,0,METRO,"MONTEREY ST","BAKER ST",22.00,E,N,A,-,N,,,,,,,,,,Y,2,0,1,2,A,-,11,21955,,N,G,B,D,A,H,-,D,D,0,Y,,,,Y,,N,60,1,0,0,0,1,0,0,0,0,"- ","- ",35.381309509277344,-118.99147033691406,KERN,BAKERSFIELD,-118.99134063720703,35.380954742431641
8807615,2019,2019-02-28,1502,2019-01-23,1007,P82,,3,5,6,1502,0,0,0,,0,SOUTH,"AKERS RD","VANCE AV",39.00,N,N,A,-,N,,,,,,,,,,Y,2,0,2,1,A,-,08,22107,,N,E,I,A,A,H,-,A,D,0,,,,,Y,,A,01,1,1,0,0,0,0,0,0,0,"- ","- ",35.298938751220703,-119.04808044433594,KERN,BAKERSFIELD,-119.04779815673828,35.299266815185547
8808446,2019,2019-08-30,1507,2019-05-31,0422,267,100,5,5,3,1507,0,0,0,,0,,"SANTA FE WY","BURBANK ST",2640.00,S,N,A,-,N,,,,,,,,,,Y,1,1,0,1,A,-,01,23152,G,N,E,I,A,A,H,-,D,D,0,,,,,Y,Y,D,22,0,0,0,0,0,0,0,0,0,"- ","- ",35.470680236816406,-119.23459625244141,KERN,SHAFTER,-119.22830963134766,35.465534210205078
8818718,2018,2019-03-29,1502,2018-10-20,2146,1177,,6,5,6,1502,0,0,0,,0,METRO,"DR MARTIN LUTHER KING JR BL","WILKINS ST",22.00,S,N,A,-,N,,,,,,,,,,Y,2,0,3,2,A,-,01,23152,A,N,H,F,A,A,H,-,D,A,0,,,,,Y,Y,A,01,2,0,1,0,0,0,0,0,0,"- ","- ",35.356071472167969,-118.98500823974609,KERN,BAKERSFIELD,-118.98526000976562,35.356380462646484
8824475,2019,2019-03-22,1502,2019-03-06,1712,P63,,3,5,6,1502,0,0,0,,0,VALLEY,"JULIAN AV","H ST",0.00,,Y,B,-,N,,,,,,,,,,Y,2,0,1,2,A,-,09,21802,,N,D,C,A,A,H,-,A,A,0,,,Y,,Y,,A,01,1,0,0,0,0,0,0,0,1,"- ","- ",35.323459625244141,-119.02134704589844,KERN,BAKERSFIELD,-119.02133178710938,35.323459625244141
8836560,2019,2019-04-17,1502,2019-03-27,1851,1249,,3,5,6,1502,0,0,0,,0,HILL,"Q ST","28TH ST",221.00,N,N,A,-,N,,,,,,,,,,Y,2,0,1,2,A,-,09,21804,A,N,D,C,A,A,H,-,A,D,0,,,Y,,Y,,A,01,1,0,0,0,0,0,0,0,1,"- ","- ",35.385639190673828,-119.01055908203125,KERN,BAKERSFIELD,-119.01055908203125,35.385734558105469
8849643,2019,2019-05-09,1502,2019-04-03,0201,1249,,3,5,6,1502,0,0,0,,0,,"ROSEDALE HWY","JET WY",352.00,E,N,A,-,N,,,,,,,,,,Y,2,0,2,3,A,-,03,22350,,N,C,C,E,A,H,-,D,D,0,Y,,,,Y,Y,A,07,1,0,1,0,1,0,0,0,0,"- ","- ",35.383220672607422,-119.08979797363281,KERN,BAKERSFIELD,-119.08837127685547,35.383480072021484
8866179,2019,2019-05-23,1507,2019-05-07,1552,278,100,2,5,3,1507,0,0,0,,0,,"SANTA FE WY","E ORANGE AV",0.00,,Y,A,-,N,,,,,,,,,,Y,2,0,1,2,A,-,06,21750,,N,D,C,A,A,H,-,A,D,0,,,Y,,Y,,C,02,1,0,0,0,0,0,0,0,1,"- ","- ",35.477588653564453,-119.24302673339844,KERN,SHAFTER,-119.24349212646484,35.477958679199219
8877851,2019,2019-06-21,1509,2019-05-29,0318,,E,3,5,3,1509,0,0,0,,0,,"WEST VALLEY BL","W VALLEY BL",27.00,S,N,A,-,N,,,,,,,,,,Y,2,0,1,1,A,-,12,22450,A,M,E,J,A,A,H,-,C,D,0,,,,,Y,,D,22,1,0,0,0,0,0,0,0,0,"- ","- ",35.124259948730469,-118.43211364746094,KERN,TEHACHAPI,-118.57482147216797,35.123554229736328
8888172,2019,2019-07-08,1502,2019-05-20,0230,1188,,1,5,6,1502,0,0,0,,0,SOUTH,"HOSKING AV","WIBLE RD",0.00,,Y,A,-,N,,,,,,,,,,Y,2,0,1,1,A,-,01,23152,A,N,E,I,A,A,H,-,C,D,0,,,,,Y,Y,A,01,1,0,0,0,0,0,0,0,0,"- ","- ",35.280788421630859,-119.04055023193359,KERN,BAKERSFIELD,-119.03897857666016,35.281391143798828
8910881,2019,2020-04-03,1503,2019-11-07,1950,10159D,3010,4,5,4,1503,0,0,0,,0,004,"WEST CECIL AV","ALBANY ST",0.00,,Y,A,-,N,,,,,,,,,,Y,1,1,3,2,A,-,01,23152,A,N,D,C,A,A,H,-,C,A,0,,,,,Y,Y,A,01,0,3,0,0,0,0,0,0,0,"- ","- ",35.767860412597656,-119.25363922119141,KERN,DELANO,-119.25849914550781,35.775901794433594
8911190,2019,2020-06-16,1502,2019-02-19,2022,1195,,2,5,6,1502,0,0,0,,0,HILL,"AUBURN ST","AUBURN CT",329.00,W,N,A,-,N,,,,,,,,,,N,1,1,0,2,A,-,11,21954,A,N,G,B,D,A,H,-,C,D,0,Y,,,,Y,,N,60,0,0,0,1,0,0,0,0,0,"- ","- ",35.397750854492188,-118.94473266601562,KERN,BAKERSFIELD,-118.94596862792969,35.397769927978516
8911191,2019,2020-06-16,1502,2019-04-04,0239,1223,,4,5,6,1502,0,0,0,,0,CENTRA,"MING AV","PINON SPRINGS CIR",75.00,W,N,A,-,N,,,,,,,,,,N,1,1,0,2,A,-,11,21954,A,F,G,B,D,A,H,-,C,D,0,Y,,,,Y,,N,60,0,0,0,1,0,0,0,0,0,"- ","- ",35.335601806640625,-119.06764221191406,KERN,BAKERSFIELD,-119.0699462890625,35.335186004638672
8939478,2019,2020-01-10,1500,2019-10-19,1125,202421,WA02,6,5,3,1510,0,0,0,,0,4402,"7TH ST","F ST",51.00,E,N,A,-,N,,,,,,,,,,N,1,1,0,2,A,-,11,21954,A,N,G,B,D,A,H,-,A,D,0,Y,,,,Y,,N,60,0,0,0,1,0,0,0,0,0,"- ","- ",,,KERN,WASCO,-119.33355712890625,35.594253540039062
8939679,2019,2021-06-02,1503,2019-11-02,2245,10159,,6,5,4,1503,0,0,0,,0,004,"COUNTY LINE RD","ROAD 136",72.00,E,N,A,-,N,,,,,,,,,,Y,1,1,2,2,A,-,09,21801,A,N,D,C,A,A,H,-,C,D,0,,,,,Y,,A,01,1,0,1,0,0,0,0,0,0,"- ","- ",35.790401458740234,-119.26751708984375,KERN,DELANO,-119.26783752441406,35.790393829345703
8965807,2019,2019-11-13,1501,2019-09-30,0718,989,23,1,5,3,1501,0,0,0,,0,003,"SYCAMORE RD","VILLA DR",3.00,E,N,A,-,N,,,,,,,,,,N,2,0,1,3,A,-,11,21956,A,N,G,B,D,A,H,-,A,D,0,Y,,,,Y,,N,60,1,0,0,0,1,0,0,0,0,"- ","- ",35.194469451904297,-118.84195709228516,KERN,ARVIN,-118.83986663818359,35.194461822509766
8992213,2019,2020-01-18,1507,2019-11-09,1737,271,46,6,5,3,1507,0,0,0,,0,,"COMMUNITY DR","FLOWER TREE LN",0.00,,Y,A,-,N,,,,,,,,,,N,2,0,1,2,A,-,08,22107,,N,H,C,A,A,H,-,C,D,0,,,,,Y,,A,01,1,0,0,0,0,0,0,0,0,"- ","- ",35.441650390625,-119.22059631347656,KERN,SHAFTER,-119.10993000000001,35.445210000000003
90011729,2015,2015-10-19,9430,2015-08-18,0650,016388,,2,1,9,1500,0,1,1,,2,052,"I-5 N/B TO TEJON SAFETY REST AREA","FRAZIER MOUNTAIN PARK RD",4224.00,N,N,A,-,Y,,,5,,,,R,,N,Y,1,1,1,1,A,-,03,22350,,N,E,I,A,A,H,-,A,D,0,,,,,Y,,A,01,0,0,1,0,0,0,0,0,0,"- ","- ",34.825980000000001,-118.87246,KERN,UNINCORPORATED,-118.87246,34.825980000000001
90017097,2015,2015-10-19,9420,2015-08-25,1401,016973,,2,2,9,1500,0,3,5,,2,672,"COLLEGE AVE.","OSWELL ST.",30.00,E,N,A,-,N,,,,,,,,,,Y,2,0,5,4,A,-,08,22107,,N,C,C,A,A,H,-,A,A,0,,,,,Y,,A,01,1,0,4,0,0,0,0,0,0,"- ","- ",35.383159999999997,-118.94923,KERN,UNINCORPORATED,-118.94965949,35.383139999999997
90017241,2015,2015-10-19,9420,2015-09-04,0910,019459,,5,1,9,1500,0,1,3,,2,177,SR-178,"DEMOCRAT ROAD",6864.00,W,N,A,-,Y,,,178,,,,,,,Y,2,0,1,1,A,-,03,22350,,N,E,I,A,A,H,-,A,D,0,,,,,Y,,A,01,1,0,0,0,0,0,0,0,0,"- ","- ",35.529029999999999,-118.65725,KERN,UNINCORPORATED,-118.65725681000001,35.528945040000004
90017831,2015,2015-10-19,9420,2015-09-07,1510,019184,,1,2,9,1500,0,1,3,,2,096,"SR-99 N/B TO HERRING RD.","HERRING RD. O/C",565.00,S,N,A,-,Y,,,99,,,,R,,N,Y,2,0,1,2,A,-,09,21804,A,N,D,C,A,A,H,-,A,D,0,,,,,Y,,D,22,1,0,0,0,0,0,0,0,0,"- ","- ",35.148209999999999,-118.99527,KERN,UNINCORPORATED,-118.99527,35.148209999999999
90027157,2015,2015-10-19,9420,2015-08-17,0536,019353,,1,3,9,1500,0,2,4,,1,064,"OLIVE DRIVE (5300 BLOCK) WESTBOUND","KNUDSEN DRIVE",226.00,W,N,A,-,N,,,,,,,,,,Y,1,1,0,2,A,-,11,21954,A,N,G,B,D,A,H,-,C,D,0,Y,,,,Y,,N,60,0,0,0,1,0,0,0,0,0,"- ","- ",35.412390000000002,-119.06003,KERN,UNINCORPORATED,-119.05953722,35.412413379999997
90027406,2015,2015-10-19,9420,2015-09-25,1410,019184,,5,2,9,1500,0,3,5,,2,550,"SHAFTER AVE.","JACK AVE.",85.00,N,N,A,-,N,,,,,,,,,,Y,2,0,1,1,A,-,08,22107,,N,E,I,A,A,H,-,A,D,0,,,,,Y,,A,01,1,0,0,0,0,0,0,0,0,"- ","- ",35.536799999999999,-119.27755000000001,KERN,UNINCORPORATED,-119.2777265,35.53660326
90027728,2015,2015-11-12,9420,2015-09-30,1624,018643,,3,2,9,1500,0,3,5,,2,070,"EARL AVENUE","FAIRFAX ROAD",442.00,W,N,A,-,N,,,,,,,,,,N,2,0,1,2,A,-,03,22350,,N,G,B,D,A,H,-,A,D,0,Y,,,,Y,,A,07,1,0,0,0,1,0,0,0,0,"- ","- ",35.367899999999999,-118.93356,KERN,UNINCORPORATED,-118.93343036,35.36786085
90028622,2015,2015-10-19,9430,2015-10-06,2035,015185,,2,2,9,1500,0,2,4,,1,024,"MIL POTRERO HWY","CUDDY VALLEY ROAD",7392.00,W,N,A,-,N,,,,,,,,,,Y,2,0,1,1,A,-,03,22350,,N,E,I,A,A,H,-,D,D,0,,,,,Y,,D,22,1,0,0,0,0,0,0,0,0,"- ","- ",34.849310000000003,-119.10119,KERN,UNINCORPORATED,-119.09992843000001,34.849319559999998
90037780,2015,2015-10-26,9420,2015-10-17,0150,019963,,6,3,9,1500,0,2,4,,1,071,"OSWELL STREET","ALLOWAY LN",105.00,S,N,A,-,N,,,,,,,,,,Y,2,0,2,1,A,-,01,23152,A,N,E,I,A,A,H,-,C,D,0,,,,,Y,Y,A,01,1,0,1,0,0,0,0,0,0,"- ","- ",35.394170000000003,-118.96552,KERN,UNINCORPORATED,-118.94988334999999,35.359311920000003
90037805,2015,2015-10-26,9420,2015-10-09,2315,019442,,5,3,9,1500,0,1,3,,1,583,"SR-58 (ROSEDALE HWY.)","RENFRO RD",504.00,E,N,A,-,Y,,,58,,,,,,,Y,2,0,1,2,A,-,01,23152,A,N,B,C,A,A,H,-,C,D,0,,,Y,,Y,Y,C,02,1,0,0,0,0,0,0,0,1,"- ","- ",35.38344,-119.16119999999999,KERN,UNINCORPORATED,-119.16120004,35.383503060000002
90041587,2015,2015-10-30,9426,2015-10-22,2010,018932,,4,2,9,1500,0,3,5,,2,087,"BASIC SCHOOL RD","GARDNER FIELD RD",46.00,N,N,A,-,N,,,,,,,,,,Y,2,0,2,1,A,-,03,22350,,N,E,I,A,A,H,-,D,D,0,,,,,Y,,A,01,1,1,0,0,0,0,0,0,0,"- ","- ",35.101320000000001,-119.31439,KERN,UNINCORPORATED,-119.31406438,35.101341570000002
90042464,2015,2015-11-02,9426,2015-10-31,2032,018919,,6,2,9,1500,0,1,1,,2,506,"I-5 S/B","VALPREDO RD",1771.00,S,N,A,-,Y,,,5,,,,,,S,Y,2,0,2,1,A,-,01,23152,A,N,E,I,A,A,H,-,D,D,0,,,,,Y,Y,A,07,1,1,0,0,0,0,0,0,0,"- ","- ",35.072319999999998,-119.01336000000001,KERN,UNINCORPORATED,-119.01332737,35.072354859999997
90043178,2015,2015-11-03,9426,2015-10-26,0322,016780,,1,3,9,1500,0,1,1,,2,500,"I-5 N/B","LOST HILLS RD",5280.00,N,N,A,-,Y,,,5,,,,,,N,Y,2,0,1,1,A,-,08,22107,,N,F,A,A,A,H,-,D,D,0,,,,,Y,,A,01,1,0,0,0,0,0,0,0,0,"- ","- ",35.678570000000001,-119.69963,KERN,UNINCORPORATED,-119.69948199,35.678680100000001
90043463,2015,2015-11-03,9426,2015-10-29,1328,015472,,4,1,9,1500,0,3,5,,2,086,"LERDO HWY","I-5 N/B",186.00,E,N,A,-,N,,,,,,,,,,Y,2,0,1,2,A,-,03,22350,,N,F,A,A,A,H,-,A,A,0,,,Y,Y,Y,,C,02,1,0,0,0,0,0,0,0,1,"- ","- ",35.500590000000003,-119.53307,KERN,UNINCORPORATED,-119.53445613,35.500353179999998
90045925,2015,2015-12-04,9420,2015-10-24,1800,016978,,6,2,9,1500,0,1,3,,2,154,SR-155,"GRANITE ROAD",16896.00,W,N,A,-,Y,,,155,,,,,,,Y,1,1,1,1,A,-,08,22107,,N,E,I,A,A,H,-,B,D,0,,,,,Y,,M,47,0,1,0,0,0,0,0,0,0,"- ","- ",35.705930000000002,-118.76273999999999,KERN,UNINCORPORATED,-118.76273595000001,35.705956810000004
90049229,2015,2015-11-12,9420,2015-09-13,0537,016767,,7,3,9,1500,0,1,3,,2,090,"SR-99 N/B (GOLDEN STATE HIGHWAY)","WOOLLOMES AVENUE",300.00,S,N,A,-,Y,,,,,,,,,,Y,1,1,4,3,A,-,03,22350,,N,B,C,E,A,H,-,C,D,0,Y,,,,Y,,A,01,0,0,4,1,0,0,0,0,0,"- ","- ",35.745629999999998,-119.24309,KERN,UNINCORPORATED,-119.24337469,35.746106339999997
90056277,2015,2015-11-20,9420,2015-11-06,1224,016153,,5,1,9,1500,0,2,4,,1,052,"NORRIS RD.","AIRPORT DR.",2112.00,W,N,A,-,N,,,,,,,,,,Y,2,0,1,2,A,-,09,21804,A,N,D,C,A,A,H,-,A,D,0,,,Y,,Y,,J,48,1,0,0,0,0,0,0,0,1,"- ","- ",35.419609999999999,-119.04716999999999,KERN,UNINCORPORATED,-119.04624953,35.419583379999999
90065380,2015,2015-12-04,9420,2015-12-02,1730,017253,,3,2,9,1500,0,3,5,,2,060,"7TH STANDARD ROAD","CALLOWAY DRIVE",1010.00,E,N,A,-,N,,,,,,,,,,Y,2,0,3,5,A,-,03,22350,,N,C,C,A,A,H,-,D,D,0,,,,,Y,,D,22,1,0,2,0,0,0,0,0,0,"- ","- ",35.44126,-119.10705,KERN,UNINCORPORATED,-119.10654328,35.441450019999998
90067652,2015,2015-12-08,9830,2015-11-28,1805,019367,,6,2,9,1500,0,3,5,,2,004,"CALIFORNIA CITY BLVD","CACHE CREEK RD.",1584.00,E,N,A,-,N,,,,,,,,,,Y,2,0,2,2,A,-,05,21651,B,N,A,C,A,A,H,-,D,D,0,,,,,Y,,A,01,2,0,0,0,0,0,0,0,0,"- ","- ",35.124209999999998,-118.17151,KERN,UNINCORPORATED,-118.17083359,35.12432553
90069257,2015,2015-12-10,9420,2015-11-28,1850,019185,,6,2,6,1502,0,1,3,,2,093,"SR-99 S/B","STOCKDALE HIGHWAY",270.00,N,N,A,-,Y,,,99,,,,,,S,Y,2,0,1,2,A,-,01,23152,A,N,E,I,A,A,H,-,C,D,0,,,,Y,Y,Y,A,01,1,0,0,0,0,0,0,0,0,"- ","- ",35.354970000000002,-119.03946999999999,KERN,BAKERSFIELD,-119.03963090000001,35.354971229999997
90085041,2015,2015-12-30,9426,2015-12-17,1354,016921,,4,1,9,1500,0,3,5,,2,081,"GARDNER FIELD ROAD","SOUTH LAKE ROAD",3696.00,S,N,A,-,N,,,,,,,,,,Y,2,0,2,1,A,-,08,22107,,N,E,I,A,A,H,-,A,D,0,,,,,Y,,A,01,1,1,0,0,0,0,0,0,0,"- ","- ",35.11412,-119.35138000000001,KERN,UNINCORPORATED,-119.35327981,35.115360080000002
90090531,2015,2016-01-07,9420,2015-11-13,1555,020304,,5,2,9,1500,0,1,3,,2,178,"STATE ROUTE 178","MOBILE DRIVE",38.00,W,N,A,-,Y,,,178,,,,,,,Y,1,1,1,2,A,-,05,21460,C,N,A,C,A,A,H,-,A,D,0,,,,Y,Y,,F,27,0,1,0,0,0,0,0,0,0,"- ","- ",35.643450000000001,-118.41302,KERN,UNINCORPORATED,-118.41303379,35.643421050000001
90100440,2016,2016-05-19,9420,2016-01-10,1649,019686,,7,2,9,1500,0,3,5,,2,510,"DRIVER RD.","CECIL AVE.",0.00,,Y,A,-,N,,,,,,,,,,Y,2,0,4,2,A,-,01,23152,A,N,D,C,A,A,H,-,B,A,0,,,,,Y,Y,D,22,2,0,2,0,0,0,0,0,0,"- ","- ",35.775869999999998,-119.20529000000001,KERN,UNINCORPORATED,-119.20529996,35.775850069999997
90102161,2015,2016-01-25,9830,2015-11-29,0320,019977,,7,3,9,1500,0,1,3,,2,030,"STATE ROUTE 14 NORTHBOUND","ROSAMOND BLVD",3168.00,N,N,A,-,Y,,,14,,,,,,N,Y,1,1,0,1,A,-,08,22107,,N,E,I,A,A,H,-,D,D,0,,,,,Y,,A,01,0,0,0,0,0,0,0,0,0,"- ","- ",34.873849999999997,-118.16988000000001,KERN,UNINCORPORATED,-118.17022258,34.874122759999999
90102250,2015,2016-01-26,9420,2015-11-25,2343,017560,,3,3,9,1500,0,2,4,,1,075,"SOUTH UNION AVENUE","FAIRVIEW ROAD",273.00,N,N,A,-,Y,,,,,,,,,,N,1,1,0,2,A,-,11,21954,A,N,G,B,E,A,H,-,D,D,0,Y,,,,Y,Y,N,60,0,0,0,1,0,0,0,0,0,"- ","- ",35.306109999999997,-119.0033,KERN,UNINCORPORATED,-119.00313,35.303879090000002
90105495,2016,2016-01-29,9420,2016-01-12,0715,015259,,2,1,9,1500,0,3,5,,2,671,"HABECKER ROAD","CAMINO LA JOLLA",155.00,S,N,A,-,N,,,,,,,,,,N,1,1,0,2,A,-,11,21954,A,N,G,B,D,A,H,-,A,D,0,Y,,,,Y,,N,60,0,0,0,1,0,0,0,0,0,"- ","- ",35.258189999999999,-118.90522,KERN,UNINCORPORATED,-118.90525,35.258164729999997
90110252,2016,2016-02-12,9420,2016-01-24,0905,019184,,7,1,9,1500,0,3,5,,2,040,"FAMOSO ROAD","SHERWOOD AVENUE",4224.00,E,N,B,-,N,,,,,,,,,,Y,1,1,3,1,A,-,03,22350,,N,F,A,A,A,H,-,A,D,0,,,,,Y,,A,01,1,1,1,0,0,0,0,0,0,"- ","- ",35.621850000000002,-119.01535,KERN,UNINCORPORATED,-119.01481986,35.621883879999999
90110708,2016,2016-02-08,9420,2016-01-23,1819,019686,,6,2,9,1500,0,3,5,,2,510,"GARCES HIGHWAY","BENNER AVE.",1161.00,W,N,A,-,N,,,,,,,,,,Y,2,0,2,1,A,-,08,22107,,N,E,I,A,A,H,-,D,D,0,,,,,Y,,D,22,2,0,0,0,0,0,0,0,0,"- ","- ",35.761290000000002,-119.31659000000001,KERN,UNINCORPORATED,-119.31579922,35.761291470000003