CASE_ID,ACCIDENT_YEAR,PROC_DATE,JURIS,COLLISION_DATE,COLLISION_TIME,OFFICER_ID,REPORTING_DISTRICT,DAY_OF_WEEK,CHP_SHIFT,POPULATION,CNTY_CITY_LOC,SPECIAL_COND,BEAT_TYPE,CHP_BEAT_TYPE,CITY_DIVISION_LAPD,CHP_BEAT_CLASS,BEAT_NUMBER,PRIMARY_RD,SECONDARY_RD,DISTANCE,DIRECTION,INTERSECTION,WEATHER_1,WEATHER_2,STATE_HWY_IND,CALTRANS_COUNTY,CALTRANS_DISTRICT,STATE_ROUTE,ROUTE_SUFFIX,POSTMILE_PREFIX,POSTMILE,LOCATION_TYPE,RAMP_INTERSECTION,SIDE_OF_HWY,TOW_AWAY,COLLISION_SEVERITY,NUMBER_KILLED,NUMBER_INJURED,PARTY_COUNT,PRIMARY_COLL_FACTOR,PCF_CODE_OF_VIOL,PCF_VIOL_CATEGORY,PCF_VIOLATION,PCF_VIOL_SUBSECTION,HIT_AND_RUN,TYPE_OF_COLLISION,MVIW,PED_ACTION,ROAD_SURFACE,ROAD_COND_1,ROAD_COND_2,LIGHTING,CONTROL_DEVICE,CHP_ROAD_TYPE,PEDESTRIAN_ACCIDENT,BICYCLE_ACCIDENT,MOTORCYCLE_ACCIDENT,TRUCK_ACCIDENT,NOT_PRIVATE_PROPERTY,ALCOHOL_INVOLVED,STWD_VEHTYPE_AT_FAULT,CHP_VEHTYPE_AT_FAULT,COUNT_SEVERE_INJ,COUNT_VISIBLE_INJ,COUNT_COMPLAINT_PAIN,COUNT_PED_KILLED,COUNT_PED_INJURED,COUNT_BICYCLIST_KILLED,COUNT_BICYCLIST_INJURED,COUNT_MC_KILLED,COUNT_MC_INJURED,PRIMARY_RAMP,SECONDARY_RAMP,LATITUDE,LONGITUDE,COUNTY,CITY,POINT_X,POINT_Y
90121956,2016,2017-02-22,9420,2016-01-12,0640,019963,,2,1,9,1500,0,1,3,,1,176,"STATE ROUTE 178 (WESTBOUND)","BERNARD STREET",239.00,E,N,A,-,Y,,,,,,,,,,Y,1,1,0,1,A,-,08,22107,,N,E,I,A,A,H,-,B,D,0,,,,,Y,,D,22,0,0,0,0,0,0,0,0,0,"- ","- ",35.3825,-118.97028,KERN,UNINCORPORATED,-118.98044280000001,35.390367009999999
90127158,2016,2016-03-01,9830,2016-02-27,2330,019762,,6,3,9,1500,0,1,3,,1,015,"SR-202 E/B","LONELY LN.",134.00,E,N,A,-,Y,,,,,,,,,,Y,2,0,1,1,A,-,08,22107,,N,E,I,A,A,H,-,D,D,0,,,,,Y,,A,01,1,0,0,0,0,0,0,0,0,"- ","- ",35.074579999999997,-118.28882,KERN,UNINCORPORATED,-118.48123267,35.124319999999997
90138428,2016,2016-06-28,9420,2016-02-28,2105,019461,,7,2,9,1500,0,1,3,,1,650,SR-65,"LERDO HWY",5280.00,N,N,A,-,Y,,,65,,,,,,,Y,2,0,3,2,A,-,01,23152,A,N,B,C,A,A,H,-,D,D,0,,,,,Y,Y,A,01,2,1,0,0,0,0,0,0,0,"- ","- ",35.506390000000003,-119.07717,KERN,UNINCORPORATED,-119.07721557000001,35.506386280000001
90139029,2016,2016-03-17,9420,2016-03-11,1535,016691,,5,2,9,1500,0,2,4,,1,052,"ROBERTS LN","CENTRAL AVE",36.00,E,N,A,C,N,,,,,,,,,,N,2,0,1,2,A,-,09,21804,A,N,G,B,D,B,H,-,A,D,0,Y,,,,Y,,A,01,1,0,0,0,1,0,0,0,0,"- ","- ",35.408619999999999,-119.0232,KERN,UNINCORPORATED,-119.02316934,35.408630000000002
90141860,2016,2016-03-23,9420,2016-03-04,2345,019513,,5,3,9,1500,0,1,3,,2,155,"STATE ROUTE 155","AIR FORCE WAY",280.00,N,N,B,-,Y,,,155,,,,,,,Y,1,1,2,2,A,-,11,21954,A,N,G,B,E,A,H,-,D,D,0,Y,,,,Y,,N,60,1,0,1,1,0,0,0,0,0,"- ","- ",35.66037,-118.47516,KERN,UNINCORPORATED,-118.47518473,35.660414529999997
90142244,2016,2016-03-23,9830,2016-03-20,0115,019592,,7,3,9,1500,0,1,3,,2,014,"SR-58 W/B","CAMERON CANYON RD",2120.00,E,N,A,-,Y,,,58,,,,,,W,Y,2,0,1,1,A,-,08,22107,,N,F,A,A,A,H,-,D,D,0,,,,,Y,,A,01,1,0,0,0,0,0,0,0,0,"- ","- ",35.101379999999999,-118.28543999999999,KERN,UNINCORPORATED,-118.28542433,35.101297719999998
9014505,2019,2020-07-01,1500,2019-03-30,0738,201083,WA-02,6,5,3,1510,0,0,0,,0,4401,"F ST","7TH ST",0.00,,Y,A,-,Y,KER,6,43,-,R,24.622,I,5,S,N,2,0,1,2,A,-,21,22106,,N,G,B,B,A,H,-,A,A,0,Y,,,,Y,,D,22,1,0,0,0,1,0,0,0,0,"- ","- ",,,KERN,WASCO,-119.33376312255859,35.594207763671875
90145053,2016,2016-04-08,9420,2016-03-25,0630,019466,,5,1,9,1500,0,3,5,,2,310,"BURLANDO ROAD","BIG BLUE MINE ROAD",3696.00,N,N,A,-,N,,,,,,,,,,Y,1,1,0,1,A,-,08,22107,,N,E,I,A,A,H,-,B,D,0,,,,,Y,,A,01,0,0,0,0,0,0,0,0,0,"- ","- ",35.736750000000001,-118.42695000000001,KERN,UNINCORPORATED,-118.42737794,35.735734389999998
90147569,2016,2016-03-30,9420,2016-02-06,1239,018030,,6,1,9,1500,0,3,5,,2,530,"7TH STANDARD ROAD","CHERRY AVENUE",0.00,,Y,A,-,N,,,,,,,,,,Y,1,1,0,3,A,-,03,22350,,N,C,C,A,A,H,-,A,D,0,,,,Y,Y,Y,D,22,0,0,0,0,0,0,0,0,0,"- ","- ",35.441690000000001,-119.24637,KERN,UNINCORPORATED,-119.24345993,35.441670029999997
90155546,2016,2016-04-12,9420,2016-04-04,2330,019351,,1,3,9,1500,0,1,3,,2,177,SR-178,"UPPER RICHBAR CAMPGROUND",3168.00,E,N,A,-,Y,,,,,,,,,,Y,2,0,1,1,A,-,03,22350,,N,E,I,A,A,H,-,D,D,0,,,Y,,Y,,C,02,1,0,0,0,0,0,0,0,1,"- ","- ",35.483870000000003,-118.7466,KERN,UNINCORPORATED,,
90156575,2016,2016-04-13,9420,2016-04-06,1330,014811,,3,1,9,1500,0,2,4,,1,077,"S. FAIRFAX ROAD","PANAMA LANE",1383.00,S,N,A,-,N,,,,,,,,,,Y,2,0,1,3,A,-,06,21751,,F,D,C,A,A,H,-,A,D,0,,,,Y,Y,,A,01,1,0,0,0,0,0,0,0,0,"- ","- ",35.173499999999997,-118.55540000000001,KERN,UNINCORPORATED,-118.93207049999999,35.292195399999997
90159813,2016,2016-04-18,9420,2016-04-02,1310,018486,,6,1,9,1500,0,1,3,,2,585,"SR-58 W/B","HUGHES LANE",1156.00,W,N,A,-,Y,,,58,,,,,,W,Y,2,0,3,2,A,-,08,22107,,N,D,C,A,A,D,-,A,D,0,,,,,Y,,A,01,1,2,0,0,0,0,0,0,0,"- ","- ",35.352820000000001,-119.03399,KERN,UNINCORPORATED,-119.03399016,35.352777189999998
90160055,2016,2016-04-18,9420,2016-04-10,0145,020782,,7,3,9,1500,0,1,3,,2,090,"SR-99 N/B","POND RD",8448.00,S,N,C,-,Y,,,99,,,,,,N,Y,2,0,2,2,A,-,01,23152,A,N,C,C,A,B,H,-,D,D,0,,,,Y,Y,Y,A,01,1,0,1,0,0,0,0,0,0,"- ","- ",35.709310000000002,-119.23402,KERN,UNINCORPORATED,-119.23431676,35.709240629999996
90171362,2016,2016-05-13,9420,2016-04-04,0240,019845,,1,3,6,1502,0,1,3,,2,095,"STATE ROUTE 99 SOUTHBOUND","WHITE LANE",1600.00,N,N,A,-,Y,,,99,,,,,,S,Y,1,1,0,1,A,-,08,22107,,N,E,I,A,A,H,-,C,D,0,,,,Y,Y,,G,25,0,0,0,0,0,0,0,0,0,"- ","- ",35.32179,-119.03752,KERN,BAKERSFIELD,-119.03746442000001,35.321804559999997
90174591,2016,2016-05-06,9420,2016-04-30,0955,018030,,6,1,9,1500,0,3,5,,2,510,"POND RD","SR-99 NORTHBOUND TO POND RD.",796.00,W,N,A,-,N,,,,,,,,,,Y,2,0,6,2,A,-,05,21650,,N,A,C,A,A,H,-,A,D,0,,,,,Y,,D,22,1,3,2,0,0,0,0,0,0,"- ","- ",35.718029999999999,-119.23432,KERN,UNINCORPORATED,-119.23930228,35.718015809999997
90175271,2016,2016-05-09,9420,2016-05-03,0845,014811,,2,1,9,1500,0,2,4,,1,075,"S. UNION AVENUE S/B","MCKEE ROAD",50.00,N,N,A,-,N,,,,,,,,,,Y,2,0,1,2,A,-,07,21658,A,N,B,C,A,A,H,-,A,D,0,,,,Y,Y,,F,26,1,0,0,0,0,0,0,0,0,"- ","- ",35.276499999999999,-119.00042000000001,KERN,UNINCORPORATED,-119.00314,35.274217200000002
90182107,2016,2016-05-18,9426,2016-02-20,0054,018023,,6,3,9,1500,0,1,1,,2,504,"I-5 N/B",SR-119,5544.00,N,N,A,-,Y,,,5,,,,,,N,Y,2,0,1,2,A,-,03,22350,,N,B,C,A,A,H,-,D,D,0,,,,,Y,,A,01,1,0,0,0,0,0,0,0,0,"- ","- ",35.278599999999997,-119.23663000000001,KERN,UNINCORPORATED,-119.23660843,35.278622939999998
90183855,2016,2016-06-03,9420,2016-05-19,2140,020040,,4,2,9,1500,0,3,5,,2,620,"KRATZMEYER ROAD","CHERRY AVENUE",101.00,W,N,A,-,N,,,,,,,,,,Y,2,0,1,1,C,-,18,,,N,H,H,A,A,H,-,D,D,0,,,,,Y,,-,"- ",1,0,0,0,0,0,0,0,0,"- ","- ",35.419930000000001,-119.24467,KERN,UNINCORPORATED,-119.24350862,35.419880650000003
90185930,2016,2016-06-02,9420,2016-05-08,0750,018307,,7,1,9,1500,0,1,3,,2,430,"STATE ROUTE 43 SOUTHBOUND","MERCED AVENUE",1062.00,N,N,A,-,Y,,,43,,,,,,S,Y,1,1,0,1,A,-,08,22107,,N,E,I,A,A,H,-,A,D,0,,,,,Y,,A,01,0,0,0,0,0,0,0,0,0,"- ","- ",35.531210000000002,-119.30911999999999,KERN,UNINCORPORATED,-119.30897951999999,35.531382319999999
90187459,2016,2016-05-25,9420,2016-03-05,1020,019466,,6,1,9,1500,0,1,3,,2,179,"STATE ROUTE 178","MALLORY ROAD",2640.00,W,N,A,-,Y,,,178,,,,,,,Y,1,2,2,1,A,-,08,22107,,N,E,I,A,A,H,-,A,D,0,,,,,Y,,A,07,1,1,0,0,0,0,0,0,0,"- ","- ",35.734270000000002,-118.12699000000001,KERN,UNINCORPORATED,-118.12703392,35.734310600000001
90206735,2016,2016-06-21,9426,2016-06-09,1507,018023,,4,2,9,1500,0,1,3,,1,118,SR-119,"ASH ST",0.00,,Y,A,-,Y,,,119,,,,,,,Y,2,0,2,2,A,-,09,21801,A,N,A,C,A,A,H,-,A,A,0,,,Y,,Y,,D,22,1,1,0,0,0,0,0,0,1,"- ","- ",35.15157,-119.44795000000001,KERN,UNINCORPORATED,-119.44786479,35.151570190000001
90208310,2016,2016-07-26,9420,2016-06-05,0135,019829,,7,3,9,1500,0,3,5,,2,630,"WIBLE ROAD","HERRING ROAD",0.00,,Y,A,-,N,,,,,,,,,,Y,1,1,4,1,A,-,03,22350,,N,E,I,A,A,H,-,D,A,0,,,,,Y,,A,07,0,3,1,0,0,0,0,0,0,"- ","- ",35.151339999999998,-119.03962,KERN,UNINCORPORATED,-119.03920011,35.151370049999997
9020889,2019,2020-07-01,1500,2019-09-23,2038,202297,WA02,1,5,3,1510,0,0,0,,0,4401,"RT 46","POPLAR AV",0.00,,Y,A,-,Y,KER,6,46,-,-,50.270,I,5,W,Y,2,0,1,2,A,-,11,21950,B,N,G,B,D,A,H,-,C,D,0,Y,,,,Y,,N,60,1,0,0,0,1,0,0,0,0,"- ","- ",,,KERN,WASCO,-119.34487915039062,35.601551055908203
90216685,2016,2016-07-06,9420,2016-06-27,1210,018486,,1,1,9,1500,0,1,3,,2,154,"SR-155 (GARCES HWY)","DRIVER ROAD",183.00,W,N,A,-,Y,,,155,,,,,,,Y,2,0,1,2,A,-,03,22350,,N,F,A,A,A,H,-,A,D,0,,,Y,,Y,,C,02,1,0,0,0,0,0,0,0,1,"- ","- ",35.761270000000003,-119.20607,KERN,UNINCORPORATED,-119.20606957,35.761413210000001
90217771,2016,2016-07-07,9420,2016-06-04,0205,019901,,6,3,9,1500,0,1,3,,1,462,"STATE ROUTE 46","JUMPER AVE",128.00,W,N,A,-,Y,,,46,,,,,,,Y,1,2,2,1,A,-,08,22107,,N,F,A,A,A,H,-,D,D,0,,,,,Y,,D,22,1,1,0,0,0,0,0,0,0,"- ","- ",35.601529999999997,-119.42139,KERN,UNINCORPORATED,-119.42139001,35.601412140000001
90222333,2016,2016-07-13,9420,2016-07-06,1822,016691,,3,2,9,1500,0,3,5,,2,040,"COLUMBUS ST","ALTURAS DR",156.00,W,N,A,-,N,,,,,,,,,,Y,2,0,1,4,A,-,08,22107,,N,C,E,A,A,H,-,A,D,0,,,,,Y,,A,01,1,0,0,0,0,0,0,0,0,"- ","- ",35.397419999999997,-118.99721,KERN,UNINCORPORATED,-118.99702277,35.397480000000002
90234279,2016,2016-08-01,9420,2016-07-17,0905,018307,,7,1,9,1500,0,2,4,,1,052,"ROBERTS LANE","COLIN B KELLY DRIVE",37.00,W,N,A,-,N,,,,,,,,,,N,2,0,1,2,A,-,09,21804,A,N,H,G,A,A,H,-,A,D,0,,Y,,,Y,,L,04,1,0,0,0,0,0,1,0,0,"- ","- ",35.40869,-119.03117,KERN,UNINCORPORATED,-119.03124400999999,35.408630000000002
90234363,2016,2016-08-01,9420,2016-07-15,0430,017972,,5,3,9,1500,0,3,5,,2,040,"GRANITE RD","NORTH CHESTER EXT",500.00,N,N,A,-,N,,,,,,,,,,Y,2,0,1,1,A,-,01,23152,A,N,E,I,A,A,H,-,C,D,0,,,,,Y,Y,A,08,1,0,0,0,0,0,0,0,0,"- ","- ",35.464619999999996,-119.0256,KERN,UNINCORPORATED,-119.02565002,35.46462124
90236130,2016,2016-08-02,9426,2016-06-19,1055,014794,,7,1,9,1500,0,1,3,,1,332,SR-33,"SODA LAKE ROAD",33.00,S,N,A,-,Y,,,33,,,,,,,Y,1,1,2,2,A,-,03,22350,,N,D,C,A,A,H,-,A,D,0,,,,,Y,,A,01,0,2,0,0,0,0,0,0,0,"- ","- ",34.963270000000001,-119.44625000000001,KERN,UNINCORPORATED,-119.44614310999999,34.963188760000001
90236252,2016,2016-08-03,9420,2016-07-16,0250,019829,,6,3,9,1500,0,2,4,,1,075,"S. UNION AVENUE","CASA LOMA DRIVE",150.00,S,N,A,-,N,,,,,,,,,,Y,2,0,2,1,A,-,08,22107,,N,E,I,A,A,H,-,C,D,0,,,,,Y,,A,01,1,1,0,0,0,0,0,0,0,"- ","- ",35.339170000000003,-119.0029,KERN,UNINCORPORATED,-119.00297,35.33907851
90238215,2016,2016-08-05,9420,2016-07-30,1920,019868,,6,2,9,1500,0,1,3,,2,096,"SR-99 N/B",SR-223,5280.00,S,N,A,-,Y,,,99,,,,,,N,Y,2,0,5,1,A,-,08,22107,,N,E,I,A,A,H,-,A,D,0,,,,,Y,,D,22,1,3,1,0,0,0,0,0,0,"- ","- ",35.223889999999997,-119.01246,KERN,UNINCORPORATED,-119.01256902999999,35.223872720000003
90240531,2016,2016-08-09,9420,2016-07-28,1635,018643,,4,2,9,1500,0,3,5,,2,520,"FAMOSO PORTERVILLE HIGHWAY","PHILLIPS ROAD",32.00,N,N,A,-,N,,,,,,,,,,Y,2,0,2,1,A,-,12,22450,A,N,E,I,A,A,H,-,A,D,0,,,,,Y,,A,01,1,1,0,0,0,0,0,0,0,"- ","- ",35.630949999999999,-119.20684,KERN,UNINCORPORATED,-119.20673668000001,35.631136939999998
90241833,2016,2016-08-10,9420,2016-08-05,2330,019140,,5,3,9,1500,0,3,5,,2,040,"ALFRED HARRELL HIGHWAY","OLD ALFRED HARELL HIGHWAY",500.00,E,N,A,-,N,,,,,,,,,,Y,2,0,2,1,A,-,03,22350,,N,F,A,A,A,H,-,D,D,0,,,Y,,Y,,C,02,1,1,0,0,0,0,0,0,2,"- ","- ",35.418790000000001,-118.96226,KERN,UNINCORPORATED,-118.97891398,35.410033949999999
90242081,2016,2016-08-30,9420,2016-08-06,1456,016691,,6,2,9,1500,0,3,5,,2,620,"GOLDEN STATE HWY","KNUDSEN DR",65.00,S,N,A,-,Y,,,,,,,,,,Y,2,0,3,2,A,-,01,23152,A,N,A,C,A,A,H,-,A,A,0,,,,,Y,Y,A,01,3,0,0,0,0,0,0,0,0,"- ","- ",35.423299999999998,-119.0633,KERN,UNINCORPORATED,-119.06341177,35.423327370000003
9024635,2019,2020-02-08,1507,2019-12-27,1540,282,18,5,5,3,1507,0,0,0,,0,,"EAST LERDO HWY","ELM ST",0.00,,Y,A,-,N,,,,,,,,,,Y,2,0,1,2,A,-,09,21802,A,N,D,C,A,A,H,-,A,A,0,,,Y,,Y,,A,01,1,0,0,0,0,0,0,0,1,"- ","- ",35.499809265136719,-119.26497650146484,KERN,SHAFTER,-119.26497650146484,35.499881744384766
90248601,2016,2016-08-19,9420,2016-08-12,0520,019649,,5,3,9,1500,0,1,3,,1,184,SR-184,"MULLER RD.",650.00,S,N,A,-,Y,,,,,,,,,,N,2,0,1,2,A,-,11,21954,A,F,G,B,E,A,H,-,D,D,0,Y,,,,Y,,N,60,1,0,0,0,1,0,0,0,0,"- ","- ",35.192430000000002,-118.54515000000001,KERN,UNINCORPORATED,,
90251092,2016,2016-08-23,9420,2016-08-16,1612,016973,,2,2,9,1500,0,3,5,,2,620,"RUDD AVE.","REINA ST.",0.00,,Y,A,-,N,,,,,,,,,,Y,2,0,2,2,A,-,12,22450,A,N,D,C,A,A,H,-,A,A,0,,,,,Y,,D,22,1,0,1,0,0,0,0,0,0,"- ","- ",35.412480000000002,-119.17215,KERN,UNINCORPORATED,-119.17211986,35.412469999999999
90257181,2016,2016-08-30,9420,2016-08-24,0340,019963,,3,3,9,1500,0,1,3,,2,092,"SR-99 N/B FROM MING AVENUE","MING AVENUE",300.00,N,N,A,-,Y,,,99,,,,R,,N,Y,2,0,1,1,A,-,01,23152,A,N,E,I,A,A,H,-,C,D,0,,,Y,,Y,Y,C,02,1,0,0,0,0,0,0,0,1,"- ","- ",35.341030000000003,-119.03885,KERN,UNINCORPORATED,-119.03885,35.341030000000003
90258977,2016,2016-09-01,9420,2016-07-26,0342,019829,,2,3,9,1500,0,1,3,,2,223,"STATE ROUTE 223","ASHE ROAD",2640.00,W,N,A,-,Y,,,223,,,,,,,Y,1,1,0,3,A,-,06,21751,,F,A,C,A,A,H,-,D,D,0,,,,Y,Y,,-,99,0,0,0,0,0,0,0,0,0,"- ","- ",35.208849999999998,-119.06721,KERN,UNINCORPORATED,-119.06720994,35.208829649999998
90270653,2016,2016-10-10,9420,2016-08-07,0150,019531,,7,3,9,1500,0,1,3,,1,184,"STATE ROUTE 184","MULLER ROAD",14.00,S,N,A,-,Y,,,184,,,,,,,Y,1,1,0,1,A,-,01,23152,A,N,E,I,A,A,H,-,D,D,0,,,,,Y,Y,A,01,0,0,0,0,0,0,0,0,0,"- ","- ",35.32517,-118.91424000000001,KERN,UNINCORPORATED,-118.914311,35.32517009
90271135,2016,2016-09-20,9420,2016-08-10,0455,018117,,3,3,9,1500,0,1,3,,1,462,"STATE ROUTE 46","WILDWOOD ROAD",1428.00,E,N,A,-,Y,,,46,,,,,,,Y,1,2,4,2,A,-,05,21650,,N,B,C,A,A,H,-,D,D,0,,,,Y,Y,,M,58,1,2,1,0,0,0,0,0,0,"- ","- ",35.601379999999999,-119.43331000000001,KERN,UNINCORPORATED,-119.43330942,35.601445069999997
90273384,2016,2016-09-22,9420,2016-09-15,1705,016978,,4,2,9,1500,0,1,3,,2,223,SR-223,"MALAGA ROAD",278.00,W,N,A,-,Y,,,223,,,,,,,Y,2,0,1,2,A,-,03,22350,,N,C,C,A,A,H,-,A,D,0,,,,,Y,,A,01,1,0,0,0,0,0,0,0,0,"- ","- ",35.208889999999997,-118.86042999999999,KERN,UNINCORPORATED,-118.86043021,35.20893031
90274076,2016,2016-09-22,9430,2016-09-15,2250,018721,,4,3,9,1500,0,3,5,,2,002,"LEBEC ROAD","LANDFILL ROAD",3696.00,N,N,A,-,N,,,,,,,,,,Y,2,0,1,1,A,-,08,22107,,N,F,I,A,A,H,-,D,D,0,,,Y,,Y,,C,02,1,0,0,0,0,0,0,0,1,"- ","- ",34.830719999999999,-118.8691,KERN,UNINCORPORATED,-118.86878839000001,34.830942090000001
90277433,2016,2016-10-06,9426,2016-09-19,1745,019723,,1,2,9,1500,0,3,5,,2,082,"7TH STANDARD RD","BRANDT RD",0.00,,Y,A,-,N,,,,,,,,,,Y,2,0,2,2,A,-,03,22350,,N,C,C,A,A,H,-,A,A,0,,,,Y,Y,,G,27,1,0,1,0,0,0,0,0,0,"- ","- ",35.442039999999999,-119.37606,KERN,UNINCORPORATED,-119.37599992,35.442110110000002
90277726,2016,2016-09-28,9830,2016-09-25,0723,015116,,7,1,9,1500,0,1,3,,2,012,"STATE ROUTE 58 WESTBOUND","TEHACHAPI WILLOW SPRINGS RD",5808.00,E,N,A,-,Y,,,58,,,,,,W,Y,2,0,1,1,A,-,01,23152,A,N,F,A,A,A,H,-,A,D,0,,,,,Y,Y,A,01,1,0,0,0,0,0,0,0,0,"- ","- ",35.115099999999998,-118.3682,KERN,UNINCORPORATED,-118.36820023,35.115093809999998
90280755,2016,2016-09-30,9420,2016-09-23,1450,019316,,5,2,9,1500,0,3,5,,2,550,"WILDWOOD ROAD","KIMBERLINA ROAD",0.00,,Y,A,-,N,,,,,,,,,,Y,2,0,1,2,A,-,12,22450,A,N,D,C,A,A,H,-,A,A,0,,,,Y,Y,,G,26,1,0,0,0,0,0,0,0,0,"- ","- ",35.559350000000002,-119.38284,KERN,UNINCORPORATED,-119.43869995999999,35.557780059999999
90290704,2016,2016-10-12,9430,2016-10-09,1300,017241,,7,1,9,1500,0,3,5,,2,002,"HUDSON RANCH ROAD","CERRO NOROESTE RD",71.00,W,N,A,-,N,,,,,,,,,,Y,2,0,1,2,A,-,05,21460,A,N,B,C,A,A,H,-,A,D,0,,,Y,,Y,,C,02,1,0,0,0,0,0,0,0,1,"- ","- ",34.861170000000001,-119.20984,KERN,UNINCORPORATED,-119.20984446999999,34.861129529999999
90292653,2016,2016-10-17,9426,2016-10-12,1238,016804,,3,1,9,1500,0,3,5,,2,080,"VALLEY WEST RD","PINE ST.",116.00,E,N,A,-,N,,,,,,,,,,Y,2,0,1,2,A,-,09,21801,A,F,D,C,A,A,H,-,A,D,0,,,Y,,Y,,A,08,1,0,0,0,0,0,0,0,1,"- ","- ",35.209339999999997,-119.4079,KERN,UNINCORPORATED,-119.40820205999999,35.209682180000001
90299524,2016,2016-10-24,9420,2016-09-16,2300,017243,,5,3,9,1500,0,3,5,,2,671,"MALAGA ROAD","BUENA VISTA BLVD",3.00,S,N,A,-,N,,,,,,,,,,Y,1,2,3,1,A,-,03,22350,,N,H,A,A,A,H,-,D,A,0,,,,,Y,,A,01,0,3,0,0,0,0,0,0,0,"- ","- ",35.23807,-118.8605,KERN,UNINCORPORATED,-118.86049989,35.238041770000002
90300822,2016,2016-10-25,9420,2016-10-20,0935,018030,,4,1,9,1500,0,2,4,,1,051,"NORTH CHESTER AVE","LINCOLN AVE",0.00,,Y,A,-,N,,,,,,,,,,N,2,0,1,2,A,-,05,21650,,N,H,G,A,A,H,-,A,A,0,,Y,,,Y,,L,04,1,0,0,0,0,0,1,0,0,"- ","- ",35.41431,-119.02253,KERN,UNINCORPORATED,-119.02121013,35.414590089999997
90313264,2016,2016-11-07,9830,2016-11-02,0340,019883,,3,3,9,1500,0,1,2,,1,053,US-395,"SR-14 N/B OVERPASS",313.00,N,N,A,-,Y,,,,,,,,,,Y,2,0,1,1,A,-,01,23152,A,N,E,I,A,A,H,-,C,D,0,,,Y,,Y,Y,C,02,1,0,0,0,0,0,0,0,1,"- ","- ",35.417059999999999,-117.52058,KERN,UNINCORPORATED,,
90315362,2016,2016-11-09,9830,2016-11-06,1730,014565,,7,2,9,1500,0,1,3,,1,040,"SR-14 N/B","PROTEUS RD & MINARD TRAIL",0.00,,Y,A,-,Y,,,14,,,,,,N,Y,2,0,2,2,A,-,08,22107,,N,D,C,A,A,H,-,D,A,0,,,,,Y,,A,01,2,0,0,0,0,0,0,0,0,"- ","- ",35.076839999999997,-118.16631,KERN,UNINCORPORATED,-118.16627815,35.076804379999999
90319428,2016,2016-11-15,9420,2016-10-31,0528,020784,,1,3,9,1500,0,2,4,,1,072,"EDISON HWY","QUANTICO AVE.",185.00,W,N,A,-,Y,,,,,,,,,,N,2,0,1,2,A,-,11,21954,A,N,G,B,E,A,H,-,E,D,0,Y,,,,Y,,N,60,1,0,0,0,1,0,0,0,0,"- ","- ",35.369100000000003,-118.95935,KERN,UNINCORPORATED,-118.95920532,35.369090999999997
90326932,2016,2016-11-22,9830,2016-11-16,0855,019872,,3,1,9,1500,0,1,3,,1,015,"STATE ROUTE 202","LONELY LN",335.00,E,N,B,-,Y,,,202,,,,,,,Y,2,0,3,1,A,-,08,22107,,N,E,I,A,B,H,-,A,D,0,,,,,Y,,A,01,1,1,1,0,0,0,0,0,0,"- ","- ",35.124099999999999,-118.48099999999999,KERN,UNINCORPORATED,-118.48100187,35.124299000000001
90328819,2016,2016-11-23,9420,2016-11-13,1330,016691,,7,1,9,1500,0,3,5,,2,040,"GRANITE RD",SR-155,806.00,S,N,A,-,N,,,,,,,,,,N,2,0,1,1,A,-,08,22107,,N,F,A,A,A,H,-,A,D,0,,,Y,,Y,,C,02,1,0,0,0,0,0,0,0,1,"- ","- ",35.718200000000003,-118.72686,KERN,UNINCORPORATED,-118.72784656,35.71390426
90336484,2016,2016-12-19,9420,2016-10-23,0600,018030,,7,1,9,1500,0,3,5,,2,510,"GARCES HIGHWAY","WILDWOOD ROAD",0.00,,Y,A,-,N,,,,,,,,,,Y,1,1,3,2,A,-,01,23152,A,N,D,C,A,A,H,-,B,A,0,,,,,Y,Y,D,22,2,1,0,0,0,0,0,0,0,"- ","- ",35.760860000000001,-119.43691,KERN,UNINCORPORATED,-119.43685992,35.761050109999999
90355060,2016,2016-12-27,9830,2016-12-25,1325,014986,,7,1,9,1500,0,1,3,,2,030,"SR-14 N/B","ORANGE ST.",350.00,S,N,A,-,Y,,,14,,,,,,N,Y,2,0,1,1,A,-,08,22107,,N,E,I,A,A,H,-,A,D,0,,,,,Y,,A,07,1,0,0,0,0,0,0,0,0,"- ","- ",34.855919999999998,-118.17193,KERN,UNINCORPORATED,-118.17185591,34.855921649999999
90359618,2016,2017-01-03,9420,2016-12-25,2250,019649,,7,3,9,1500,0,2,4,,1,072,"E. BRUNDAGE LANE","STERLING RD.",424.00,W,N,A,-,N,,,,,,,,,,N,2,0,1,2,A,-,11,21954,A,F,G,B,E,A,H,-,D,D,0,Y,,,,Y,,N,60,1,0,0,0,1,0,0,0,0,"- ","- ",35.354289999999999,-118.94179,KERN,UNINCORPORATED,-118.94233002,35.354226789999998
90362271,2016,2017-01-05,9420,2016-12-23,1310,018068,,5,1,6,1502,0,1,3,,2,585,"SR-58 W/B","HUGHES LANE",250.00,E,N,C,-,Y,,,58,,,,,,W,Y,2,0,10,5,A,-,03,22350,,N,C,C,A,B,D,-,A,D,0,,,,Y,Y,,G,25,2,1,7,0,0,0,0,0,0,"- ","- ",35.352699999999999,-119.0288,KERN,BAKERSFIELD,-119.0287998,35.352757220000001
90370546,2017,2017-04-03,9830,2017-01-13,2327,021137,,5,3,9,1500,0,3,5,,2,005,"GARLOCK RD","REDROCK RANDSBURG RD",10032.00,E,N,A,-,N,,,,,,,,,,Y,2,0,1,1,A,-,08,22107,,N,F,A,A,A,H,-,D,D,0,,,,,Y,,A,01,1,0,0,0,0,0,0,0,0,"- ","- ",35.41384,-117.77679000000001,KERN,UNINCORPORATED,-117.77816187000001,35.412784379999998