CASE_ID,ACCIDENT_YEAR,PROC_DATE,JURIS,COLLISION_DATE,COLLISION_TIME,OFFICER_ID,REPORTING_DISTRICT,DAY_OF_WEEK,CHP_SHIFT,POPULATION,CNTY_CITY_LOC,SPECIAL_COND,BEAT_TYPE,CHP_BEAT_TYPE,CITY_DIVISION_LAPD,CHP_BEAT_CLASS,BEAT_NUMBER,PRIMARY_RD,SECONDARY_RD,DISTANCE,DIRECTION,INTERSECTION,WEATHER_1,WEATHER_2,STATE_HWY_IND,CALTRANS_COUNTY,CALTRANS_DISTRICT,STATE_ROUTE,ROUTE_SUFFIX,POSTMILE_PREFIX,POSTMILE,LOCATION_TYPE,RAMP_INTERSECTION,SIDE_OF_HWY,TOW_AWAY,COLLISION_SEVERITY,NUMBER_KILLED,NUMBER_INJURED,PARTY_COUNT,PRIMARY_COLL_FACTOR,PCF_CODE_OF_VIOL,PCF_VIOL_CATEGORY,PCF_VIOLATION,PCF_VIOL_SUBSECTION,HIT_AND_RUN,TYPE_OF_COLLISION,MVIW,PED_ACTION,ROAD_SURFACE,ROAD_COND_1,ROAD_COND_2,LIGHTING,CONTROL_DEVICE,CHP_ROAD_TYPE,PEDESTRIAN_ACCIDENT,BICYCLE_ACCIDENT,MOTORCYCLE_ACCIDENT,TRUCK_ACCIDENT,NOT_PRIVATE_PROPERTY,ALCOHOL_INVOLVED,STWD_VEHTYPE_AT_FAULT,CHP_VEHTYPE_AT_FAULT,COUNT_SEVERE_INJ,COUNT_VISIBLE_INJ,COUNT_COMPLAINT_PAIN,COUNT_PED_KILLED,COUNT_PED_INJURED,COUNT_BICYCLIST_KILLED,COUNT_BICYCLIST_INJURED,COUNT_MC_KILLED,COUNT_MC_INJURED,PRIMARY_RAMP,SECONDARY_RAMP,LATITUDE,LONGITUDE,COUNTY,CITY,POINT_X,POINT_Y
90380505,2017,2017-01-27,9420,2017-01-24,1404,018607,,2,2,9,1500,0,3,5,,2,530,"FLIGHTPATH WAY (19000 BLOCK)",SR-65,193.00,W,N,A,-,N,,,,,,,,,,N,2,0,1,1,A,-,03,22350,,N,E,I,A,A,H,-,A,D,0,,,Y,,Y,,C,02,1,0,0,0,0,0,0,0,1,"- ","- ",35.447539999999996,-119.07566,KERN,UNINCORPORATED,,
90381351,2017,2017-02-24,9420,2017-01-24,1655,017256,,2,2,9,1500,0,3,5,,2,630,"S. REAL RD","MADRID AVE",120.00,N,N,A,-,N,,,,,,,,,,Y,2,0,1,2,A,-,11,21954,A,N,G,B,D,A,H,-,D,D,0,Y,,,,Y,,N,60,1,0,0,0,1,0,0,0,0,"- ","- ",35.341830000000002,-119.04343,KERN,UNINCORPORATED,-119.04337855,35.3415192
90387133,2017,2017-03-13,9420,2017-02-04,2150,018135,,6,2,9,1500,0,3,5,,2,050,"SEQUOIA DRIVE","SHARON PLACE",108.00,S,N,A,-,N,,,,,,,,,,Y,2,0,1,2,A,-,01,23152,A,N,A,G,A,A,H,-,D,A,0,,Y,,,Y,Y,D,22,1,0,0,0,0,0,1,0,0,"- ","- ",35.41122,-119.03415,KERN,UNINCORPORATED,-119.03415707000001,35.411313659999998
90394117,2017,2017-02-15,9420,2017-02-11,1740,020501,,6,2,9,1500,0,3,5,,2,040,"ROUND MOUNTAIN ROAD","CHINA GRADE LOOP",5280.00,N,N,A,-,N,,,,,,,,,,Y,2,0,1,1,A,-,03,22350,,N,F,A,A,A,H,-,D,D,0,,,Y,,Y,,C,02,1,0,0,0,0,0,0,0,1,"- ","- ",35.43441,-118.9512,KERN,UNINCORPORATED,-118.96774000000001,35.427779999999998
90401857,2017,2017-02-28,9426,2017-01-17,1828,019206,,2,2,9,1500,0,1,3,,1,167,"STATE ROUTE 166","BASIC SCHOOL ROAD",5280.00,W,N,A,-,Y,,,166,,,,,,,Y,1,1,1,3,A,-,08,22107,,N,A,C,A,A,H,-,D,D,0,,,,Y,Y,,A,01,0,0,1,0,0,0,0,0,0,"- ","- ",35.058120000000002,-119.31586,KERN,UNINCORPORATED,-119.31586015000001,35.058058209999999
9041626,2020,2020-02-24,1506,2020-01-02,1352,2692,37,4,5,4,1506,0,0,0,,0,,"S CHINA LAKE BL","W HALOID AV",0.00,,Y,A,-,N,,,,,,,,,,Y,2,0,1,2,A,-,09,21802,,N,D,C,A,A,H,-,A,-,0,,,Y,,Y,,C,02,1,0,0,0,0,0,0,0,1,"- ","- ",35.616111755371094,-117.67014312744141,KERN,RIDGECREST,-117.67005920410156,35.616161346435547
90421757,2017,2017-03-27,9420,2017-03-23,0845,015977,,4,1,9,1500,0,1,3,,2,178,SR-178,"DEMOCRAT RD",1056.00,W,N,A,-,Y,,,178,,,,,,,Y,2,0,5,2,A,-,01,23152,A,N,A,C,A,A,H,-,A,D,0,,,,,Y,Y,A,01,1,2,2,0,0,0,0,0,0,"- ","- ",35.526780000000002,-118.66432,KERN,UNINCORPORATED,-118.66433944000001,35.52687573
90428322,2017,2017-04-05,9420,2017-03-25,1815,016691,,6,2,9,1500,0,3,5,,2,040,"RIVER BLVD","IRENE ST",58.00,N,N,B,-,N,,,,,,,,,,N,2,0,1,2,A,-,11,21954,A,N,G,B,D,A,H,-,D,D,0,Y,,,,Y,,N,60,1,0,0,0,1,0,0,0,0,"- ","- ",35.393619999999999,-118.98519,KERN,UNINCORPORATED,-118.98516339,35.393579119999998
90431168,2017,2017-04-10,9420,2017-04-06,0542,015259,,4,3,9,1500,0,3,5,,2,671,"DI GIORGIO ROAD","TEJON HIGHWAY",0.00,,Y,B,-,N,,,,,,,,,,Y,2,0,2,2,A,-,09,21802,A,N,D,C,A,A,H,-,D,A,0,,,,,Y,,A,07,1,1,0,0,0,0,0,0,0,"- ","- ",35.252569999999999,-118.82469,KERN,UNINCORPORATED,-118.82471011,35.252730040000003
90442473,2017,2017-04-26,9420,2017-04-19,1735,018932,,3,2,9,1500,0,3,5,,2,672,"CASA LOMA DR","MADISON ST",0.00,,Y,A,-,N,,,,,,,,,,Y,2,0,1,4,A,-,01,23152,A,M,D,C,A,A,H,-,A,A,0,,,,,Y,Y,D,22,1,0,0,0,0,0,0,0,0,"- ","- ",35.339440000000003,-118.99419,KERN,UNINCORPORATED,-118.99426011,35.339450030000002
90446491,2017,2017-05-01,9830,2017-04-22,1323,015116,,6,1,9,1500,0,3,5,,2,003,"LEONA LN","55TH STREET WEST",313.00,W,N,A,-,N,,,,,,,,,,N,2,0,1,1,A,-,01,23152,A,N,F,A,A,A,H,-,A,A,0,,,Y,,Y,Y,C,06,1,0,0,0,0,0,0,0,1,"- ","- ",34.858199999999997,-118.2302,KERN,UNINCORPORATED,-118.23014125,34.858289999999997
90449221,2017,2017-05-17,9830,2017-03-10,0130,018857,,5,3,9,1500,0,1,3,,2,010,"STATE ROUTE 58 EASTBOUND","STATE ROUTE 202",1724.00,W,N,A,-,Y,,,58,,,,,,E,Y,1,1,0,1,A,-,08,22107,,N,F,A,A,A,H,-,D,D,0,,,,,Y,,A,01,0,0,0,0,0,0,0,0,0,"- ","- ",35.14584,-118.47006,KERN,UNINCORPORATED,-118.46996052,35.145828029999997
90449472,2017,2017-05-04,9430,2017-04-28,2100,018681,,5,2,9,1500,0,1,1,,2,054,"I-5 N/B (GOLDEN STATE FREEWAY)","SERVICE ROAD OVER-CROSS",1921.00,S,N,A,-,Y,,,5,,,,,,N,Y,2,0,1,1,A,-,08,22107,,N,E,I,A,A,H,-,D,D,0,,,,,Y,,D,22,1,0,0,0,0,0,0,0,0,"- ","- ",34.967129999999997,-118.93895999999999,KERN,UNINCORPORATED,-118.93904974,34.967100840000001
90458621,2017,2017-05-18,9430,2017-05-11,1606,018627,,4,2,9,1500,0,1,1,,2,053,"I-5 S/B (GOLDEN STATE FREEWAY)","GRAPEVINE UNDERCROSSING",1584.00,S,N,A,-,Y,,,5,,,,,,S,Y,2,0,2,2,A,-,03,22350,,N,C,C,A,A,H,-,A,D,0,,,,Y,Y,,A,01,1,0,1,0,0,0,0,0,0,"- ","- ",34.93385,-118.93089999999999,KERN,UNINCORPORATED,-118.93088045,34.933848910000002
90460894,2017,2017-05-22,9420,2017-05-09,1832,016969,,2,2,9,1500,0,3,5,,2,671,"COMANCHE DR","BUENA VISTA BLVD",1056.00,N,N,A,-,Y,,,,,,,,,,Y,2,0,1,1,A,-,08,22107,,N,E,I,A,A,H,-,A,D,0,,,,,Y,,A,07,1,0,0,0,0,0,0,0,0,"- ","- ",35.240969999999997,-118.84251999999999,KERN,UNINCORPORATED,-118.84256306,35.24102714
90467971,2017,2017-05-31,9420,2017-04-26,1658,017256,,3,2,9,1500,0,1,3,,1,650,"STATE ROUTE 65","MERCED AVE",1056.00,S,N,A,-,Y,,,65,,,,,,,Y,1,1,6,3,A,-,08,22107,,N,A,C,A,A,H,-,A,D,0,,,,,Y,,A,01,5,1,0,0,0,0,0,0,0,"- ","- ",35.526150000000001,-119.08159999999999,KERN,UNINCORPORATED,-119.08161242,35.526147260000002
90474746,2017,2017-06-09,9420,2017-06-07,1605,019513,,3,2,9,1500,0,3,5,,2,410,"JACK RANCH ROAD","WHITE RIVER ROAD",6864.00,N,N,A,-,N,,,,,,,,,,Y,2,0,1,1,A,-,01,23152,F,N,E,I,A,A,H,-,A,D,0,,,,,Y,,D,22,1,0,0,0,0,0,0,0,0,"- ","- ",35.751649999999998,-118.71578,KERN,UNINCORPORATED,-118.71506189,35.75260316
90476868,2017,2017-06-13,9830,2017-03-01,1924,021137,,3,2,9,1500,0,1,3,,1,050,US-395,"BOWMAN ROAD",5808.00,S,N,A,-,Y,,,395,,,,,,,Y,1,1,0,2,D,-,00,,,N,G,B,E,A,H,-,D,D,0,Y,,,Y,Y,,-,"- ",0,0,0,1,0,0,0,0,0,"- ","- ",35.59355,-117.75055999999999,KERN,UNINCORPORATED,-117.75056116,35.593549000000003
90478514,2017,2017-06-15,9420,2017-06-03,1300,014811,,6,1,9,1500,0,1,3,,2,097,"SR-99 S/B","HOUGHTON ROAD",528.00,N,N,A,-,Y,,,,,,,,,,Y,2,0,2,1,A,-,08,22107,,N,E,I,A,A,H,-,A,D,0,,,,,Y,,A,07,1,1,0,0,0,0,0,0,0,"- ","- ",35.142580000000002,-119.05750999999999,KERN,UNINCORPORATED,,
90480169,2017,2017-06-19,9420,2017-06-11,0405,019140,,7,3,9,1500,0,1,3,,2,090,"STATE ROUTE 99 N/B","PERKINS AVENUE",1584.00,N,N,A,-,Y,,,99,,,,,,N,Y,2,0,2,1,A,-,01,23152,A,N,E,I,A,A,H,-,E,D,0,,,,,Y,Y,A,01,1,0,1,0,0,0,0,0,0,"- ","- ",35.68835,-119.2295,KERN,UNINCORPORATED,-119.22944274,35.688363359999997
90482464,2017,2017-06-21,9426,2017-06-11,2303,017230,,7,3,9,1500,0,1,3,,1,461,SR-46,"MC COY AVE",528.00,E,N,A,-,Y,,,46,,,,,,,Y,2,0,4,3,A,-,05,21650,,N,B,C,A,A,H,-,D,D,0,,,,,Y,,A,01,1,1,2,0,0,0,0,0,0,"- ","- ",35.60116,-119.52482000000001,KERN,UNINCORPORATED,-119.52481997,35.60107764
90483625,2017,2017-06-22,9420,2017-05-11,1933,019868,,4,2,9,1500,0,3,5,,2,671,"BUENA VISTA BOULEVARD","SOUTH VINELAND ROAD",0.00,,Y,A,-,N,,,,,,,,,,Y,1,1,5,2,A,-,09,21802,A,N,D,C,A,A,H,-,A,A,0,,,,,Y,,D,22,2,1,2,0,0,0,0,0,0,"- ","- ",35.237909999999999,-118.89619,KERN,UNINCORPORATED,-118.89619999999999,35.237910030000002
90486296,2017,2017-06-23,9420,2017-06-17,0922,018608,,6,1,9,1500,0,1,3,,2,589,"SR-58 W/B","GENERAL BEALE RD.",9504.00,E,N,A,-,Y,,,58,,,,,,W,Y,2,0,1,1,A,-,08,22107,,N,F,I,A,A,H,-,A,D,0,,,,,Y,,A,01,1,0,0,0,0,0,0,0,0,"- ","- ",35.28022,-118.72539999999999,KERN,UNINCORPORATED,-118.72543894,35.280152559999998
90487634,2017,2017-06-26,9420,2017-06-18,1631,019442,,7,2,9,1500,0,3,5,,2,510,"GARCES HWY.",SR-43,702.00,E,N,A,-,N,,,,,,,,,,Y,2,0,1,1,A,-,08,22107,,N,E,I,A,A,H,-,A,D,0,,,,,Y,,M,46,1,0,0,0,0,0,0,0,0,"- ","- ",35.761150000000001,-119.34219,KERN,UNINCORPORATED,-119.34207624,35.761226749999999
90494507,2017,2017-07-05,9420,2017-06-15,0906,012768,,4,1,9,1500,0,3,5,,2,540,"POND ROAD","MELCHER ROAD",918.00,W,N,A,-,N,,,,,,,,,,Y,2,0,1,2,A,-,05,21650,,N,A,C,A,A,H,-,A,D,0,,,,Y,Y,,A,07,1,0,0,0,0,0,0,0,0,"- ","- ",35.717700000000001,-119.27922,KERN,UNINCORPORATED,-119.27948924,35.717743149999997
90495437,2017,2017-09-29,9426,2017-06-16,1757,018919,,5,2,9,1500,0,1,1,,2,504,"I-5 S/B",SR-223,3696.00,N,N,A,-,Y,,,5,,,,,,S,Y,1,2,1,1,A,-,08,22107,,N,F,I,A,A,H,-,A,D,0,,,,,Y,,A,01,0,1,0,0,0,0,0,0,0,"- ","- ",35.218220000000002,-119.17285,KERN,UNINCORPORATED,-119.17284017999999,35.218230429999998
90495773,2017,2017-07-07,9420,2017-06-30,1850,019868,,5,2,9,1500,0,1,3,,2,177,SR-178,"COW FLAT RD",36960.00,W,N,A,-,Y,,,178,,,,,,,Y,2,0,2,1,A,-,01,23152,A,N,E,I,A,A,H,-,A,D,0,,,Y,,Y,Y,C,02,2,0,0,0,0,0,0,0,2,"- ","- ",35.474850000000004,-118.73124,KERN,UNINCORPORATED,-118.73119389,35.474871280000002
90499363,2017,2017-07-12,9426,2017-07-10,1510,015472,,1,2,9,1500,0,1,1,,2,506,"I-5 N/B","MILLUX RD",1056.00,N,N,A,-,Y,,,5,,,,,,N,Y,2,0,2,2,A,-,07,21658,A,N,C,C,A,A,H,-,A,A,0,,,,Y,Y,,A,07,1,1,0,0,0,0,0,0,0,"- ","- ",35.183,-119.1343,KERN,UNINCORPORATED,-119.13426221,35.18304182
90502802,2017,2017-07-18,9426,2017-07-08,2009,018919,,6,2,9,1500,0,3,5,,2,081,"OLIVE AVENUE","CRYSTAL STREET",0.00,,Y,A,-,N,,,,,,,,,,Y,2,0,1,2,A,-,11,21954,A,N,G,B,D,A,H,-,A,A,0,Y,,,,Y,,N,60,1,0,0,0,1,0,0,0,0,"- ","- ",35.134480000000003,-119.45614999999999,KERN,UNINCORPORATED,-119.45621987,35.134500109999998
90508112,2017,2018-04-20,9830,2017-07-19,0045,019615,,3,3,9,1500,0,1,3,,1,052,SR-178,SR-14,0.00,,Y,A,-,Y,,,178,,,,,,,Y,1,1,0,1,A,-,12,22450,A,N,E,I,A,A,H,-,C,A,0,,,,,Y,,D,22,0,0,0,0,0,0,0,0,0,"- ","- ",35.63926,-117.88378,KERN,UNINCORPORATED,-117.88364927000001,35.639340050000001
90514847,2017,2017-08-30,9830,2017-06-03,2102,019872,,6,2,9,1500,0,1,3,,2,010,"STATE ROUTE 58 EASTBOUND","KEENE UNDERCROSSING BRIDGE",1848.00,W,N,A,-,Y,,,58,,,,,,E,Y,1,1,0,3,A,-,03,22350,,N,C,C,A,A,A,-,D,D,0,,,Y,Y,Y,,C,02,0,0,0,0,0,0,0,1,0,"- ","- ",35.228529999999999,-118.56872,KERN,UNINCORPORATED,-118.56870133,35.228531279999999
90515732,2017,2017-08-03,9426,2017-06-01,1110,015548,,4,1,9,1500,0,1,3,,1,118,"STATE ROUTE 119","CEDAR STREET",845.00,E,N,A,-,Y,,,119,,,,,,,Y,1,1,0,1,A,-,08,22107,,N,E,I,A,A,H,-,A,D,0,,,,,Y,,A,01,0,0,0,0,0,0,0,0,0,"- ","- ",35.156709999999997,-119.44797,KERN,UNINCORPORATED,-119.44819445,35.156616290000002
90517009,2017,2017-08-04,9420,2017-05-19,1842,020585,,5,2,9,1500,0,2,4,,1,052,"ROBERTS LANE","OILDALE DRIVE",36.00,W,N,A,-,N,,,,,,,,,,N,1,1,0,2,A,-,12,21453,A,N,F,A,A,A,H,-,A,A,0,,,Y,,Y,,C,03,0,0,0,0,0,0,0,1,0,"- ","- ",35.408569999999997,-119.03024000000001,KERN,UNINCORPORATED,-119.03007066000001,35.408630000000002
90520440,2017,2017-08-10,9830,2017-08-03,1433,021137,,4,2,9,1500,0,1,3,,1,050,SR-14,"BOWMAN ROAD",1056.00,N,N,B,-,Y,,,14,,,,,,,Y,2,0,6,2,A,-,08,22107,,N,B,C,A,A,D,H,A,D,0,,,,,Y,,D,22,1,0,5,0,0,0,0,0,0,"- ","- ",35.610520000000001,-117.89839000000001,KERN,UNINCORPORATED,-117.89845341,35.610552509999998
90527102,2017,2017-08-21,9420,2017-08-08,0225,020784,,2,3,9,1500,0,1,3,,2,092,"SR-99 N/B","LERDO HWY.",7920.00,S,N,A,-,Y,,,,,,,,,,Y,2,0,1,1,A,-,01,23152,A,N,F,A,A,A,H,-,C,D,0,,,,,Y,Y,A,01,1,0,0,0,0,0,0,0,0,"- ","- ",34.426079999999999,-119.06480000000001,KERN,UNINCORPORATED,-119.16323,35.499650000000003
90529950,2017,2017-08-24,9430,2017-08-10,1430,015185,,4,2,9,1500,0,1,1,,2,053,"INTERSTATE 5 S/B (GOLDEN STATE FREEWAY)","GRAPEVINE RD",185.00,S,N,A,-,Y,,,5,,,,,,S,Y,2,0,1,2,A,-,03,22350,,N,C,C,A,A,H,-,A,D,0,,,,Y,Y,,G,25,1,0,0,0,0,0,0,0,0,"- ","- ",34.938499999999998,-118.93076000000001,KERN,UNINCORPORATED,-118.93071043,34.938499200000003
90535287,2017,2017-08-28,9830,2017-07-15,0945,015252,,6,1,9,1500,0,1,3,,1,050,"STATE ROUTE 14","HORSE CANYON ROAD",8448.00,S,N,A,-,Y,,,14,,,,,,,Y,1,2,1,3,A,-,06,21751,,N,A,C,A,A,H,-,A,D,0,,,,Y,Y,,A,01,0,0,1,0,0,0,0,0,0,"- ","- ",35.461489999999998,-117.96668,KERN,UNINCORPORATED,-117.96668726999999,35.461493279999999
90540559,2017,2017-09-07,9420,2017-08-16,0540,012768,,3,3,9,1500,0,1,3,,2,431,SR-43,"POPLAR AVENUE",0.00,,Y,A,-,Y,,,43,,,,,,,Y,2,0,4,3,A,-,09,21802,A,N,D,C,A,A,H,-,D,A,0,,,,,Y,,A,01,1,0,3,0,0,0,0,0,0,"- ","- ",35.520539999999997,-119.29585,KERN,UNINCORPORATED,-119.2957837,35.52062119
90543162,2017,2017-09-07,9420,2017-09-04,0020,019963,,1,3,9,1500,0,1,3,,1,119,"STATE ROUTE 119 (TAFT HWY)","ALLEN ROAD",750.00,W,N,A,-,Y,,,119,,,,,,,Y,2,0,1,1,A,-,01,23152,A,N,F,A,A,A,H,-,C,D,0,,,,,Y,Y,A,07,1,0,0,0,0,0,0,0,0,"- ","- ",35.267130000000002,-119.1618,KERN,UNINCORPORATED,-119.16180006,35.267171699999999
90546436,2017,2017-09-13,9426,2017-09-07,0520,015576,,4,3,9,1500,0,1,3,,1,461,SR-46,"BUFORD ST",6864.00,E,N,A,-,Y,,,46,,,,,,,Y,1,1,1,2,A,-,08,22107,,N,D,C,A,A,H,-,D,D,0,,,,,Y,,A,01,0,1,0,0,0,0,0,0,0,"- ","- ",35.616070000000001,-119.62598,KERN,UNINCORPORATED,-119.6259798,35.616102570000002
90546492,2017,2017-09-13,9420,2017-09-02,0413,021746,,6,3,9,1500,0,1,3,,2,091,"SR-99 SOUTHBOUND","7TH STANDARD ROAD",9979.00,N,N,A,-,Y,,,99,,,,,,S,Y,2,0,1,1,A,-,01,23152,A,N,E,I,A,A,H,-,D,D,0,,,,,Y,Y,A,01,1,0,0,0,0,0,0,0,0,"- ","- ",35.458959999999998,-119.11047000000001,KERN,UNINCORPORATED,-119.11053256,35.458877049999998
90547658,2017,2017-09-14,9420,2017-06-11,2500,017256,,7,4,9,1500,0,1,3,,2,090,"STATE ROUTE 99, NORTHBOUND","LERDO CANAL",15.00,S,N,A,-,Y,,,99,,,,,,N,Y,1,1,0,1,A,-,08,22107,,N,E,I,A,A,H,-,D,D,0,,,,,Y,,A,01,0,0,0,0,0,0,0,0,0,"- ","- ",35.45926,-119.10993999999999,KERN,UNINCORPORATED,-119.11019563000001,35.458920749999997
90550130,2017,2017-09-18,9420,2017-09-09,1935,019442,,6,2,9,1500,0,1,3,,2,090,"SR-99 N/B","COUNTY LINE RD.",2640.00,S,N,A,-,Y,,,,,,,,,,Y,2,0,1,1,A,-,08,22107,,N,E,I,A,A,H,-,D,D,0,,,,,Y,,D,22,1,0,0,0,0,0,0,0,0,"- ","- ",35.781590000000001,-119.25306,KERN,UNINCORPORATED,,
90551482,2017,2017-09-19,9426,2017-09-17,1830,016921,,7,2,9,1500,0,3,5,,2,082,"STOCKDALE HWY","WASCO WAY",1056.00,E,N,A,-,N,,,,,,,,,,Y,2,0,1,1,A,-,01,23152,A,N,E,I,A,A,H,-,A,D,0,,,,,Y,Y,D,22,1,0,0,0,0,0,0,0,0,"- ","- ",35.354680000000002,-119.44443,KERN,UNINCORPORATED,-119.44410231000001,35.354539369999998
90551520,2017,2017-09-19,9420,2017-07-03,1745,015896,,1,2,9,1500,0,3,5,,2,540,"WILDWOOD ROAD","MCCOMBS AVENUE",0.00,,Y,A,-,N,,,,,,,,,,Y,1,1,2,2,A,-,01,23152,A,N,D,C,A,A,H,-,A,A,0,,,,,Y,Y,A,01,0,1,1,0,0,0,0,0,0,"- ","- ",35.6158,-119.4379,KERN,UNINCORPORATED,-119.43786987999999,35.615890110000002
90553168,2017,2017-09-21,9426,2017-09-14,0630,016162,,4,1,9,1500,0,3,5,,2,085,"MAIN DRAIN RD","LERDO HWY",1584.00,N,N,A,-,N,,,,,,,,,,Y,2,0,1,1,A,-,08,22107,,N,F,A,A,A,H,-,B,D,0,,,,,Y,,A,07,1,0,0,0,0,0,0,0,0,"- ","- ",35.50365,-119.6044,KERN,UNINCORPORATED,-119.60433082999999,35.503540479999998
90554814,2017,2017-09-25,9420,2017-08-25,2010,019316,,5,2,9,1500,0,3,5,,2,040,"RIVER BOULEVARD","GOODMAN STREET",100.00,S,N,A,-,N,,,,,,,,,,N,1,1,0,2,A,-,11,21954,A,F,G,B,E,A,H,-,C,D,0,Y,,,,Y,,N,60,0,0,0,1,0,0,0,0,0,"- ","- ",35.391800000000003,-118.9851,KERN,UNINCORPORATED,-118.98516591000001,35.392095640000001
90556259,2017,2017-09-26,9426,2017-09-17,0930,015466,,7,1,9,1500,0,1,3,,2,330,"SR-33 S/B","TWISSELMAN RD",23760.00,S,N,A,-,Y,,,33,,,,,,S,Y,2,0,1,2,A,-,03,22350,,N,D,C,A,A,H,-,A,D,0,,,,Y,Y,,A,07,1,0,0,0,0,0,0,0,0,"- ","- ",35.673229999999997,-119.90741,KERN,UNINCORPORATED,-119.90740682000001,35.673232040000002
90556356,2017,2017-09-26,9420,2017-09-17,1110,018608,,7,1,9,1500,0,1,3,,2,178,"SR-178 E/B","COTTONWOOD CREEK",36432.00,E,N,A,-,Y,,,178,,,,,,E,Y,2,0,1,1,A,-,08,22107,,N,E,I,A,A,H,-,A,D,0,,,Y,,Y,,C,02,1,0,0,0,0,0,0,0,1,"- ","- ",35.4786,-118.73896999999999,KERN,UNINCORPORATED,-118.73897404,35.478634589999999
90561023,2017,2017-10-02,9830,2017-09-22,1610,019400,,5,2,9,1500,0,1,3,,1,040,"SR-14 N/B","REDROCK RANDSBURG RD",430.00,N,N,A,-,Y,,,,,,,,,,Y,2,0,4,2,A,-,21,22106,,N,D,C,A,A,G,-,A,D,0,,,,,Y,,A,07,1,2,1,0,0,0,0,0,0,"- ","- ",35.180840000000003,-117.59524999999999,KERN,UNINCORPORATED,-117.98597313,35.31311814
90562083,2017,2017-10-03,9420,2017-08-22,2315,020040,,2,3,9,1500,0,1,3,,1,583,"STATE ROUTE 58 (ROSEDALE HIGHWAY)","NORD ROAD",0.00,,Y,A,-,Y,,,58,,,,,,,Y,1,4,0,2,A,-,12,22450,A,N,D,C,A,A,H,-,C,A,0,,,,Y,Y,,A,01,0,0,0,0,0,0,0,0,0,"- ","- ",35.383400000000002,-119.19880000000001,KERN,UNINCORPORATED,-119.19880022,35.38347401
90562331,2017,2017-10-05,9830,2017-10-01,1140,015252,,7,1,9,1500,0,1,2,,1,054,"US HIGHWAY 395","SEARLES STATION ROAD",3168.00,S,N,A,-,Y,,,395,,,,,,,Y,2,0,2,2,A,-,06,21751,,N,A,C,A,A,H,-,A,D,0,,,,,Y,,A,01,1,1,0,0,0,0,0,0,0,"- ","- ",35.465299999999999,-117.65494,KERN,UNINCORPORATED,-117.65493084000001,35.465299000000002
90563210,2017,2017-10-04,9426,2017-09-26,1955,018919,,2,2,9,1500,0,1,1,,2,504,"I-5 S/B","STOCKDALE HWY",6864.00,N,N,A,-,Y,,,5,,,,,,S,Y,2,0,1,1,A,-,01,23152,A,N,F,I,A,A,H,-,D,D,0,,,,,Y,Y,A,07,1,0,0,0,0,0,0,0,0,"- ","- ",35.366300000000003,-119.3524,KERN,UNINCORPORATED,-119.35236522,35.36634901
90564867,2017,2017-10-06,9420,2017-09-26,0810,014770,,2,1,9,1500,0,3,5,,2,510,"PETERSON RD.","ZACHARY AVE.",2277.00,E,N,A,-,N,,,,,,,,,,Y,2,0,3,5,A,-,08,22107,,N,D,C,F,A,H,-,A,D,0,Y,,,Y,Y,,A,07,1,0,2,0,1,0,0,0,0,"- ","- ",35.421219999999998,-119.10477,KERN,UNINCORPORATED,-119.17935943000001,35.70345382
90566597,2017,2017-10-23,9830,2017-09-07,0535,019883,,4,3,9,1500,0,1,2,,1,053,US-395,"BOWMAN ROAD",0.00,,Y,A,-,Y,,,,,,,,,,Y,1,1,2,2,A,-,09,21802,A,N,D,C,A,A,H,-,D,A,0,,,,Y,Y,,D,22,0,1,1,0,0,0,0,0,0,"- ","- ",35.364570000000001,-117.4577,KERN,UNINCORPORATED,-117.7627001,35.607600089999998
90567164,2017,2017-10-11,9830,2017-08-10,2500,014774,,4,4,9,1500,0,2,4,,1,032,"SIERRA HIGHWAY","AVENUE A",1056.00,N,N,A,-,N,,,,,,,,,,Y,1,1,0,1,A,-,08,22107,,N,F,A,A,A,H,-,D,D,0,,,,,Y,,A,01,0,0,0,0,0,0,0,0,0,"- ","- ",34.823900000000002,-118.15666,KERN,UNINCORPORATED,-118.15653612,34.823550949999998
90567259,2017,2017-10-11,9420,2017-10-02,1655,019513,,1,2,9,1500,0,1,3,,2,155,"STATE ROUTE 155","CALGARY DRIVE",1056.00,W,N,A,-,Y,,,155,,,,,,,Y,2,0,1,1,A,-,03,22350,,N,E,I,A,A,H,-,A,D,0,,,Y,,Y,,C,02,1,0,0,0,0,0,0,0,1,"- ","- ",35.713290000000001,-118.48181,KERN,UNINCORPORATED,-118.48177379000001,35.713326789999996
90567675,2017,2017-10-11,9420,2017-10-02,1750,019513,,1,2,9,1500,0,1,3,,2,155,"STATE ROUTE 155","CALGARY DRIVE",14784.00,W,N,A,-,Y,,,155,,,,,,,Y,2,0,1,1,A,-,03,22350,,N,E,I,A,A,H,-,A,D,0,,,Y,,Y,,C,02,1,0,0,0,0,0,0,0,1,"- ","- ",35.724409999999999,-118.52469000000001,KERN,UNINCORPORATED,-118.52472274,35.724496979999998
90575019,2017,2017-10-24,9430,2017-10-15,1513,020504,,7,2,9,1500,0,1,1,,2,052,"I-5 N/B (GOLDEN STATE FWY)","LEBEC SERVICE ROAD",695.00,N,N,A,-,Y,,,5,,,,,,N,N,2,0,1,3,A,-,03,22350,,N,C,C,A,A,H,-,A,D,0,,,Y,,Y,,C,02,1,0,0,0,0,0,0,0,1,"- ","- ",34.840690000000002,-118.86375,KERN,UNINCORPORATED,-118.8637039,34.840732819999999
90576868,2017,2017-11-27,9420,2017-10-19,2500,020163,,4,4,9,1500,0,3,5,,2,550,"FAMOSO RD.","WALLACE RD.",80.00,E,N,A,-,N,,,,,,,,,,Y,2,0,1,1,A,-,08,22107,,F,F,A,A,A,H,-,D,D,0,,,,,Y,,A,01,1,0,0,0,0,0,0,0,0,"- ","- ",35.602029999999999,-119.16876999999999,KERN,UNINCORPORATED,-119.1685712,35.602070009999998