CASE_ID,ACCIDENT_YEAR,PROC_DATE,JURIS,COLLISION_DATE,COLLISION_TIME,OFFICER_ID,REPORTING_DISTRICT,DAY_OF_WEEK,CHP_SHIFT,POPULATION,CNTY_CITY_LOC,SPECIAL_COND,BEAT_TYPE,CHP_BEAT_TYPE,CITY_DIVISION_LAPD,CHP_BEAT_CLASS,BEAT_NUMBER,PRIMARY_RD,SECONDARY_RD,DISTANCE,DIRECTION,INTERSECTION,WEATHER_1,WEATHER_2,STATE_HWY_IND,CALTRANS_COUNTY,CALTRANS_DISTRICT,STATE_ROUTE,ROUTE_SUFFIX,POSTMILE_PREFIX,POSTMILE,LOCATION_TYPE,RAMP_INTERSECTION,SIDE_OF_HWY,TOW_AWAY,COLLISION_SEVERITY,NUMBER_KILLED,NUMBER_INJURED,PARTY_COUNT,PRIMARY_COLL_FACTOR,PCF_CODE_OF_VIOL,PCF_VIOL_CATEGORY,PCF_VIOLATION,PCF_VIOL_SUBSECTION,HIT_AND_RUN,TYPE_OF_COLLISION,MVIW,PED_ACTION,ROAD_SURFACE,ROAD_COND_1,ROAD_COND_2,LIGHTING,CONTROL_DEVICE,CHP_ROAD_TYPE,PEDESTRIAN_ACCIDENT,BICYCLE_ACCIDENT,MOTORCYCLE_ACCIDENT,TRUCK_ACCIDENT,NOT_PRIVATE_PROPERTY,ALCOHOL_INVOLVED,STWD_VEHTYPE_AT_FAULT,CHP_VEHTYPE_AT_FAULT,COUNT_SEVERE_INJ,COUNT_VISIBLE_INJ,COUNT_COMPLAINT_PAIN,COUNT_PED_KILLED,COUNT_PED_INJURED,COUNT_BICYCLIST_KILLED,COUNT_BICYCLIST_INJURED,COUNT_MC_KILLED,COUNT_MC_INJURED,PRIMARY_RAMP,SECONDARY_RAMP,LATITUDE,LONGITUDE,COUNTY,CITY,POINT_X,POINT_Y
90577216,2017,2017-10-24,9420,2017-10-16,1921,017560,,1,2,9,1500,0,1,3,,1,184,SR-184,"MAXEY DR.",63.00,N,N,A,-,Y,,,184,,,,,,,Y,2,0,1,2,A,-,08,22107,,N,A,C,A,A,H,-,D,A,0,,,Y,,Y,,C,02,1,0,0,0,0,0,0,0,1,"- ","- ",35.239440000000002,-118.91451000000001,KERN,UNINCORPORATED,-118.91443855999999,35.239439769999997
90578479,2017,2017-10-25,9426,2017-09-11,0450,014716,,1,3,9,1500,0,3,5,,2,085,"TWISSELMAN ROAD","RATKIN ROAD",1584.00,W,N,A,-,N,,,,,,,,,,Y,1,1,1,2,A,-,05,21650,,N,A,C,A,A,H,-,D,D,0,,,,,Y,,A,01,1,0,0,0,0,0,0,0,0,"- ","- ",35.731430000000003,-119.78513,KERN,UNINCORPORATED,-119.78387296,35.731466959999999
90585518,2017,2018-02-06,9420,2017-09-15,2050,017256,,5,2,9,1500,0,1,3,,2,154,"STATE ROUTE 155","STATE ROUTE 65",39600.00,E,N,A,-,Y,,,155,,,,,,,Y,1,1,0,1,A,-,01,23152,A,N,F,A,A,A,H,-,D,D,0,,,,,Y,Y,A,07,0,0,0,0,0,0,0,0,0,"- ","- ",35.746600000000001,-118.92625,KERN,UNINCORPORATED,-118.92622833,35.74655336
90591023,2017,2017-11-09,9420,2017-10-28,1910,021547,,6,2,9,1500,0,1,3,,2,178,"SR-178 E/B","KELSO CREEK ROAD",0.00,,Y,A,-,Y,,,178,,,,,,E,Y,2,0,2,2,A,-,09,21802,A,N,D,C,A,A,H,-,D,D,0,,,Y,,Y,,A,01,1,0,1,0,0,0,0,0,1,"- ","- ",35.66713,-118.26748000000001,KERN,UNINCORPORATED,-118.26750070999999,35.667228989999998
90591403,2017,2017-11-09,9830,2017-11-03,1318,014774,,5,1,9,1500,0,1,3,,2,030,"SR-14 S/B","ROSAMOMD BLVD.",1584.00,S,N,A,-,Y,,,14,,,,,,S,Y,2,0,1,2,A,-,07,21658,A,N,F,A,A,A,H,-,A,D,0,,,,,Y,,A,01,1,0,0,0,0,0,0,0,0,"- ","- ",34.859900000000003,-118.17167000000001,KERN,UNINCORPORATED,-118.17212748999999,34.859916769999998
90593369,2017,2017-11-13,9830,2017-11-03,1720,019762,,5,2,9,1500,0,3,5,,2,002,"JUNIPER AVE.","MIRAGE ST.",152.00,E,N,A,-,N,,,,,,,,,,N,2,0,1,2,C,-,18,,,N,E,I,A,A,H,-,A,D,0,,,,,Y,,-,"- ",1,0,0,0,0,0,0,0,0,"- ","- ",35.022039999999997,-117.41513,KERN,UNINCORPORATED,-117.69769013,35.006263760000003
90593659,2017,2017-12-15,9420,2017-10-08,0227,019686,,7,3,9,1500,0,1,3,,1,462,"STATE ROUTE 46","ROWLEE ROAD",1175.00,E,N,A,-,Y,,,46,,,,,,,Y,1,1,2,2,A,-,01,23152,A,N,C,C,A,A,H,-,D,D,0,,,,,Y,Y,A,01,0,1,1,0,0,0,0,0,0,"- ","- ",35.601179999999999,-119.46991,KERN,UNINCORPORATED,-119.4699097,35.601126899999997
90595950,2017,2017-11-16,9426,2017-10-25,1502,015472,,3,2,9,1500,0,1,1,,2,500,"INTERSTATE 5 NORTHBOUND","COUNTY LINE RD",9504.00,S,N,A,-,Y,,,5,,,,,,N,Y,1,1,0,1,A,-,08,22107,,N,E,I,A,A,H,-,A,A,0,,,,Y,Y,,F,26,0,0,0,0,0,0,0,0,0,"- ","- ",35.767200000000003,-119.7659,KERN,UNINCORPORATED,-119.76560044,35.767423520000001
90596547,2017,2017-11-17,9420,2017-11-15,0123,019351,,3,3,9,1500,0,1,3,,1,176,"SR-178, E/B TO OSWELL ST.","OSWELL ST.",86.00,W,N,A,-,Y,,,,,,,,,,Y,2,0,1,1,A,-,01,23152,A,N,E,I,A,A,H,-,C,A,0,,,,,Y,Y,A,01,1,0,0,0,0,0,0,0,0,"- ","- ",35.395139999999998,-118.95013,KERN,UNINCORPORATED,-118.95019815000001,35.39624843
90601004,2017,2017-11-22,9420,2017-11-10,1055,016767,,5,1,9,1500,0,3,5,,2,510,"ZACHARY AVENUE","CECIL AVENUE",0.00,,Y,A,-,N,,,,,,,,,,Y,2,0,4,2,A,-,09,21802,A,N,D,C,A,A,H,-,A,A,0,,,,Y,Y,,A,01,1,3,0,0,0,0,0,0,0,"- ","- ",35.775950000000002,-119.18747,KERN,UNINCORPORATED,-119.18747990999999,35.775930090000003
90609258,2017,2017-12-04,9830,2017-11-15,1645,016971,,3,2,9,1500,0,1,3,,1,040,"SR-14 N/B","CALIFORNIA CITY BLVD",6864.00,N,N,A,-,Y,,,,,,,,,,Y,2,0,4,2,A,-,07,21658,A,N,C,C,A,A,H,-,A,D,0,,,,,Y,,A,07,1,0,3,0,0,0,0,0,0,"- ","- ",35.082320000000003,-118.06449000000001,KERN,UNINCORPORATED,-118.11142782,35.14136096
90615439,2017,2017-12-12,9420,2017-11-05,1144,018608,,7,1,9,1500,0,1,3,,2,585,"STATE ROUTE 58, WESTBOUND","OSWELL STREET",2112.00,W,N,B,-,Y,,,,,,,,,,Y,1,1,0,1,A,-,08,22107,,N,E,I,A,A,H,-,A,D,0,,,,,Y,,A,07,0,0,0,0,0,0,0,0,0,"- ","- ",35.35277,-118.95904,KERN,UNINCORPORATED,,
90627570,2017,2017-12-27,9430,2017-11-05,1530,020504,,7,2,9,1500,0,3,5,,2,004,"LAVAL ROAD","OUTLETS DRIVE",8976.00,E,N,A,-,N,,,,,,,,,,Y,1,1,3,1,A,-,01,23152,A,F,E,J,A,A,H,-,A,D,0,,,,,Y,Y,D,22,3,0,0,0,0,0,0,0,0,"- ","- ",34.985129999999998,-118.90884,KERN,UNINCORPORATED,-118.90905976000001,34.984811209999997
90628147,2017,2017-12-27,9426,2017-12-06,0555,017581,,3,3,9,1500,0,1,3,,2,582,"STATE ROUTE 58 WESTBOUND","TRACY AVENUE",9.00,W,N,A,-,Y,,,58,,,,,,W,Y,1,1,0,2,A,-,08,22107,,N,B,C,A,A,H,-,B,A,0,,,Y,Y,Y,,C,02,0,0,0,0,0,0,0,1,0,"- ","- ",35.398890000000002,-119.39588999999999,KERN,UNINCORPORATED,-119.39589024999999,35.398863140000003
90634827,2017,2018-01-08,9830,2017-12-29,1215,014518,,5,1,9,1500,0,1,3,,1,040,"SR-14 N/B","MINARD TRAIL",1056.00,N,N,A,-,Y,,,14,,,,,,N,Y,2,0,1,1,A,-,08,22107,,N,F,A,A,A,H,-,A,D,0,,,,,Y,,A,07,1,0,0,0,0,0,0,0,0,"- ","- ",35.078420000000001,-118.16434,KERN,UNINCORPORATED,-118.16442816,35.078516639999997
90636910,2018,2018-01-10,9420,2018-01-02,2240,019963,,2,3,9,1500,0,3,5,,2,630,"COPUS ROAD",SR-99,5280.00,W,N,A,-,N,,,,,,,,,,Y,2,0,1,1,A,-,01,23152,A,N,E,J,A,A,H,-,D,D,0,,,,,Y,Y,A,01,1,0,0,0,0,0,0,0,0,"- ","- ",35.092628479003906,-118.97804260253906,KERN,UNINCORPORATED,-118.99710083007812,35.095355987548828
90640635,2017,2018-01-16,9830,2017-10-18,0700,014774,,3,1,9,1500,0,1,3,,1,022,"STATE ROUTE 58 WESTBOUND","BORAX ROAD",1109.00,W,N,A,-,Y,,,58,,,,,,W,Y,1,2,0,2,A,-,03,22350,,N,C,C,A,A,H,-,B,D,0,,,,Y,Y,,F,26,0,0,0,0,0,0,0,0,0,"- ","- ",35.00705,-117.71008999999999,KERN,UNINCORPORATED,-117.71009022,35.006986699999999
90652435,2018,2018-01-31,9420,2018-01-21,2110,019963,,7,2,9,1500,0,1,3,,1,184,"SR-184 (MAIN STREET)","DUNNSMERE STREET",1001.00,S,N,A,-,Y,,,184,,,,,,,Y,2,0,1,2,A,-,05,21651,A,F,A,C,A,A,H,-,C,D,0,,,,,Y,,D,22,1,0,0,0,0,0,0,0,0,"- ","- ",35.249740600585938,-118.91451263427734,KERN,UNINCORPORATED,-118.9144287109375,35.249740600585938
90652511,2018,2018-09-19,9420,2018-01-13,1109,018116,,6,1,9,1500,0,2,4,,1,075,"SOUTH UNION AVENUE","TAFT HIGHWAY",0.00,,Y,B,-,N,,,,,,,,,,Y,1,1,0,2,A,-,12,21453,A,N,D,C,A,A,H,-,A,A,0,,,Y,,Y,,C,02,0,0,0,0,0,0,0,1,0,"- ","- ",35.266799926757812,-119.00315093994141,KERN,UNINCORPORATED,-119.00315856933594,35.266849517822266
90652844,2018,2018-02-01,9420,2018-01-21,0009,019649,,7,3,9,1500,0,3,5,,2,610,"ALLEN LN","ALLEN RD",550.00,E,N,A,-,N,,,,,,,,,,N,2,0,1,2,A,-,11,21954,A,N,G,B,D,A,H,-,D,D,0,Y,,,,Y,Y,N,60,1,0,0,0,1,0,0,0,0,"- ","- ",35.388690948486328,-119.14363861083984,KERN,UNINCORPORATED,-119.14368438720703,35.388690948486328
90660197,2017,2018-02-13,9420,2017-11-19,1725,019856,,7,2,9,1500,0,2,4,,1,076,"COTTONWOOD ROAD","REESE AVENUE",0.00,,Y,A,-,N,,,,,,,,,,N,1,1,0,2,A,-,17,24250,,N,D,C,A,A,H,-,C,D,0,,,Y,,Y,,C,03,0,0,0,0,0,0,0,1,0,"- ","- ",35.341709999999999,-118.98545,KERN,UNINCORPORATED,-118.98544004999999,35.341710079999999
90661289,2018,2018-02-14,9420,2018-02-06,1620,018445,,2,2,9,1500,0,3,5,,2,040,"GRANITE ROAD","POSO FLAT ROAD",14784.00,N,N,A,-,N,,,,,,,,,,Y,2,0,2,1,A,-,01,23152,A,N,E,I,A,A,H,-,A,D,0,,,,,Y,Y,A,07,1,1,0,0,0,0,0,0,0,"- ","- ",35.390850067138672,-118.46112823486328,KERN,UNINCORPORATED,-118.77079010009766,35.651668548583984
90665622,2017,2018-03-26,9420,2017-11-24,1614,020585,,5,2,6,1502,0,1,3,,2,095,"STATE ROUTE 99, SOUTHBOUND","STATE ROUTE 119",354.00,N,N,A,-,Y,,,99,,,,,,S,Y,1,2,2,2,A,-,01,23152,A,N,C,E,A,A,H,-,A,D,0,,,,,Y,Y,D,22,0,2,0,0,0,0,0,0,0,"- ","- ",35.270600000000002,-119.02399,KERN,BAKERSFIELD,-119.02400064,35.270597350000003
90676006,2018,2018-03-06,9420,2018-03-05,1625,018445,,1,2,9,1500,0,3,5,,2,530,"LERDO HIGHWAY","WASCO AVENUE",1471.00,E,N,A,-,N,,,,,,,,,,Y,2,0,1,2,A,-,09,21804,A,N,D,C,A,A,H,-,A,D,0,,,Y,,Y,,C,02,1,0,0,0,0,0,0,0,1,"- ","- ",35.295768737792969,-119.19384765625,KERN,UNINCORPORATED,-119.32736968994141,35.499977111816406
90679914,2018,2018-03-12,9420,2018-03-03,2358,020040,,6,3,9,1500,0,1,3,,1,184,SR-184,"EAST WILSON ROAD",102.00,S,N,B,-,Y,,,184,,,,,,,Y,2,0,1,3,A,-,08,22107,,M,C,E,A,B,H,-,C,D,0,,,,,Y,,D,22,1,0,0,0,0,0,0,0,0,"- ","- ",35.331401824951172,-118.91390228271484,KERN,UNINCORPORATED,-118.91429901123047,35.331401824951172
90683714,2018,2018-03-16,9426,2018-01-12,0400,019206,,5,3,9,1500,0,1,3,,2,432,"STATE ROUTE 43","PANAMA LN.",0.00,,Y,E,-,Y,,,43,,,,,,,Y,2,0,1,2,A,-,03,22350,,N,D,C,A,A,H,-,C,D,0,,,,Y,Y,,A,07,1,0,0,0,0,0,0,0,0,"- ","- ",35.296180725097656,-119.25244903564453,KERN,UNINCORPORATED,-119.25247955322266,35.296180725097656
90699572,2018,2018-04-05,9420,2018-03-27,1330,018524,,2,1,9,1500,0,3,5,,2,510,SR-155,"DRIVER RD.",0.00,,Y,A,-,Y,,,155,,,,,,,Y,2,0,2,2,A,-,12,22450,A,N,D,C,A,A,H,-,A,A,0,,,,Y,Y,,G,25,1,1,0,0,0,0,0,0,0,"- ","- ",35.761379241943359,-119.20516204833984,KERN,UNINCORPORATED,-119.20516204833984,35.761409759521484
90704704,2018,2018-04-12,9426,2018-04-05,1530,018023,,4,2,9,1500,0,3,5,,2,087,"GARDNER FIELD RD","CADET RD",2640.00,N,N,A,-,N,,,,,,,,,,Y,2,0,1,1,A,-,01,23152,A,N,F,A,A,A,H,-,A,D,0,,,,,Y,Y,D,22,1,0,0,0,0,0,0,0,0,"- ","- ",35.108341217041016,-119.34584045410156,KERN,UNINCORPORATED,-119.34430694580078,35.106731414794922
90705546,2018,2018-04-16,9830,2018-04-04,1502,019317,,3,2,9,1500,0,1,3,,2,012,"STATE ROUTE 58 (E/B)","SAND CANYON RD",6864.00,W,N,A,-,Y,,,58,,,,,,,Y,2,0,2,3,A,-,01,23152,A,N,B,C,A,A,H,-,A,D,0,,,,Y,Y,Y,M,47,1,0,1,0,0,0,0,0,0,"- ","- ",35.110198974609375,-118.34523010253906,KERN,UNINCORPORATED,-118.34523010253906,35.110267639160156
90707331,2018,2018-04-17,9420,2018-04-10,2010,018643,,2,2,6,1502,0,1,3,,2,095,"SR-99 SOUTHBOUND","PLANZ ROAD",360.00,N,N,A,-,Y,,,99,,,,,,S,N,2,0,1,2,A,-,11,21956,,N,G,B,E,A,H,-,D,D,0,Y,,,,Y,Y,N,60,1,0,0,0,1,0,0,0,0,"- ","- ",35.326030731201172,-119.03858184814453,KERN,BAKERSFIELD,-119.03855895996094,35.326034545898438
9071277,2020,2020-11-09,1500,2020-05-26,2154,202050,WA-02,2,5,3,1510,0,0,0,,0,4401,"RT 46","RT 43",0.00,,Y,A,-,Y,KER,6,43,-,R,25.124,I,5,S,Y,2,0,1,2,A,-,21,22106,,N,D,C,A,A,H,-,C,D,0,,,,Y,Y,,A,01,1,0,0,0,0,0,0,0,0,"- ","- ",,,KERN,WASCO,-119.33368682861328,35.601535797119141
90717638,2018,2018-05-01,9420,2018-04-26,1915,020814,,4,2,9,1500,0,3,5,,2,070,"PARK DR. (1200 BLOCK)","NILES ST.",577.00,S,N,A,-,N,,,,,,,,,,N,2,0,1,2,A,-,11,21954,A,N,G,B,E,A,H,-,B,D,0,Y,,,,Y,,N,60,1,0,0,0,1,0,0,0,0,"- ","- ",35.374519348144531,-118.918701171875,KERN,UNINCORPORATED,-118.91866302490234,35.374668121337891
90720225,2018,2018-05-04,9420,2018-04-29,1840,021296,,7,2,9,1500,0,3,5,,2,070,"CAMINO SIERRA","PRIMERA VISTA",0.00,,Y,A,-,N,,,,,,,,,,N,2,0,2,2,A,-,09,21800,A,N,D,C,A,A,H,-,A,D,0,,,Y,,Y,,C,02,1,0,1,0,0,0,0,0,1,"- ","- ",35.379371643066406,-118.95675659179688,KERN,UNINCORPORATED,-118.95662689208984,35.379440307617188
90721093,2018,2018-05-07,9830,2018-04-28,1910,014774,,6,2,9,1500,0,3,5,,2,003,"70TH ST  W","BIRCH AVE.",126.00,S,N,A,-,N,,,,,,,,,,Y,2,0,1,1,A,-,01,23152,A,N,E,I,A,A,H,-,A,A,0,,,,,Y,Y,A,01,1,0,0,0,0,0,0,0,0,"- ","- ",34.821521759033203,-118.25525665283203,KERN,UNINCORPORATED,-118.25532531738281,34.821613311767578
90722101,2018,2018-05-08,9830,2018-04-29,0200,021470,,7,3,9,1500,0,2,4,,1,032,"SIERRA HIGHWAY","ROSAMOND BOULEVARD",6600.00,N,N,A,-,N,,,,,,,,,,Y,2,0,1,1,A,-,08,22107,,N,E,I,A,A,H,-,D,D,0,,,,,Y,,A,07,1,0,0,0,0,0,0,0,0,"- ","- ",34.881141662597656,-118.16546630859375,KERN,UNINCORPORATED,-118.16555023193359,34.882369995117188
90723504,2018,2018-05-10,9420,2018-04-28,2141,020093,,6,2,9,1500,0,1,3,,1,176,"SR-178 E/B FROM MORNING DR N/B","MORNING DR",1040.00,E,N,B,-,Y,,,,,,,,,,N,2,0,1,2,A,-,11,21954,A,F,G,B,E,A,H,-,C,D,0,Y,,,,Y,,N,60,1,0,0,0,1,0,0,0,0,"- ","- ",35.396499633789062,-118.90920257568359,KERN,UNINCORPORATED,-118.91307067871094,35.396648406982422
90727902,2018,2018-05-16,9420,2018-05-05,1110,015977,,6,1,9,1500,0,1,3,,2,155,SR-155,"PALA DR",3696.00,W,N,A,-,Y,,,155,,,,,,,N,2,0,1,1,A,-,08,22107,,N,F,A,A,A,H,-,A,D,0,,,Y,,Y,,C,02,1,0,0,0,0,0,0,0,1,"- ","- ",35.720458984375,-118.50055694580078,KERN,UNINCORPORATED,-118.50057983398438,35.720470428466797
90736028,2018,2018-05-29,9420,2018-05-15,1835,019531,,2,2,9,1500,0,2,4,,1,072,"NILES STREET","PALM DRIVE",50.00,E,N,A,-,N,,,,,,,,,,N,2,0,1,2,A,-,11,21954,A,N,G,B,E,A,H,-,A,D,0,Y,,,,Y,,N,60,1,0,0,0,1,0,0,0,0,"- ","- ",35.377189636230469,-118.97084045410156,KERN,UNINCORPORATED,-118.97078704833984,35.377170562744141
90741111,2018,2018-06-05,9420,2018-05-21,1745,020484,,1,2,9,1500,0,3,5,,2,610,"SOUTH CHESTER AVENUE","DORIAN DRIVE",365.00,S,N,A,-,N,,,,,,,,,,Y,2,0,2,2,A,-,03,22350,,N,D,C,A,A,H,-,A,D,0,,,Y,,Y,,C,02,1,0,1,0,0,0,0,0,1,"- ","- ",35.330051422119141,-119.01277923583984,KERN,UNINCORPORATED,-119.01272583007812,35.330059051513672
90745764,2018,2018-06-11,9830,2018-06-04,0600,019367,,1,1,9,1500,0,1,3,,2,030,"SR-14 N/B","ROSAMOND BLVD.",6864.00,S,N,A,-,Y,,,14,,,,,,N,Y,2,0,1,2,A,-,17,23114,A,N,H,C,A,A,H,-,A,D,0,,,,Y,Y,,G,25,1,0,0,0,0,0,0,0,0,"- ","- ",34.843730926513672,-118.17089080810547,KERN,UNINCORPORATED,-118.17096710205078,34.843727111816406
90747907,2018,2018-06-14,9420,2018-05-14,2223,019845,,1,3,9,1500,0,2,4,,1,064,"OLIVE DRIVE","VICTOR STREET",442.00,E,N,A,-,N,,,,,,,,,,N,1,1,0,2,A,-,11,21954,A,N,G,B,D,A,H,-,C,D,0,Y,,,,Y,Y,N,60,0,0,0,1,0,0,0,0,0,"- ","- ",35.412418365478516,-119.06044006347656,KERN,UNINCORPORATED,-119.0606689453125,35.412410736083984
90748820,2018,2018-06-15,9420,2018-06-10,0001,020672,,7,3,9,1500,0,2,4,,1,072,"NILES ST.","STERLING RD.",0.00,,Y,A,-,N,,,,,,,,,,N,2,0,1,2,A,-,11,21950,B,F,G,B,B,A,H,-,C,A,0,Y,,,,Y,,N,60,1,0,0,0,1,0,0,0,0,"- ","- ",35.376018524169922,-118.94084167480469,KERN,UNINCORPORATED,-118.94081878662109,35.376079559326172
90752678,2018,2018-06-21,9420,2018-06-17,2125,020093,,7,2,9,1500,0,2,4,,1,051,"ROBERTS LN","AIRPORT DR",0.00,,Y,A,-,N,,,,,,,,,,N,2,0,1,2,A,-,12,21453,A,N,D,G,A,A,H,-,C,A,0,,Y,,,Y,,L,04,1,0,0,0,0,0,1,0,0,"- ","- ",35.408298492431641,-119.03890228271484,KERN,UNINCORPORATED,-119.03894805908203,35.408618927001953
90753627,2018,2018-06-22,9420,2018-06-15,2245,020672,,5,3,9,1500,0,1,3,,1,184,SR-184,"SMITH ROAD",62.00,N,N,A,-,Y,,,184,,,,,,,Y,2,0,2,2,A,-,09,21804,A,N,C,C,A,A,H,-,C,D,0,,,,,Y,Y,A,07,1,0,1,0,0,0,0,0,0,"- ","- ",35.342720031738281,-118.91426849365234,KERN,UNINCORPORATED,-118.91427612304688,35.342720031738281
90754686,2018,2018-06-25,9430,2018-06-17,0535,016681,,7,3,9,1500,0,1,1,,2,052,"I-5 N/B (GSF)","LEBEC ROAD O/C.",1860.00,S,N,A,-,Y,,,5,,,,,,N,Y,2,0,2,2,A,-,01,23152,A,N,C,C,A,A,H,-,D,D,0,,,,Y,Y,Y,A,01,1,1,0,0,0,0,0,0,0,"- ","- ",34.863731384277344,-118.88098907470703,KERN,UNINCORPORATED,-118.88085174560547,34.863857269287109
90757117,2018,2018-06-27,9420,2018-06-18,2355,019903,,1,3,6,1502,0,1,3,,2,092,"SR-99 N/B TO AIRPORT DRIVE","GILMORE AVENUE",2000.00,N,N,A,-,Y,,,99,,,,R,,N,Y,2,0,1,2,A,-,08,22107,,N,B,C,A,A,H,-,D,D,0,,,Y,,Y,,A,01,1,0,0,0,0,0,0,0,1,"- ","- ",35.3951416015625,-119.04447174072266,KERN,BAKERSFIELD,-119.04447174072266,35.3951416015625
90764097,2018,2018-07-06,9420,2018-06-25,1650,021402,,1,2,9,1500,0,3,5,,2,672,"MADISON STREET","EAST BELLE TERRACE",10.00,S,N,A,-,N,,,,,,,,,,Y,2,0,1,2,A,-,09,21802,A,F,D,G,A,A,H,-,A,D,0,,Y,,,Y,,L,04,1,0,0,0,0,0,1,0,0,"- ","- ",35.344600677490234,-118.99424743652344,KERN,UNINCORPORATED,-118.99418640136719,35.346672058105469
90767290,2018,2018-07-11,9420,2018-06-27,2028,019459,,3,2,9,1500,0,3,5,,2,040,"ROUND MOUNTAIN ROAD","ADOLPHUS AVE",50.00,E,N,A,-,N,,,,,,,,,,Y,2,0,2,2,A,-,03,22350,,N,A,C,A,A,H,-,D,D,0,,,,,Y,,A,01,1,1,0,0,0,0,0,0,0,"- ","- ",35.435508728027344,-118.94570159912109,KERN,UNINCORPORATED,-118.94639587402344,35.435420989990234
90767646,2018,2018-07-12,9420,2018-07-04,1812,021769,,3,2,9,1500,0,1,3,,2,178,SR-178,"KERN CANYON ROAD",5280.00,W,N,A,-,Y,,,178,,,,,,,Y,2,0,3,1,A,-,08,22107,,N,E,I,A,A,H,-,A,A,0,,,,,Y,,A,07,1,2,0,0,0,0,0,0,0,"- ","- ",35.531501770019531,-118.64749908447266,KERN,UNINCORPORATED,-118.64749145507812,35.531463623046875
90774226,2018,2018-07-23,9420,2018-07-13,2200,021402,,5,3,9,1500,0,1,3,,1,650,SR-65,"GRETLEIN ROAD",1600.00,S,N,A,-,Y,,,65,,,,,,,Y,2,0,2,1,A,-,01,23152,A,N,E,I,A,A,H,-,D,D,0,,,,,Y,Y,D,22,1,1,0,0,0,0,0,0,0,"- ","- ",35.551120758056641,-119.08699035644531,KERN,UNINCORPORATED,-119.08741760253906,35.551029205322266
90776296,2018,2018-07-25,9426,2018-06-09,0001,019723,,6,3,9,1500,0,1,3,,1,461,"STATE ROUTE 46","CORCORAN ROAD",5280.00,E,N,A,-,Y,,,46,,,,,,,Y,1,1,0,2,A,-,05,21650,,N,A,C,A,A,H,-,D,D,0,,,,Y,Y,,A,01,0,0,0,0,0,0,0,0,0,"- ","- ",35.601249694824219,-119.5513916015625,KERN,UNINCORPORATED,-119.5513916015625,35.601139068603516
90787316,2018,2018-08-20,9420,2018-08-01,1300,017256,,3,1,9,1500,0,3,5,,2,550,"TULARE AVE","PALM AVE",0.00,,Y,A,-,N,,,,,,,,,,Y,2,0,3,2,A,-,12,22450,A,F,C,C,A,A,H,-,A,A,0,,,,,Y,,A,01,3,0,0,0,0,0,0,0,0,"- ","- ",35.507270812988281,-119.35027313232422,KERN,UNINCORPORATED,-119.35009002685547,35.507301330566406
90787429,2018,2018-08-09,9420,2018-08-05,0725,016767,,7,1,9,1500,0,1,3,,1,650,SR-65,"SR-155 (GARCES HIGHWAY)",8976.00,S,N,A,-,Y,,,65,,,,,,,Y,2,0,1,1,A,-,01,23152,A,N,E,I,A,A,H,-,A,D,0,,,,,Y,Y,D,22,1,0,0,0,0,0,0,0,0,"- ","- ",35.736591339111328,-119.0589599609375,KERN,UNINCORPORATED,-119.05900573730469,35.736598968505859
90788508,2018,2018-08-10,9426,2018-08-03,0300,018633,,5,3,9,1500,0,1,3,,1,118,SR-119,"ORANGE ST",528.00,W,N,A,-,Y,,,119,,,,,,,Y,2,0,1,2,A,-,08,22107,,N,A,C,A,A,H,-,D,D,0,,,,Y,Y,,A,01,1,0,0,0,0,0,0,0,0,"- ","- ",35.206298828125,-119.41011047363281,KERN,UNINCORPORATED,-119.41010284423828,35.206287384033203
90788709,2018,2018-08-13,9426,2018-08-07,0905,016162,,2,1,9,1500,0,3,5,,2,082,"WASCO WAY",SR-58,3696.00,N,N,A,-,N,,,,,,,,,,Y,2,0,1,1,A,-,08,22107,,N,E,I,A,A,H,-,A,D,0,,,,,Y,,A,01,1,0,0,0,0,0,0,0,0,"- ","- ",35.409011840820312,-119.44751739501953,KERN,UNINCORPORATED,-119.44748687744141,35.409233093261719
90791143,2018,2018-08-15,9830,2018-08-04,0055,020167,,6,3,9,1500,0,3,5,,2,001,"SOUTH ST.",SR-202,42.00,S,N,A,-,N,,,,,,,,,,Y,2,0,1,1,A,-,01,23152,A,N,E,I,A,A,H,-,C,A,0,,,Y,,Y,Y,C,02,1,0,0,0,0,0,0,0,1,"- ","- ",35.124488830566406,-118.49256896972656,KERN,UNINCORPORATED,-118.49259948730469,35.124195098876953
90797407,2018,2018-08-24,9420,2018-08-02,2317,020093,,4,3,9,1500,0,1,3,,1,462,SR-46,SR-99,2421.00,W,N,B,-,Y,,,46,,,,,,,Y,2,0,2,3,A,-,01,23152,F,N,C,C,A,A,H,-,D,D,0,,,,Y,Y,,A,01,1,1,0,0,0,0,0,0,0,"- ","- ",35.602001190185547,-119.21900177001953,KERN,UNINCORPORATED,-119.21900177001953,35.601974487304688
90798805,2018,2018-08-27,9430,2018-08-19,1626,018631,,7,2,9,1500,0,1,1,,2,052,"I-5 N/B","FRAZIER MOUNTAIN PARK RD",1836.00,N,N,A,-,Y,,,,,,,,,,Y,2,0,1,1,A,-,08,22107,,N,E,I,A,A,H,-,A,D,0,,,,,Y,,A,07,1,0,0,0,0,0,0,0,0,"- ","- ",34.985881805419922,-118.94371795654297,KERN,UNINCORPORATED,,