CASE_ID,ACCIDENT_YEAR,PROC_DATE,JURIS,COLLISION_DATE,COLLISION_TIME,OFFICER_ID,REPORTING_DISTRICT,DAY_OF_WEEK,CHP_SHIFT,POPULATION,CNTY_CITY_LOC,SPECIAL_COND,BEAT_TYPE,CHP_BEAT_TYPE,CITY_DIVISION_LAPD,CHP_BEAT_CLASS,BEAT_NUMBER,PRIMARY_RD,SECONDARY_RD,DISTANCE,DIRECTION,INTERSECTION,WEATHER_1,WEATHER_2,STATE_HWY_IND,CALTRANS_COUNTY,CALTRANS_DISTRICT,STATE_ROUTE,ROUTE_SUFFIX,POSTMILE_PREFIX,POSTMILE,LOCATION_TYPE,RAMP_INTERSECTION,SIDE_OF_HWY,TOW_AWAY,COLLISION_SEVERITY,NUMBER_KILLED,NUMBER_INJURED,PARTY_COUNT,PRIMARY_COLL_FACTOR,PCF_CODE_OF_VIOL,PCF_VIOL_CATEGORY,PCF_VIOLATION,PCF_VIOL_SUBSECTION,HIT_AND_RUN,TYPE_OF_COLLISION,MVIW,PED_ACTION,ROAD_SURFACE,ROAD_COND_1,ROAD_COND_2,LIGHTING,CONTROL_DEVICE,CHP_ROAD_TYPE,PEDESTRIAN_ACCIDENT,BICYCLE_ACCIDENT,MOTORCYCLE_ACCIDENT,TRUCK_ACCIDENT,NOT_PRIVATE_PROPERTY,ALCOHOL_INVOLVED,STWD_VEHTYPE_AT_FAULT,CHP_VEHTYPE_AT_FAULT,COUNT_SEVERE_INJ,COUNT_VISIBLE_INJ,COUNT_COMPLAINT_PAIN,COUNT_PED_KILLED,COUNT_PED_INJURED,COUNT_BICYCLIST_KILLED,COUNT_BICYCLIST_INJURED,COUNT_MC_KILLED,COUNT_MC_INJURED,PRIMARY_RAMP,SECONDARY_RAMP,LATITUDE,LONGITUDE,COUNTY,CITY,POINT_X,POINT_Y
90805322,2018,2018-09-04,9830,2018-09-03,0825,021470,,1,1,9,1500,0,2,4,,1,034,"SR-14 N/B","SILVER QUEEN RD",3696.00,S,N,A,-,Y,,,14,,,,,,N,Y,2,0,1,1,A,-,08,22107,,N,E,I,A,A,H,-,A,D,0,,,,,Y,,A,01,1,0,0,0,0,0,0,0,0,"- ","- ",34.987190246582031,-118.15895843505859,KERN,UNINCORPORATED,-118.1590576171875,34.9871826171875
90806761,2018,2018-09-27,9420,2018-08-26,0132,019901,,7,3,9,1500,0,3,5,,2,610,"STINE RD.","BELLE TERRACE",0.00,,Y,A,-,N,,,,,,,,,,Y,2,0,5,2,A,-,01,23152,A,N,D,C,A,A,H,-,C,A,0,,,,,Y,Y,A,01,1,0,4,0,0,0,0,0,0,"- ","- ",35.346759796142578,-119.04804229736328,KERN,UNINCORPORATED,-119.04794311523438,35.346778869628906
90810513,2018,2018-09-11,9830,2018-09-04,1230,014518,,2,1,9,1500,0,1,3,,1,022,"SR-58 W/B","BORAX ROAD",5808.00,W,N,A,-,Y,,,58,,,,,,W,Y,2,0,1,1,A,-,08,22107,,N,F,A,A,A,H,-,A,D,0,,,,,Y,,A,07,1,0,0,0,0,0,0,0,0,"- ","- ",35.007061004638672,-117.728271484375,KERN,UNINCORPORATED,-117.728271484375,35.007038116455078
90810535,2018,2018-09-11,9420,2018-09-08,1550,020163,,6,2,9,1500,0,1,3,,2,177,"SR-178 E/B","MILEPOST 178KER22",2640.00,E,N,A,-,Y,,,178,,,,,,E,Y,2,0,1,1,A,-,08,22107,,N,F,A,A,A,H,-,A,D,0,,,,,Y,,A,07,1,0,0,0,0,0,0,0,0,"- ","- ",35.478828430175781,-118.73902893066406,KERN,UNINCORPORATED,-118.73900604248047,35.478630065917969
90811443,2018,2018-09-12,9420,2018-08-30,0439,018932,,4,3,9,1500,0,1,3,,2,096,"SR-99 N/B","S. UNION AVE",3168.00,N,N,A,-,Y,,,99,,,,,,N,Y,2,0,2,1,A,-,08,22107,,N,F,A,A,A,H,-,D,D,0,,,,Y,Y,,F,26,2,0,0,0,0,0,0,0,0,"- ","- ",35.181190490722656,-119.00601959228516,KERN,UNINCORPORATED,-119.00585174560547,35.181217193603516
90813007,2018,2018-09-14,9420,2018-07-21,2310,019903,,6,3,9,1500,0,3,5,,2,060,"COFFEE ROAD","SNOW ROAD",396.00,S,N,A,-,N,,,,,,,,,,Y,1,1,0,1,A,-,01,23152,A,N,E,I,A,A,H,-,C,D,0,,,,,Y,Y,A,01,0,0,0,0,0,0,0,0,0,"- ","- ",35.425769805908203,-119.09204864501953,KERN,UNINCORPORATED,-119.09220886230469,35.425872802734375
90818619,2018,2018-09-21,9830,2018-09-15,1215,014518,,6,1,9,1500,0,3,5,,2,002,"VICTOR AVENUE","ALLEY (DIRT) EAST OF BLACKFIELD STREET",0.00,,Y,A,-,N,,,,,,,,,,N,2,0,1,2,A,-,09,21804,A,N,D,C,A,A,H,-,A,D,0,,,Y,,Y,,C,02,1,0,0,0,0,0,0,0,1,"- ","- ",35.043079376220703,-118.16327667236328,KERN,UNINCORPORATED,-118.163314,35.043087999999997
90829403,2018,2018-10-05,9420,2018-09-22,2025,019531,,6,2,6,1502,0,1,3,,2,094,"SR-99 NORTHBOUND (N/B)","PAHCECO ROAD",150.00,S,N,A,-,Y,,,99,,,,,,N,Y,2,0,2,3,A,-,01,23152,A,F,E,I,A,A,H,-,D,D,0,,,,,Y,Y,A,01,1,1,0,0,0,0,0,0,0,"- ","- ",35.309970855712891,-119.03401947021484,KERN,BAKERSFIELD,-119.03408050537109,35.309955596923828
90837504,2018,2018-10-16,9426,2018-10-14,0930,015548,,7,1,9,1500,0,3,5,,2,080,"TUPMAN ROAD","GRACE AVENUE",283.00,N,N,A,-,N,,,,,,,,,,N,2,0,1,1,A,-,05,21650,,N,E,I,A,A,H,-,A,A,0,,,Y,,Y,,C,02,1,0,0,0,0,0,0,0,1,"- ","- ",35.299949645996094,-119.35601043701172,KERN,UNINCORPORATED,-119.35191345214844,35.298591613769531
90846874,2018,2018-10-26,9420,2018-10-21,2015,020529,,7,2,9,1500,0,3,5,,2,050,"GRANT DR.","LINCOLN AVE",0.00,,Y,A,-,N,,,,,,,,,,N,2,0,1,1,A,-,01,23152,A,N,F,A,A,A,H,-,C,D,0,,,Y,,Y,Y,C,02,1,0,0,0,0,0,0,0,1,"- ","- ",35.414600372314453,-119.03665161132812,KERN,UNINCORPORATED,-119.03665161132812,35.41461181640625
90850524,2018,2018-11-01,9830,2018-10-24,0645,014518,,3,1,9,1500,0,2,4,,1,034,"ROSAMOND BLVD","47TH STREET WEST",75.00,E,N,A,-,N,,,,,,,,,,Y,2,0,2,1,A,-,01,23152,F,N,E,I,A,A,H,-,A,D,0,,,,,Y,,A,01,2,0,0,0,0,0,0,0,0,"- ","- ",34.86383056640625,-118.21555328369141,KERN,UNINCORPORATED,-118.21559143066406,34.863758087158203
90851643,2018,2018-11-02,9420,2018-10-27,2210,020814,,6,3,9,1500,0,1,3,,1,184,"SR-184 (WEEDPATCH HWY)","DONEY ST.",27.00,S,N,A,-,Y,,,184,,,,,,,Y,2,0,1,2,A,-,01,23152,A,N,C,C,A,A,H,-,D,D,0,,,,,Y,Y,A,01,1,0,0,0,0,0,0,0,0,"- ","- ",35.320320129394531,-118.91428375244141,KERN,UNINCORPORATED,-118.91431427001953,35.320320129394531
90851760,2018,2018-11-02,9420,2018-10-26,1853,016691,,5,2,9,1500,0,2,4,,1,051,"AIRPORT DR","ROBERTS LN",58.00,N,N,A,-,N,,,,,,,,,,Y,2,0,2,3,A,-,01,23152,A,N,C,C,A,A,H,-,C,A,0,,,,,Y,Y,D,22,1,0,1,0,0,0,0,0,0,"- ","- ",35.408851623535156,-119.03896331787109,KERN,UNINCORPORATED,-119.03895568847656,35.408779144287109
90852224,2018,2018-11-02,9430,2018-09-21,1745,018165,,5,2,9,1500,0,1,1,,2,053,"INTERSTATE 5 N/B (GOLDEN STATE FREEWAY)","FORT TEJON OVER-CROSSING",2482.00,N,N,A,-,Y,,,5,,,,,,N,Y,1,1,4,1,A,-,08,22107,,N,E,I,A,A,H,-,A,D,0,,,,,Y,,A,07,2,1,1,0,0,0,0,0,0,"- ","- ",34.882408142089844,-118.89974975585938,KERN,UNINCORPORATED,-118.89969635009766,34.882434844970703
90856608,2018,2018-11-08,9420,2018-10-29,0810,016828,,1,1,9,1500,0,3,5,,2,070,"FLOWER STREET","ROBINSON STREET",0.00,,Y,A,-,N,,,,,,,,,,N,2,0,1,2,A,-,10,21950,A,N,G,B,B,A,H,-,A,A,0,Y,,,,Y,,A,01,1,0,0,0,1,0,0,0,0,"- ","- ",35.384330749511719,-118.98195648193359,KERN,UNINCORPORATED,-118.98182678222656,35.384391784667969
90859154,2018,2018-11-13,9420,2018-11-06,1050,013597,,2,1,9,1500,0,2,4,,1,075,"SOUTH UNION AVENUE","CURNOW ROAD",0.00,,Y,A,-,N,,,,,,,,,,Y,2,0,1,2,A,-,01,23152,A,N,D,C,A,A,A,H,A,A,0,,,,,Y,Y,A,01,1,0,0,0,0,0,0,0,0,"- ","- ",35.153400421142578,-119.0010986328125,KERN,UNINCORPORATED,-119.00314331054688,35.259552001953125
90860666,2018,2018-11-15,9420,2018-09-29,2130,021134,,6,2,9,1500,0,1,3,,1,184,"STATE ROUTE 184 (WEEDPATCH HIGHWAY)","MOUNTAIN VIEW ROAD",1131.00,N,N,A,-,Y,,,184,,,,,,,Y,1,1,4,2,A,-,01,23152,A,N,C,C,A,A,H,-,D,D,0,,,,,Y,Y,A,01,0,0,4,0,0,0,0,0,0,"- ","- ",35.284751892089844,-118.91436767578125,KERN,UNINCORPORATED,-118.91436767578125,35.284751892089844
90862850,2018,2019-04-23,9430,2018-10-11,0900,017152,,4,1,9,1500,0,2,4,,1,024,"MIL POTRERO HIGHWAY","BEECHWOOD WAY",173.00,E,N,A,B,N,,,,,,,,,,Y,1,1,0,1,A,-,08,22107,,N,E,I,A,A,H,-,A,D,0,,,,,Y,,A,07,0,0,0,0,0,0,0,0,0,"- ","- ",34.850688934326172,-119.16850280761719,KERN,UNINCORPORATED,-119.1689453125,34.850860595703125
90864867,2018,2019-01-08,9830,2018-10-18,2030,014565,,4,2,9,1500,0,2,4,,1,032,"SIERRA HIGHWAY","AVENUE A",1056.00,N,N,A,-,N,,,,,,,,,,Y,1,1,4,3,A,-,05,21650,,N,A,C,A,A,H,-,D,D,0,,,,,Y,,A,01,1,3,0,0,0,0,0,0,0,"- ","- ",34.824329376220703,-118.15666961669922,KERN,UNINCORPORATED,-118.15653991699219,34.823551177978516
90869432,2018,2018-11-28,9420,2018-11-22,0100,015259,,4,3,9,1500,0,3,5,,2,672,"ROCK PILE ROAD","SUNSET BOULEVARD",0.00,,Y,B,C,N,,,,,,,,,,Y,2,0,1,1,A,-,03,22350,,N,E,I,A,B,H,-,D,A,0,,,,,Y,Y,A,07,1,0,0,0,0,0,0,0,0,"- ","- ",35.223670959472656,-118.78842926025391,KERN,UNINCORPORATED,-118.78829193115234,35.223800659179688
90874452,2018,2018-12-04,9420,2018-11-26,2255,021547,,1,3,9,1500,0,1,3,,2,178,SR-178,"ELIZABETH NORRIS RD",1291.00,W,N,A,-,Y,,,178,,,,,,,Y,2,0,1,1,A,-,01,23152,A,N,E,I,A,A,H,-,D,D,0,,,,,Y,Y,A,07,1,0,0,0,0,0,0,0,0,"- ","- ",35.610099792480469,-118.49073028564453,KERN,UNINCORPORATED,-118.49069976806641,35.610073089599609
90874463,2018,2018-12-04,9420,2018-11-26,2002,019459,,1,2,9,1500,0,2,4,,1,052,"NORRIS ROAD","MCCRAY STREET",71.00,W,N,A,-,N,,,,,,,,,,N,2,0,1,2,A,-,11,21954,A,N,G,B,D,A,H,-,C,D,0,Y,,,,Y,,N,60,1,0,0,0,1,0,0,0,0,"- ","- ",35.419628143310547,-119.03040313720703,KERN,UNINCORPORATED,-119.03029632568359,35.419544219970703
90883288,2018,2018-12-14,9830,2018-12-08,0200,021534,,6,3,9,1500,0,3,5,,2,001,"WESTWOOD BLVD","GOLDEN STAR BLVD",0.00,,Y,A,-,N,,,,,,,,,,Y,2,0,1,1,A,-,03,22350,,N,E,I,A,A,H,-,D,D,0,,,,,Y,,D,22,1,0,0,0,0,0,0,0,0,"- ","- ",35.142448425292969,-118.48194885253906,KERN,UNINCORPORATED,-118.48216247558594,35.142608642578125
90884131,2018,2018-12-17,9420,2018-10-18,1400,015977,,4,2,9,1500,0,1,3,,2,178,"STATE ROUTE 178","MOBILE DRIVE",3696.00,W,N,A,-,Y,,,178,,,,,,,Y,1,1,1,2,A,-,05,21460,A,N,A,C,A,A,H,-,A,D,0,,,,Y,Y,,F,26,0,1,0,0,0,0,0,0,0,"- ","- ",35.651340484619141,-118.42143249511719,KERN,UNINCORPORATED,-118.42141723632812,35.65130615234375
90885888,2018,2018-12-19,9830,2018-12-11,2140,019367,,2,2,9,1500,0,3,5,,2,001,"BAILEY RD","GIRAUDO RD",1.00,S,N,E,-,N,,,,,,,,,,Y,2,0,1,1,A,-,01,23152,A,N,E,J,A,A,H,-,D,D,0,,,,,Y,Y,A,07,1,0,0,0,0,0,0,0,0,"- ","- ",35.123428344726562,-118.59274291992188,KERN,UNINCORPORATED,-118.59281921386719,35.123477935791016
90887900,2018,2018-12-21,9420,2018-12-15,2115,019856,,6,2,9,1500,0,2,4,,1,052,"NORRIS ROAD","WELLS AVENUE",0.00,,Y,A,-,N,,,,,,,,,,Y,2,0,3,2,A,-,01,23152,A,N,A,C,A,A,H,-,C,A,0,,,,,Y,Y,D,22,2,0,1,0,0,0,0,0,0,"- ","- ",34.419509887695312,-119.02561187744141,KERN,UNINCORPORATED,-119.02558898925781,35.419521331787109
90888642,2018,2018-12-31,9420,2018-12-17,1205,016767,,1,1,9,1500,0,3,5,,2,510,"DRIVER ROAD","CECIL AVENUE",0.00,,Y,B,C,N,,,,,,,,,,Y,2,0,4,2,A,-,12,22450,A,N,D,C,A,B,H,-,A,A,0,,,,,Y,,A,01,1,2,1,0,0,0,0,0,0,"- ","- ",35.775901794433594,-119.20529937744141,KERN,UNINCORPORATED,-119.20529937744141,35.775848388671875
90891208,2018,2019-01-02,9426,2018-12-14,0830,018023,,5,1,9,1500,0,1,3,,1,118,"W/B SR-119","TUPMAN RD",940.00,E,N,A,-,Y,,,119,,,,,,,Y,2,0,1,2,A,-,06,21751,,N,B,C,A,A,H,-,A,D,0,,,,Y,Y,,F,26,1,0,0,0,0,0,0,0,0,"- ","- ",35.266651153564453,-119.30924224853516,KERN,UNINCORPORATED,-119.30921173095703,35.266529083251953
90894805,2018,2018-12-31,9426,2018-10-10,0459,016050,,3,3,9,1500,0,1,1,,2,500,"I-5 (S/B)","TWISSLEMAN ROAD",610.00,N,N,A,-,Y,,,,,,,,,,Y,2,0,1,2,A,-,03,22350,,N,C,C,A,A,H,-,D,D,0,,,,Y,Y,,A,01,1,0,0,0,0,0,0,0,0,"- ","- ",35.733371734619141,-119.74652099609375,KERN,UNINCORPORATED,-119.74059295654297,35.733322143554688
90902291,2019,2019-01-11,9830,2019-01-04,1920,016971,,5,2,9,1500,0,3,5,,2,001,"BAILEY RD","GIRAUDO RD",0.00,,Y,A,-,N,,,,,,,,,,Y,2,0,1,1,A,-,03,22350,,N,E,I,A,A,H,-,D,D,0,,,,,Y,,D,22,1,0,0,0,0,0,0,0,0,"- ","- ",35.123401641845703,-118.59282684326172,KERN,UNINCORPORATED,-118.59281921386719,35.123481750488281
90905142,2019,2019-01-15,9420,2019-01-12,1930,021547,,6,2,9,1500,0,1,3,,2,177,SR-178,"DEMOCRAT ROAD",35904.00,W,N,A,-,Y,,,178,,,,,,,Y,2,0,7,2,A,-,01,23152,A,N,A,C,A,A,H,-,D,D,0,,,,,Y,Y,A,07,2,4,1,0,0,0,0,0,0,"- ","- ",35.474720001220703,-118.73082733154297,KERN,UNINCORPORATED,-118.73088073730469,35.474620819091797
90905367,2018,2019-01-16,9420,2018-10-09,1653,016969,,2,2,4,1503,0,1,3,,2,091,"STATE ROUTE 99 SOUTHBOUND","WOOLLOMES AVENUE",1584.00,S,N,A,-,Y,,,99,,,,,,S,Y,1,2,0,1,A,-,08,22107,,N,E,I,A,A,H,-,A,D,0,,,,,Y,,A,07,0,0,0,0,0,0,0,0,0,"- ","- ",35.7418212890625,-119.24221038818359,KERN,DELANO,-119.24213409423828,35.741836547851562
90918125,2018,2019-02-04,9420,2018-12-22,0913,017256,,6,1,9,1500,0,2,4,,1,051,"NORTH CHESTER AVENUE","ROBERTS LANE",0.00,,Y,A,-,N,,,,,,,,,,Y,1,1,0,2,A,-,12,21453,A,N,D,C,A,A,H,-,A,A,0,,,Y,,Y,,C,02,0,0,0,0,0,0,0,1,0,"- ","- ",35.408599853515625,-119.02095794677734,KERN,UNINCORPORATED,-119.02108001708984,35.408641815185547
90918133,2018,2019-02-04,9420,2018-11-16,2330,015977,,5,3,9,1500,0,2,4,,2,021,"SIERRA WAY","CANNEL CREEK ROAD",549.00,N,N,A,-,N,,,,,,,,,,Y,1,1,0,1,A,-,01,23152,A,N,E,I,A,A,H,-,D,D,0,,,,,Y,Y,A,01,0,0,0,0,0,0,0,0,0,"- ","- ",35.792831420898438,-118.44779968261719,KERN,UNINCORPORATED,-118.44779968261719,35.792568206787109
90921625,2019,2019-02-07,9426,2019-02-05,1823,019206,,2,2,9,1500,0,1,3,,1,118,"STATE ROUTE 119 E/B","TANK FARM ROAD",100.00,W,N,B,-,Y,,,119,,,,,,E,Y,2,0,2,2,A,-,01,23152,F,N,A,C,A,A,H,-,C,D,0,,,,,Y,,A,01,1,1,0,0,0,0,0,0,0,"- ","- ",35.217041015625,-119.39405059814453,KERN,UNINCORPORATED,-119.39405822753906,35.217048645019531
90937606,2019,2019-03-01,9420,2019-02-21,0725,014770,,4,1,9,1500,0,1,3,,2,586,"SR-58 E/B","TOWER LINE RD.",809.00,W,N,B,C,Y,,,,,,,,,,Y,2,0,1,2,A,-,03,22350,,N,C,C,A,B,D,-,A,D,0,,,,Y,Y,,A,01,1,0,0,0,0,0,0,0,0,"- ","- ",35.194881439208984,-118.48370361328125,KERN,UNINCORPORATED,,
90939532,2018,2019-03-13,9420,2018-12-30,1830,021134,,7,2,6,1502,0,1,3,,2,585,"STATE ROUTE 58 WESTBOUND","HUGHES LANE",738.00,W,N,A,-,Y,,,58,,,,,,W,Y,1,1,4,4,A,-,03,22350,,N,C,C,A,A,H,-,C,D,0,,,,,Y,,A,01,0,1,3,0,0,0,0,0,0,"- ","- ",35.352798461914062,-119.03285980224609,KERN,BAKERSFIELD,-119.03285980224609,35.352771759033203
90943836,2019,2019-03-11,9420,2019-01-12,1750,019856,,6,2,9,1500,0,3,5,,2,672,"NORTH WHEELER RIDGE ROAD (2900 BLOCK)","TEALE ROAD",2640.00,N,N,B,-,N,,,,,,,,,,Y,1,1,1,2,A,-,01,23152,A,N,C,C,A,A,H,-,D,D,0,,,,,Y,Y,D,22,0,0,1,0,0,0,0,0,0,"- ","- ",35.143798828125,-118.91458129882812,KERN,UNINCORPORATED,-118.91462707519531,35.143821716308594
90944151,2018,2019-03-12,9420,2018-12-22,1903,021140,,6,2,9,1500,0,2,4,,1,051,"AIRPORT DRIVE","NADINE LANE",45.00,N,N,A,-,N,,,,,,,,,,N,1,1,0,2,C,-,18,,,N,G,B,E,A,H,-,D,D,0,Y,,,,Y,Y,-,"- ",0,0,0,1,0,0,0,0,0,"- ","- ",35.403720855712891,-119.040283203125,KERN,UNINCORPORATED,-119.04029846191406,35.403690338134766
90951277,2018,2019-03-22,9830,2018-12-15,2300,021553,,6,3,9,1500,0,3,5,,2,004,"CALIFORNIA CITY BOULEVARD","FOREST BOULEVARD",532.00,S,N,A,-,N,,,,,,,,,,Y,1,1,0,1,A,-,03,22350,,N,F,A,A,A,H,-,D,D,0,,,,,Y,Y,A,01,0,0,0,0,0,0,0,0,0,"- ","- ",35.102409362792969,-117.91786956787109,KERN,UNINCORPORATED,-117.91787719726562,35.101959228515625
90955890,2019,2019-03-28,9430,2019-03-26,1830,021565,,2,2,9,1500,0,2,4,,1,022,"FRAZIER MOUNTAIN PARK RD","LAKEWOOD PL",0.00,,Y,A,-,N,,,,,,,,,,Y,2,0,1,2,A,-,09,21801,A,N,A,C,A,A,H,-,A,D,0,,,Y,,Y,,A,07,1,0,0,0,0,0,0,0,1,"- ","- ",34.818321228027344,-118.99716186523438,KERN,UNINCORPORATED,-118.99722290039062,34.818328857421875
90957846,2018,2019-04-02,9830,2018-12-25,0452,021470,,2,3,9,1500,0,1,3,,2,030,"STATE ROUTE 14 SOUTHBOUND","SILVER QUEEN ROAD",3168.00,S,N,B,-,Y,,,14,,,,,,S,Y,1,1,0,1,A,-,01,23152,A,N,E,I,A,A,H,-,D,D,0,,,,,Y,Y,A,01,0,0,0,0,0,0,0,0,0,"- ","- ",34.986789703369141,-118.15950012207031,KERN,UNINCORPORATED,-118.15944671630859,34.986793518066406
90963999,2019,2019-04-09,9420,2019-03-29,1530,019531,,5,2,9,1500,0,2,4,,1,071,"MOUNT VERNON AVENUE","EAST CALIFORNIA AVENUE",700.00,N,N,A,-,N,,,,,,,,,,Y,2,0,1,2,A,-,03,22350,,N,C,C,A,A,H,-,A,D,0,,,Y,,Y,,C,02,1,0,0,0,0,0,0,0,1,"- ","- ",35.369239807128906,-118.96759796142578,KERN,UNINCORPORATED,-118.96759796142578,35.370601654052734
90971401,2018,2019-04-22,9426,2018-10-05,0625,019896,,5,1,9,1500,0,3,5,,2,087,"COPUS ROAD","OLD RIVER ROAD",22704.00,W,N,A,-,N,,,,,,,,,,Y,1,2,3,2,C,-,18,,,N,E,J,A,A,C,-,D,D,0,,,,,Y,,-,"- ",1,0,2,0,0,0,0,0,0,"- ","- ",35.094100952148438,-119.18602752685547,KERN,UNINCORPORATED,-119.18572235107422,35.094081878662109
90978975,2019,2019-04-30,9420,2019-02-16,1700,019442,,6,2,9,1500,0,1,3,,2,090,"STATE ROUTE 99, NORTHBOUND","STATE ROUTE 155",833.00,N,N,B,-,Y,,,,,,,,,,Y,1,5,0,1,A,-,08,22107,,N,E,I,A,A,H,-,A,D,0,,,,,Y,,A,07,0,0,0,0,0,0,0,0,0,"- ","- ",35.763420104980469,-119.24925994873047,KERN,UNINCORPORATED,-119.24949645996094,35.763648986816406
90980984,2019,2019-05-02,9830,2019-04-23,2220,021870,,2,3,9,1500,0,3,5,,2,001,"WESTON AVE","WOODFORD TEHACHAPI RD",192.00,E,N,A,-,N,,,,,,,,,,Y,2,0,1,1,A,-,01,23152,A,N,E,I,A,A,H,-,D,D,0,,,,,Y,Y,A,07,1,0,0,0,0,0,0,0,0,"- ","- ",35.153308868408203,-118.49407958984375,KERN,UNINCORPORATED,-118.49411773681641,35.153293609619141
90982534,2019,2019-05-06,9420,2019-04-28,2045,021260,,7,2,6,1502,0,1,3,,1,176,"STATE ROUTE 178 EASTBOUND","OSWELL STREET",624.00,W,N,A,-,Y,,,178,,,,,,E,Y,2,0,2,1,A,-,01,23152,A,N,E,I,A,A,H,-,C,D,0,,,,,Y,Y,A,07,2,0,0,0,0,0,0,0,0,"- ","- ",35.396190643310547,-118.95130157470703,KERN,BAKERSFIELD,-118.95130157470703,35.396224975585938
90990676,2019,2019-05-17,9420,2019-05-01,1855,019140,,3,2,9,1500,0,1,3,,2,585,"STATE ROUTE 58 W/B","OSWELL STREET O/C",300.00,E,N,A,-,Y,,,58,,,,,,W,Y,2,0,1,1,A,-,08,22107,,N,F,A,A,A,H,-,A,D,0,,,Y,,Y,,C,02,1,0,0,0,0,0,0,0,1,"- ","- ",35.352470397949219,-118.9447021484375,KERN,UNINCORPORATED,-118.9447021484375,35.352409362792969
90992023,2019,2019-06-25,9430,2019-04-29,0702,016825,,1,1,9,1500,0,1,1,,2,055,"I-5 N/B (GOLDEN STATE FREEWAY)",SR-166,1645.00,S,N,C,-,Y,,,5,,,,,,N,Y,1,1,1,2,A,-,08,22107,,N,D,C,A,B,H,-,B,D,0,,,,,Y,,A,01,0,0,1,0,0,0,0,0,0,"- ","- ",35.048469543457031,-118.98798370361328,KERN,UNINCORPORATED,-118.98770141601562,35.048744201660156
90993344,2019,2019-05-21,9426,2019-05-12,0140,019592,,7,3,9,1500,0,1,3,,2,432,SR-43,"MUNZER RD",0.00,,N,A,-,Y,,,43,,,,,,,Y,2,0,3,2,A,-,01,23153,A,N,A,C,A,A,H,-,D,A,0,,,,,Y,Y,A,07,1,2,0,0,0,0,0,0,0,"- ","- ",35.317489624023438,-119.25244903564453,KERN,UNINCORPORATED,-119.25222778320312,35.317493438720703
9100253,2020,2020-11-02,1509,2020-05-17,1823,1005,W,7,5,3,1509,0,0,0,,0,,"ENTERPRISE WY","INDUSTRIAL PKWY",2112.00,W,N,A,-,N,,,,,,,,,,Y,2,0,2,1,A,-,01,23152,A,N,E,I,A,A,H,-,A,D,0,,,,,Y,Y,A,01,2,0,0,0,0,0,0,0,0,"- ","- ",35.139068603515625,-118.46336364746094,KERN,TEHACHAPI,-118.45989227294922,35.139049530029297
91006299,2019,2020-01-15,9420,2019-06-02,0130,020672,,7,3,9,1500,0,1,3,,2,097,"SR-99 S/B",SR-166,954.00,N,N,A,-,Y,,,99,,,,,,S,Y,2,0,2,1,A,-,08,22107,,N,E,I,A,A,H,-,C,D,0,,,,,Y,,D,22,1,1,0,0,0,0,0,0,0,"- ","- ",35.059940338134766,-118.96884918212891,KERN,UNINCORPORATED,-118.96877288818359,35.059967041015625
91007915,2019,2019-06-19,9420,2019-06-04,0550,016767,,2,3,9,1500,0,1,3,,2,090,"SR-99 N/B","11TH AVENUE O/C",413.00,N,N,A,-,Y,,,,,,,,,,Y,2,0,1,2,A,-,08,22107,,N,B,C,A,A,H,-,A,D,0,,,,,Y,,A,01,1,0,0,0,0,0,0,0,0,"- ","- ",35.770198822021484,-119.25099945068359,KERN,UNINCORPORATED,-119.25113677978516,35.770713806152344
91009998,2019,2019-06-14,9420,2019-05-06,0228,021746,,1,3,9,1500,0,1,3,,2,178,"STATE ROUTE 178","STATE ROUTE 155",1036.00,W,N,A,-,Y,,,178,,,,,,,Y,1,1,0,2,A,-,11,21954,A,N,G,B,E,A,H,-,D,D,0,Y,,,,Y,Y,N,60,0,0,0,1,0,0,0,0,0,"- ","- ",35.625640869140625,-118.48029327392578,KERN,UNINCORPORATED,-118.48027801513672,35.625629425048828
91011069,2019,2019-06-17,9420,2019-06-07,1453,019856,,5,2,9,1500,0,3,5,,2,050,"CARRIER PARKWAY AVE (900 BLOCK)","JAMES ROAD",850.00,S,N,A,-,N,,,,,,,,,,N,2,0,1,1,A,-,03,22350,,N,F,A,A,A,H,-,A,D,0,,,Y,,Y,,C,02,1,0,0,0,0,0,0,0,1,"- ","- ",35.453060150146484,-119.04337310791016,KERN,UNINCORPORATED,-119.04198455810547,35.453056335449219
91012178,2019,2019-06-18,9830,2019-06-12,1500,020866,,3,2,9,1500,0,3,5,,2,003,"TEHACHAPI WILLOW SPRINGS RD","BACKUS RD",2640.00,N,N,A,-,N,,,,,,,,,,Y,2,0,2,2,A,-,08,22107,,N,A,C,A,A,H,-,A,D,0,,,,,Y,,A,01,1,0,1,0,0,0,0,0,0,"- ","- ",34.966129302978516,-118.29969024658203,KERN,UNINCORPORATED,-118.29217529296875,34.958053588867188