CASE_ID,ACCIDENT_YEAR,PROC_DATE,JURIS,COLLISION_DATE,COLLISION_TIME,OFFICER_ID,REPORTING_DISTRICT,DAY_OF_WEEK,CHP_SHIFT,POPULATION,CNTY_CITY_LOC,SPECIAL_COND,BEAT_TYPE,CHP_BEAT_TYPE,CITY_DIVISION_LAPD,CHP_BEAT_CLASS,BEAT_NUMBER,PRIMARY_RD,SECONDARY_RD,DISTANCE,DIRECTION,INTERSECTION,WEATHER_1,WEATHER_2,STATE_HWY_IND,CALTRANS_COUNTY,CALTRANS_DISTRICT,STATE_ROUTE,ROUTE_SUFFIX,POSTMILE_PREFIX,POSTMILE,LOCATION_TYPE,RAMP_INTERSECTION,SIDE_OF_HWY,TOW_AWAY,COLLISION_SEVERITY,NUMBER_KILLED,NUMBER_INJURED,PARTY_COUNT,PRIMARY_COLL_FACTOR,PCF_CODE_OF_VIOL,PCF_VIOL_CATEGORY,PCF_VIOLATION,PCF_VIOL_SUBSECTION,HIT_AND_RUN,TYPE_OF_COLLISION,MVIW,PED_ACTION,ROAD_SURFACE,ROAD_COND_1,ROAD_COND_2,LIGHTING,CONTROL_DEVICE,CHP_ROAD_TYPE,PEDESTRIAN_ACCIDENT,BICYCLE_ACCIDENT,MOTORCYCLE_ACCIDENT,TRUCK_ACCIDENT,NOT_PRIVATE_PROPERTY,ALCOHOL_INVOLVED,STWD_VEHTYPE_AT_FAULT,CHP_VEHTYPE_AT_FAULT,COUNT_SEVERE_INJ,COUNT_VISIBLE_INJ,COUNT_COMPLAINT_PAIN,COUNT_PED_KILLED,COUNT_PED_INJURED,COUNT_BICYCLIST_KILLED,COUNT_BICYCLIST_INJURED,COUNT_MC_KILLED,COUNT_MC_INJURED,PRIMARY_RAMP,SECONDARY_RAMP,LATITUDE,LONGITUDE,COUNTY,CITY,POINT_X,POINT_Y
91016942,2019,2019-07-15,9830,2019-06-15,1435,020866,,6,2,9,1500,0,1,3,,2,012,"SR-58 E/B","TEHACHAPI WILLOW SPRINGS RD",8976.00,E,N,A,-,Y,,,58,,,,,,E,Y,2,0,2,2,A,-,01,23152,A,N,D,C,A,A,H,-,A,D,0,,,,,Y,Y,A,01,1,0,1,0,0,0,0,0,0,"- ","- ",35.114658355712891,-118.36638641357422,KERN,UNINCORPORATED,-118.36638641357422,35.114669799804688
91017761,2019,2019-07-22,9420,2019-06-12,2201,019311,,3,3,9,1500,0,2,4,,1,075,"S.UNION AVE","HUDSON ST",664.00,N,N,A,-,N,,,,,,,,,,N,2,0,2,3,A,-,03,22350,,F,G,B,E,A,H,-,D,D,0,Y,,,,Y,Y,A,07,1,1,0,0,2,0,0,0,0,"- ","- ",35.163970947265625,-119.0107421875,KERN,UNINCORPORATED,-119.00315093994141,35.277740478515625
91024137,2019,2019-07-03,9420,2019-06-29,1730,020163,,6,2,9,1500,0,3,5,,2,672,"MONTEREY ST.","OSWELL ST.",365.00,E,N,A,-,N,,,,,,,,,,N,2,0,1,2,A,-,21,22106,,N,G,B,E,A,H,-,A,D,0,Y,,,,Y,Y,A,07,1,0,0,0,1,0,0,0,0,"- ","- ",35.375030517578125,-118.94835662841797,KERN,UNINCORPORATED,-118.94979858398438,35.375
91027468,2019,2019-07-09,9420,2019-07-05,0200,020040,,5,3,6,1502,0,1,3,,1,176,"SR-178 W/B FROM FAIRFAX ROAD N/B","FAIRFAX ROAD",200.00,E,N,A,-,Y,,,178,,,,R,,W,Y,2,0,1,1,A,-,01,23152,A,N,E,I,A,A,H,-,C,D,0,,,,,Y,Y,A,01,1,0,0,0,0,0,0,0,0,"- ","- ",35.396999359130859,-118.92900085449219,KERN,BAKERSFIELD,-118.92900085449219,35.396999359130859
91027490,2019,2019-07-09,9420,2019-06-30,1114,019184,,7,1,9,1500,0,3,5,,2,040,"GRANITE RD.","WOODY RD.",6864.00,N,N,A,-,N,,,,,,,,,,N,2,0,1,1,A,-,03,22350,,N,F,I,A,A,H,-,A,D,0,,,Y,,Y,,C,02,1,0,0,0,0,0,0,0,1,"- ","- ",35.609298706054688,-118.92350006103516,KERN,UNINCORPORATED,-118.92415618896484,35.609443664550781
91035283,2019,2019-07-22,9420,2019-07-10,0610,017256,,3,1,9,1500,0,1,3,,2,583,"STATE ROUTE 58","FRUITVALE AVENUE",83.00,W,N,A,-,Y,,,58,,,,,,,N,2,0,1,2,A,-,08,22107,,N,B,G,A,A,H,-,A,D,0,,Y,,Y,Y,,L,04,1,0,0,0,0,0,1,0,0,"- ","- ",35.383228302001953,-119.07451629638672,KERN,UNINCORPORATED,-119.07451629638672,35.383354187011719
91035827,2019,2019-07-23,9420,2019-07-13,2108,021480,,6,2,6,1502,0,2,4,,1,075,"S. UNION AVENUE","ADAMS ST.",10.00,S,N,A,-,N,,,,,,,,,,N,2,0,1,2,A,-,11,21954,A,N,G,B,D,A,H,-,D,D,0,Y,,,,Y,,N,60,1,0,0,0,1,0,0,0,0,"- ","- ",35.343578338623047,-119.00308227539062,KERN,BAKERSFIELD,-119.00311279296875,35.343582153320312
91037075,2019,2019-07-24,9426,2019-07-03,1340,017581,,3,1,9,1500,0,1,3,,1,167,"STATE ROUTE 166","SHORT ROAD",528.00,E,N,A,-,Y,,,166,,,,,,,Y,1,1,0,1,A,-,08,22107,,N,F,A,A,A,H,-,A,D,0,,,,,Y,,A,07,0,0,0,0,0,0,0,0,0,"- ","- ",35.058311462402344,-119.36425018310547,KERN,UNINCORPORATED,-119.36425018310547,35.058204650878906
9103824,2020,2020-08-06,1506,2020-04-19,2232,1712,44,7,5,4,1506,0,0,0,,0,,"S ALVORD ST","S ALVORD ST 712",0.00,,Y,A,-,N,,,,,,,,,,N,2,0,1,2,A,-,01,23153,,N,B,B,F,A,H,-,C,D,0,Y,,,,Y,Y,-,,1,0,0,0,1,0,0,0,0,"- ","- ",35.610721588134766,-117.67524719238281,KERN,RIDGECREST,-117.675478,35.610765000000001
91044357,2019,2019-08-02,9830,2019-07-16,0200,021632,,2,3,9,1500,0,3,5,,2,001,"SR-202 WESTBOUND","MISSION STREET",25.00,E,N,A,-,Y,,,202,,,,,,W,Y,2,0,2,2,A,-,03,22350,,F,C,C,A,A,H,-,C,D,0,,,,,Y,,A,01,1,1,0,0,0,0,0,0,0,"- ","- ",35.124351501464844,-118.49118804931641,KERN,UNINCORPORATED,-118.49118804931641,35.124286651611328
91052162,2019,2019-08-14,9420,2019-08-12,1820,020782,,1,2,9,1500,0,3,5,,2,050,"MCGINNIS STREET","MCGINLEY AVENUE",50.00,N,N,A,-,N,,,,,,,,,,N,2,0,1,1,A,-,03,22350,,N,F,A,A,A,H,-,A,D,0,,,Y,,Y,,C,02,1,0,0,0,0,0,0,0,1,"- ","- ",35.446540832519531,-119.03103637695312,KERN,UNINCORPORATED,-119.03184509277344,35.446887969970703
91055463,2019,2019-08-20,9420,2019-08-09,2030,021296,,5,2,9,1500,0,3,5,,2,040,"ALFRED HARRELL HWY","FAIRFAX RD.",1534.00,E,N,A,-,N,,,,,,,,,,N,2,0,1,1,A,-,03,22350,,N,F,G,A,A,H,-,D,D,0,,Y,,,Y,,L,04,1,0,0,0,0,0,1,0,0,"- ","- ",35.424259185791016,-118.94438171386719,KERN,UNINCORPORATED,-118.95033264160156,35.423198699951172
91056539,2019,2019-08-21,9420,2019-06-30,1900,020163,,7,2,9,1500,0,2,4,,1,072,"NILES STREET","PARK DRIVE",90.00,E,N,A,-,N,,,,,,,,,,N,1,1,0,2,A,-,11,21954,A,N,G,B,D,A,H,-,A,D,0,Y,,,,Y,,N,60,0,0,0,1,0,0,0,0,0,"- ","- ",35.376258850097656,-118.91825103759766,KERN,UNINCORPORATED,-118.91836547851562,35.376247406005859
91058647,2019,2019-08-26,9426,2019-08-11,0110,018610,,7,3,9,1500,0,1,3,,1,118,SR-119,"RT 5",4224.00,W,N,A,-,Y,,,119,,,,,,,Y,2,0,1,2,A,-,11,21954,A,F,F,A,E,A,H,-,D,D,0,Y,,,,Y,,N,60,1,0,0,0,0,0,0,0,0,"- ","- ",35.267200469970703,-119.23750305175781,KERN,UNINCORPORATED,-119.23750305175781,35.267105102539062
91064040,2019,2019-08-30,9420,2019-06-23,0145,019686,,7,3,9,1500,0,3,5,,2,060,"FRUITVALE AVENUE (4000 BLOCK)","DUNCAN WAY",138.00,N,N,A,-,N,,,,,,,,,,N,1,1,0,2,A,-,11,21954,A,N,G,B,D,A,H,-,D,D,0,Y,,,,Y,Y,N,60,0,0,0,1,0,0,0,0,0,"- ","- ",35.396869659423828,-119.07444000244141,KERN,UNINCORPORATED,-119.07438659667969,35.396907806396484
91064169,2019,2019-08-30,9420,2019-04-26,2025,019531,,5,2,9,1500,0,3,5,,2,630,"STATE ROUTE 99 SOUTHBOUND TO COPUS ROAD","COPUS ROAD",0.00,,Y,A,-,Y,,,99,,,,R,,S,Y,1,1,2,2,A,-,01,23152,G,N,D,C,A,A,H,-,D,A,0,,,,,Y,Y,A,01,1,0,1,0,0,0,0,0,0,"- ","- ",35.095069885253906,-118.98136901855469,KERN,UNINCORPORATED,-118.98136901855469,35.095069885253906
91065925,2019,2019-09-03,9426,2019-08-25,1137,016804,,7,1,9,1500,0,1,1,,2,502,"I-5 N/B TO TRACY AVE","TRACY AVE.",320.00,W,N,A,-,Y,,,5,,,,R,,N,Y,2,0,1,1,A,-,08,22107,,N,F,A,A,A,H,-,A,D,0,,,Y,,Y,,C,02,1,0,0,0,0,0,0,0,1,"- ","- ",35.400848388671875,-119.39904022216797,KERN,UNINCORPORATED,-119.39904022216797,35.400848388671875
91072731,2019,2019-09-20,9830,2019-09-05,1040,018450,,4,1,9,1500,0,1,3,,2,010,"SR-58 W/B",SR-202,5280.00,W,N,A,-,Y,,,58,,,,,,W,Y,2,0,2,1,A,-,08,22107,,N,E,I,A,A,H,-,A,D,0,,,,,Y,,A,01,2,0,0,0,0,0,0,0,0,"- ","- ",35.151668548583984,-118.47048187255859,KERN,UNINCORPORATED,-118.47050476074219,35.151653289794922
91074314,2019,2019-09-13,9420,2019-09-11,1750,015896,,3,2,9,1500,0,3,5,,2,530,"WASCO AVE","RIVERSIDE ST",0.00,,Y,A,-,N,,,,,,,,,,Y,2,0,5,2,A,-,12,22450,A,N,D,C,A,A,H,-,A,A,0,,,,,Y,,A,07,1,4,0,0,0,0,0,0,0,"- ","- ",35.485500335693359,-119.3323974609375,KERN,UNINCORPORATED,-119.33241271972656,35.485458374023438
91077119,2019,2019-09-18,9420,2019-09-13,1950,016691,,5,2,9,1500,0,3,5,,2,630,"S. UNION AVE","CURNOW RD",0.00,,Y,A,-,N,,,,,,,,,,N,2,0,1,2,A,-,09,21802,A,F,D,C,A,A,H,-,D,A,0,,,Y,,Y,,C,02,1,0,0,0,0,0,0,0,1,"- ","- ",35.259609222412109,-119.00303649902344,KERN,UNINCORPORATED,-119.00314331054688,35.259552001953125
91079220,2019,2019-09-20,9420,2019-09-15,1020,016767,,7,1,9,1500,0,1,3,,2,155,SR-155,SR-65,15840.00,E,N,A,-,Y,,,155,,,,,,,Y,2,0,1,1,A,-,03,22350,,N,F,A,A,A,H,-,A,D,0,,,Y,,Y,,C,02,1,0,0,0,0,0,0,0,1,"- ","- ",35.739799499511719,-118.95950317382812,KERN,UNINCORPORATED,-118.95944976806641,35.740036010742188
91079681,2019,2019-09-20,9420,2019-09-14,1030,020402,,6,1,9,1500,0,3,5,,2,060,"CRIPPLE CREEK AVE","QUAIL CREEK RD",450.00,E,N,A,-,N,,,,,,,,,,N,2,0,1,1,A,-,13,22515,A,N,F,A,A,A,H,-,A,D,0,,,Y,,Y,,C,02,1,0,0,0,0,0,0,0,1,"- ","- ",35.425380706787109,-119.09947204589844,KERN,UNINCORPORATED,-119.099609375,35.425365447998047
91081957,2019,2019-09-24,9420,2019-08-21,0808,016153,,3,1,9,1500,0,3,5,,2,630,"STOCKDALE HIGHWAY","SUPERIOR ROAD",282.00,E,N,A,-,N,,,,,,,,,,Y,1,1,2,2,A,-,05,21460,A,N,A,C,A,A,H,-,A,D,0,,,,Y,Y,,D,22,0,2,0,0,0,0,0,0,0,"- ","- ",35.354351043701172,-119.23298645019531,KERN,UNINCORPORATED,-119.23338317871094,35.354312896728516
91087902,2019,2019-10-01,9420,2019-09-23,0639,017301,,1,1,9,1500,0,1,3,,2,154,SR-155,"WALLACE ROAD",0.00,,Y,A,-,Y,,,155,,,,,,,Y,2,0,4,2,A,-,09,21802,A,N,D,C,A,A,H,-,D,A,0,,,,,Y,,D,22,2,2,0,0,0,0,0,0,0,"- ","- ",35.761501312255859,-119.16963195800781,KERN,UNINCORPORATED,-119.16963195800781,35.761493682861328
91090276,2019,2019-10-03,9426,2019-09-02,0010,018633,,1,3,9,1500,0,1,1,,2,502,"I-5 S/B","LERDO HWY",1056.00,S,N,A,-,Y,,,,,,,,,,Y,1,1,0,1,A,-,08,22107,,N,F,A,A,A,H,-,D,D,0,,,,,Y,,A,07,0,0,0,0,0,0,0,0,0,"- ","- ",35.419578552246094,-119.53050994873047,KERN,UNINCORPORATED,,
91090722,2019,2019-10-04,9426,2019-09-28,1532,016953,,6,2,9,1500,0,3,5,,2,087,"OLD RIVER ROAD","HERRING RD",1584.00,N,N,A,-,N,,,,,,,,,,Y,2,0,2,2,A,-,01,23152,A,N,A,C,A,A,H,-,A,D,0,,,,,Y,Y,A,01,2,0,0,0,0,0,0,0,0,"- ","- ",35.155349731445312,-119.10977172851562,KERN,UNINCORPORATED,-119.10990905761719,35.156291961669922
91093459,2019,2019-10-09,9426,2019-10-03,2300,016579,,4,3,9,1500,0,1,1,,2,504,"I-5 N/B","KERN RIVER UTILITY",1584.00,S,N,A,-,Y,,,5,,,,,,N,Y,2,0,4,2,A,-,03,22350,,N,C,C,A,A,H,-,D,D,0,,,,Y,Y,,G,25,1,2,1,0,0,0,0,0,0,"- ","- ",35.307689666748047,-119.26979827880859,KERN,UNINCORPORATED,-119.26979064941406,35.307697296142578
91101433,2019,2019-10-21,9420,2019-10-12,1454,021296,,6,2,9,1500,0,2,4,,1,072,"E. CALIFORNIA AVE","BEVERLY DR.",40.00,E,N,A,-,N,,,,,,,,,,N,2,0,1,2,A,-,11,21954,A,N,G,B,D,A,H,-,A,D,0,Y,,,,Y,,N,60,1,0,0,0,1,0,0,0,0,"- ","- ",35.3685302734375,-118.97437286376953,KERN,UNINCORPORATED,-118.97450256347656,35.368499755859375
91102809,2019,2019-10-22,9830,2019-10-10,1815,020113,,4,2,9,1500,0,3,5,,2,005,"GARLOCK RD","REDROCK RANDSBURG RD",10613.00,E,N,A,-,N,,,,,,,,,,Y,2,0,1,1,A,-,08,22107,,N,F,A,A,A,H,-,B,D,0,,,,,Y,,A,01,1,0,0,0,0,0,0,0,0,"- ","- ",35.414981842041016,-117.77570343017578,KERN,UNINCORPORATED,-117.77667999267578,35.41375732421875
91104909,2019,2019-11-18,9430,2019-09-21,1535,021197,,6,2,9,1500,0,2,4,,1,023,"CUDDY VALLEY ROAD","WHITE ROCK ROAD",480.00,W,N,A,-,N,,,,,,,,,,Y,1,1,4,1,A,-,03,22350,,N,F,I,A,A,H,-,A,D,0,,,,,Y,,A,07,1,1,2,0,0,0,0,0,0,"- ","- ",34.843101501464844,-119.06572723388672,KERN,UNINCORPORATED,-119.06472015380859,34.842716217041016
91107543,2019,2019-10-28,9420,2019-08-31,0925,016973,,6,1,9,1500,0,3,5,,2,040,"ALFRED HARRELL HIGHWAY","OLD ALFRED HARRELL HIGHWAY",0.00,,Y,A,-,N,,,,,,,,,,N,1,1,0,2,A,-,08,22107,,N,H,G,A,A,H,-,A,D,0,,Y,,,Y,,L,04,0,0,0,0,0,1,0,0,0,"- ","- ",35.418941497802734,-118.96307373046875,KERN,UNINCORPORATED,-118.98056793212891,35.409828186035156
91116561,2019,2019-11-08,9420,2019-11-06,0540,013597,,3,3,9,1500,0,3,5,,2,630,"COPUS ROAD","BYRON ROAD",80.00,W,N,A,-,N,,,,,,,,,,Y,2,0,1,1,A,-,08,22107,,N,F,A,A,A,H,-,D,D,0,,,,,Y,,D,22,1,0,0,0,0,0,0,0,0,"- ","- ",35.054298400878906,-119.00520324707031,KERN,UNINCORPORATED,-119.01217651367188,35.095241546630859
91116665,2019,2019-11-08,9420,2019-11-03,1809,021308,,7,2,9,1500,0,3,5,,2,040,"BERNARD ST. (500 BLOCK)","N. KERN ST.",95.00,E,N,A,-,N,,,,,,,,,,N,2,0,1,1,A,-,03,22350,,N,E,J,A,A,H,-,C,D,0,,Y,,,Y,,L,04,1,0,0,0,0,0,1,0,0,"- ","- ",35.390270233154297,-118.99040985107422,KERN,UNINCORPORATED,-118.98885345458984,35.390251159667969
91118216,2019,2019-11-12,9426,2019-10-13,0016,019658,,7,3,9,1500,0,1,1,,2,502,"I-5 S/B","MERCED AVE",265.00,S,N,A,-,Y,,,,,,,,,,Y,1,1,3,2,A,-,03,22350,,N,C,C,A,A,H,-,C,D,0,,,,,Y,,A,07,1,0,2,0,0,0,0,0,0,"- ","- ",35.526901245117188,-119.33540344238281,KERN,UNINCORPORATED,,
91125865,2019,2019-11-25,9420,2019-11-20,0930,016153,,3,1,9,1500,0,2,4,,1,051,"AIRPORT DR.","ROBERTS LN.",12.00,S,N,B,C,N,,,,,,,,,,N,1,1,0,2,A,-,03,22350,,N,G,B,B,B,H,-,A,A,0,Y,,,,Y,,A,01,0,0,0,1,0,0,0,0,0,"- ","- ",35.408489227294922,-119.03861999511719,KERN,UNINCORPORATED,-119.03894805908203,35.408588409423828
91127759,2019,2019-11-22,9420,2019-11-17,1417,021296,,7,2,9,1500,0,1,3,,2,584,"SR-58 E/B","STERLING RD",75.00,W,N,A,-,Y,,,58,,,,,,E,Y,2,0,1,1,A,-,08,22107,,N,F,A,A,A,D,-,A,D,0,,,,,Y,,B,07,1,0,0,0,0,0,0,0,0,"- ","- ",35.352321624755859,-118.94106292724609,KERN,UNINCORPORATED,-118.94106292724609,35.352130889892578
91128572,2019,2019-11-25,9420,2019-11-17,1445,021308,,7,2,9,1500,0,2,4,,1,071,"FAIRFAX RD. (600 BLOCK)","PIONEER DR.",60.00,N,N,A,-,N,,,,,,,,,,Y,2,0,2,2,A,-,04,21703,,N,C,C,A,A,H,-,A,A,0,,,,,Y,,D,22,1,0,1,0,0,0,0,0,0,"- ","- ",35.369098663330078,-118.93199157714844,KERN,UNINCORPORATED,-118.93193817138672,35.368934631347656
91128975,2019,2020-05-05,9830,2019-08-19,1220,018450,,1,1,9,1500,0,3,5,,2,003,"60TH STREET WEST","AVENUE A",2640.00,N,N,A,-,N,,,,,,,,,,Y,1,1,0,2,A,-,09,21801,A,N,A,C,A,A,H,-,A,D,0,,,,Y,Y,,G,25,0,0,0,0,0,0,0,0,0,"- ","- ",34.823780059814453,-118.23738861083984,KERN,UNINCORPORATED,-118.23776245117188,34.827369689941406
91132266,2019,2019-12-02,9420,2019-11-20,2211,021144,,3,3,9,1500,0,1,3,,2,588,"SR-58 E/B",SR-223,0.00,,Y,B,-,Y,,,58,,,,,,E,Y,2,0,3,2,A,-,12,22450,A,N,D,C,A,B,H,-,C,A,0,,,,Y,Y,,A,01,2,1,0,0,0,0,0,0,0,"- ","- ",35.264171600341797,-118.65708160400391,KERN,UNINCORPORATED,-118.65645000000001,35.264062000000003
91134448,2019,2019-12-13,9420,2019-10-11,0100,021308,,5,3,9,1500,0,3,5,,2,672,"BUENA VISTA BOULEVARD","ADOBE ROAD",724.00,W,N,A,-,N,,,,,,,,,,Y,1,1,1,1,A,-,01,23152,A,N,E,I,A,A,H,-,D,D,0,,,,,Y,Y,A,07,0,1,0,0,0,0,0,0,0,"- ","- ",35.237720489501953,-118.97010803222656,KERN,UNINCORPORATED,-118.9700927734375,35.237796783447266
91134718,2019,2019-12-03,9830,2019-11-28,1603,021534,,4,2,9,1500,0,1,3,,2,043,"SR-58 W/B","BUSINESS 58 NORTH",800.00,E,N,E,-,Y,,,58,,,,,,W,Y,2,0,5,4,A,-,03,22350,,N,C,C,A,C,H,-,A,D,0,,,,Y,Y,,G,25,1,0,4,0,0,0,0,0,0,"- ","- ",35.113048553466797,-118.17646789550781,KERN,UNINCORPORATED,-118.17646789550781,35.113067626953125
91136112,2019,2020-01-20,9420,2019-09-02,0122,021133,,1,3,9,1500,0,1,3,,2,091,"STATE ROUTE 99 S/B TO KIMBERLINA ROAD","KIMBERLINA ROAD",273.00,N,N,A,-,Y,,,99,,,,R,,S,Y,1,3,0,1,A,-,08,22107,,N,E,I,A,A,H,-,D,D,0,,,,,Y,,A,01,0,0,0,0,0,0,0,0,0,"- ","- ",35.559329986572266,-119.19793701171875,KERN,UNINCORPORATED,-119.19793701171875,35.559329986572266
91142674,2019,2019-12-13,9830,2019-12-03,0045,019367,,2,3,9,1500,0,1,3,,2,012,"SR-58 W/B TO SAND CANYON","TEHACHAPI BLVD",125.00,W,N,A,-,Y,,,58,,,,R,,W,Y,2,0,3,1,A,-,03,22350,,N,E,J,A,A,D,H,D,A,0,,,,Y,Y,,G,25,1,1,1,0,0,0,0,0,0,"- ","- ",35.110630035400391,-118.32327270507812,KERN,UNINCORPORATED,-118.32327270507812,35.110630035400391
91149273,2019,2019-12-20,9430,2019-12-09,1810,021197,,1,2,9,1500,0,1,3,,2,090,"STATE ROUTE 99 NORTHBOUND","INTERSTATE 5",318.00,N,N,A,-,Y,,,99,,,,,,N,Y,1,1,0,1,A,-,08,22107,,N,E,I,A,A,D,-,D,D,0,,,,,Y,,A,07,0,0,0,0,0,0,0,0,0,"- ","- ",35.019111633300781,-118.95549011230469,KERN,UNINCORPORATED,-118.95553588867188,35.019096374511719
91150911,2019,2019-12-23,9420,2019-12-20,1452,020782,,5,2,9,1500,0,1,3,,2,588,SR-58,SR-223,0.00,,Y,A,-,Y,,,58,,,,,,,Y,2,0,1,2,A,-,09,21801,A,N,D,C,A,B,H,-,A,D,0,,,,,Y,,A,01,1,0,0,0,0,0,0,0,0,"- ","- ",35.264091491699219,-118.65833282470703,KERN,UNINCORPORATED,-118.6583251953125,35.264163970947266
91156065,2019,2019-12-31,9420,2019-12-22,1715,021480,,7,2,9,1500,0,3,5,,2,672,"S. EDISON RD","HERRING RD",2715.00,N,N,B,G,N,,,,,,,,,,Y,2,0,3,2,A,-,01,23152,A,F,B,C,A,A,H,-,D,D,0,,,,Y,Y,Y,A,01,2,1,0,0,0,0,0,0,0,"- ","- ",35.157981872558594,-118.87795257568359,KERN,UNINCORPORATED,-118.87806701660156,35.158138275146484
91156323,2019,2019-12-31,9420,2019-12-23,1715,018445,,1,2,9,1500,0,2,4,,1,051,"MANOR STREET","CIRCLE DRIVE",15.00,S,N,B,C,N,,,,,,,,,,N,2,0,1,2,A,-,03,22350,,N,H,G,A,B,H,-,D,D,0,,Y,,,Y,,A,01,1,0,0,0,0,0,1,0,0,"- ","- ",35.428440093994141,-119.01248931884766,KERN,UNINCORPORATED,-119.01242828369141,35.429149627685547
91156467,2019,2019-12-31,9420,2019-10-10,0130,021480,,4,3,9,1500,0,1,3,,2,177,"STATE ROUTE 178","DEMOCRAT ROAD",10032.00,W,N,A,-,Y,,,,,,,,,,Y,1,1,1,1,A,-,08,22107,,N,E,I,A,A,H,-,D,D,0,,,,,Y,,A,01,0,1,0,0,0,0,0,0,0,"- ","- ",35.511760711669922,-118.68794250488281,KERN,UNINCORPORATED,,
91163908,2020,2020-01-13,9830,2020-01-05,0800,018450,,7,1,9,1500,0,2,4,,1,034,"ROSAMOND BOULEVARD","SIERRA HIGHWAY",0.00,,Y,A,-,N,,,,,,,,,,N,2,0,1,2,A,-,11,21950,B,N,G,B,B,A,H,-,A,A,0,Y,,,,Y,,N,60,1,0,0,0,1,0,0,0,0,"- ","- ",34.515171051025391,-118.0948486328125,KERN,UNINCORPORATED,-118.16330718994141,34.8643798828125
91165694,2019,2020-01-15,9830,2019-12-27,0100,020524,,5,3,9,1500,0,1,3,,2,014,"SR-58 E/B","BUSINESS ROUTE 58 (NORTH)",15840.00,W,N,B,-,Y,,,58,,,,,,E,N,2,0,1,4,A,-,03,22350,,F,D,C,E,C,H,-,D,D,0,Y,,,,Y,,A,07,1,0,0,0,1,0,0,0,0,"- ","- ",35.11383056640625,-118.23371124267578,KERN,UNINCORPORATED,-118.23371124267578,35.113826751708984
91167488,2020,2020-02-11,9420,2020-01-07,1245,017256,,2,1,9,1500,0,2,4,,1,071,"FAIRFAX FRONTAGE ROAD EAST","EDISON HIGHWAY",790.00,S,N,A,-,N,,,,,,,,,,Y,1,1,0,2,A,-,05,21460,A,M,A,C,A,A,H,-,A,D,0,,,,Y,Y,,A,01,0,0,0,0,0,0,0,0,0,"- ","- ",35.360088348388672,-118.93167877197266,KERN,UNINCORPORATED,-118.93161773681641,35.360233306884766
91168761,2020,2020-01-21,9420,2020-01-10,2035,016691,,5,2,9,1500,0,1,3,,1,176,"SR-178 WB","OSWELL ST",250.00,W,N,A,-,Y,,,,,,,,,,Y,2,0,3,2,A,-,01,23152,A,N,B,C,A,A,H,-,D,D,0,,,,,Y,Y,A,01,3,0,0,0,0,0,0,0,0,"- ","- ",35.396560668945312,-118.95813751220703,KERN,UNINCORPORATED,-118.95074462890625,35.396469116210938
91168832,2020,2020-01-21,9420,2020-01-14,1603,020163,,2,2,9,1500,0,3,5,,2,070,"AVENIDA ESCUELA","CAMINO SIERRA",6.00,E,N,A,-,N,,,,,,,,,,Y,2,0,4,2,A,-,03,22350,,N,A,C,A,A,H,-,A,D,0,,,,,Y,,A,01,2,0,2,0,0,0,0,0,0,"- ","- ",35.378150939941406,-118.95919799804688,KERN,UNINCORPORATED,-118.95925140380859,35.378162384033203
91173412,2019,2020-01-24,9830,2019-10-17,0200,020960,,4,3,9,1500,0,1,3,,2,010,"STATE ROUTE 58 WESTBOUND","STATE ROUTE 202",11088.00,W,N,A,-,Y,,,,,,,,,,Y,1,1,0,1,A,-,01,23152,A,N,E,I,A,A,H,-,D,D,0,,,,,Y,Y,A,01,0,0,0,0,0,0,0,0,0,"- ","- ",36.168830871582031,-118.47416687011719,KERN,UNINCORPORATED,-118.47506713867188,35.16986083984375
91184190,2020,2020-02-11,9830,2020-02-01,2145,019367,,6,2,9,1500,0,1,3,,1,022,"SR-58 E/B","ROSAMOND BLVD",5808.00,E,N,A,-,Y,,,58,,,,,,E,N,2,0,1,2,A,-,11,21956,A,N,G,B,E,A,H,-,D,D,0,Y,,,,Y,,N,60,1,0,0,0,1,0,0,0,0,"- ","- ",35.008010864257812,-117.85848236083984,KERN,UNINCORPORATED,-117.85848236083984,35.007999420166016
91188945,2020,2020-02-19,9420,2020-02-12,1815,016978,,3,2,9,1500,0,1,3,,2,582,SR-58,"MARTIN AVENUE",2112.00,W,N,A,-,Y,,,58,,,,,,,Y,2,0,1,2,A,-,03,22350,,N,C,C,A,A,H,-,D,D,0,,,,,Y,,D,22,1,0,0,0,0,0,0,0,0,"- ","- ",35.398349761962891,-119.28180694580078,KERN,UNINCORPORATED,-119.28180694580078,35.398227691650391
91189695,2019,2020-02-19,9426,2019-12-05,0505,015576,,4,3,9,1500,0,1,1,,2,502,"I-5 N/B","7TH STANDARD RD",11088.00,S,N,E,-,Y,,,5,,,,,,N,Y,1,1,0,2,A,-,01,23152,F,N,C,C,A,B,H,-,D,D,0,,,,Y,Y,,A,01,0,0,0,0,0,0,0,0,0,"- ","- ",35.422130584716797,-119.42872619628906,KERN,UNINCORPORATED,-119.42876434326172,35.422080993652344