CASE_ID,ACCIDENT_YEAR,PROC_DATE,JURIS,COLLISION_DATE,COLLISION_TIME,OFFICER_ID,REPORTING_DISTRICT,DAY_OF_WEEK,CHP_SHIFT,POPULATION,CNTY_CITY_LOC,SPECIAL_COND,BEAT_TYPE,CHP_BEAT_TYPE,CITY_DIVISION_LAPD,CHP_BEAT_CLASS,BEAT_NUMBER,PRIMARY_RD,SECONDARY_RD,DISTANCE,DIRECTION,INTERSECTION,WEATHER_1,WEATHER_2,STATE_HWY_IND,CALTRANS_COUNTY,CALTRANS_DISTRICT,STATE_ROUTE,ROUTE_SUFFIX,POSTMILE_PREFIX,POSTMILE,LOCATION_TYPE,RAMP_INTERSECTION,SIDE_OF_HWY,TOW_AWAY,COLLISION_SEVERITY,NUMBER_KILLED,NUMBER_INJURED,PARTY_COUNT,PRIMARY_COLL_FACTOR,PCF_CODE_OF_VIOL,PCF_VIOL_CATEGORY,PCF_VIOLATION,PCF_VIOL_SUBSECTION,HIT_AND_RUN,TYPE_OF_COLLISION,MVIW,PED_ACTION,ROAD_SURFACE,ROAD_COND_1,ROAD_COND_2,LIGHTING,CONTROL_DEVICE,CHP_ROAD_TYPE,PEDESTRIAN_ACCIDENT,BICYCLE_ACCIDENT,MOTORCYCLE_ACCIDENT,TRUCK_ACCIDENT,NOT_PRIVATE_PROPERTY,ALCOHOL_INVOLVED,STWD_VEHTYPE_AT_FAULT,CHP_VEHTYPE_AT_FAULT,COUNT_SEVERE_INJ,COUNT_VISIBLE_INJ,COUNT_COMPLAINT_PAIN,COUNT_PED_KILLED,COUNT_PED_INJURED,COUNT_BICYCLIST_KILLED,COUNT_BICYCLIST_INJURED,COUNT_MC_KILLED,COUNT_MC_INJURED,PRIMARY_RAMP,SECONDARY_RAMP,LATITUDE,LONGITUDE,COUNTY,CITY,POINT_X,POINT_Y
91191296,2020,2020-02-21,9430,2020-02-06,2150,018681,,4,2,9,1500,0,2,4,,1,023,"CUDDY VALLEY ROAD","IVINS ROAD",3696.00,W,N,A,-,N,,,,,,,,,,Y,1,1,0,1,A,-,08,22107,,N,F,I,A,A,H,-,D,D,0,,,,,Y,,A,07,0,0,0,0,0,0,0,0,0,"- ","- ",34.825550079345703,-119.01419830322266,KERN,UNINCORPORATED,-119.01380157470703,34.825485229492188
91194742,2020,2020-02-27,9420,2020-02-15,0218,019903,,6,3,9,1500,0,3,5,,2,060,"PATTON WAY","WELDON AVE",410.00,N,N,A,-,N,,,,,,,,,,Y,2,0,1,3,A,-,01,23152,A,M,C,E,A,A,H,-,C,D,0,,,,,Y,Y,A,01,1,0,0,0,0,0,0,0,0,"- ","- ",35.406768798828125,-119.08345794677734,KERN,UNINCORPORATED,-119.08332824707031,35.406715393066406
91195125,2020,2020-02-27,9420,2020-01-03,1744,015255,,5,2,6,1502,0,1,3,,2,094,"STATE ROUTE 99 NORTHBOUND","HOSKING AVENUE",832.00,S,N,A,-,Y,,,99,,,,,,N,Y,1,2,1,2,A,-,01,23152,F,F,C,C,A,A,H,-,D,D,0,,,,Y,Y,Y,A,01,1,0,0,0,0,0,0,0,0,"- ","- ",35.278800964355469,-119.02580261230469,KERN,BAKERSFIELD,-119.02591705322266,35.278770446777344
91200360,2020,2020-03-03,9420,2020-02-28,1738,016691,,5,2,9,1500,0,2,4,,1,052,"ROBERTS LN","PLYMOUTH AVE",110.00,W,N,A,-,N,,,,,,,,,,Y,2,0,1,2,A,-,01,23152,F,N,C,C,A,A,H,-,A,A,0,,,,,Y,,A,01,1,0,0,0,0,0,0,0,0,"- ","- ",35.408599853515625,-119.02578735351562,KERN,UNINCORPORATED,-119.02590942382812,35.40863037109375
91204998,2020,2020-03-10,9420,2020-01-20,0945,017295,,1,1,9,1500,0,1,3,,1,176,"SR-178 W/B","UNION AVENUE",275.00,W,N,A,-,Y,,,,,,,,,,Y,2,0,4,2,A,-,07,21658,A,F,B,C,A,A,H,-,A,D,0,,,,,Y,,A,01,4,0,0,0,0,0,0,0,0,"- ","- ",35.383731842041016,-119.00405883789062,KERN,UNINCORPORATED,-119.00391387939453,35.383663177490234
91209547,2020,2020-03-17,9420,2020-03-04,0135,018932,,3,3,9,1500,0,1,3,,1,176,"SR-178 E/B","BAKER STREET",76.00,E,N,A,-,Y,,,,,,,,,,Y,2,0,3,4,A,-,03,22350,,N,D,E,E,A,C,-,D,D,0,Y,,,,Y,,A,01,2,0,1,0,1,0,0,0,0,"- ","- ",35.385200500488281,-119.98930358886719,KERN,UNINCORPORATED,-118.98973846435547,35.385047912597656
91213156,2019,2020-03-20,9830,2019-12-19,2355,021788,,4,3,9,1500,0,1,3,,1,052,"STATE ROUTE 178","NORTH COMET AVENUE",135.00,W,N,A,-,Y,,,178,,,,,,,Y,1,1,0,1,A,-,01,23152,A,N,E,I,A,A,H,-,D,D,0,,,,,Y,Y,A,07,0,0,0,0,0,0,0,0,0,"- ","- ",35.65216064453125,-117.79409790039062,KERN,UNINCORPORATED,-117.79409790039062,35.652091979980469
91213189,2020,2020-03-20,9426,2020-03-18,1338,017230,,3,1,9,1500,0,1,3,,1,118,SR-119,"GOLF COURSE RD",2640.00,E,N,A,-,Y,,,119,,,,,,,Y,2,0,2,1,A,-,08,22107,,N,F,A,A,A,H,-,A,D,0,,,,,Y,,A,01,1,1,0,0,0,0,0,0,0,"- ","- ",35.236591339111328,-119.36373138427734,KERN,UNINCORPORATED,-119.36370086669922,35.236545562744141
91213513,2020,2020-03-23,9830,2020-03-14,2215,020960,,6,3,9,1500,0,1,3,,1,040,SR14,"SR58 WESTBOUND OFFRAMP",0.00,,Y,A,-,Y,,,,,,,,,,Y,2,0,3,2,A,-,09,21802,A,N,D,C,A,A,H,-,C,A,0,,,,,Y,,A,01,1,2,0,0,0,0,0,0,0,"- ","- ",34.100440979003906,-118.14293670654297,KERN,UNINCORPORATED,,
91222699,2020,2020-04-07,9430,2020-04-01,0737,016825,,3,1,9,1500,0,1,1,,2,052,"I-5 N/B","LEBEC ROAD",528.00,S,N,B,-,Y,,,5,,,,,,N,Y,2,0,2,2,A,-,03,22350,,N,C,C,A,A,H,-,A,D,0,,,,Y,Y,,G,25,1,1,0,0,0,0,0,0,0,"- ","- ",34.855930328369141,-118.87468719482422,KERN,UNINCORPORATED,-118.87470245361328,34.855922698974609
91225312,2020,2020-04-14,9420,2020-04-05,0200,021144,,7,3,9,1500,0,1,3,,2,090,"SR-99 N/B TO POND RD.","POND RD.",0.00,,Y,B,-,Y,,,99,,,,R,,N,Y,2,0,1,1,A,-,08,22107,,F,F,A,A,A,H,-,C,D,0,,,,,Y,,A,07,1,0,0,0,0,0,0,0,0,"- ","- ",35.718231201171875,-119.23651885986328,KERN,UNINCORPORATED,-119.23651885986328,35.718231201171875
91228775,2020,2020-04-23,9420,2020-04-21,2100,016691,,2,2,9,1500,0,3,5,,2,050,"WOODROW AVE","SANFORD DR",137.00,E,N,A,-,N,,,,,,,,,,Y,2,0,1,2,A,-,01,23152,F,N,B,E,A,A,H,-,D,D,0,,,Y,,Y,,C,02,1,0,0,0,0,0,0,0,1,"- ","- ",35.41632080078125,-119.0428466796875,KERN,UNINCORPORATED,-119.04287719726562,35.416351318359375
91230733,2020,2020-04-29,9420,2020-04-24,0605,020040,,5,1,9,1500,0,3,5,,2,671,"BUENA VISTA BOULEVARD","TEJON HIGHWAY",0.00,,Y,A,-,N,,,,,,,,,,Y,2,0,1,2,A,-,12,22450,A,F,D,C,A,A,H,-,A,A,0,,,,,Y,,D,22,1,0,0,0,0,0,0,0,0,"- ","- ",35.238231658935547,-118.82457733154297,KERN,UNINCORPORATED,-118.82456207275391,35.238201141357422
91233530,2020,2020-05-04,9420,2020-04-26,1610,020402,,7,2,9,1500,0,1,3,,2,093,"SR-99 S/B","NORRIS ROAD",4100.00,N,N,A,-,Y,,,99,,,,,,S,Y,2,0,2,1,D,-,00,,,N,F,I,A,A,H,-,A,D,0,,,,,Y,,-,"- ",2,0,0,0,0,0,0,0,0,"- ","- ",35.428108215332031,-119.06952667236328,KERN,UNINCORPORATED,-119.06951141357422,35.428134918212891
91234345,2020,2020-05-06,9830,2020-05-04,1048,017237,,1,1,9,1500,0,1,3,,1,040,"SR-14 SOUTHBOUND","SR-58 EASTBOUND OFFRAMP TO SR-14",0.00,,Y,A,-,Y,,,14,,,,,,S,Y,2,0,4,2,A,-,09,21802,A,N,D,C,A,A,H,-,A,A,0,,,,,Y,,D,22,1,1,2,0,0,0,0,0,0,"- ","- ",35.097511291503906,-118.14556884765625,KERN,UNINCORPORATED,-118.1455078125,35.097461700439453
91239762,2020,2020-05-19,9430,2020-05-11,2329,016750,,1,3,9,1500,0,1,3,,2,090,"SR-99 N/B",SR-166,4752.00,S,N,A,-,Y,,,99,,,,,,N,Y,2,0,2,2,A,-,03,22350,,N,C,C,A,A,D,-,D,D,0,,,,Y,Y,,A,01,1,1,0,0,0,0,0,0,0,"- ","- ",35.033618927001953,-118.96047973632812,KERN,UNINCORPORATED,-118.96016693115234,35.033718109130859
91240307,2020,2020-05-20,9420,2020-05-15,1700,014811,,5,2,9,1500,0,3,5,,2,630,"SR-99 S/B TO HOUGHTON ROAD","HOUGHTON ROAD",0.00,,Y,A,-,N,,,99,,,,R,,S,Y,2,0,1,2,A,-,09,21802,A,N,D,C,A,A,H,-,A,A,0,,,Y,Y,Y,,F,26,1,0,0,0,0,0,0,0,1,"- ","- ",35.237369537353516,-119.01664733886719,KERN,UNINCORPORATED,-119.01664733886719,35.237369537353516
91240978,2020,2020-05-21,9420,2020-04-10,0622,013851,,5,1,6,1502,0,1,3,,2,095,"STATE ROUTE 99, SOUTHBOUND","HOSKING AVENUE",2300.00,S,N,B,-,Y,,,99,,,,,,S,Y,1,1,1,1,A,-,01,23152,F,N,E,J,A,B,H,-,A,D,0,,,,,Y,,A,01,1,0,0,0,0,0,0,0,0,"- ","- ",35.275051116943359,-119.02532196044922,KERN,BAKERSFIELD,-119.02523040771484,35.275074005126953
91241621,2020,2020-05-25,9830,2020-05-20,0240,019367,,3,3,9,1500,0,1,3,,1,040,"SR-14 N/B","CALIFORNIA CITY BLVD",3802.00,N,N,A,-,Y,,,14,,,,,,N,Y,2,0,1,1,A,-,01,23152,F,N,F,A,A,A,H,-,D,D,0,,,,,Y,,A,07,1,0,0,0,0,0,0,0,0,"- ","- ",35.130161285400391,-118.11985778808594,KERN,UNINCORPORATED,-118.12005615234375,35.13031005859375
91245493,2020,2020-06-01,9426,2020-05-23,2045,019206,,6,2,9,1500,0,3,5,,2,081,"HARRISON STREET","DATE STREET",6.00,S,N,A,-,N,,,,,,,,,,Y,2,0,1,2,A,-,03,22350,,N,G,B,B,A,H,-,C,D,0,Y,,,,Y,,A,01,1,0,0,0,1,0,0,0,0,"- ","- ",35.156051635742188,-119.45641326904297,KERN,UNINCORPORATED,-119.45633697509766,35.156093597412109
91245637,2020,2020-06-01,9420,2020-05-23,1915,021503,,6,2,9,1500,0,3,5,,2,672,"CASA LOMA DR","POGOSOSO STREET",45.00,E,N,A,-,N,,,,,,,,,,Y,2,0,1,2,A,-,01,23152,A,N,H,H,A,A,H,-,A,D,0,,,,,Y,Y,M,95,1,0,0,0,0,0,0,0,0,"- ","- ",35.339481353759766,-118.99845886230469,KERN,UNINCORPORATED,-118.99848175048828,35.339458465576172
91247715,2020,2020-06-05,9420,2020-05-19,1335,014811,,2,1,9,1500,0,1,3,,1,184,SR-184,"FULLER DRIVE",81.00,S,N,A,-,N,,,184,,,,,,,Y,2,0,2,2,A,-,09,21804,A,N,D,C,A,A,H,-,A,D,0,,,Y,,Y,,A,08,1,1,0,0,0,0,0,0,1,"- ","- ",35.299739837646484,-118.91435241699219,KERN,UNINCORPORATED,-118.91433715820312,35.299739837646484
91248187,2020,2020-06-08,9420,2020-05-04,0515,019598,,1,3,9,1500,0,1,3,,2,223,"STATE ROUTE 223","SOUTH FAIRFAX ROAD",0.00,,Y,A,-,Y,,,223,,,,,,,Y,1,1,0,3,A,-,01,23152,A,N,D,C,A,A,H,-,D,D,0,,,,,Y,Y,A,01,0,0,0,0,0,0,0,0,0,"- ","- ",35.20867919921875,-118.93229675292969,KERN,UNINCORPORATED,-118.93229675292969,35.208671569824219
91254618,2020,2020-06-19,9430,2020-05-02,1847,019531,,6,2,9,1500,0,1,1,,2,053,"INTERSTATE 5 SOUTHBOUND","GRAPEVINE ROAD",2640.00,S,N,A,-,Y,,,5,,,,,,S,Y,1,1,0,2,A,-,01,23152,A,N,C,C,A,A,H,-,A,D,0,,,Y,Y,Y,Y,C,02,0,0,0,0,0,0,0,1,0,"- ","- ",34.931800842285156,-118.93068695068359,KERN,UNINCORPORATED,-118.93062591552734,34.931827545166016
91260203,2020,2020-06-29,9420,2020-06-19,1713,020402,,5,2,9,1500,0,1,3,,2,583,"SR-58 (ROSEDALE HWY)","PATTON WAY",0.00,,Y,A,-,Y,,,58,,,,,,,Y,2,0,2,2,A,-,12,21453,A,N,A,C,A,A,H,-,A,A,0,,,,,Y,,A,01,1,1,0,0,0,0,0,0,0,"- ","- ",35.383430480957031,-119.08328247070312,KERN,UNINCORPORATED,-119.08328247070312,35.383377075195312
91263998,2020,2020-07-06,9420,2020-06-28,0109,019901,,7,3,9,1500,0,2,4,,1,072,"EDISON HWY.","OSWELL FRONTAGE ST.",41.00,W,N,A,-,N,,,,,,,,,,Y,2,0,5,2,A,-,01,23152,A,M,C,C,A,A,H,-,C,A,0,,,,,Y,Y,A,01,1,3,1,0,0,0,0,0,0,"- ","- ",35.367008209228516,-118.95081329345703,KERN,UNINCORPORATED,-118.95081329345703,35.367008209228516
91264760,2020,2020-07-07,9420,2020-06-27,1817,021260,,6,2,6,1502,0,1,3,,2,093,"STATE ROUTE 99 SOUTHBOUND","STATE ROUTE 58",30.00,N,N,A,-,Y,,,99,,,,,,S,Y,2,0,1,1,A,-,08,22107,,N,E,I,A,A,D,-,A,D,0,,,Y,,Y,,C,02,1,0,0,0,0,0,0,0,1,"- ","- ",35.352581024169922,-119.03961944580078,KERN,BAKERSFIELD,-119.03969573974609,35.352581024169922
91267327,2020,2020-07-13,9420,2020-07-04,0331,021144,,6,3,9,1500,0,3,5,,2,510,"FAMOSO PORTERVILLE HWY.","RICH AVE.",0.00,,Y,A,-,N,,,,,,,,,,Y,2,0,1,1,A,-,01,23152,A,N,E,I,A,A,H,-,D,D,0,,,,,Y,Y,A,01,1,0,0,0,0,0,0,0,0,"- ","- ",35.739471435546875,-119.1463623046875,KERN,UNINCORPORATED,-119.14585113525391,35.739940643310547
91270868,2020,2020-07-20,9430,2020-07-11,0110,015185,,6,3,9,1500,0,1,1,,2,054,"I-5 N/B (GOLDEN STATE FREEWAY)","GRAPEVINE RD",7656.00,N,N,A,-,Y,,,5,,,,,,N,Y,2,0,1,1,A,-,01,23152,A,N,E,I,A,A,H,-,D,D,0,,,,,Y,Y,A,01,1,0,0,0,0,0,0,0,0,"- ","- ",34.959510803222656,-118.93665313720703,KERN,UNINCORPORATED,-118.93665313720703,34.959506988525391
91273195,2020,2020-07-23,9420,2020-06-23,1145,016547,,2,1,9,1500,0,1,3,,1,176,"STATE ROUTE 178 E/B","UNION AVENUE",350.00,E,N,A,-,Y,,,,,,,,,,Y,2,0,6,6,A,-,08,22107,,N,E,J,E,A,D,H,A,D,0,Y,,,Y,Y,,D,22,1,4,1,0,3,0,0,0,0,"- ","- ",35.383419036865234,-119.00153350830078,KERN,UNINCORPORATED,-119.00181579589844,35.383438110351562
91274050,2020,2020-07-24,9420,2020-07-16,1943,021600,,4,2,9,1500,0,3,5,,2,070,"RHINE VALLEY DR.","SALZBURG ST.",91.00,E,N,A,-,N,,,,,,,,,,N,2,0,2,2,A,-,05,21650,,N,D,C,A,A,H,-,A,D,0,,,Y,,Y,,C,02,1,1,0,0,0,0,0,0,1,"- ","- ",35.374130249023438,-118.90123748779297,KERN,UNINCORPORATED,-118.90137481689453,35.373928070068359
91274234,2020,2020-07-24,9830,2020-07-15,2049,020866,,3,2,9,1500,0,2,4,,1,032,"SIERRA HWY","MARIE AVE",528.00,S,N,A,-,N,,,,,,,,,,Y,2,0,2,2,A,-,01,23152,A,N,A,C,A,A,H,-,C,D,0,,,,,Y,Y,E,22,1,1,0,0,0,0,0,0,0,"- ","- ",34.848598480224609,-118.16049194335938,KERN,UNINCORPORATED,-118.16050720214844,34.848464965820312
91277134,2020,2020-07-30,9420,2020-07-25,0225,018932,,6,3,9,1500,0,1,3,,2,430,"SR-43 S/B","MCCOMBS ROAD",0.00,,Y,A,-,Y,,,43,,,,,,S,Y,2,0,2,1,A,-,01,23152,A,N,E,I,A,A,H,-,D,D,0,,,,,Y,Y,A,01,1,1,0,0,0,0,0,0,0,"- ","- ",35.616001129150391,-119.33139801025391,KERN,UNINCORPORATED,-119.33128356933594,35.615997314453125
91278671,2020,2020-07-31,9420,2020-05-13,0525,015105,,3,3,9,1500,0,1,3,,2,154,"STATE ROUTE 155","ZERKER ROAD",359.00,E,N,A,-,Y,,,155,,,,,,,Y,1,1,1,2,A,-,01,23152,A,N,A,C,A,A,H,-,B,D,0,,,,,Y,Y,A,01,1,0,0,0,0,0,0,0,0,"- ","- ",35.761539459228516,-119.15057373046875,KERN,UNINCORPORATED,-119.15056610107422,35.761493682861328
91279896,2020,2020-08-18,9420,2020-07-26,2130,021480,,7,2,6,1502,0,3,5,,2,050,"PINE MEADOW DR","CITATION WAY",35.00,N,N,A,-,N,,,,,,,,,,Y,2,0,1,2,A,-,09,21801,A,N,D,C,A,A,H,-,C,D,0,,,Y,,Y,,D,22,1,0,0,0,0,0,0,0,1,"- ","- ",35.438621520996094,-119.03514862060547,KERN,BAKERSFIELD,-119.03514862060547,35.438621520996094
91282552,2020,2020-08-07,9426,2020-05-07,2010,019442,,4,2,9,1500,0,1,1,,2,502,"I-5 S/B","LERDO HWY.",12672.00,S,N,A,-,Y,,,5,,,,,,S,Y,2,0,1,2,A,-,01,23152,G,N,A,C,A,A,H,-,B,D,0,,,,Y,Y,Y,A,01,1,0,0,0,0,0,0,0,0,"- ","- ",35.476871490478516,-119.50457000732422,KERN,UNINCORPORATED,-119.50462341308594,35.476791381835938
91285222,2020,2020-08-12,9420,2020-08-09,1425,020402,,7,2,6,1502,0,1,3,,2,093,"SR-99 S/B",SR-204,600.00,S,N,A,-,Y,,,99,,,,,,S,Y,2,0,1,1,A,-,08,22107,,N,E,I,A,A,D,H,A,D,0,,,Y,,Y,,C,02,1,0,0,0,0,0,0,0,1,"- ","- ",35.401329040527344,-119.04499816894531,KERN,BAKERSFIELD,-119.04511260986328,35.401313781738281
91287314,2020,2020-08-17,9420,2020-08-08,0038,019903,,6,3,9,1500,0,2,4,,1,051,"DECATUR STREET","BELMONT AVENUE",0.00,,Y,A,-,N,,,,,,,,,,Y,2,0,1,5,A,-,01,23152,A,N,E,I,A,A,H,-,C,D,0,,,,,Y,Y,A,01,1,0,0,0,0,0,0,0,0,"- ","- ",35.412570953369141,-119.03706359863281,KERN,UNINCORPORATED,-119.03717803955078,35.412651062011719
91288122,2020,2020-08-18,9426,2020-08-11,2045,017581,,2,2,9,1500,0,1,3,,1,460,"SR-46 W/B","MARTIN AVE",0.00,,Y,A,-,Y,,,46,,,,,,W,N,2,0,1,2,A,-,09,21802,A,N,D,C,A,A,H,-,D,A,0,,,Y,,Y,,C,06,1,0,0,0,0,0,0,0,1,"- ","- ",35.616081237792969,-119.69148254394531,KERN,UNINCORPORATED,-119.69148254394531,35.616077423095703
91291619,2020,2020-08-24,9830,2020-07-14,1946,019762,,2,2,9,1500,0,1,3,,2,014,"STATE ROUTE 58 EASTBOUND","BUSINESS ROUTE 58 NORTH",7920.00,W,N,A,-,Y,,,58,,,,,,E,Y,1,1,1,1,A,-,08,22107,,N,F,A,A,A,H,-,A,D,0,,,,,Y,,A,07,0,1,0,0,0,0,0,0,0,"- ","- ",35.117111206054688,-118.20707702636719,KERN,UNINCORPORATED,-118.20707702636719,35.117107391357422
91296368,2020,2020-08-31,9420,2020-06-16,0007,021134,,2,3,9,1500,0,2,4,,1,051,"MANOR STREET","EAST ROBERTS LANE",97.00,N,N,A,-,N,,,,,,,,,,Y,1,1,1,1,A,-,03,22350,,N,E,I,A,A,H,-,D,D,0,,,Y,,Y,,C,02,0,1,0,0,0,0,0,1,1,"- ","- ",35.411098480224609,-119.01254272460938,KERN,UNINCORPORATED,-119.01254272460938,35.410800933837891
91298881,2020,2020-09-04,9420,2020-08-27,0245,019903,,4,3,9,1500,0,2,4,,1,064,"STATE ROAD","OLIVE DRIVE",0.00,,Y,A,-,N,,,,,,,,,,N,2,0,1,2,A,-,12,21453,A,N,H,G,A,A,H,-,C,A,0,,Y,,,Y,,L,04,1,0,0,0,0,0,1,0,0,"- ","- ",35.412158966064453,-119.05278015136719,KERN,UNINCORPORATED,-119.05281066894531,35.412391662597656
91304198,2020,2020-09-14,9420,2020-09-07,0424,021386,,1,3,9,1500,0,1,3,,1,119,"STATE ROUTE 119","OLD RIVER ROAD",0.00,,Y,A,-,N,,,119,,,,,,,Y,2,0,2,2,A,-,09,21802,A,N,D,C,A,A,H,-,D,A,0,,,,,Y,,A,01,2,0,0,0,0,0,0,0,0,"- ","- ",35.267181396484375,-119.11002349853516,KERN,UNINCORPORATED,-119.11002349853516,35.267181396484375
91304344,2020,2020-09-16,9420,2020-09-08,0215,019021,,2,3,9,1500,0,1,3,,2,093,"SR-99 S/B","NORRIS ROAD",100.00,N,N,A,-,Y,,,99,,,,,,S,Y,2,0,4,1,A,-,01,23152,A,N,E,I,A,A,H,-,C,D,0,,,,,Y,Y,D,22,2,2,0,0,0,0,0,0,0,"- ","- ",35.421699523925781,-119.06109619140625,KERN,UNINCORPORATED,-119.06124877929688,35.421657562255859
91306008,2020,2020-09-16,9420,2020-09-13,0205,020093,,7,3,6,1502,0,1,3,,2,093,"SR-99 S/B","SR-58 (ROSEDALE HWY)",500.00,N,N,A,-,Y,,,99,,,,,,S,Y,2,0,1,1,A,-,08,22107,,N,F,A,A,A,H,-,D,D,0,,,,,Y,,A,07,1,0,0,0,0,0,0,0,0,"- ","- ",35.384799957275391,-119.04489898681641,KERN,BAKERSFIELD,-119.04466247558594,35.384799957275391
91308495,2020,2020-09-21,9420,2020-09-15,0305,015977,,2,3,9,1500,0,1,3,,2,178,SR-178,"BOREL RD",26400.00,W,N,A,-,Y,,,178,,,,,,,Y,2,0,1,1,A,-,08,22107,,N,E,I,A,A,H,-,A,D,0,,,,,Y,,D,22,1,0,0,0,0,0,0,0,0,"- ","- ",35.55657958984375,-118.59236907958984,KERN,UNINCORPORATED,-118.59236145019531,35.556514739990234
91310411,2020,2020-09-24,9420,2020-09-21,1515,019868,,1,2,9,1500,0,3,5,,2,672,"ADOBE RD","MILLUX RD",1000.00,S,N,A,-,N,,,,,,,,,,Y,2,0,5,2,A,-,08,22107,,N,F,A,A,A,H,-,A,D,0,,,,,Y,,A,01,1,1,3,0,0,0,0,0,0,"- ","- ",35.175819396972656,-118.96769714355469,KERN,UNINCORPORATED,-118.96774291992188,35.175815582275391
91311927,2020,2020-09-25,9830,2020-09-23,0810,019271,,3,1,9,1500,0,1,3,,2,030,"SR-14 N/B","BACKUS RD",1056.00,N,N,A,-,Y,,,,,,,,,,Y,2,0,2,1,A,-,01,23152,A,N,E,I,A,A,H,-,A,D,0,,,,,Y,Y,A,01,1,1,0,0,0,0,0,0,0,"- ","- ",34.543979644775391,-118.09503173828125,KERN,UNINCORPORATED,-118.16072082519531,34.954780578613281
91318234,2020,2020-10-06,9420,2020-09-26,0345,021572,,6,3,6,1502,0,1,3,,1,176,"SR-178 W/B","MOUNT VERNON AVENUE",2389.00,E,N,A,-,Y,,,178,,,,,,W,N,2,0,1,2,A,-,11,21956,,F,G,B,E,A,H,-,C,D,0,Y,,,,Y,,N,60,1,0,0,0,1,0,0,0,0,"- ","- ",35.396331787109375,-118.95950317382812,KERN,BAKERSFIELD,-118.95950317382812,35.396411895751953
91318991,2020,2020-10-07,9420,2020-10-04,1800,021547,,7,2,9,1500,0,2,4,,2,032,"WOFFORD BLVD",SR-155,338.00,N,N,A,-,N,,,,,,,,,,Y,2,0,1,1,A,-,03,22350,,N,E,I,A,A,H,-,A,D,0,,,Y,,Y,,C,02,1,0,0,0,0,0,0,0,1,"- ","- ",35.707710266113281,-118.45587921142578,KERN,UNINCORPORATED,-118.46131896972656,35.699050903320312
91319114,2020,2020-10-07,9830,2020-09-29,2350,021751,,2,3,9,1500,0,3,5,,2,001,"STATE ROUTE 58","SAND CANYON ROAD",0.00,,Y,A,-,Y,,,58,,,,,,,Y,2,0,2,1,A,-,08,22107,,N,H,A,A,A,D,-,D,D,0,,,,,Y,,A,01,1,1,0,0,0,0,0,0,0,"- ","- ",35.110221862792969,-118.32273864746094,KERN,UNINCORPORATED,-118.32275390625,35.110160827636719
91320008,2020,2020-10-08,9420,2020-10-03,1925,021133,,6,2,9,1500,0,3,5,,2,672,"TOWERLINE ROAD","SUNSET BLVD",0.00,,Y,A,-,N,,,,,,,,,,Y,2,0,2,2,A,-,12,22450,A,N,D,C,A,A,H,-,D,A,0,,,,,Y,,D,22,1,1,0,0,0,0,0,0,0,"- ","- ",35.223770141601562,-118.80644989013672,KERN,UNINCORPORATED,-118.80647277832031,35.223728179931641
91321586,2020,2020-10-12,9420,2020-10-03,2234,021589,,6,3,9,1500,0,2,4,,1,072,"NILES ST","PALM DR",408.00,E,N,A,-,N,,,,,,,,,,N,2,0,1,2,A,-,11,21954,A,N,G,B,D,A,H,-,D,D,0,Y,,,,Y,,N,60,1,0,0,0,1,0,0,0,0,"- ","- ",35.376930236816406,-118.96952819824219,KERN,UNINCORPORATED,-118.96964263916016,35.37689208984375
91325570,2020,2020-10-19,9426,2020-09-11,1830,018610,,5,2,9,1500,0,3,5,,2,082,"BRITE ROAD","WASCO WAY",0.00,,Y,F,-,N,,,,,,,,,,Y,1,1,2,2,A,-,12,22450,A,N,D,C,A,A,H,-,B,A,0,,,Y,,Y,,C,06,1,1,0,0,0,0,0,1,1,"- ","- ",35.369350433349609,-119.44779205322266,KERN,UNINCORPORATED,-119.4476318359375,35.369289398193359
91325821,2020,2020-10-19,9420,2020-10-10,1914,020672,,6,2,9,1500,0,2,4,,1,072,"EDISON HWY","E BRUNDAGE LN",0.00,,Y,A,-,N,,,,,,,,,,Y,2,0,2,2,A,-,14,24400,,N,D,C,A,A,H,-,D,D,0,,,Y,,Y,,C,02,1,1,0,0,0,0,0,0,2,"- ","- ",35.354679107666016,-118.89923095703125,KERN,UNINCORPORATED,-118.89913177490234,35.354709625244141
91331608,2020,2020-10-26,9830,2020-09-06,1335,017237,,7,1,9,1500,0,1,3,,1,022,"STATE ROUTE 58","CLAY MINE ROAD",8131.00,E,N,A,F,Y,,,58,,,,,,,Y,1,1,5,1,A,-,08,22107,,N,F,A,A,A,H,-,A,D,0,,,,,Y,,A,07,3,2,0,0,0,0,0,0,0,"- ","- ",35.005069732666016,-117.81217956542969,KERN,UNINCORPORATED,-117.81217956542969,35.005100250244141
91332583,2020,2020-10-27,9420,2020-07-22,1859,021365,,3,2,9,1500,0,2,4,,1,072,"NILES ST.","ISABELL RD.",62.00,W,N,A,-,N,,,,,,,,,,Y,2,0,6,5,A,-,03,22350,,N,A,E,A,A,H,-,A,D,0,,,,,Y,,A,01,1,3,2,0,0,0,0,0,0,"- ","- ",35.375820159912109,-118.94564819335938,KERN,UNINCORPORATED,-118.94545745849609,35.375949859619141