CASE_ID,ACCIDENT_YEAR,PROC_DATE,JURIS,COLLISION_DATE,COLLISION_TIME,OFFICER_ID,REPORTING_DISTRICT,DAY_OF_WEEK,CHP_SHIFT,POPULATION,CNTY_CITY_LOC,SPECIAL_COND,BEAT_TYPE,CHP_BEAT_TYPE,CITY_DIVISION_LAPD,CHP_BEAT_CLASS,BEAT_NUMBER,PRIMARY_RD,SECONDARY_RD,DISTANCE,DIRECTION,INTERSECTION,WEATHER_1,WEATHER_2,STATE_HWY_IND,CALTRANS_COUNTY,CALTRANS_DISTRICT,STATE_ROUTE,ROUTE_SUFFIX,POSTMILE_PREFIX,POSTMILE,LOCATION_TYPE,RAMP_INTERSECTION,SIDE_OF_HWY,TOW_AWAY,COLLISION_SEVERITY,NUMBER_KILLED,NUMBER_INJURED,PARTY_COUNT,PRIMARY_COLL_FACTOR,PCF_CODE_OF_VIOL,PCF_VIOL_CATEGORY,PCF_VIOLATION,PCF_VIOL_SUBSECTION,HIT_AND_RUN,TYPE_OF_COLLISION,MVIW,PED_ACTION,ROAD_SURFACE,ROAD_COND_1,ROAD_COND_2,LIGHTING,CONTROL_DEVICE,CHP_ROAD_TYPE,PEDESTRIAN_ACCIDENT,BICYCLE_ACCIDENT,MOTORCYCLE_ACCIDENT,TRUCK_ACCIDENT,NOT_PRIVATE_PROPERTY,ALCOHOL_INVOLVED,STWD_VEHTYPE_AT_FAULT,CHP_VEHTYPE_AT_FAULT,COUNT_SEVERE_INJ,COUNT_VISIBLE_INJ,COUNT_COMPLAINT_PAIN,COUNT_PED_KILLED,COUNT_PED_INJURED,COUNT_BICYCLIST_KILLED,COUNT_BICYCLIST_INJURED,COUNT_MC_KILLED,COUNT_MC_INJURED,PRIMARY_RAMP,SECONDARY_RAMP,LATITUDE,LONGITUDE,COUNTY,CITY,POINT_X,POINT_Y
91333769,2020,2020-12-09,9420,2020-07-21,2225,021133,,2,3,9,1500,0,1,3,,2,090,"STATE ROUTE 99 NORTHBOUND","MERCED AVENUE",705.00,S,N,A,-,Y,,,,,,,,,,Y,1,1,0,2,A,-,03,22350,,N,C,C,A,A,H,-,C,D,0,,,,Y,Y,Y,G,25,0,0,0,0,0,0,0,0,0,"- ","- ",35.31365966796875,-119.11183929443359,KERN,UNINCORPORATED,-119.18881988525391,35.527889251708984
91334227,2020,2020-10-29,9420,2020-10-16,1400,017243,,5,2,9,1500,0,2,4,,1,075,"S. UNION AVE.","DIGIORGIO RD.",100.00,N,N,A,-,N,,,,,,,,,,Y,2,0,2,2,A,-,03,22350,,N,C,C,A,A,H,-,A,A,0,,,,,Y,,A,01,1,1,0,0,0,0,0,0,0,"- ","- ",35.252590179443359,-119.00298309326172,KERN,UNINCORPORATED,-119.00312805175781,35.252544403076172
91335827,2020,2020-10-30,9420,2020-10-24,1639,020634,,6,2,9,1500,0,3,5,,2,672,"BENA ROAD",SR-223,200.00,W,N,A,-,N,,,,,,,,,,N,2,0,1,1,A,-,03,22350,,N,E,I,A,A,H,-,A,D,0,,,Y,,Y,,C,02,1,0,0,0,0,0,0,0,1,"- ","- ",35.263900756835938,-118.66593933105469,KERN,UNINCORPORATED,-118.659912109375,35.262237548828125
91337645,2020,2020-11-03,9420,2020-10-29,1540,017243,,4,2,9,1500,0,1,3,,2,154,"SR-155 (GARCES HWY)","DRIVER RD.",0.00,,Y,A,-,Y,,,155,,,,,,,Y,2,0,4,2,A,-,12,22450,A,N,D,C,A,A,H,-,A,A,0,,,,,Y,,D,22,3,1,0,0,0,0,0,0,0,"- ","- ",35.761390686035156,-119.20523834228516,KERN,UNINCORPORATED,-119.20523834228516,35.761409759521484
91338388,2020,2020-11-03,9830,2020-10-26,1920,019400,,1,2,9,1500,0,1,3,,2,010,"SR-58 E/B","BROOME RD",528.00,W,N,A,-,Y,,,58,,,,,,E,Y,2,0,1,2,A,-,03,22350,,N,C,C,A,A,H,-,D,D,0,,,,Y,Y,,G,25,1,0,0,0,0,0,0,0,0,"- ","- ",35.201969146728516,-118.52635955810547,KERN,UNINCORPORATED,-118.52639007568359,35.201896667480469
91338414,2020,2020-11-03,9430,2020-11-01,1215,016750,,7,1,9,1500,0,3,5,,2,002,"HUDSON RANCH ROAD",SR-166,33158.00,E,N,A,-,N,,,,,,,,,,Y,2,0,1,1,A,-,08,22107,,N,E,I,A,A,H,-,A,D,0,,,,,Y,,A,01,1,0,0,0,0,0,0,0,0,"- ","- ",34.91680908203125,-119.40975952148438,KERN,UNINCORPORATED,-119.40975952148438,34.91680908203125
91338650,2020,2020-11-03,9420,2020-10-27,2318,020040,,2,3,9,1500,0,2,4,,1,071,"MOUNT VERNON AVENUE","OREGON DRIVE",59.00,S,N,A,-,N,,,,,,,,,,N,2,0,1,2,A,-,11,21954,A,N,G,B,D,A,H,-,C,D,0,Y,,,,Y,Y,N,60,1,0,0,0,1,0,0,0,0,"- ","- ",35.377170562744141,-118.96745300292969,KERN,UNINCORPORATED,-118.96739959716797,35.3773193359375
91339337,2020,2020-11-04,9420,2020-10-30,1345,015896,,5,1,9,1500,0,3,5,,2,620,"JENKINS RD","PALM AVE",15.00,S,N,A,-,N,,,,,,,,,,Y,2,0,1,1,A,-,08,22107,,N,E,I,A,A,H,-,A,A,0,,,,,Y,,A,01,1,0,0,0,0,0,0,0,0,"- ","- ",35.375999450683594,-119.15419769287109,KERN,UNINCORPORATED,-119.15444183349609,35.376178741455078
91340444,2020,2020-11-05,9420,2020-10-30,0620,014770,,5,1,9,1500,0,3,5,,2,530,"7TH STANDARD RD.",SR-43,50.00,E,N,A,-,N,,,,,,,,,,Y,2,0,3,2,A,-,01,23152,A,N,A,C,A,A,H,-,C,A,0,,,,Y,Y,Y,D,22,1,1,1,0,0,0,0,0,0,"- ","- ",35.441699981689453,-119.25166320800781,KERN,UNINCORPORATED,-119.25166320800781,35.441699981689453
91341683,2020,2020-11-09,9420,2020-10-30,2045,020529,,5,2,9,1500,0,3,5,,2,040,"ROUND MOUNTAIN RD.","CHOCTAW VALLEY",1678.00,W,N,A,-,N,,,,,,,,,,Y,2,0,1,1,A,-,03,22350,,N,F,A,A,A,H,-,D,D,0,,,,,Y,,A,01,1,0,0,0,0,0,0,0,0,"- ","- ",35.437648773193359,-119.89173889160156,KERN,UNINCORPORATED,-118.89194488525391,35.43780517578125
91344613,2020,2020-11-13,9420,2020-10-29,0405,021402,,4,3,9,1500,0,1,3,,2,091,"SR-99 S/B","POND RD",1200.00,N,N,A,-,Y,,,99,,,,,,S,N,2,0,1,2,A,-,11,21954,A,N,G,B,E,A,H,-,D,D,0,Y,,,Y,Y,,N,60,1,0,0,0,1,0,0,0,0,"- ","- ",35.726451873779297,-119.23866271972656,KERN,UNINCORPORATED,-119.23856353759766,35.726470947265625
91345739,2020,2021-07-23,9420,2020-06-14,0220,020573,,7,3,9,1500,0,3,5,,2,672,"BENA ROAD","NEUMARKEL ROAD",663.00,W,N,A,-,N,,,,,,,,,,Y,1,1,2,2,A,-,01,23152,A,F,D,C,A,A,H,-,D,D,0,,,,,Y,Y,A,01,1,1,0,0,0,0,0,0,0,"- ","- ",35.328460693359375,-118.79112243652344,KERN,UNINCORPORATED,-118.78971099853516,35.328159332275391
91346557,2020,2020-11-17,9420,2020-11-07,1930,020402,,6,2,9,1500,0,3,5,,2,630,"TAFT HIGHWAY","CHEVALIER ROAD",100.00,W,N,A,-,N,,,,,,,,,,Y,2,0,4,2,A,-,05,21460,A,N,B,C,A,A,H,-,D,D,0,,,,,Y,,D,22,2,1,1,0,0,0,0,0,0,"- ","- ",35.266799926757812,-119.01284027099609,KERN,UNINCORPORATED,-119.01227569580078,35.266838073730469
91346648,2020,2020-11-17,9420,2020-11-15,0315,016613,,7,3,9,1500,0,3,5,,2,510,"ROAD 200","COUNTY LINE ROAD",0.00,,Y,A,-,N,,,,,,,,,,Y,2,0,1,1,A,-,08,22107,,N,E,I,A,A,H,-,D,D,0,,,,,Y,Y,D,22,1,0,0,0,0,0,0,0,0,"- ","- ",35.790660858154297,-119.12525177001953,KERN,UNINCORPORATED,-119.125263,35.790787000000002
91348757,2020,2020-11-19,9430,2020-08-22,2300,015185,,6,3,9,1500,0,1,3,,2,090,"STATE ROUTE 99 SOUTHBOUND","STATE ROUTE 166",5808.00,S,N,A,-,Y,,,99,,,,,,S,Y,1,1,1,2,A,-,01,23152,A,N,D,C,A,A,H,-,D,D,0,,,,Y,Y,Y,A,01,0,1,0,0,0,0,0,0,0,"- ","- ",35.043560028076172,-118.96343231201172,KERN,UNINCORPORATED,-118.96355438232422,35.043521881103516
91351754,2020,2021-01-12,9420,2020-10-31,1635,021915,,6,2,9,1500,0,3,5,,2,320,"BURLANDO ROAD","PLATER ROAD",2112.00,S,N,A,-,N,,,,,,,,,,Y,1,1,2,1,A,-,01,23152,A,N,F,A,A,A,H,-,A,D,0,,,,,Y,Y,A,07,0,2,0,0,0,0,0,0,0,"- ","- ",35.731540679931641,-118.4287109375,KERN,UNINCORPORATED,-118.42899322509766,35.731021881103516
91352361,2020,2020-11-24,9830,2020-06-09,0510,021191,,2,3,9,1500,0,1,3,,1,015,"STATE ROUTE 202","REEVES STREET",100.00,W,N,A,-,Y,,,202,,,,,,,Y,1,1,1,2,A,-,05,21460,A,N,A,C,A,A,H,-,B,D,0,,,,,Y,,D,22,0,1,0,0,0,0,0,0,0,"- ","- ",35.124351501464844,-118.47701263427734,KERN,UNINCORPORATED,-118.47701263427734,35.124290466308594
91352702,2020,2021-01-12,9420,2020-11-01,1952,020634,,7,2,9,1500,0,1,3,,2,585,"STATE ROUTE 58 WESTBOUND","OSWELL STREET",617.00,W,N,A,-,Y,,,58,,,,,,W,Y,1,1,0,1,A,-,08,22107,,N,E,I,A,A,H,-,D,D,0,,,,,Y,,A,01,0,0,0,0,0,0,0,0,0,"- ","- ",35.352500915527344,-118.95059967041016,KERN,UNINCORPORATED,-118.95059967041016,35.352397918701172
91354914,2020,2020-11-30,9420,2020-11-19,1520,020402,,4,2,9,1500,0,1,3,,2,091,"SR-99 S/B",SR-46,6800.00,S,N,A,-,Y,,,99,,,,,,S,Y,2,0,3,2,A,-,03,22350,,N,C,C,A,A,H,-,A,D,0,,,,,Y,,A,01,1,0,2,0,0,0,0,0,0,"- ","- ",35.586021423339844,-119.20452880859375,KERN,UNINCORPORATED,-119.20456695556641,35.586017608642578
91360865,2020,2020-12-08,9420,2020-09-20,2015,021296,,7,2,9,1500,0,3,5,,2,040,"CHINA GRADE LOOP","ROUND MOUNTAIN ROAD",1822.00,S,N,A,-,N,,,,,,,,,,Y,1,1,0,2,A,-,21,22106,,N,D,C,A,A,H,-,D,D,0,,,Y,,Y,,A,07,0,0,0,0,0,0,0,1,0,"- ","- ",35.422630310058594,-118.96768951416016,KERN,UNINCORPORATED,-118.96772766113281,35.422782897949219
91361280,2020,2020-12-08,9420,2020-12-02,0530,019963,,3,3,9,1500,0,3,5,,2,070,"FLOWER ST","ROBINSON STREET",0.00,,Y,A,-,N,,,,,,,,,,Y,2,0,3,2,A,-,12,22450,A,N,D,C,A,A,H,-,C,A,0,,,,,Y,,A,01,1,2,0,0,0,0,0,0,0,"- ","- ",35.384201049804688,-118.98159790039062,KERN,UNINCORPORATED,-118.98182678222656,35.384391784667969
91362111,2020,2020-12-09,9420,2020-11-28,1327,019140,,6,1,9,1500,0,1,3,,2,178,"STATE ROUTE 178","STATE ROUTE 155",187.00,E,N,A,-,Y,,,178,,,,,,,Y,2,0,1,1,A,-,08,22107,,N,F,A,A,A,H,-,A,D,0,,,,,Y,,A,07,1,0,0,0,0,0,0,0,0,"- ","- ",35.628509521484375,-118.47817993164062,KERN,UNINCORPORATED,-118.47809600830078,35.628440856933594
9136588,2020,2020-10-08,1507,2020-08-01,1426,278,6,6,5,3,1507,0,0,0,,0,,"N CENTRAL VALLEY HWY","FRESNO AV",0.00,,Y,A,-,N,,,,,,,,,,Y,2,0,3,2,A,-,09,21802,A,N,D,C,A,A,H,-,A,A,0,,,,,Y,,A,01,2,1,0,0,0,0,0,0,0,"- ","- ",35.514381408691406,-119.28803253173828,KERN,SHAFTER,-119.28824615478516,35.514369964599609
91376577,2020,2020-12-29,9430,2020-12-17,0715,020504,,4,1,9,1500,0,1,1,,2,052,"I-5 N/B","LEBEC RD",1954.00,S,N,A,-,Y,,,5,,,,,,N,Y,2,0,2,2,A,-,01,23152,A,N,C,C,A,A,H,-,A,D,0,,,,Y,Y,Y,A,01,1,1,0,0,0,0,0,0,0,"- ","- ",34.862461090087891,-118.87966918945312,KERN,UNINCORPORATED,-118.87962341308594,34.862499237060547
91376609,2020,2020-12-29,9830,2020-12-19,1230,020866,,6,1,9,1500,0,3,5,,2,001,"SCHOUT RD","SOUTH ST.",220.00,W,N,A,-,N,,,,,,,,,,N,2,0,1,1,A,-,03,22350,,N,F,I,A,A,H,-,A,D,0,,,Y,,Y,,C,02,1,0,0,0,0,0,0,0,1,"- ","- ",35.116928100585938,-118.493408203125,KERN,UNINCORPORATED,-118.49338531494141,35.116947174072266
91382880,2020,2021-01-06,9426,2020-12-05,1830,019206,,6,2,9,1500,0,1,3,,1,118,"STATE ROUTE 119","STATE ROUTE 43",3168.00,W,N,A,-,Y,,,119,,,,,,,Y,1,1,4,2,D,-,00,,,N,D,C,A,A,H,-,D,D,0,,,,,Y,,-,"- ",1,3,0,0,0,0,0,0,0,"- ","- ",35.267528533935547,-119.26377868652344,KERN,UNINCORPORATED,-119.26377868652344,35.267459869384766
91384087,2020,2021-01-12,9420,2020-11-20,1135,013851,,5,1,6,1502,0,1,3,,2,094,"SR-99 NORTHBOUND","BELLE TERRACE",910.00,N,N,A,-,Y,,,99,,,,,,N,Y,1,1,0,2,A,-,07,21658,A,N,B,C,A,A,D,-,A,D,0,,,Y,Y,Y,,C,02,0,0,0,0,0,0,0,1,0,"- ","- ",35.349311828613281,-119.03926849365234,KERN,BAKERSFIELD,-119.03942108154297,35.349311828613281
91385737,2021,2021-01-12,9420,2021-01-03,0150,019598,,7,3,6,1502,0,1,3,,1,176,"SR-178 EASTBOUND","UNION AVENUE",109.00,W,N,A,-,Y,,,178,,,,,,E,Y,2,0,1,1,A,-,01,23152,A,N,E,I,A,A,H,-,C,D,0,,,,,Y,Y,A,01,1,0,0,0,0,0,0,0,0,"- ","- ",35.383331298828125,-119.00343322753906,KERN,BAKERSFIELD,-119.00343322753906,35.383434295654297
91386323,2021,2021-01-12,9430,2021-01-02,1315,017187,,6,1,9,1500,0,1,1,,2,053,"I-5 N/B","FORT TEJON O/C",7920.00,N,N,A,-,Y,,,5,,,,,,N,Y,2,0,6,1,A,-,08,22107,,N,E,I,A,A,H,-,A,A,0,,,,,Y,,A,07,3,3,0,0,0,0,0,0,0,"- ","- ",34.890090942382812,-118.91126251220703,KERN,UNINCORPORATED,-118.91121673583984,34.890171051025391
91387404,2020,2021-01-14,9420,2020-11-13,1444,019901,,5,2,9,1500,0,1,3,,1,650,"STATE ROUTE 65","DOVE ROAD",700.00,N,N,A,-,Y,,,65,,,,,,,Y,1,1,0,2,A,-,06,21751,,N,B,C,A,A,H,-,A,D,0,,,Y,Y,Y,,C,02,0,0,0,0,0,0,0,1,0,"- ","- ",35.522998809814453,-119.08075714111328,KERN,UNINCORPORATED,-119.08081817626953,35.522987365722656
91392637,2020,2021-01-22,9420,2020-10-11,2000,020672,,7,2,9,1500,0,1,3,,2,584,"STATE ROUTE 58 EASTBOUND","COTTONWOOD ROAD",120.00,E,N,A,-,Y,,,58,,,,,,E,N,1,1,0,2,A,-,11,21954,A,N,G,B,E,A,H,-,C,D,0,Y,,,Y,Y,,N,60,0,0,0,1,0,0,0,0,0,"- ","- ",35.352291107177734,-118.98399353027344,KERN,UNINCORPORATED,-118.98399353027344,35.352275848388672
91398392,2021,2021-01-29,9420,2021-01-21,0215,020672,,4,3,9,1500,0,2,4,,1,075,"S. UNION AVE","OLD YARD DR",202.00,N,N,A,-,N,,,,,,,,,,Y,2,0,1,1,A,-,01,23152,A,N,E,I,A,A,H,-,C,D,0,,,,,Y,Y,A,01,1,0,0,0,0,0,0,0,0,"- ","- ",35.335880279541016,-119.00305938720703,KERN,UNINCORPORATED,-119.00298309326172,35.333744049072266
91398431,2021,2021-01-29,9420,2021-01-10,2129,021600,,7,2,9,1500,0,3,5,,2,520,"FAMOSO PORTERVILLE HIGHWAY","DRIVER ROAD",0.00,,Y,A,-,N,,,,,,,,,,Y,1,1,2,2,A,-,01,23152,A,N,C,C,A,A,H,-,D,A,0,,,,Y,Y,Y,D,22,0,2,0,0,0,0,0,0,0,"- ","- ",35.636749267578125,-119.20448303222656,KERN,UNINCORPORATED,-119.20444000000001,35.636679999999998
91398590,2021,2021-01-29,9426,2021-01-21,1932,018610,,4,2,9,1500,0,3,5,,2,081,"GENERAL PETROLEUM AVE","PICO STREET",90.00,S,N,B,-,N,,,,,,,,,,Y,2,0,2,3,A,-,01,23152,A,N,B,C,A,A,H,-,D,D,0,,,,,Y,Y,A,01,2,0,0,0,0,0,0,0,0,"- ","- ",35.135509490966797,-119.45263671875,KERN,UNINCORPORATED,-119.45267486572266,35.135543823242188
91401427,2021,2021-02-03,9420,2021-01-29,0925,014770,,5,1,4,1503,0,1,3,,2,091,"SR-99 S/B","11TH AVE.",184.00,N,N,B,-,Y,,,99,,,,,,S,Y,2,0,1,1,A,-,08,22107,,N,E,I,A,B,H,-,A,D,0,,,,,Y,,D,22,1,0,0,0,0,0,0,0,0,"- ","- ",35.770160675048828,-119.2513427734375,KERN,DELANO,-119.25126647949219,35.770175933837891
91403987,2021,2021-02-08,9420,2021-01-24,0025,019903,,7,3,9,1500,0,1,3,,2,583,"SR-58 (ROSEDALE HWY)","MOHAWK STREET",0.00,,Y,A,-,Y,,,58,,,,,,,Y,2,0,1,2,A,-,12,21453,A,N,D,C,A,A,H,-,C,A,0,,,,,Y,,A,01,1,0,0,0,0,0,0,0,0,"- ","- ",35.383228302001953,-119.06545257568359,KERN,UNINCORPORATED,-119.06545257568359,35.383327484130859
91410326,2021,2021-02-17,9420,2021-02-15,1725,017972,,1,2,9,1500,0,3,5,,2,530,"KIMBERLINA RD","CENTRAL AVE",835.00,E,N,B,-,N,,,,,,,,,,Y,2,0,1,1,A,-,08,22107,,N,E,I,A,A,H,-,B,D,0,,,,,Y,,A,01,1,0,0,0,0,0,0,0,0,"- ","- ",35.557910919189453,-119.35650634765625,KERN,UNINCORPORATED,-119.35564422607422,35.557971954345703
91410928,2020,2021-02-18,9420,2020-12-27,0323,021365,,7,3,9,1500,0,2,4,,1,052,"EAST ROBERTS LANE","MANOR STREET",58.00,E,N,A,-,N,,,,,,,,,,Y,1,1,0,1,A,-,01,23152,A,N,E,I,A,A,H,-,D,D,0,,,Y,,Y,Y,C,02,0,0,0,0,0,0,0,1,0,"- ","- ",35.410888671875,-119.01204681396484,KERN,UNINCORPORATED,-119.01229095458984,35.410640716552734
91410942,2020,2021-02-18,9420,2020-03-22,0407,020093,,7,3,6,1502,0,1,3,,2,094,"STATE ROUTE 99, NORTHBOUND","STATE ROUTE 119",1318.00,N,N,B,-,Y,,,99,,,,,,N,Y,1,1,1,2,A,-,03,22350,,N,C,C,A,A,H,-,C,D,0,,,,Y,Y,,G,25,1,0,0,0,0,0,0,0,0,"- ","- ",35.270599365234375,-119.02359771728516,KERN,BAKERSFIELD,-119.02377319335938,35.270553588867188
91411546,2020,2021-02-19,9420,2020-10-13,2140,021134,,2,2,9,1500,0,2,4,,1,052,"ROBERTS LANE","CENTRAL AVENUE",40.00,E,N,A,-,N,,,,,,,,,,N,1,1,0,2,A,-,10,21950,A,N,G,B,B,A,H,-,C,D,0,Y,,,,Y,,A,01,0,0,0,1,0,0,0,0,0,"- ","- ",35.408580780029297,-119.02313995361328,KERN,UNINCORPORATED,-119.02315521240234,35.40863037109375
91412366,2021,2021-02-22,9420,2021-01-27,1300,017829,,3,1,9,1500,0,1,3,,2,585,"SR-58 W/B","UNION AVE",160.00,E,N,A,-,Y,,,,,,,,,,Y,2,0,1,3,A,-,03,22350,,N,C,C,A,A,H,-,A,D,0,,,,Y,Y,,G,25,1,0,0,0,0,0,0,0,0,"- ","- ",35.352588653564453,-118.99916839599609,KERN,UNINCORPORATED,-119.00238037109375,35.352588653564453
91415403,2021,2021-02-25,9420,2021-02-11,2040,021600,,4,2,9,1500,0,2,4,,1,072,"EDISON HIGHWAY","CHAMBERLAIN AVENUE",246.00,E,N,A,-,N,,,,,,,,,,Y,1,1,1,2,A,-,11,21954,A,N,G,B,D,A,H,-,C,D,0,Y,,,,Y,,N,60,0,0,1,1,0,0,0,0,0,"- ","- ",35.371421813964844,-118.96890258789062,KERN,UNINCORPORATED,-118.96949768066406,35.371555328369141
91428321,2021,2021-03-16,9430,2021-01-01,1905,021565,,5,2,9,1500,0,1,1,,2,052,"I-5 N/B","FRAZIER MOUNTAIN PARK RD",2384.00,N,N,A,-,Y,,,5,,,,,,N,Y,1,1,0,1,A,-,08,22107,,N,F,I,A,A,H,-,D,D,0,,,,,Y,,A,07,0,0,0,0,0,0,0,0,0,"- ","- ",34.822601318359375,-118.87651062011719,KERN,UNINCORPORATED,-118.87654876708984,34.822639465332031
91438444,2021,2021-03-29,9420,2021-02-28,1840,020782,,7,2,9,1500,0,2,4,,1,075,"SOUTH UNION AVENUE","ADAMS STREET",75.00,N,N,A,-,N,,,,,,,,,,N,1,1,0,2,A,-,11,21954,A,F,G,B,D,A,H,-,C,D,0,Y,,,,Y,,N,60,0,0,0,1,0,0,0,0,0,"- ","- ",35.343921661376953,-119.00312042236328,KERN,UNINCORPORATED,-119.00295257568359,35.343814849853516
91444144,2021,2021-04-06,9426,2021-03-27,0758,017230,,6,1,9,1500,0,1,3,,1,118,"I-5 N/B TO SR-119",SR-119,0.00,,Y,A,-,Y,,,5,,,,R,,N,Y,2,0,1,2,A,-,03,22350,,N,D,C,A,A,H,-,A,D,0,,,,Y,Y,,A,01,1,0,0,0,0,0,0,0,0,"- ","- ",35.267070770263672,-119.22202301025391,KERN,UNINCORPORATED,-119.22202301025391,35.267070770263672
91444223,2020,2021-04-06,9420,2020-12-20,1650,017243,,7,2,9,1500,0,1,3,,2,430,"STATE ROUTE 43 (CENTRAL VALLEY HIGHWAY)","PETERSON ROAD",0.00,,Y,A,-,Y,,,43,,,,,,,Y,1,1,2,2,A,-,12,22450,A,N,D,C,A,A,H,-,A,A,0,,,,,Y,,A,01,0,0,2,0,0,0,0,0,0,"- ","- ",35.703170776367188,-119.33040618896484,KERN,UNINCORPORATED,-119.33043670654297,35.703170776367188
91444314,2021,2021-04-06,9830,2021-01-15,1605,021534,,5,2,9,1500,0,3,5,,2,002,"OAK CREEK ROAD","TEHACHAPI WILLOW SPRINGS ROAD",5280.00,E,N,A,-,N,,,,,,,,,,Y,1,1,2,1,A,-,01,23152,A,N,F,A,A,A,H,-,A,D,0,,,,Y,Y,Y,G,25,1,0,1,0,0,0,0,0,0,"- ","- ",35.052509307861328,-118.33836364746094,KERN,UNINCORPORATED,-118.37058258056641,35.045692443847656
91445041,2021,2021-04-07,9420,2021-04-05,1646,021589,,1,2,9,1500,0,3,5,,2,040,"GRANITE RD","STOCKDALE RD",660.00,S,N,A,-,N,,,,,,,,,,Y,2,0,1,1,A,-,08,22107,,N,E,I,A,A,H,-,A,D,0,,,,,Y,,A,07,1,0,0,0,0,0,0,0,0,"- ","- ",35.628868103027344,-118.82140350341797,KERN,UNINCORPORATED,,
91446854,2021,2021-04-09,9420,2021-03-29,1648,017243,,1,2,9,1500,0,3,5,,2,671,"DIGIORGIO RD.","WOOD ST.",90.00,E,N,A,-,N,,,,,,,,,,Y,2,0,4,4,A,-,01,23152,A,N,C,C,A,A,H,-,A,D,0,,,,Y,Y,Y,A,01,1,1,2,0,0,0,0,0,0,"- ","- ",35.252410888671875,-118.92401123046875,KERN,UNINCORPORATED,-118.92407989501953,35.252399444580078
91447880,2021,2021-04-12,9420,2021-04-03,2230,020093,,6,3,9,1500,0,3,5,,2,050,"MERLE HAGGARD DR","AIRPORT DR",0.00,,Y,A,-,N,,,,,,,,,,Y,2,0,3,2,A,-,09,21453,C,N,D,C,A,A,H,-,C,A,0,,,,,Y,,A,01,2,1,0,0,0,0,0,0,0,"- ","- ",35.441261291503906,-119.03890228271484,KERN,UNINCORPORATED,-119.03887176513672,35.441116333007812
91451781,2021,2021-04-16,9420,2021-04-07,1445,015896,,3,2,9,1500,0,3,5,,2,530,"7TH STANDARD ROAD","SOUTH SHAFTER AVE",0.00,,Y,A,-,N,,,,,,,,,,Y,2,0,3,2,A,-,09,21801,A,N,D,C,A,A,H,-,A,D,0,,,,,Y,,A,01,1,2,0,0,0,0,0,0,0,"- ","- ",35.441799163818359,-119.29650115966797,KERN,UNINCORPORATED,-119.27894592285156,35.441749572753906
91452339,2021,2021-05-12,9830,2021-04-09,1635,019977,,5,2,9,1500,0,1,3,,2,043,"SR-58 E/B","RANDSBURG CUTOFF RD",3168.00,E,N,A,G,Y,,,58,,,,,,E,Y,2,0,1,1,A,-,03,22350,,N,F,A,A,A,H,-,A,D,0,,,Y,,Y,,C,02,1,0,0,0,0,0,0,0,1,"- ","- ",35.110210418701172,-118.1690673828125,KERN,UNINCORPORATED,-118.16914367675781,35.11004638671875
91454937,2021,2021-04-21,9420,2021-04-07,1812,017243,,3,2,9,1500,0,2,4,,1,072,"BRUNDAGE LN","STERLING ROAD",0.00,,Y,A,-,N,,,,,,,,,,Y,2,0,2,2,A,-,12,21453,A,N,D,C,A,A,H,-,A,A,0,,,Y,,Y,,C,02,1,0,1,0,0,0,0,0,1,"- ","- ",35.354198455810547,-118.94093322753906,KERN,UNINCORPORATED,-118.94091033935547,35.354232788085938
91455098,2021,2021-04-21,9420,2021-04-12,2244,019649,,1,3,9,1500,0,3,5,,2,671,"ADOBE RD","SUNSET BLVD",1100.00,S,N,A,-,N,,,,,,,,,,Y,2,0,1,1,A,-,01,23152,A,N,F,A,A,A,H,-,D,D,0,,,,,Y,Y,A,01,1,0,0,0,0,0,0,0,0,"- ","- ",35.220298767089844,-118.96775054931641,KERN,UNINCORPORATED,-118.967688,35.220216000000001
91461132,2021,2021-04-29,9420,2021-04-14,0449,019649,,3,3,9,1500,0,3,5,,2,672,"DI GIORGIO RD","COTTONWOOD RD",2000.00,W,N,A,-,N,,,,,,,,,,N,2,0,1,2,D,-,00,,,F,G,B,E,A,H,-,D,D,0,Y,,,,Y,,-,"- ",1,0,0,0,1,0,0,0,0,"- ","- ",35.252338409423828,-118.99188995361328,KERN,UNINCORPORATED,-118.99201965332031,35.252288818359375
91466807,2021,2021-05-06,9420,2021-04-25,2245,021144,,7,3,9,1500,0,1,3,,1,176,"SR-178 W/B","BEALE AVE.",575.00,E,N,C,-,Y,,,,,,,,,,Y,2,0,1,2,A,-,11,21954,A,F,G,B,E,B,H,-,C,D,0,Y,,,,Y,,N,60,1,0,0,0,1,0,0,0,0,"- ","- ",35.398040771484375,-118.98224639892578,KERN,UNINCORPORATED,-118.98480987548828,35.386940002441406
91468263,2021,2021-05-07,9830,2021-01-15,2310,021632,,5,3,9,1500,0,1,3,,1,022,"STATE ROUTE 58 EASTBOUND","CLAYMINE ROAD",5280.00,W,N,A,-,Y,,,58,,,,,,E,Y,1,1,0,2,A,-,01,23152,A,N,C,C,A,A,H,-,C,D,0,,,,Y,Y,Y,A,07,0,0,0,0,0,0,0,0,0,"- ","- ",35.008270263671875,-117.86203765869141,KERN,UNINCORPORATED,-117.86204528808594,35.008247375488281