CASE_ID,ACCIDENT_YEAR,PROC_DATE,JURIS,COLLISION_DATE,COLLISION_TIME,OFFICER_ID,REPORTING_DISTRICT,DAY_OF_WEEK,CHP_SHIFT,POPULATION,CNTY_CITY_LOC,SPECIAL_COND,BEAT_TYPE,CHP_BEAT_TYPE,CITY_DIVISION_LAPD,CHP_BEAT_CLASS,BEAT_NUMBER,PRIMARY_RD,SECONDARY_RD,DISTANCE,DIRECTION,INTERSECTION,WEATHER_1,WEATHER_2,STATE_HWY_IND,CALTRANS_COUNTY,CALTRANS_DISTRICT,STATE_ROUTE,ROUTE_SUFFIX,POSTMILE_PREFIX,POSTMILE,LOCATION_TYPE,RAMP_INTERSECTION,SIDE_OF_HWY,TOW_AWAY,COLLISION_SEVERITY,NUMBER_KILLED,NUMBER_INJURED,PARTY_COUNT,PRIMARY_COLL_FACTOR,PCF_CODE_OF_VIOL,PCF_VIOL_CATEGORY,PCF_VIOLATION,PCF_VIOL_SUBSECTION,HIT_AND_RUN,TYPE_OF_COLLISION,MVIW,PED_ACTION,ROAD_SURFACE,ROAD_COND_1,ROAD_COND_2,LIGHTING,CONTROL_DEVICE,CHP_ROAD_TYPE,PEDESTRIAN_ACCIDENT,BICYCLE_ACCIDENT,MOTORCYCLE_ACCIDENT,TRUCK_ACCIDENT,NOT_PRIVATE_PROPERTY,ALCOHOL_INVOLVED,STWD_VEHTYPE_AT_FAULT,CHP_VEHTYPE_AT_FAULT,COUNT_SEVERE_INJ,COUNT_VISIBLE_INJ,COUNT_COMPLAINT_PAIN,COUNT_PED_KILLED,COUNT_PED_INJURED,COUNT_BICYCLIST_KILLED,COUNT_BICYCLIST_INJURED,COUNT_MC_KILLED,COUNT_MC_INJURED,PRIMARY_RAMP,SECONDARY_RAMP,LATITUDE,LONGITUDE,COUNTY,CITY,POINT_X,POINT_Y
91473904,2021,2021-05-14,9420,2021-05-03,2050,021134,,1,2,9,1500,0,3,5,,2,040,"ALFRED HARRELL HWY","OLD ALFRED HARRELL HWY",0.00,,Y,A,-,N,,,,,,,,,,Y,2,0,3,2,A,-,08,22107,,N,D,C,A,A,H,-,D,D,0,,,,,Y,,A,01,1,0,2,0,0,0,0,0,0,"- ","- ",35.418918609619141,-118.96286010742188,KERN,UNINCORPORATED,-118.88835906982422,35.430965423583984
91475453,2021,2021-05-18,9420,2021-05-08,2355,021402,,6,3,9,1500,0,3,5,,2,672,"WHEELER RIDGE ROAD","SEBASTIAN ROAD",300.00,N,N,A,-,N,,,,,,,,,,Y,2,0,1,1,A,-,01,23152,A,N,E,I,A,A,H,-,D,D,0,,,,,Y,Y,D,22,1,0,0,0,0,0,0,0,0,"- ","- ",35.048030853271484,-118.91754913330078,KERN,UNINCORPORATED,-118.91752624511719,35.046218872070312
91477664,2021,2021-05-20,9830,2021-05-18,0049,021959,,2,3,9,1500,0,1,3,,1,031,"SR-14 S/B","SILVER QUEEN RD",7920.00,N,N,A,-,Y,,,14,,,,,,S,Y,2,0,2,2,A,-,01,23152,A,N,C,C,A,A,H,-,D,D,0,,,,Y,Y,Y,A,01,1,1,0,0,0,0,0,0,0,"- ","- ",35.016780853271484,-118.16340637207031,KERN,UNINCORPORATED,-118.16347503662109,35.016757965087891
91477996,2021,2021-06-04,9420,2021-05-05,0455,016828,,3,3,9,1500,0,1,3,,1,650,SR-65,"FAMOSO ROAD",300.00,S,N,A,-,Y,,,,,,,,,,Y,2,0,1,3,A,-,01,23152,G,N,B,C,A,A,H,-,B,D,0,,,,Y,Y,Y,A,01,1,0,0,0,0,0,0,0,0,"- ","- ",35.360801696777344,-119.05139923095703,KERN,UNINCORPORATED,-119.08779907226562,35.601696014404297
91478131,2021,2021-06-30,9830,2021-05-14,1150,020960,,5,1,9,1500,0,1,3,,2,043,SR58,"SR14 OVERCROSSING",5702.00,W,N,A,-,Y,,,58,,,,,,,Y,1,1,0,3,A,-,03,22350,,N,C,C,A,A,H,-,A,D,0,,,,,Y,,A,08,0,0,0,0,0,0,0,0,0,"- ","- ",35.104881286621094,-118.15817260742188,KERN,UNINCORPORATED,-118.15812683105469,35.104972839355469
91480785,2021,2021-05-25,9420,2021-03-28,2012,021296,,7,2,9,1500,0,1,3,,1,184,"STATE ROUTE 184 (WEEDPATCH HIGHWAY)","EAST WILSON ROAD",0.00,,Y,A,-,Y,,,184,,,,,,,Y,1,1,3,4,A,-,09,21802,A,N,D,C,A,A,H,-,D,A,0,,,,Y,Y,,D,22,2,1,0,0,0,0,0,0,0,"- ","- ",35.332561492919922,-118.91429901123047,KERN,UNINCORPORATED,-118.91429901123047,35.332561492919922
91482096,2021,2021-05-27,9420,2021-05-19,1250,016978,,3,1,9,1500,0,1,3,,1,119,SR-119,"OLD RIVER ROAD",1584.00,W,N,A,-,Y,,,119,,,,,,,Y,2,0,4,3,A,-,05,21650,,N,A,A,A,A,H,-,A,D,0,,,,,Y,,D,22,1,3,0,0,0,0,0,0,0,"- ","- ",35.26715087890625,-119.11496734619141,KERN,UNINCORPORATED,-119.11496734619141,35.267196655273438
91483248,2021,2021-05-27,9420,2021-05-26,1228,014967,,3,1,9,1500,0,1,3,,1,650,"SR-65 (PORTERVILLE HWY)","JAMES ROAD",0.00,,Y,A,-,Y,,,65,,,,,,,Y,2,0,2,2,A,-,09,21802,A,N,D,C,A,A,H,-,A,A,0,,,,,Y,,D,22,1,1,0,0,0,0,0,0,0,"- ","- ",35.474010467529297,-119.07462310791016,KERN,UNINCORPORATED,-119.07466888427734,35.474006652832031
91488975,2021,2021-06-03,9420,2021-05-30,1020,016926,,7,1,9,1500,0,3,5,,2,060,"FRANCISCAN AVENUE","CLOS DU VAL AVENUE",28.00,N,N,A,-,N,,,,,,,,,,N,2,0,1,1,A,-,08,22107,,N,F,A,A,A,H,-,A,D,0,,,,,Y,,M,96,1,0,0,0,0,0,0,0,0,"- ","- ",35.371051788330078,-119.17729187011719,KERN,UNINCORPORATED,-119.17736053466797,35.370956420898438
91490486,2021,2021-06-07,9830,2021-03-27,1310,019883,,6,1,9,1500,0,1,2,,1,053,"UNITED STATES HIGHWAY 395","BOWMAN ROAD",7392.00,S,N,A,-,Y,,,,,,,,,,Y,1,1,2,1,A,-,08,22107,,N,F,A,A,A,H,-,A,D,0,,,,,Y,,D,22,1,1,0,0,0,0,0,0,0,"- ","- ",35.354301452636719,-117.44867706298828,KERN,UNINCORPORATED,-117.74838256835938,35.591056823730469
91490930,2021,2021-06-07,9426,2021-05-28,1653,018610,,5,2,9,1500,0,1,1,,2,506,"RT 5","COPUS RD",143.00,N,N,A,-,Y,,,,,,,,,,Y,2,0,1,1,A,-,08,22107,,N,E,I,A,A,H,-,A,D,0,,,,,Y,,D,22,1,0,0,0,0,0,0,0,0,"- ","- ",39.095039367675781,-119.03771209716797,KERN,UNINCORPORATED,-119.03676605224609,35.094264984130859
91492669,2021,2021-06-09,9420,2021-05-29,2152,019903,,6,2,9,1500,0,2,4,,1,051,"DECATUR STREET","AIRPORT DRIVE",70.00,E,N,A,-,N,,,,,,,,,,N,2,0,1,1,A,-,08,22107,,N,F,A,A,A,H,-,C,D,0,,,Y,,Y,,C,02,1,0,0,0,0,0,0,0,1,"- ","- ",35.412239074707031,-119.03858947753906,KERN,UNINCORPORATED,-119.03868865966797,35.412269592285156
91496502,2021,2021-06-14,9420,2021-05-12,2245,019598,,3,3,9,1500,0,2,4,,1,075,"SOUTH UNION AVENUE","EAST BELLE TERRACE",733.00,S,N,A,-,N,,,,,,,,,,N,1,1,0,2,A,-,11,21954,A,N,G,B,D,A,H,-,C,D,0,Y,,,,Y,,N,60,0,0,0,1,0,0,0,0,0,"- ","- ",35.345588684082031,-119.00312805175781,KERN,UNINCORPORATED,-119.00293731689453,35.344688415527344
91497656,2021,2021-06-15,9420,2021-06-08,0637,014967,,2,1,9,1500,0,1,3,,2,462,"SR-46 (PASO ROBLES HWY)","ROOT AVENUE",1320.00,E,N,A,-,Y,,,46,,,,,,,Y,2,0,4,2,A,-,08,22107,,N,A,C,A,A,H,-,A,D,0,,,,,Y,,A,01,2,2,0,0,0,0,0,0,0,"- ","- ",35.601608276367188,-119.30693054199219,KERN,UNINCORPORATED,-119.30693054199219,35.601619720458984
91500442,2021,2021-06-18,9426,2021-06-09,0630,019592,,3,1,9,1500,0,1,3,,1,167,SR-33,"KLIPSTEIN CANYON RD",8976.00,W,N,A,-,Y,,,33,,,,,,,Y,2,0,2,2,A,-,05,21460,A,N,A,C,A,A,H,-,A,D,0,,,,,Y,,A,01,2,0,0,0,0,0,0,0,0,"- ","- ",34.996730804443359,-119.42001342773438,KERN,UNINCORPORATED,-119.41989898681641,34.996669769287109
91500575,2021,2021-06-18,9420,2021-06-13,1818,021260,,7,2,6,1502,0,1,3,,2,093,"STATE ROUTE 99 SOUTHBOUND","STOCKDALE HIGHWAY",3.00,S,N,A,-,Y,,,99,,,,,,S,Y,2,0,1,1,A,-,08,22107,,N,E,I,A,B,D,-,A,D,0,,,,,Y,,A,01,1,0,0,0,0,0,0,0,0,"- ","- ",35.354209899902344,-119.03958892822266,KERN,BAKERSFIELD,-119.03963470458984,35.354209899902344
91503714,2021,2021-06-23,9420,2021-06-06,0200,019649,,7,3,9,1500,0,1,3,,2,583,"ROSEDALE HWY","GIBSON ST",131.00,E,N,A,-,N,,,,,,,,,,Y,2,0,1,3,A,-,01,23152,A,N,C,C,A,A,H,-,C,A,0,,,,,Y,Y,A,01,1,0,0,0,0,0,0,0,0,"- ","- ",35.383171081542969,-119.0526123046875,KERN,UNINCORPORATED,-119.05164337158203,35.383350372314453
91505932,2021,2021-06-24,9426,2021-06-23,0655,016050,,3,1,9,1500,0,1,3,,2,432,SR-43,"MEACHAM RD",85.00,S,N,A,-,Y,,,43,,,,,,,Y,2,0,1,2,A,-,03,22350,,N,C,C,A,A,H,-,A,D,0,,,Y,,Y,,C,02,1,0,0,0,0,0,0,0,1,"- ","- ",35.390518188476562,-119.25215911865234,KERN,UNINCORPORATED,-119.25208282470703,35.390518188476562
91506944,2021,2021-07-07,9426,2021-06-10,0406,018023,,4,3,9,1500,0,3,5,,2,081,SR-119,"SUNRIDGE AVE",1637.00,W,N,A,-,N,,,119,,,,,,,Y,1,2,0,2,A,-,05,21460,A,N,A,C,A,A,H,-,D,D,0,,,,,Y,,A,01,0,0,0,0,0,0,0,0,0,"- ","- ",35.221149444580078,-119.38797760009766,KERN,UNINCORPORATED,-119.38796997070312,35.221134185791016
91513911,2021,2021-07-06,9420,2021-06-19,1115,021134,,6,1,9,1500,0,2,4,,1,072,"EDISON HWY","EDISON RD",20.00,E,N,A,-,N,,,,,,,,,,Y,2,0,1,2,A,-,03,22350,,N,C,C,A,A,H,-,A,D,0,,,,,Y,Y,D,22,1,0,0,0,0,0,0,0,0,"- ","- ",35.349590301513672,-118.87846374511719,KERN,UNINCORPORATED,-118.87862396240234,35.349639892578125
91515663,2021,2022-03-08,9420,2021-06-30,0455,019021,,3,3,9,1500,0,2,4,,1,051,"N. CHESTER AVE.","UNIVERSE AVE.",28.00,N,N,A,-,N,,,,,,,,,,N,2,0,2,2,A,-,01,23152,F,N,C,C,A,A,H,-,B,A,0,,,,,Y,Y,D,22,1,0,1,0,0,0,0,0,0,"- ","- ",35.431259155273438,-119.0213623046875,KERN,UNINCORPORATED,-119.02136993408203,35.431266784667969
91515786,2021,2021-07-08,9420,2021-06-08,1355,020163,,2,1,9,1500,0,1,3,,1,119,"STATE ROUTE 119 (TAFT HIGHWAY)","OLD RIVER ROAD",0.00,,Y,A,-,Y,,,119,,,,,,,Y,1,1,1,2,A,-,09,21802,A,N,D,C,A,A,H,-,A,A,0,,,,Y,Y,,D,22,1,0,0,0,0,0,0,0,0,"- ","- ",35.267139434814453,-119.10961151123047,KERN,UNINCORPORATED,-119.10961151123047,35.267181396484375
91515862,2021,2021-07-08,9420,2021-06-16,1915,018117,,3,2,9,1500,0,1,3,,1,650,SR-65,"COUNTY LINE ROAD",3696.00,S,N,A,-,Y,,,65,,,,,,,Y,2,0,3,2,A,-,05,21460,A,N,B,2,A,A,H,-,A,D,0,,,,,Y,,A,07,1,2,0,0,0,0,0,0,0,"- ","- ",35.767261505126953,-119.05329895019531,KERN,UNINCORPORATED,-119.05328369140625,35.767261505126953
91520893,2021,2021-07-15,9420,2021-07-08,1700,019311,,4,2,9,1500,0,2,4,,1,075,"S. UNION AVE","DI GIORGIO RD",1855.00,S,N,A,-,N,,,,,,,,,,Y,2,0,1,2,A,-,01,23152,A,M,C,C,A,A,H,-,A,A,0,,,,,Y,Y,A,01,1,0,0,0,0,0,0,0,0,"- ","- ",35.245918273925781,-119.00303649902344,KERN,UNINCORPORATED,-119.00303649902344,35.247180938720703
91523615,2021,2021-07-19,9830,2021-07-11,2025,021534,,7,2,9,1500,0,2,4,,1,032,"SIERRA HWY","ELDER AVE",70.00,N,N,A,-,N,,,,,,,,,,Y,2,0,1,1,A,-,01,23152,A,N,F,A,A,A,H,-,D,D,0,,,Y,,Y,Y,C,02,1,0,0,0,0,0,0,0,1,"- ","- ",34.829360961914062,-118.15760803222656,KERN,UNINCORPORATED,-118.15727996826172,34.828258514404297
91523707,2021,2021-07-19,9830,2021-07-12,1520,019400,,1,2,9,1500,0,1,3,,2,010,"E/B SR-58","THE BROOME ROAD OVERPASS",5280.00,E,N,A,-,Y,,,58,,,,,,,Y,2,0,3,2,A,-,03,22350,,N,C,C,A,A,H,-,A,D,0,,,,Y,Y,,F,26,1,2,0,0,0,0,0,0,0,"- ","- ",35.191738128662109,-118.50920104980469,KERN,UNINCORPORATED,-118.50916290283203,35.191791534423828
91524601,2021,2021-07-20,9420,2021-04-15,1343,021296,,4,1,9,1500,0,3,5,,2,671,"SOUTH COMANCHE DRIVE","SUNSET BOULEVARD",671.00,N,N,A,-,N,,,,,,,,,,Y,1,1,3,2,A,-,21,22106,,N,D,C,A,A,H,-,A,D,0,,,Y,,Y,,B,07,1,0,2,0,0,0,0,1,0,"- ","- ",35.225601196289062,-118.84234619140625,KERN,UNINCORPORATED,-118.84236907958984,35.225410461425781
91524766,2021,2022-03-09,9420,2021-07-16,1415,020163,,5,2,9,1500,0,3,5,,2,672,"S. EDISON RD.","HERRING RD.",0.00,,Y,A,-,N,,,,,,,,,,N,2,0,5,2,A,-,09,21802,A,N,D,C,A,A,H,-,A,A,0,,,,,Y,,D,22,2,1,2,0,0,0,0,0,0,"- ","- ",35.150680541992188,-118.87806701660156,KERN,UNINCORPORATED,-118.8780517578125,35.150688171386719
91524883,2021,2021-07-20,9420,2021-07-10,2125,019649,,6,2,9,1500,0,1,3,,1,184,SR-184,"MCKEE RD",0.00,,Y,A,-,Y,,,184,,,,,,,Y,2,0,4,2,A,-,01,23152,A,F,A,C,A,A,H,-,C,D,0,,,,,Y,Y,A,01,1,3,0,0,0,0,0,0,0,"- ","- ",35.274200439453125,-118.91441345214844,KERN,UNINCORPORATED,-118.91439056396484,35.274200439453125
91529545,2021,2022-07-29,9420,2021-07-20,2157,020366,,2,2,9,1500,0,2,4,,2,062,"ROSEDALE HIGHWAY","LANDCO DRIVE",0.00,,Y,A,-,N,,,,,,,,,,N,2,0,1,2,A,-,11,21954,A,N,G,B,D,A,H,-,C,A,0,Y,,,,Y,,N,60,1,0,0,0,1,0,0,0,0,"- ","- ",35.38336181640625,-119.05888366699219,KERN,UNINCORPORATED,-119.05901336669922,35.383384704589844
91533467,2021,2021-07-30,9426,2021-06-16,1100,016162,,3,1,9,1500,0,1,1,,2,504,"I-5 S/B",SR-43,2640.00,S,N,A,-,Y,,,5,,,,,,S,Y,1,2,4,2,A,-,08,22107,,N,F,A,A,A,H,-,A,D,0,,,,,Y,,D,22,1,3,0,0,0,0,0,0,0,"- ","- ",35.286670684814453,-119.24514007568359,KERN,UNINCORPORATED,-119.24539947509766,35.286392211914062
91538889,2021,2021-08-06,9420,2021-07-28,2230,021503,,3,3,9,1500,0,3,5,,2,060,"JEWETTA AVENUE","AIMEE WAY",0.00,,Y,A,-,N,,,,,,,,,,Y,2,0,6,2,A,-,01,23152,A,N,A,C,A,A,H,-,C,D,0,,,,,Y,Y,A,01,2,4,0,0,0,0,0,0,0,"- ","- ",35.384559631347656,-119.1279296875,KERN,UNINCORPORATED,-119.12792205810547,35.384544372558594
91539819,2021,2021-08-09,9420,2021-07-29,1450,016973,,4,2,6,1502,0,1,3,,2,583,"SR-58 W/B","JEWETTA AVE",2500.00,W,N,A,-,Y,,,,,,,,,,Y,2,0,1,1,A,-,08,22107,,N,H,J,A,A,H,-,A,D,0,,,,,Y,,A,01,1,0,0,0,0,0,0,0,0,"- ","- ",35.361968994140625,-119.13648986816406,KERN,BAKERSFIELD,-119.13326263427734,35.383590698242188
91539928,2021,2021-08-09,9830,2021-07-16,2045,020866,,5,2,9,1500,0,1,3,,1,015,SR-202,"TAMARON DR.",8.00,E,N,A,-,Y,,,202,,,,,,,N,2,0,5,3,A,-,03,22350,,N,C,C,A,A,H,-,D,D,0,,,,,Y,,A,07,2,2,1,0,0,0,0,0,0,"- ","- ",35.129150390625,-118.54908752441406,KERN,UNINCORPORATED,-118.54909515380859,35.129131317138672
91545857,2021,2021-08-16,9430,2021-08-08,1510,020255,,7,2,9,1500,0,1,1,,2,053,"I-5 N/B (GOLDEN STATE FWY)","GRAPEVINE RD.",8448.00,S,N,F,-,Y,,,5,,,,,,N,Y,2,0,1,1,A,-,03,22350,,N,E,I,A,A,H,-,A,D,0,,,,,Y,,A,01,1,0,0,0,0,0,0,0,0,"- ","- ",34.913818359375,-118.92333984375,KERN,UNINCORPORATED,-118.92340850830078,34.913806915283203
91547007,2021,2021-08-17,9420,2021-08-05,1630,021386,,4,2,9,1500,0,2,4,,1,052,"ROBERTS LANE","CENTRAL AVENUE",80.00,E,N,A,-,N,,,,,,,,,,Y,2,0,6,2,A,-,09,21804,A,N,D,C,A,A,H,-,A,A,0,,,,,Y,,A,08,1,3,2,0,0,0,0,0,0,"- ","- ",35.408649444580078,-119.02294921875,KERN,UNINCORPORATED,-119.02302551269531,35.40863037109375
91547973,2021,2021-08-18,9420,2021-06-27,1317,021133,,7,1,9,1500,0,1,3,,2,223,"STATE ROUTE  223","TOWERLINE ROAD",0.00,,Y,A,-,Y,,,223,,,,,,,Y,1,1,2,2,A,-,12,22450,A,N,D,C,A,A,H,-,A,A,0,,,Y,,Y,,C,02,0,1,1,0,0,0,0,1,0,"- ","- ",35.209190368652344,-118.80622863769531,KERN,UNINCORPORATED,-118.80622863769531,35.209194183349609
91550266,2021,2021-08-20,9420,2021-08-17,1251,014967,,2,1,9,1500,0,3,5,,2,510,"BROWNING ROAD","PETERSON ROAD",0.00,,Y,A,-,N,,,,,,,,,,Y,2,0,2,2,A,-,09,21801,A,N,D,C,A,A,H,-,A,A,0,,,,,Y,,A,01,1,1,0,0,0,0,0,0,0,"- ","- ",35.703498840332031,-119.22313690185547,KERN,UNINCORPORATED,-119.22300720214844,35.70343017578125
91552001,2021,2021-08-23,9426,2021-06-27,2500,018919,,7,4,9,1500,0,1,3,,1,460,SR-46,"BROWN MATERIAL ROAD",3168.00,W,N,A,-,Y,,,46,,,,,,,N,1,1,0,2,A,-,11,21954,A,F,G,B,E,A,H,-,D,D,0,Y,,,,Y,,N,60,0,0,0,1,0,0,0,0,0,"- ","- ",35.615650177001953,-119.75467681884766,KERN,UNINCORPORATED,-119.75467681884766,35.615669250488281
91553169,2021,2021-08-24,9830,2021-04-11,2500,017237,,7,4,9,1500,0,1,3,,2,010,"STATE ROUTE 58, EASTBOUND","BROOME ROAD",7762.00,W,N,A,-,Y,,,58,,,,,,E,Y,1,1,1,1,A,-,08,22107,,N,E,I,A,A,H,-,D,D,0,,,,,Y,,A,01,1,0,0,0,0,0,0,0,0,"- ","- ",35.210880279541016,-118.54338073730469,KERN,UNINCORPORATED,-118.54335021972656,35.210941314697266
91553760,2021,2021-08-25,9420,2021-08-12,2315,019311,,4,3,6,1502,0,1,3,,2,094,"SR-99 N/B","MING AVE.",500.00,N,N,A,-,Y,,,99,,,,,,N,Y,2,0,3,1,A,-,08,22107,,N,E,J,A,A,D,-,D,D,0,,,,,Y,,A,01,1,2,0,0,0,0,0,0,0,"- ","- ",35.345001220703125,-119.03954315185547,KERN,BAKERSFIELD,-119.03943634033203,35.345001220703125
91560620,2021,2021-09-01,9426,2021-06-18,0550,016050,,5,3,9,1500,0,1,1,,2,504,"INTERSTATE 5","STOCKDALE HIGHWAY",5808.00,S,N,A,-,Y,,,5,,,,,,,Y,1,1,0,2,A,-,08,22107,,N,D,C,A,A,H,-,A,D,0,,,,Y,Y,,A,01,0,0,0,0,0,0,0,0,0,"- ","- ",35.34375,-119.31997680664062,KERN,UNINCORPORATED,-119.31995391845703,35.343780517578125
91560962,2021,2021-09-02,9420,2021-06-16,0455,021386,,3,3,9,1500,0,2,4,,1,072,"EDISON HIGHWAY","STERLING ROAD",743.00,E,N,B,-,N,,,,,,,,,,Y,1,1,0,2,A,-,09,21804,A,N,F,A,A,A,H,-,B,D,0,,,Y,,Y,,A,07,0,0,0,0,0,0,0,1,0,"- ","- ",35.363918304443359,-118.93771362304688,KERN,UNINCORPORATED,-118.93846893310547,35.364116668701172
91564019,2021,2021-09-07,9830,2021-08-28,1754,021191,,6,2,9,1500,0,3,5,,2,004,"SR14 NB TO CALIFORNIA CITY BOULEVARD","CALIFORNIA CITY BOULEVARD",500.00,S,N,A,-,Y,,,14,,,,R,,N,Y,2,0,1,1,A,-,01,23152,A,N,E,I,A,A,H,-,A,D,0,,,,,Y,,D,22,1,0,0,0,0,0,0,0,0,"- ","- ",35.123798370361328,-118.12380218505859,KERN,UNINCORPORATED,-118.12380218505859,35.123798370361328
91568487,2021,2021-09-13,9830,2021-09-04,2250,021870,,6,3,9,1500,0,1,3,,1,022,"SR-58 E/B","CALIFORNIA CITY BOULEVARD",2115.00,E,N,A,-,Y,,,58,,,,,,E,Y,2,0,2,1,A,-,08,22107,,N,E,I,A,A,H,-,D,D,0,,,,,Y,,A,07,2,0,0,0,0,0,0,0,0,"- ","- ",35.011329650878906,-117.91074371337891,KERN,UNINCORPORATED,-117.91072082519531,35.011631011962891
91568848,2021,2021-09-13,9420,2021-09-11,0115,021133,,6,3,9,1500,0,1,3,,2,588,"SR-58 EASTBOUND",SR-223,1301.00,E,N,A,-,Y,,,58,,,,,,E,Y,2,0,3,3,A,-,08,22107,,N,G,4,E,A,H,-,C,D,0,Y,,,Y,Y,,G,25,2,0,1,0,1,0,0,0,0,"- ","- ",35.263931274414062,-118.65402221679688,KERN,UNINCORPORATED,-118.65401458740234,35.263980865478516
91578310,2021,2021-09-23,9830,2021-09-12,1650,022390,,7,2,9,1500,0,1,3,,1,061,SR-178,"STRECKER ST.",495.00,E,N,A,-,Y,,,178,,,,,,,Y,2,0,1,2,A,-,03,22350,,N,C,C,A,A,H,-,A,D,0,,,,,Y,,A,01,1,0,0,0,0,0,0,0,0,"- ","- ",35.651878356933594,-117.765869140625,KERN,UNINCORPORATED,-117.765869140625,35.651893615722656
91579014,2021,2021-09-24,9426,2021-08-30,2124,018919,,1,2,9,1500,0,1,1,,2,502,"I-5 N/B","7TH STANDARD ROAD",3168.00,S,N,A,-,Y,,,5,,,,,,N,Y,2,0,2,3,A,-,03,22350,,N,C,C,A,A,H,-,D,D,0,,,,Y,Y,,G,25,1,0,1,0,0,0,0,0,0,"- ","- ",35.436119079589844,-119.44796752929688,KERN,UNINCORPORATED,-119.447998046875,35.436084747314453
91581965,2021,2021-09-28,9426,2021-08-10,0505,018919,,2,3,9,1500,0,1,3,,2,432,SR-43,"MUNZER ROAD",6336.00,S,N,A,-,Y,,,43,,,,,,,N,1,1,8,2,A,-,05,21650,,N,A,C,A,A,D,-,D,D,0,,,,,Y,,D,22,0,1,7,0,0,0,0,0,0,"- ","- ",35.308479309082031,-119.25248718261719,KERN,UNINCORPORATED,-119.25225067138672,35.308475494384766
91586760,2021,2021-10-04,9830,2021-09-29,2246,021870,,3,3,9,1500,0,3,5,,2,003,"MANCHESTER STREET","GLENRIDGE AVENUE",155.00,S,N,A,-,N,,,,,,,,,,N,2,0,1,1,A,-,21,22106,,N,H,A,A,A,H,-,C,D,0,,,,,Y,,D,22,1,0,0,0,0,0,0,0,0,"- ","- ",34.853649139404297,-118.19441223144531,KERN,UNINCORPORATED,-118.1944580078125,34.853641510009766
91588279,2021,2021-10-05,9420,2021-09-26,0350,021134,,7,3,9,1500,0,1,3,,2,096,"SR-99 N/B","HOUGHTON RD",4752.00,N,N,A,-,Y,,,99,,,,,,N,Y,2,0,5,2,A,-,01,23152,A,N,C,2,A,A,H,-,D,D,0,,,,,Y,Y,A,01,1,2,2,0,0,0,0,0,0,"- ","- ",35.248088836669922,-119.01790618896484,KERN,UNINCORPORATED,-119.01782989501953,35.248111724853516
91588744,2021,2021-10-05,9830,2021-09-24,2147,021903,,5,2,9,1500,0,1,2,,1,053,SR-14,SR-178W,3696.00,S,N,A,-,Y,,,14,,,,,,,Y,2,0,2,2,A,-,08,22107,,N,B,C,A,A,H,-,D,D,0,,,,Y,Y,,A,07,1,0,1,0,0,0,0,0,0,"- ","- ",35.591159820556641,-117.90814208984375,KERN,UNINCORPORATED,-117.90812683105469,35.591152191162109
91591677,2021,2021-10-08,9420,2021-10-02,1255,021547,,6,1,9,1500,0,1,3,,2,155,SR-155,"OAKWOOD DRIVE",12.00,W,N,A,-,Y,,,155,,,,,,,N,2,0,1,2,A,-,09,21804,A,N,C,C,A,A,H,-,A,D,0,,,Y,,Y,,A,01,1,0,0,0,0,0,0,0,1,"- ","- ",35.697708129882812,-118.46308898925781,KERN,UNINCORPORATED,-118.46293640136719,35.697612762451172
91593015,2021,2021-10-11,9420,2021-10-10,1520,021534,,7,2,9,1500,0,3,5,,2,672,"TEJON HWY",SR-58,150.00,S,N,A,-,N,,,,,,,,,,Y,2,0,1,1,A,-,08,22107,,N,F,A,A,A,H,-,A,D,0,,,,,Y,,A,07,1,0,0,0,0,0,0,0,0,"- ","- ",35.342338562011719,-118.86103820800781,KERN,UNINCORPORATED,-118.82530975341797,35.336349487304688
91594318,2021,2021-10-12,9420,2021-07-23,0349,021133,,5,3,9,1500,0,1,3,,2,585,"STATE ROUTE 58 WESTBOUND","COTTONWOOD ROAD",408.00,E,N,A,-,Y,,,58,,,,,,W,N,1,1,0,2,A,-,11,21954,A,F,G,B,E,A,H,-,C,D,0,Y,,,,Y,,N,60,0,0,0,1,0,0,0,0,0,"- ","- ",35.352581024169922,-118.98359680175781,KERN,UNINCORPORATED,-118.98359680175781,35.352565765380859
91594450,2021,2021-10-12,9420,2021-09-16,1010,017256,,4,1,9,1500,0,3,5,,2,050,"PETROL ROAD","AIRPORT DRIVE",0.00,,Y,A,-,N,,,,,,,,,,Y,2,0,1,2,A,-,09,21802,A,N,D,C,A,A,H,-,A,A,0,,,Y,,Y,,A,01,1,0,0,0,0,0,0,0,1,"- ","- ",35.448928833007812,-119.03849792480469,KERN,UNINCORPORATED,-119.03854370117188,35.448516845703125
91595864,2021,2021-10-14,9426,2021-10-11,2320,016579,,1,3,9,1500,0,1,3,,1,118,SR-119,SR-43,90.00,E,N,A,-,Y,,,119,,,,,,,N,2,0,5,1,A,-,01,23152,A,N,E,I,A,A,H,-,D,A,0,,,,,Y,Y,A,01,2,1,2,0,0,0,0,0,0,"- ","- ",35.267360687255859,-119.25231170654297,KERN,UNINCORPORATED,-119.25231170654297,35.267353057861328