CASE_ID,ACCIDENT_YEAR,PROC_DATE,JURIS,COLLISION_DATE,COLLISION_TIME,OFFICER_ID,REPORTING_DISTRICT,DAY_OF_WEEK,CHP_SHIFT,POPULATION,CNTY_CITY_LOC,SPECIAL_COND,BEAT_TYPE,CHP_BEAT_TYPE,CITY_DIVISION_LAPD,CHP_BEAT_CLASS,BEAT_NUMBER,PRIMARY_RD,SECONDARY_RD,DISTANCE,DIRECTION,INTERSECTION,WEATHER_1,WEATHER_2,STATE_HWY_IND,CALTRANS_COUNTY,CALTRANS_DISTRICT,STATE_ROUTE,ROUTE_SUFFIX,POSTMILE_PREFIX,POSTMILE,LOCATION_TYPE,RAMP_INTERSECTION,SIDE_OF_HWY,TOW_AWAY,COLLISION_SEVERITY,NUMBER_KILLED,NUMBER_INJURED,PARTY_COUNT,PRIMARY_COLL_FACTOR,PCF_CODE_OF_VIOL,PCF_VIOL_CATEGORY,PCF_VIOLATION,PCF_VIOL_SUBSECTION,HIT_AND_RUN,TYPE_OF_COLLISION,MVIW,PED_ACTION,ROAD_SURFACE,ROAD_COND_1,ROAD_COND_2,LIGHTING,CONTROL_DEVICE,CHP_ROAD_TYPE,PEDESTRIAN_ACCIDENT,BICYCLE_ACCIDENT,MOTORCYCLE_ACCIDENT,TRUCK_ACCIDENT,NOT_PRIVATE_PROPERTY,ALCOHOL_INVOLVED,STWD_VEHTYPE_AT_FAULT,CHP_VEHTYPE_AT_FAULT,COUNT_SEVERE_INJ,COUNT_VISIBLE_INJ,COUNT_COMPLAINT_PAIN,COUNT_PED_KILLED,COUNT_PED_INJURED,COUNT_BICYCLIST_KILLED,COUNT_BICYCLIST_INJURED,COUNT_MC_KILLED,COUNT_MC_INJURED,PRIMARY_RAMP,SECONDARY_RAMP,LATITUDE,LONGITUDE,COUNTY,CITY,POINT_X,POINT_Y
91600432,2021,2021-10-19,9830,2021-10-11,0750,020524,,1,1,9,1500,0,2,4,,1,032,"SIERRA HIGHWAY","ROSAMOND BOULEVARD",1369.00,N,N,A,G,N,,,,,,,,,,Y,2,0,2,1,A,-,08,22107,,N,F,A,A,A,H,-,A,D,0,,,,,Y,,A,07,1,1,0,0,0,0,0,0,0,"- ","- ",34.865928649902344,-118.16333770751953,KERN,UNINCORPORATED,-118.16362762451172,34.868118286132812
91601806,2021,2021-10-20,9420,2021-10-04,1405,020040,,1,2,9,1500,0,3,5,,2,040,"CHINA GRADE LOOP","ROUND MOUNTAIN ROAD",2163.00,S,N,A,-,N,,,,,,,,,,Y,1,1,0,1,A,-,08,22107,,N,E,I,A,A,H,-,A,D,0,,,,,Y,,A,01,0,0,0,0,0,0,0,0,0,"- ","- ",35.421810150146484,-118.96781921386719,KERN,UNINCORPORATED,-118.96772766113281,35.421848297119141
91602391,2021,2021-10-21,9420,2021-09-27,0432,019649,,1,3,6,1502,0,1,3,,2,094,"SR99 NB FROM WHITE LN","WHITE LANE",5.00,S,N,A,-,Y,,,99,,,,R,,N,Y,2,0,1,3,A,-,07,21658,A,F,B,C,A,A,H,-,C,D,0,,,Y,,Y,,-,99,1,0,0,0,0,0,0,0,1,"- ","- ",35.317821502685547,-119.03604125976562,KERN,BAKERSFIELD,-119.03604125976562,35.317821502685547
91604021,2021,2021-10-22,9420,2021-10-16,2040,021915,,6,2,9,1500,0,1,3,,2,178,SR-178,"YANKEE CANYON ROAD",2640.00,E,N,A,-,Y,,,178,,,,,,,Y,2,0,2,1,A,-,01,23152,A,N,E,I,A,A,H,-,D,D,0,,,,,Y,Y,A,07,1,1,0,0,0,0,0,0,0,"- ","- ",35.656200408935547,-118.44895172119141,KERN,UNINCORPORATED,-118.448974609375,35.656227111816406
91606938,2021,2021-10-26,9426,2021-09-07,0720,017321,,2,1,9,1500,0,1,1,,2,502,"I-5 N/B","7TH STANDARD ROAD",528.00,N,N,A,-,Y,,,5,,,,,,N,Y,1,1,0,2,A,-,03,22350,,N,C,2,A,A,H,-,A,D,0,,,,,Y,,D,22,0,0,0,0,0,0,0,0,0,"- ","- ",35.445518493652344,-119.46086120605469,KERN,UNINCORPORATED,-119.46089935302734,35.445468902587891
91608771,2021,2021-10-28,9420,2021-10-24,1430,020782,,7,2,9,1500,0,3,5,,2,040,"GRANITE ROAD",SR-155,23232.00,S,N,A,-,N,,,,,,,,,,Y,2,0,1,1,A,-,08,22107,,N,E,I,A,A,H,-,A,D,0,,,Y,,Y,,C,02,1,0,0,0,0,0,0,0,1,"- ","- ",35.660499572753906,-118.74832916259766,KERN,UNINCORPORATED,-118.74718475341797,35.660873413085938
91613099,2021,2021-11-02,9830,2021-10-31,0205,022202,,7,3,9,1500,0,1,2,,1,053,"GARLOCK RD","REDROCK RANDSBURG RD",7920.00,E,N,A,-,N,,,,,,,,,,Y,2,0,2,1,A,-,03,22350,,N,F,A,A,A,H,-,D,D,0,,,,,Y,,A,07,2,0,0,0,0,0,0,0,0,"- ","- ",35.243598937988281,-117.47029876708984,KERN,UNINCORPORATED,-117.78463745117188,35.410572052001953
91614424,2021,2021-11-03,9420,2021-10-28,1413,020529,,4,2,9,1500,0,1,3,,2,177,SR-178,"ALFRED HARRELL HWY",24288.00,E,N,A,-,Y,,,178,,,,,,,Y,2,0,1,1,A,-,08,22107,,N,E,I,A,A,H,-,A,D,0,,,,,Y,,D,22,1,0,0,0,0,0,0,0,0,"- ","- ",35.442668914794922,-118.79206085205078,KERN,UNINCORPORATED,-118.79206085205078,35.442668914794922
91621559,2021,2022-08-26,9420,2021-08-28,1730,021547,,6,2,9,1500,0,2,4,,2,021,"SIERRA WAY","PATTERSON LANE",3168.00,N,N,A,-,N,,,,,,,,,,Y,1,1,1,1,A,-,01,23152,G,N,E,I,A,A,H,-,A,D,0,,,,,Y,Y,A,01,1,0,0,0,0,0,0,0,0,"- ","- ",35.681869506835938,-118.37989044189453,KERN,UNINCORPORATED,-118.38037109375,35.682064056396484
91623160,2021,2021-11-12,9420,2021-11-05,1157,018387,,5,1,9,1500,0,3,5,,2,610,"WIBLE RD","BELLE TERRACE",0.00,,Y,A,-,N,,,,,,,,,,Y,2,0,1,2,A,-,12,21453,A,N,D,C,A,A,H,-,A,A,0,,,,,Y,,A,07,1,0,0,0,0,0,0,0,0,"- ","- ",35.346488952636719,-119.03868865966797,KERN,UNINCORPORATED,-119.03903198242188,35.346717834472656
91633551,2021,2021-11-23,9426,2021-09-24,2125,019592,,5,2,9,1500,0,1,3,,2,461,"STATE ROUTE 46","CORCORAN ROAD",2112.00,E,N,A,-,Y,,,46,,,,,,,Y,1,2,0,1,A,-,08,22107,,N,F,0,A,A,G,-,D,B,0,,,,,Y,,A,07,0,0,0,0,0,0,0,0,0,"- ","- ",35.603141784667969,-119.57563781738281,KERN,UNINCORPORATED,-119.57558441162109,35.60321044921875
91638381,2021,2021-11-30,9420,2021-11-15,0256,021632,,1,3,6,1502,0,1,3,,2,094,"STATE ROUTE 99 NORTHBOUND","PACHECO ROAD UNDERCROSSING",175.00,S,N,A,-,Y,,,,,,,,,,Y,2,0,1,2,A,-,01,23152,A,N,C,C,A,A,H,-,D,D,0,,,Y,,Y,Y,A,01,1,0,0,0,0,0,0,0,1,"- ","- ",35.310188293457031,-118.03415679931641,KERN,BAKERSFIELD,-119.03456878662109,35.311992645263672
91643326,2021,2021-12-06,9830,2021-09-10,1510,021191,,5,2,9,1500,0,3,5,,2,003,"TEHACHAPI WILLOW SPRINGS ROAD","AQUEDUCT ROAD",1320.00,S,N,A,-,N,,,,,,,,,,Y,1,2,5,2,A,-,08,22107,,N,A,C,A,A,H,-,A,D,0,,,,,Y,,M,58,5,0,0,0,0,0,0,0,0,"- ","- ",34.972038269042969,-118.30551910400391,KERN,UNINCORPORATED,,
91647413,2021,2021-12-09,9420,2021-11-21,0010,021601,,7,3,9,1500,0,3,5,,2,050,"CALIFORNIA ST","MINNER AVE",72.00,S,N,A,-,N,,,,,,,,,,N,2,0,1,2,A,-,11,21956,,F,G,B,E,A,H,-,C,A,0,Y,,,,Y,,N,60,1,0,0,0,1,0,0,0,0,"- ","- ",35.418678283691406,-119.02348327636719,KERN,UNINCORPORATED,-119.0234375,35.418724060058594
91649935,2021,2021-12-13,9420,2021-12-02,1145,018387,,4,1,9,1500,0,2,4,,1,075,"S. UNION AVE","WHITE LN",187.00,S,N,A,-,N,,,,,,,,,,Y,2,0,1,2,A,-,03,22350,,N,C,C,A,A,H,-,A,D,0,,,,Y,Y,,A,01,1,0,0,0,0,0,0,0,0,"- ","- ",35.316951751708984,-119.00295257568359,KERN,UNINCORPORATED,-119.00312805175781,35.317096710205078
91650540,2021,2021-12-13,9420,2021-12-03,2050,021572,,5,2,9,1500,0,3,5,,2,040,"RIVER BLVD","UNIVERSITY AVE",330.00,N,N,A,-,N,,,,,,,,,,Y,2,0,2,3,A,-,01,23152,A,N,B,E,A,A,H,-,C,D,0,,,,,Y,Y,A,01,1,1,0,0,0,0,0,0,0,"- ","- ",35.402679443359375,-118.98519134521484,KERN,UNINCORPORATED,-118.98525238037109,35.402473449707031
91658715,2021,2021-12-22,9426,2021-11-09,1810,017581,,2,2,9,1500,0,3,5,,2,087,"OLD RIVER RD","CALIFORNIA AQUEDUCT",1320.00,N,N,A,-,N,,,,,,,,,,Y,1,1,1,2,A,-,03,22350,,N,C,C,A,A,H,-,D,D,0,,,,Y,Y,,G,25,1,0,0,0,0,0,0,0,0,"- ","- ",35.070518493652344,-119.13050842285156,KERN,UNINCORPORATED,,
91662082,2021,2021-12-27,9420,2021-12-16,1741,021566,,4,2,9,1500,0,2,4,,1,072,"NILES ST.","MOUNT VERNON AVE.",82.00,W,N,B,-,N,,,,,,,,,,N,2,0,1,2,A,-,11,21954,A,F,G,B,D,A,H,-,C,D,0,Y,,,,Y,,N,60,1,0,0,0,1,0,0,0,0,"- ","- ",35.376411437988281,-118.96788787841797,KERN,UNINCORPORATED,-118.96784210205078,35.376468658447266
91670887,2021,2022-03-08,9420,2021-12-19,0715,017829,,7,1,9,1500,0,3,5,,2,672,"ADOBE ROAD","ALTEZZA AVE",3696.00,S,N,E,-,N,,,,,,,,,,Y,2,0,3,2,A,-,05,21650,,N,A,C,A,A,H,-,A,D,0,,,,,Y,,D,22,2,1,0,0,0,0,0,0,0,"- ","- ",35.183521270751953,-118.96779632568359,KERN,UNINCORPORATED,,
91672110,2021,2022-01-06,9420,2021-06-03,0540,021133,,4,3,9,1500,0,1,3,,2,204,"STATE ROUTE 204 NORTHBOUND","KERN RIVER",835.00,N,N,A,-,Y,,,,,,,,,,N,1,1,0,2,A,-,11,21954,A,F,G,B,E,A,H,-,B,D,0,Y,,,,Y,,N,60,0,0,0,1,0,0,0,0,0,"- ","- ",35.398891448974609,-119.0382080078125,KERN,UNINCORPORATED,-119.27121734619141,35.507057189941406
91675358,2022,2022-01-11,9420,2022-01-03,0850,018225,,1,1,9,1500,0,2,4,,1,051,"MANOR STREET","CIRCLE DRIVE",0.00,,Y,A,-,N,,,,,,,,,,Y,2,0,1,2,A,-,09,21802,A,N,D,C,A,A,H,-,A,A,0,,,Y,,Y,,D,22,1,0,0,0,0,0,0,0,1,"- ","- ",35.429298400878906,-119.01248168945312,KERN,UNINCORPORATED,-119.01242828369141,35.429191589355469
91677536,2021,2022-01-13,9420,2021-12-05,2500,018225,,7,4,9,1500,0,1,3,,2,091,"STATE ROUTE 99 S/B","WOOLLOMES AVENUE",5808.00,S,N,E,-,Y,,,99,,,,,,S,Y,1,1,0,1,A,-,08,22107,,N,E,8,A,B,H,-,C,D,0,,,,,Y,,A,01,0,0,0,0,0,0,0,0,0,"- ","- ",35.732528686523438,-119.24004364013672,KERN,UNINCORPORATED,-119.23997497558594,35.7325439453125
91682041,2022,2022-01-20,9426,2022-01-20,0615,014887,,4,1,9,1500,0,1,3,,2,461,SR-46,"ROWLEE ROAD",0.00,,Y,E,-,Y,KER,,46,,,43.021,H,,R,Y,2,0,5,2,A,-,09,21802,A,N,D,C,A,A,H,-,D,A,0,,,,,Y,,A,08,3,2,0,0,0,0,0,0,0,"- ","- ",35.601139068603516,-119.47348022460938,KERN,UNINCORPORATED,-119.47348022460938,35.601108551025391
91682508,2021,2022-01-21,9830,2021-07-17,2101,022202,,6,2,9,1500,0,3,5,,2,003,"20TH STREET WEST","CANDICE AVENUE",92.00,N,N,A,-,N,,,,,,,,,,N,1,1,0,3,A,-,11,21954,A,F,G,B,E,A,H,-,C,D,0,Y,,,,Y,,N,60,0,0,0,1,0,0,0,0,0,"- ","- ",34.856151580810547,-118.16709899902344,KERN,UNINCORPORATED,-118.16709136962891,34.855731964111328
91683437,2022,2022-03-09,9420,2022-01-20,0255,019903,,4,3,9,1500,0,2,4,,1,051,"N. CHESTER AVE","HARDING AVE",10.00,N,N,A,-,N,,,,,,,,,,N,2,0,1,2,A,-,11,21954,A,N,G,B,D,A,H,-,C,D,0,Y,,,,Y,,N,60,1,0,0,0,1,0,0,0,0,"- ","- ",35.41156005859375,-119.02101135253906,KERN,UNINCORPORATED,-119.02110290527344,35.411407470703125
91696720,2022,2022-03-11,9420,2022-01-30,1830,020366,,7,2,9,1500,0,1,3,,2,090,"SR-99 N/B",SR-46,5040.00,S,N,A,-,Y,KER,,99,,R,43.299,H,,R,Y,2,0,1,3,A,-,08,22107,,F,B,2,A,A,H,-,D,D,0,,,,Y,Y,,A,01,1,0,0,0,0,0,0,0,0,"- ","- ",35.589179992675781,-119.2039794921875,KERN,UNINCORPORATED,-119.20402526855469,35.589176177978516
91698835,2021,2022-02-11,9420,2021-10-22,1855,020634,,5,2,9,1500,0,2,4,,1,052,"NORRIS ROAD","CALIFORNIA STREET",35.00,E,N,A,-,N,,,,,,,,,,Y,1,1,0,3,A,-,03,22350,,N,G,B,D,A,C,-,C,D,0,Y,,,,Y,,A,01,0,0,0,1,0,0,0,0,0,"- ","- ",35.419498443603516,-119.02336883544922,KERN,UNINCORPORATED,-119.02332305908203,35.419509887695312
91700879,2022,2022-02-15,9830,2022-02-10,2015,019977,,4,2,9,1500,0,1,3,,2,021,"SR-58 W/B","CALIFORNIA CITY BLVD",0.00,,Y,A,-,Y,KER,,58,,R,127.638,H,,L,Y,2,0,1,2,A,-,09,21802,A,N,D,C,A,A,H,-,D,A,0,,,,Y,Y,,G,25,1,0,0,0,0,0,0,0,0,"- ","- ",35.012428283691406,-117.91687774658203,KERN,UNINCORPORATED,-117.91688537597656,35.012401580810547
91703003,2022,2022-02-17,9420,2022-02-01,1550,019316,,2,2,9,1500,0,2,4,,1,052,"NORRIS ROAD","MCCRAY STREET",125.00,W,N,A,-,N,,,,,,,,,,Y,2,0,3,3,A,-,05,21651,A,N,A,C,F,A,H,-,A,D,0,Y,,,,Y,,A,01,1,0,2,0,1,0,0,0,0,"- ","- ",35.419578552246094,-119.03057861328125,KERN,UNINCORPORATED,-119.03047943115234,35.419540405273438
91705525,2022,2022-02-22,9420,2022-02-17,1510,019868,,4,2,9,1500,0,3,5,,2,060,"SNOW ROAD","QUAIL CREEK ROAD",0.00,,Y,A,-,N,,,,,,,,,,Y,2,0,2,2,A,-,12,22450,A,N,D,C,A,A,H,-,A,A,0,,,,,Y,,A,01,1,0,1,0,0,0,0,0,0,"- ","- ",35.419830322265625,-119.10111236572266,KERN,UNINCORPORATED,-119.10114288330078,35.427005767822266
91715417,2022,2022-03-04,9420,2022-03-03,1330,021547,,4,1,9,1500,0,3,5,,2,410,"JACK RANCH ROAD","OLD STAGE ROAD",3168.00,S,N,A,-,N,,,,,,,,,,N,2,0,1,1,A,-,17,21662,A,N,E,I,A,A,H,-,A,D,0,,,Y,,Y,,C,02,1,0,0,0,0,0,0,0,1,"- ","- ",35.786491394042969,-118.20400238037109,KERN,UNINCORPORATED,,
91721113,2021,2022-03-11,9830,2021-12-02,1235,020113,,4,1,9,1500,0,3,5,,2,005,"LAS FLORES AVENUE","BRADY STREET",0.00,,Y,A,-,N,,,,,,,,,,Y,1,1,1,2,A,-,12,22450,A,N,D,C,A,A,H,-,A,A,0,,,Y,,Y,,A,01,0,1,0,0,0,0,0,1,0,"- ","- ",35.629840850830078,-117.70555114746094,KERN,UNINCORPORATED,-117.70555114746094,35.629810333251953
91722837,2022,2022-03-15,9420,2022-03-06,2038,020163,,7,2,9,1500,0,1,3,,2,095,"SR-99, S/B","WHITE LANE OVERCROSS",300.00,N,N,A,-,Y,,,,,,,,,,Y,2,0,1,1,A,-,08,22107,,N,E,I,A,A,H,-,D,D,0,,,,,Y,,A,01,1,0,0,0,0,0,0,0,0,"- ","- ",35.318630218505859,-119.03575897216797,KERN,UNINCORPORATED,-119.03636932373047,35.317821502685547
9172295,2020,2020-12-07,1501,2020-07-27,2027,999,16,1,5,3,1501,0,0,0,,0,001,"BEAR MOUNTAIN BL","C ST",202.00,W,N,A,-,Y,KER,6,223,-,-,21.040,I,5,W,N,2,0,1,2,A,-,10,21950,,N,G,B,C,A,H,-,C,D,0,Y,,,,Y,,A,01,1,0,0,0,1,0,0,0,0,"- ","- ",,,KERN,ARVIN,-118.82647705078125,35.2091064453125
91731286,2022,2022-03-24,9430,2022-02-17,0300,016388,,4,3,9,1500,0,1,3,,2,090,"SR-99 N/B","SR-166 O/C",1645.00,S,N,A,-,Y,KER,,99,,,2.413,H,,R,Y,2,0,1,2,A,-,03,22350,,N,C,C,A,A,B,-,D,D,0,,,,Y,Y,,A,01,1,0,0,0,0,0,0,0,0,"- ","- ",35.053340911865234,-118.96634674072266,KERN,UNINCORPORATED,-118.96636962890625,35.053337097167969
91734793,2021,2022-03-28,9420,2021-11-29,0741,016767,,1,1,9,1500,0,1,3,,1,119,SR-119,"BUENA VISTA ROAD",0.00,,Y,A,-,Y,,,119,,,,,,,Y,1,1,1,2,A,-,01,23152,A,N,D,2,A,A,H,-,A,A,0,,,,,Y,Y,A,01,0,1,0,0,0,0,0,0,0,"- ","- ",35.267230987548828,-119.12832641601562,KERN,UNINCORPORATED,-119.12832641601562,35.267234802246094
91736010,2022,2022-03-29,9430,2022-03-20,0943,018631,,7,1,9,1500,0,1,1,,2,053,"I-5 S/B","FORT TEJON ROAD OVERCROSSING",2697.00,N,N,C,-,Y,KER,,5,,,5.541,H,,L,Y,2,0,4,5,A,-,03,22350,,N,C,E,E,B,H,-,A,D,0,Y,,,,Y,,A,01,1,3,0,0,3,0,0,0,0,"- ","- ",34.882461547851562,-118.90074157714844,KERN,UNINCORPORATED,-118.90065002441406,34.882492065429688
91736863,2022,2022-03-30,9830,2022-03-18,2102,021642,,5,2,9,1500,0,2,4,,1,034,"ROSAMOND BLVD","DIAMOND ST",0.00,,Y,A,-,N,,,,,,,,,,Y,2,0,2,2,A,-,09,21801,A,N,A,C,A,A,H,-,C,D,0,,,Y,,Y,Y,A,01,2,0,0,0,0,0,0,0,2,"- ","- ",34.864349365234375,-118.16464996337891,KERN,UNINCORPORATED,-118.1646728515625,34.864372253417969
91738725,2022,2022-04-01,9420,2022-03-19,0050,020093,,6,3,9,1500,0,2,4,,1,051,"N CHESTER AVE","E HIGHLAND DR",250.00,S,N,A,-,N,,,,,,,,,,N,2,0,1,2,A,-,11,21954,A,N,G,B,D,A,H,-,C,D,0,Y,,,,Y,Y,N,60,1,0,0,0,1,0,0,0,0,"- ","- ",35.424388885498047,-119.0211181640625,KERN,UNINCORPORATED,-119.02116394042969,35.424465179443359
91739022,2022,2022-04-01,9830,2022-03-18,1342,019872,,5,1,9,1500,0,3,5,,2,003,"MOJAVE TROPICO ROAD","BACKUS ROAD",0.00,,Y,A,-,N,,,,,,,,,,N,2,0,2,2,A,-,01,23152,A,N,D,C,A,A,H,-,A,A,0,,,,,Y,Y,A,01,1,0,1,0,0,0,0,0,0,"- ","- ",34.950851440429688,-118.21260833740234,KERN,UNINCORPORATED,-118.21260833740234,34.950832366943359
91744400,2022,2022-04-08,9426,2022-04-02,1430,018610,,6,2,9,1500,0,1,3,,2,582,SR-58,"I-5 N/B",95.00,E,N,A,-,Y,KER,,58,,R,34.570,H,,R,Y,2,0,3,2,A,-,01,23152,F,F,C,2,A,A,H,-,A,D,0,,,,,Y,,A,07,1,0,2,0,0,0,0,0,0,"- ","- ",35.354969024658203,-119.33509826660156,KERN,UNINCORPORATED,-119.33509826660156,35.354946136474609
91745422,2022,2022-04-11,9830,2022-02-05,2150,015977,,6,2,9,1500,0,1,3,,2,010,"STATE ROUTE-58","STATE ROUTE-202",11616.00,W,N,A,-,Y,KER,,58,,R,88.937,H,,R,Y,1,1,1,2,A,-,01,23152,A,N,A,C,A,A,H,-,D,D,0,,,,Y,Y,Y,D,22,1,0,0,0,0,0,0,0,0,"- ","- ",35.168411254882812,-118.47386932373047,KERN,UNINCORPORATED,-118.4739990234375,35.168369293212891
91749789,2022,2022-04-18,9420,2022-03-19,2122,021632,,6,2,9,1500,0,2,4,,1,051,"N. CHESTER AVENUE","ARVIN STREET",0.00,,Y,C,-,N,,,,,,,,,,Y,2,0,1,2,A,-,05,21650,,F,D,G,A,B,H,-,C,A,0,,Y,,,Y,,L,04,1,0,0,0,0,0,1,0,0,"- ","- ",35.423160552978516,-119.02136993408203,KERN,UNINCORPORATED,-119.02129364013672,35.423198699951172
91752896,2022,2022-04-20,9426,2022-04-13,2030,019592,,3,2,9,1500,0,3,5,,2,086,"MAGNOLIA AVE","FRESNO AVE",1056.00,N,N,A,-,N,,,,,,,,,,Y,2,0,1,2,A,-,03,22350,,N,C,C,A,A,H,-,D,D,0,,,,,Y,,A,01,1,0,0,0,0,0,0,0,0,"- ","- ",35.516971588134766,-119.36778259277344,KERN,UNINCORPORATED,-119.36770629882812,35.51751708984375
91754359,2022,2022-04-22,9420,2022-03-01,2100,020163,,2,2,9,1500,0,1,3,,1,650,"HALL ROAD","MYRTLE AVENUE",656.00,E,N,A,-,N,,,,,,,,,,Y,1,1,1,1,A,-,08,22107,,N,E,I,A,A,H,-,D,D,0,,,,,Y,,A,01,1,0,0,0,0,0,0,0,0,"- ","- ",35.259651184082031,-118.90757751464844,KERN,UNINCORPORATED,-118.90760803222656,35.259693145751953
91761562,2022,2022-05-02,9830,2022-04-22,0923,021903,,5,1,9,1500,0,1,3,,1,050,"SR-14 N/B TO SR-178 E/B",SR-14,205.00,E,N,A,-,Y,,,,,,,,,,Y,2,0,1,1,A,-,08,22107,,N,E,I,A,A,H,-,A,D,0,,,,,Y,,A,07,1,0,0,0,0,0,0,0,0,"- ","- ",35.63922119140625,-117.8824462890625,KERN,UNINCORPORATED,-117.8824462890625,35.63922119140625
91761563,2022,2022-05-02,9830,2022-04-16,2220,021851,,6,3,9,1500,0,3,5,,2,001,"TEHACHAPI WILLOW SPRINGS RD","CAMERON CANYON RD",6336.00,E,N,A,-,N,,,,,,,,,,Y,2,0,4,3,A,-,05,21460,C,F,B,C,A,A,H,-,D,D,0,,,,,Y,,A,01,1,3,0,0,0,0,0,0,0,"- ","- ",35.052608489990234,-118.37816619873047,KERN,UNINCORPORATED,-118.35223388671875,35.036800384521484
91768983,2022,2022-05-10,9420,2022-05-03,1605,021133,,2,2,9,1500,0,1,3,,1,176,"STATE ROUTE 178 WESTBOUND","OSWELL STREET",1693.00,W,N,A,-,Y,KER,,178,,R,5.310,H,,L,Y,2,0,1,1,A,-,08,22107,,N,E,I,A,A,H,-,A,D,0,,,,,Y,,D,22,1,0,0,0,0,0,0,0,0,"- ","- ",35.396568298339844,-118.95570373535156,KERN,UNINCORPORATED,-118.95569610595703,35.396472930908203
91775462,2022,2022-05-19,9430,2022-05-15,1355,018631,,7,1,9,1500,0,1,1,,2,052,"I-5 S/B","FORT TEJON ROAD OVERCROSSING",1537.00,S,N,A,-,Y,,,,,,,,,,Y,2,0,1,1,A,-,03,22350,,N,E,I,A,A,H,-,A,D,0,,,,,Y,,A,01,1,0,0,0,0,0,0,0,0,"- ","- ",34.873668670654297,-118.89170837402344,KERN,UNINCORPORATED,-118.89148712158203,34.873905181884766
91779005,2022,2022-05-24,9426,2022-04-04,0950,016953,,1,1,9,1500,0,3,5,,2,087,"BEAR MOUNTAIN BLVD","COLES LEVEE RD",0.00,,Y,A,-,N,,,,,,,,,,Y,1,1,0,1,A,-,03,22350,,N,E,I,A,A,H,-,A,A,0,,,,,Y,,A,01,0,0,0,0,0,0,0,0,0,"- ","- ",35.209438323974609,-119.23294067382812,KERN,UNINCORPORATED,-119.23281860351562,35.208808898925781
91779159,2022,2022-05-24,9426,2022-03-30,1200,017321,,3,1,9,1500,0,3,5,,2,086,"MAGNOLIA AVENUE","MERCED AVENUE",0.00,,Y,A,-,N,,,,,,,,,,Y,1,1,0,2,A,-,09,21802,A,N,D,C,A,A,H,-,A,A,0,,,,,Y,,A,01,0,0,0,0,0,0,0,0,0,"- ","- ",35.528911590576172,-119.36763000488281,KERN,UNINCORPORATED,-119.36764526367188,35.528923034667969
91780578,2022,2022-05-25,9420,2022-05-04,1435,019686,,3,2,9,1500,0,3,5,,2,610,"SOUTH CHESTER AVENUE","DORIAN DRIVE",0.00,,Y,A,-,N,,,,,,,,,,Y,2,0,3,2,A,-,09,21802,A,N,D,C,A,A,H,-,A,A,0,,,Y,,Y,,D,22,1,2,0,0,0,0,0,0,1,"- ","- ",35.330989837646484,-119.01332855224609,KERN,UNINCORPORATED,-119.0133056640625,35.330940246582031
91781484,2022,2022-05-26,9830,2022-05-23,0124,021642,,1,3,9,1500,0,3,5,,2,003,"60TH ST  WEST","ELDER AVE",148.00,N,N,A,-,N,,,,,,,,,,Y,2,0,1,1,A,-,01,23152,A,N,F,A,A,A,H,-,D,D,0,,,,,Y,Y,A,01,1,0,0,0,0,0,0,0,0,"- ","- ",34.827449798583984,-118.23782348632812,KERN,UNINCORPORATED,-118.237765,34.827692999999996
91783036,2022,2022-09-20,9420,2022-02-28,1830,021915,,1,2,9,1500,0,1,3,,2,155,"STATE ROUTE 155","KEYESVILLE ROAD",1123.00,E,N,A,-,Y,KER,,155,,,70.008,H,,R,Y,1,1,1,1,A,-,08,22107,,N,E,I,A,A,H,-,C,D,0,,,Y,,Y,,C,02,1,0,0,0,0,0,0,1,1,"- ","- ",35.641021728515625,-118.48345184326172,KERN,UNINCORPORATED,-118.48340606689453,35.641056060791016
91785676,2022,2022-06-01,9420,2022-05-14,1442,021365,,6,2,9,1500,0,3,5,,2,040,"LAKE MING ROAD","RUDAL ROAD",1320.00,E,N,A,-,N,,,,,,,,,,Y,2,0,2,2,A,-,01,23152,A,N,A,C,A,A,H,-,A,D,0,,,,,Y,Y,D,22,1,1,0,0,0,0,0,0,0,"- ","- ",35.435550689697266,-118.86206817626953,KERN,UNINCORPORATED,-118.86498260498047,35.436187744140625
91790181,2021,2022-06-07,9430,2021-12-04,2240,021486,,6,3,9,1500,0,1,3,,1,030,"I-5 S/B (GOLDEN STATE FREEWAY)","FRAZIER MOUNTAIN PARK ROAD",1700.00,N,N,A,-,Y,,,5,,,,,,S,Y,1,1,2,4,A,-,11,21954,A,N,G,B,E,A,H,-,C,D,0,Y,,,,Y,Y,N,60,0,0,2,1,0,0,0,0,0,"- ","- ",34.820960998535156,-118.87859344482422,KERN,UNINCORPORATED,-118.87860870361328,34.820976257324219
91791892,2022,2022-06-09,9420,2022-04-15,2313,021534,,5,3,9,1500,0,1,3,,2,431,"STATE ROUTE 43","DRESSER AVENUE",393.00,N,N,A,-,Y,KER,,43,,R,21.221,H,,R,Y,1,1,0,1,A,-,08,22107,,N,F,A,A,A,H,-,D,D,0,,,,,Y,Y,A,01,0,0,0,0,0,0,0,0,0,"- ","- ",35.544620513916016,-119.32956695556641,KERN,UNINCORPORATED,-119.32968902587891,35.544502258300781