CASE_ID,ACCIDENT_YEAR,PROC_DATE,JURIS,COLLISION_DATE,COLLISION_TIME,OFFICER_ID,REPORTING_DISTRICT,DAY_OF_WEEK,CHP_SHIFT,POPULATION,CNTY_CITY_LOC,SPECIAL_COND,BEAT_TYPE,CHP_BEAT_TYPE,CITY_DIVISION_LAPD,CHP_BEAT_CLASS,BEAT_NUMBER,PRIMARY_RD,SECONDARY_RD,DISTANCE,DIRECTION,INTERSECTION,WEATHER_1,WEATHER_2,STATE_HWY_IND,CALTRANS_COUNTY,CALTRANS_DISTRICT,STATE_ROUTE,ROUTE_SUFFIX,POSTMILE_PREFIX,POSTMILE,LOCATION_TYPE,RAMP_INTERSECTION,SIDE_OF_HWY,TOW_AWAY,COLLISION_SEVERITY,NUMBER_KILLED,NUMBER_INJURED,PARTY_COUNT,PRIMARY_COLL_FACTOR,PCF_CODE_OF_VIOL,PCF_VIOL_CATEGORY,PCF_VIOLATION,PCF_VIOL_SUBSECTION,HIT_AND_RUN,TYPE_OF_COLLISION,MVIW,PED_ACTION,ROAD_SURFACE,ROAD_COND_1,ROAD_COND_2,LIGHTING,CONTROL_DEVICE,CHP_ROAD_TYPE,PEDESTRIAN_ACCIDENT,BICYCLE_ACCIDENT,MOTORCYCLE_ACCIDENT,TRUCK_ACCIDENT,NOT_PRIVATE_PROPERTY,ALCOHOL_INVOLVED,STWD_VEHTYPE_AT_FAULT,CHP_VEHTYPE_AT_FAULT,COUNT_SEVERE_INJ,COUNT_VISIBLE_INJ,COUNT_COMPLAINT_PAIN,COUNT_PED_KILLED,COUNT_PED_INJURED,COUNT_BICYCLIST_KILLED,COUNT_BICYCLIST_INJURED,COUNT_MC_KILLED,COUNT_MC_INJURED,PRIMARY_RAMP,SECONDARY_RAMP,LATITUDE,LONGITUDE,COUNTY,CITY,POINT_X,POINT_Y
91796810,2022,2022-06-16,9420,2022-06-11,1430,021547,,6,2,9,1500,0,3,5,,2,030,"WALKER BASIN ROAD","PIUTE MOUNTAIN ROAD",50.00,E,N,A,-,N,,,,,,,,,,Y,2,0,1,1,A,-,08,22107,,N,E,A,A,A,H,-,A,D,0,,,Y,,Y,,C,02,1,0,0,0,0,0,0,0,1,"- ","- ",35.382240295410156,-118.41130065917969,KERN,UNINCORPORATED,-118.4114990234375,35.382568359375
91798562,2022,2022-06-20,9830,2022-05-08,1810,021870,,7,2,9,1500,0,3,5,,2,003,"TEHACHAPI WILLOW SPRINGS ROAD","BACKUS ROAD",0.00,,Y,A,-,N,,,,,,,,,,Y,1,1,3,2,A,-,12,22450,A,N,D,C,A,A,H,-,A,A,0,,,,,Y,,A,07,0,0,3,0,0,0,0,0,0,"- ","- ",34.950920104980469,-118.29176330566406,KERN,UNINCORPORATED,-118.29174041748047,34.950878143310547
91798923,2022,2022-06-20,9420,2022-03-07,0344,021981,,1,3,9,1500,0,1,3,,2,178,"STATE ROUTE 178 E/B","ELIZABETH NORRIS RD",2640.00,W,N,A,-,Y,KER,,178,,R,41.153,H,,R,Y,1,1,1,1,A,-,08,22107,,N,F,A,A,A,H,-,D,D,0,,,,,Y,,D,22,1,0,0,0,0,0,0,0,0,"- ","- ",35.607280731201172,-118.49614715576172,KERN,UNINCORPORATED,-118.49610900878906,35.607215881347656
91799093,2022,2022-06-20,9420,2022-06-13,2005,021140,,1,2,9,1500,0,2,4,,1,075,"S UNION AVENUE","BELLE TERRACE",60.00,S,N,A,-,N,,,,,,,,,,N,2,0,1,1,C,-,18,,,N,F,A,A,A,H,-,B,D,0,,,Y,,Y,,-,"- ",1,0,0,0,0,0,0,0,1,"- ","- ",35.346599578857422,-119.00311279296875,KERN,UNINCORPORATED,-119.00310516357422,35.346534729003906
91801644,2022,2022-06-23,9830,2022-03-06,0215,022202,,7,3,9,1500,0,1,3,,1,040,"STATE ROUTE-14 SOUTHBOUND","BISHOP DRIVE",1277.00,N,N,A,-,Y,KER,,14,,,20.217,H,,L,Y,1,1,0,2,A,-,01,23152,A,N,B,2,A,A,H,-,D,D,0,,,,,Y,Y,A,01,0,0,0,0,0,0,0,0,0,"- ","- ",35.112560272216797,-118.13398742675781,KERN,UNINCORPORATED,-118.13402557373047,35.112579345703125
91810493,2022,2022-07-05,9830,2022-03-22,1100,019872,,2,1,3,1509,0,1,3,,2,011,"STATE ROUTE 58 EASTBOUND","MILL STREET",58.00,W,N,A,-,Y,KER,,58,,R,91.667,H,,R,Y,1,1,0,1,A,-,08,22107,,N,E,8,A,A,H,-,A,D,0,,,,Y,Y,,G,25,0,0,0,0,0,0,0,0,0,"- ","- ",35.139690399169922,-118.450927734375,KERN,TEHACHAPI,-118.450927734375,35.139640808105469
91812322,2022,2022-07-07,9830,2022-05-08,2117,021642,,7,2,9,1500,0,1,3,,1,015,"STATE ROUTE 202 EASTBOUND","SANTA LUCIA STREET",1.00,E,N,A,G,Y,KER,,202,,,7.552,H,,R,Y,1,1,1,2,A,-,11,21954,A,N,G,B,E,A,H,-,D,D,0,Y,,,,Y,,N,60,0,1,0,1,0,0,0,0,0,"- ","- ",35.124279022216797,-118.49041748046875,KERN,UNINCORPORATED,-118.49041748046875,35.124282836914062
91813991,2022,2022-07-11,9420,2022-07-02,1439,021761,,6,2,6,1502,0,1,3,,2,204,"SR-204 S/B","F ST.",260.00,N,N,A,-,Y,KER,,204,,,5.189,H,,L,Y,2,0,1,2,B,-,22,,,N,F,A,A,A,H,-,A,A,0,,,Y,,Y,,J,41,1,0,0,0,0,0,0,0,1,"- ","- ",35.390071868896484,-119.02378082275391,KERN,BAKERSFIELD,-119.02379608154297,35.390056610107422
91819104,2022,2022-07-18,9420,2022-07-07,1434,019735,,4,2,9,1500,0,3,5,,2,620,"NORD AVE","BRIMHALL RD",0.00,,Y,A,-,N,,,,,,,,,,Y,2,0,4,2,A,-,12,22450,A,N,D,C,A,A,H,-,A,A,0,,,,,Y,,A,01,3,1,0,0,0,0,0,0,0,"- ","- ",35.369148254394531,-119.19882202148438,KERN,UNINCORPORATED,-119.19879150390625,35.368911743164062
91821141,2022,2022-07-20,9426,2022-07-11,0025,017281,,1,3,9,1500,0,1,3,,2,432,SR-43,"MUNZER RD.",25.00,N,N,A,-,N,,,,,,,,,,Y,2,0,1,2,A,-,01,23152,A,N,C,C,A,A,H,-,D,D,0,,,,,Y,Y,A,01,1,0,0,0,0,0,0,0,0,"- ","- ",35.325450897216797,-119.25241851806641,KERN,UNINCORPORATED,-119.25235748291016,35.325450897216797
91822492,2022,2022-07-21,9830,2022-07-10,1000,020655,,7,1,9,1500,0,2,4,,1,032,"SIERRA HWY","DAWN RD.",2534.00,S,N,A,-,N,,,,,,,,,,Y,2,0,2,2,A,-,01,23152,A,N,B,C,A,A,H,-,A,D,0,,,,,Y,Y,A,01,1,0,1,0,0,0,0,0,0,"- ","- ",34.901939392089844,-118.15680694580078,KERN,UNINCORPORATED,-118.15668487548828,34.902141571044922
91823967,2022,2022-07-25,9420,2022-07-18,1350,021572,,1,1,9,1500,0,3,5,,2,040,"JEFFREY ST","BERKELEY ST",0.00,,Y,A,-,N,,,,,,,,,,N,2,0,1,2,A,-,09,21800,A,N,H,G,A,A,H,-,A,D,0,,Y,,,Y,,L,04,1,0,0,0,0,0,1,0,0,"- ","- ",35.394809722900391,-118.98300170898438,KERN,UNINCORPORATED,-118.98298645019531,35.394786834716797
91831624,2022,2022-08-02,9426,2022-07-23,1630,018932,,6,2,9,1500,0,3,5,,2,086,"BURBANK STREET","SHAFTER AVENUE",0.00,,Y,A,-,N,,,,,,,,,,Y,1,1,5,2,A,-,01,23152,A,N,D,C,A,A,H,-,A,A,0,,,,,Y,Y,D,22,5,0,0,0,0,0,0,0,0,"- ","- ",34.470779418945312,-119.27867889404297,KERN,UNINCORPORATED,-119.27870178222656,35.470798492431641
91832234,2022,2022-08-03,9426,2022-07-25,0000,017281,,1,3,9,1500,0,1,3,,1,460,"SR-46 E/B","BRUNING AVE.",10.00,E,N,A,-,Y,KER,,46,,,30.221,H,,R,Y,2,0,2,2,A,-,03,22350,,N,E,8,A,A,D,-,C,D,0,,,,Y,Y,,A,01,2,0,0,0,0,0,0,0,0,"- ","- ",35.616058349609375,-119.69425201416016,KERN,UNINCORPORATED,-119.69425201416016,35.616065979003906
91834604,2022,2022-08-08,9426,2022-07-28,2250,018023,,4,3,9,1500,0,1,1,,2,500,"I-5 S/B","WEISER ROAD",1240.00,N,N,A,-,Y,,,,,,,,,,N,2,0,5,2,A,-,03,22350,,N,C,D,A,A,H,-,D,D,0,,,,,Y,,A,01,4,1,0,0,0,0,0,0,0,"- ","- ",35.704830169677734,-119.71984100341797,KERN,UNINCORPORATED,-119.71954345703125,35.705051422119141
91835423,2022,2022-08-08,9420,2022-07-27,1300,020366,,3,1,9,1500,0,2,4,,1,075,"S. UNION AVENUE","BARTON STREET",605.00,N,N,A,-,N,,,,,,,,,,Y,2,0,2,2,A,-,08,22100,A,N,D,C,A,A,H,-,A,A,0,,,Y,Y,Y,,G,27,2,0,0,0,0,0,0,0,2,"- ","- ",35.271720886230469,-119.00319671630859,KERN,UNINCORPORATED,-119.00314331054688,35.272140502929688
91842268,2022,2022-08-17,9426,2022-07-12,1920,019592,,2,2,9,1500,0,3,5,,2,085,"CORCORAN ROAD","COUNTY LINE ROAD (DAIRY AVENUE)",0.00,,Y,A,-,N,,,,,,,,,,Y,1,1,0,2,A,-,09,21804,A,N,D,C,A,A,H,-,A,D,0,,,,Y,Y,Y,A,01,0,0,0,0,0,0,0,0,0,"- ","- ",35.789901733398438,-119.57628631591797,KERN,UNINCORPORATED,-119.57639312744141,35.789794921875
91843864,2022,2022-08-18,9426,2022-07-11,0325,016579,,1,3,9,1500,0,1,1,,2,530,"I-5 S/B","TWISSELMAN RD.",1596.00,S,N,A,-,Y,,,,,,,,,,Y,1,2,0,2,A,-,08,22107,,N,D,C,A,A,D,-,D,D,0,,,,Y,Y,,F,26,0,0,0,0,0,0,0,0,0,"- ","- ",35.715080261230469,-119.72547149658203,KERN,UNINCORPORATED,-119.73872375488281,35.730819702148438
91846411,2022,2022-08-23,9420,2022-05-20,0555,017256,,5,3,9,1500,0,3,5,,2,530,"KIMBERLINA ROAD","ROOT AVENUE",68.00,W,N,A,-,N,,,,,,,,,,Y,1,1,1,2,A,-,08,22107,,N,A,C,A,A,H,-,A,D,0,,,,Y,Y,,A,07,0,0,1,0,0,0,0,0,0,"- ","- ",35.558071136474609,-119.31327056884766,KERN,UNINCORPORATED,-119.31336975097656,35.558059692382812
91852183,2022,2022-08-29,9830,2022-06-15,2242,022202,,3,3,9,1500,0,2,4,,1,034,"ROSAMOND BOULEVARD","47TH  STREET  WEST",211.00,E,N,A,-,N,,,,,,,,,,Y,1,2,2,2,A,-,01,23152,A,N,A,C,A,A,H,-,D,D,0,,,,,Y,Y,A,01,2,0,0,0,0,0,0,0,0,"- ","- ",34.863788604736328,-118.21514892578125,KERN,UNINCORPORATED,-118.21514129638672,34.863758087158203
91853291,2022,2022-08-30,9420,2022-06-10,2020,019098,,5,2,6,1502,0,1,3,,2,092,"SR-99 NORTHBOUND","PALM STREET",313.00,N,N,A,-,Y,KER,,99,,,24.164,H,,R,Y,1,1,1,1,C,-,18,,,N,H,A,A,A,H,-,C,D,0,,,,,Y,,-,"- ",1,0,0,0,0,0,0,0,0,"- ","- ",35.362110137939453,-119.03946685791016,KERN,BAKERSFIELD,-119.03948974609375,35.362106323242188
91860637,2022,2022-10-12,9420,2022-08-03,2027,019686,,3,2,9,1500,0,1,3,,2,092,"SR-99 NORTHBOUND","LERDO HIGHWAY",4889.00,S,N,A,-,Y,KER,,99,,,35.591,H,,R,Y,1,1,0,1,A,-,01,23152,A,N,E,8,A,A,H,-,B,D,0,,,,,Y,,A,01,0,0,0,0,0,0,0,0,0,"- ","- ",35.490268707275391,-119.15152740478516,KERN,UNINCORPORATED,-119.15164184570312,35.490169525146484
91860895,2022,2023-04-24,9495,2022-08-22,1710,019453,,1,2,9,1500,0,1,3,,1,011,"STATE ROUTE 41","COTTONWOOD CREEK ROAD",300.00,N,N,A,-,Y,KER,,41,,,0.956,H,,R,Y,2,0,2,3,A,-,05,21460,A,N,B,C,A,A,H,-,A,D,0,,,,,Y,,D,22,1,1,0,0,0,0,0,0,0,"- ","- ",35.773780822753906,-120.17868804931641,KERN,UNINCORPORATED,-120.17868804931641,35.773799896240234
91861408,2022,2022-09-12,9420,2022-05-14,0234,021773,,6,3,9,1500,0,3,5,,2,672,"E. BELLE TERRACE (400 E. BLOCK)","BUNTING DRIVE",556.00,E,N,A,-,N,,,,,,,,,,Y,1,1,0,1,A,-,01,23152,A,N,E,I,A,A,H,-,C,D,0,,,,,Y,Y,D,22,0,0,0,0,0,0,0,0,0,"- ","- ",35.346481323242188,-118.99723815917969,KERN,UNINCORPORATED,-118.99684906005859,35.346267700195312
91862998,2022,2022-09-13,9830,2022-09-11,1910,021191,,7,2,9,1500,0,1,3,,2,014,"STATE ROUTE 58","CAMERON CANYON RD",5280.00,E,N,A,-,Y,KER,,58,,,104.088,H,,R,N,2,0,4,1,A,-,01,23152,A,N,F,A,A,B,H,-,D,D,0,,,,,Y,Y,A,07,1,3,0,0,0,0,0,0,0,"- ","- ",35.104831695556641,-118.25997161865234,KERN,UNINCORPORATED,-118.25997161865234,35.104850769042969
91865561,2022,2022-09-15,9420,2022-09-03,1115,019098,,6,1,9,1500,0,3,5,,2,040,"GRANITE ROAD","LIMOUSIN DRIVE",1056.00,N,N,A,-,N,,,,,,,,,,Y,2,0,1,1,A,-,08,22107,,N,E,I,A,A,H,-,A,D,0,,,Y,,Y,,C,02,1,0,0,0,0,0,0,0,1,"- ","- ",35.642208099365234,-118.7996826171875,KERN,UNINCORPORATED,-118.79969787597656,35.64202880859375
91867852,2022,2022-09-19,9830,2022-06-07,0249,021751,,2,3,9,1500,0,2,4,,1,026,"ROCKET SITE ROAD","TWENTY MULE TEAM ROAD",270.00,S,N,A,-,N,,,,,,,,,,Y,1,1,0,2,A,-,01,23152,G,N,H,F,A,A,H,-,D,A,0,,,,,Y,Y,A,01,0,0,0,0,0,0,0,0,0,"- ","- ",34.999889373779297,-117.72796630859375,KERN,UNINCORPORATED,-117.72798919677734,34.999919891357422
91870655,2022,2022-09-26,9420,2022-09-20,1737,020634,,2,2,9,1500,0,2,4,,1,075,"S. UNION AVENUE SOUTHBOUND","ADAMS STREET",6.00,S,N,A,-,N,,,,,,,,,,N,2,0,1,1,A,-,03,22350,,N,F,A,A,A,H,-,A,A,0,,,Y,,Y,,C,02,1,0,0,0,0,0,0,0,1,"- ","- ",35.343589782714844,-119.00308990478516,KERN,UNINCORPORATED,-119.00295257568359,35.343593597412109
91870772,2022,2022-09-22,9420,2022-09-17,1740,021133,,6,2,9,1500,0,3,5,,2,040,"GRANITE ROAD",SR-155,600.00,S,N,A,-,N,,,,,,,,,,Y,2,0,1,1,A,-,08,22107,,N,E,I,A,A,H,-,A,D,0,,,Y,,Y,,C,02,1,0,0,0,0,0,0,0,1,"- ","- ",35.425140380859375,-118.43408966064453,KERN,UNINCORPORATED,-118.72793579101562,35.714485168457031
91874219,2022,2022-09-27,9830,2022-09-21,2143,021851,,3,2,9,1500,0,3,5,,2,002,"OPEN DESERT TERRAIN","SILVER QUEEN ROAD",3960.00,S,N,A,-,Y,,,,,,,,,,Y,2,0,1,1,A,-,03,22350,,F,E,I,A,A,G,-,D,D,0,,,,,Y,,A,07,1,0,0,0,0,0,0,0,0,"- ","- ",34.984439849853516,-118.155029296875,KERN,UNINCORPORATED,,
91882005,2022,2022-10-04,9420,2022-08-07,0354,021761,,7,3,6,1502,0,1,3,,2,094,"STATE ROUTE 99 NORTHBOUND","PLANZ ROAD",1.00,N,N,A,-,Y,KER,,99,,,21.593,H,,R,N,1,1,0,2,A,-,11,21954,A,N,G,B,E,A,H,-,D,D,0,Y,,,,Y,Y,N,60,0,0,0,1,0,0,0,0,0,"- ","- ",35.324920654296875,-119.03797149658203,KERN,BAKERSFIELD,-119.03798675537109,35.324916839599609
91884262,2022,2022-10-06,9420,2022-10-04,1735,017243,,2,2,9,1500,0,3,5,,2,671,"DI GIORGIO RD","TEJON HWY",0.00,,Y,A,-,N,,,,,,,,,,Y,2,0,1,2,A,-,01,23152,A,N,D,C,A,A,H,-,A,A,0,,,,,Y,Y,D,22,1,0,0,0,0,0,0,0,0,"- ","- ",35.252761840820312,-118.82476806640625,KERN,UNINCORPORATED,-118.82470703125,35.252731323242188
91885017,2022,2022-10-07,9420,2022-10-06,1644,019316,,4,2,9,1500,0,3,5,,2,070,"PEARL STREET","HALEY STREET",100.00,E,N,A,-,N,,,,,,,,,,N,2,0,1,2,A,-,11,21954,A,N,G,B,D,A,H,-,A,D,0,Y,,,,Y,,N,60,1,0,0,0,1,0,0,0,0,"- ","- ",35.387790679931641,-118.976806640625,KERN,UNINCORPORATED,-118.97691345214844,35.387783050537109
9188655,2020,2020-12-10,1508,2020-10-04,2155,136,3B,7,5,2,1508,0,0,0,,0,,"6TH ST","KERN ST",0.00,,Y,A,-,N,,,,,,,,,,Y,2,0,3,2,A,-,01,23153,A,N,D,C,A,A,H,-,C,A,0,,,,,Y,Y,A,01,2,1,0,0,0,0,0,0,0,"- ","- ",35.143161773681641,-119.45963287353516,KERN,TAFT,-119.45963287353516,35.143169403076172
91889434,2022,2022-10-13,9426,2022-10-01,2230,018932,,6,3,9,1500,0,1,3,,2,331,SR-33,"LERDO HIGHWAY",12144.00,N,N,A,-,Y,KER,,33,,,51.583,H,,R,N,2,0,1,1,A,-,08,22107,,N,F,A,A,A,H,-,D,D,0,,,Y,,Y,,C,02,1,0,0,0,0,0,0,0,1,"- ","- ",35.527870178222656,-119.76049041748047,KERN,UNINCORPORATED,-119.76056671142578,35.527812957763672
91889697,2022,2022-10-13,9426,2022-09-30,2203,018919,,5,3,9,1500,0,1,3,,1,460,"CORCORAN RD","MCCOMBS AVE",11616.00,N,N,A,-,N,,,,,,,,,,Y,2,0,3,3,A,-,02,22400,A,N,C,C,A,A,H,-,D,D,0,,,Y,Y,Y,,C,02,2,0,1,0,0,0,0,0,1,"- ","- ",35.651660919189453,-119.58003234863281,KERN,UNINCORPORATED,-119.580078125,35.647594451904297
91893062,2022,2022-10-18,9420,2022-08-15,0722,019311,,1,1,9,1500,0,1,3,,1,119,"SR-119 (TAFT HIGHWAY)","BUENA VISTA ROAD",0.00,,Y,A,-,Y,KER,,119,,,25.260,H,,R,Y,1,1,1,2,A,-,09,21802,A,N,D,C,A,A,H,-,A,A,0,,,,Y,Y,,D,22,0,1,0,0,0,0,0,0,0,"- ","- ",35.267261505126953,-119.12834167480469,KERN,UNINCORPORATED,-119.12834167480469,35.267234802246094
91899894,2022,2022-10-26,9426,2022-09-07,0648,016804,,3,1,9,1500,0,3,5,,2,087,"COPUS RD.","RT 5",6336.00,W,N,A,-,N,,,,,,,,,,Y,1,1,2,2,A,-,06,21751,,N,B,C,A,A,H,-,A,A,0,,,,Y,Y,,D,22,0,1,1,0,0,0,0,0,0,"- ","- ",35.094879150390625,-119.06133270263672,KERN,UNINCORPORATED,-119.03874969482422,35.095001220703125
91901425,2022,2022-10-27,9426,2022-10-22,1230,016804,,6,1,9,1500,0,1,3,,2,581,SR-58,"LOKERN RD.",34320.00,W,N,A,-,Y,KER,,58,,,16.918,H,,R,Y,2,0,1,1,A,-,08,22107,,N,E,I,A,A,H,-,A,D,0,,,,,Y,,A,01,1,0,0,0,0,0,0,0,0,"- ","- ",35.326030731201172,-119.61421966552734,KERN,UNINCORPORATED,-119.61427307128906,35.326141357421875
91904455,2022,2022-10-28,9420,2022-09-29,0638,019649,,4,1,9,1500,0,3,5,,2,672,"DAVID ROAD","SOUTH EDISON ROAD",312.00,W,N,A,-,N,,,,,,,,,,Y,1,1,1,2,A,-,08,22107,,N,A,C,A,A,H,-,B,D,0,,,,,Y,,A,07,1,0,0,0,0,0,0,0,0,"- ","- ",35.092800140380859,-118.87880706787109,KERN,UNINCORPORATED,-118.87879943847656,35.092815399169922
91906552,2022,2022-11-01,9426,2022-10-26,2234,021365,,3,3,9,1500,0,1,3,,2,582,SR-58,"JUDD ST",225.00,W,N,A,-,Y,,,,,,,,,,N,2,0,1,2,A,-,11,21954,A,N,G,B,E,A,H,-,D,D,0,Y,,,,Y,,N,60,1,0,0,0,1,0,0,0,0,"- ","- ",35.398529052734375,-119.32006072998047,KERN,UNINCORPORATED,-119.32006072998047,35.398490905761719
91906734,2022,2022-11-01,9430,2022-10-23,0600,019845,,7,1,9,1500,0,1,1,,2,054,"I-5 NORTHBOUND","WHEELER RIDGE ROAD",5280.00,N,N,A,-,Y,,,,,,,,,,Y,2,0,3,1,A,-,08,22107,,N,E,I,A,A,H,-,C,D,0,,,,,Y,,A,07,1,2,0,0,0,0,0,0,0,"- ","- ",35.004299163818359,-118.94949340820312,KERN,UNINCORPORATED,-118.94971466064453,35.000629425048828
91908476,2022,2022-11-03,9420,2022-10-19,2340,018387,,3,3,9,1500,0,2,4,,1,075,"S. UNION AVE","BUENA VISTA BLVD",0.00,,Y,A,-,N,,,,,,,,,,Y,2,0,2,2,A,-,12,22450,A,N,D,C,A,A,H,-,C,A,0,,,,,Y,,A,01,1,1,0,0,0,0,0,0,0,"- ","- ",35.237941741943359,-119.00301361083984,KERN,UNINCORPORATED,-119.0030517578125,35.237728118896484
91909491,2022,2023-01-31,9430,2022-10-15,1555,018681,,6,2,9,1500,0,1,1,,2,055,"I-5 S/B (GOLDEN STATE FREEWAY)",SR-166,2640.00,S,N,A,-,Y,,,,,,,,,,N,2,0,2,2,A,-,01,23152,A,N,B,C,A,A,H,-,A,D,0,,,,,Y,Y,D,22,1,0,1,0,0,0,0,0,0,"- ","- ",34.053859710693359,-118.99369812011719,KERN,UNINCORPORATED,-118.99752807617188,35.057571411132812
91912248,2022,2022-11-08,9420,2022-10-28,1141,019735,,5,1,9,1500,0,1,3,,2,096,SR-99,"RT 166",2112.00,N,N,A,-,Y,KER,,99,,,3.132,H,,R,Y,2,0,1,2,A,-,03,22350,,N,C,C,A,A,H,-,A,D,0,,,,Y,Y,,A,01,1,0,0,0,0,0,0,0,0,"- ","- ",35.063438415527344,-118.96949768066406,KERN,UNINCORPORATED,-118.96955108642578,35.063430786132812
91916676,2022,2022-11-14,9420,2022-11-05,2000,021140,,6,2,9,1500,0,1,3,,1,184,SR-184,"DUNNSMERE STREET",545.00,S,N,A,-,Y,KER,,184,,,0.792,H,,R,Y,2,0,3,2,A,-,01,23152,A,N,C,C,A,A,H,-,D,D,0,,,,,Y,Y,D,22,1,2,0,0,0,0,0,0,0,"- ","- ",35.24945068359375,-118.9144287109375,KERN,UNINCORPORATED,-118.9144287109375,35.24945068359375
91920548,2022,2022-11-18,9426,2022-10-05,0545,016162,,3,3,9,1500,0,1,3,,2,461,SR-46,"GUN CLUB RD",2112.00,E,N,A,-,Y,,,,,,,,,,Y,1,2,2,3,A,-,08,22107,,N,A,2,A,A,H,-,D,D,0,,,,Y,Y,,G,25,0,1,1,0,0,0,0,0,0,"- ","- ",35.601131439208984,-119.60112762451172,KERN,UNINCORPORATED,-119.50198364257812,35.601062774658203
91920652,2022,2022-11-17,9426,2022-10-17,0640,017581,,1,1,9,1500,0,3,5,,2,085,"CORCORAN RD","MCCOMBS RD",26400.00,N,N,A,-,N,,,,,,,,,,Y,1,2,3,2,A,-,05,21650,,N,A,C,A,A,H,-,B,D,0,,,,,Y,,A,01,3,0,0,0,0,0,0,0,0,"- ","- ",35.6881103515625,-119.57994079589844,KERN,UNINCORPORATED,-119.57978820800781,35.688175201416016
91928035,2022,2022-11-28,9426,2022-11-13,1248,019442,,7,1,9,1500,0,1,3,,1,460,SR-46,"PAVILION WAY",3696.00,W,N,A,-,Y,KER,,46,,,28.969,H,,R,Y,2,0,3,2,A,-,08,22107,,N,A,C,A,A,H,-,A,D,0,,,,,Y,Y,A,01,3,0,0,0,0,0,0,0,0,"- ","- ",35.615921020507812,-119.71681976318359,KERN,UNINCORPORATED,-119.71681976318359,35.615955352783203
91930530,2022,2022-11-30,9420,2022-11-21,0155,021983,,1,3,9,1500,0,2,4,,1,071,"OSWELL ST","KENT DR",115.00,S,N,A,-,N,,,,,,,,,,N,2,0,1,2,A,-,17,21208,,N,H,G,A,A,H,-,D,D,0,,Y,,,Y,,L,04,1,0,0,0,0,0,1,0,0,"- ","- ",35.387851715087891,-118.94982147216797,KERN,UNINCORPORATED,-118.94979858398438,35.387905120849609
91937405,2022,2022-12-08,9420,2022-12-02,0410,020409,,5,3,9,1500,0,3,5,,2,620,"HEATH ROAD","CLARISSE STREET",100.00,S,N,C,-,N,,,,,,,,,,N,2,0,1,2,A,-,11,21954,A,N,A,B,E,B,H,-,D,D,0,Y,,,,Y,,N,60,1,0,0,0,1,0,0,0,0,"- ","- ",35.379589080810547,-119.18096923828125,KERN,UNINCORPORATED,-119.18105316162109,35.379566192626953
91943355,2022,2022-12-15,9420,2022-11-24,2054,021260,,4,2,6,1502,0,1,3,,2,092,"STATE ROUTE 99 NORTHBOUND","PALM STREET",545.00,N,N,A,-,Y,KER,,99,,,24.257,H,,R,N,1,1,1,2,A,-,11,21954,A,N,G,B,E,A,H,-,D,D,0,Y,,,,Y,,N,60,0,1,0,1,0,0,0,0,0,"- ","- ",35.363468170166016,-119.0396728515625,KERN,BAKERSFIELD,-119.03978729248047,35.363445281982422
91947208,2022,2022-12-20,9420,2022-12-12,1805,021503,,1,2,9,1500,0,1,3,,1,184,"STATE ROUTE 184","EDISON HIGHWAY",1056.00,N,N,A,-,Y,KER,,184,,,8.480,H,,R,N,2,0,1,2,A,-,11,21954,A,F,G,B,D,A,H,-,C,D,0,Y,,,,Y,,N,60,1,0,0,0,1,0,0,0,0,"- ","- ",35.360050201416016,-118.91423797607422,KERN,UNINCORPORATED,-118.91426849365234,35.360050201416016
91952180,2022,2023-01-25,9830,2022-12-17,1950,022390,,6,2,9,1500,0,1,3,,1,052,SR-178,"N NOLAN ST",110.00,W,N,A,-,Y,KER,,178,,,97.809,H,,R,Y,2,0,1,2,A,-,01,23152,A,N,C,C,A,A,H,-,D,D,0,,,,,Y,Y,D,22,1,0,0,0,0,0,0,0,0,"- ","- ",35.651878356933594,-117.7193603515625,KERN,UNINCORPORATED,-117.7193603515625,35.651767730712891
91953577,2022,2022-12-27,9426,2022-12-16,0644,019442,,5,1,9,1500,0,3,5,,2,085,"MERCED AVE","PALM AVE",0.00,,Y,E,-,N,,,,,,,,,,Y,2,0,7,2,A,-,12,22450,A,N,D,C,A,A,H,-,A,A,0,,,,,Y,,D,22,1,2,4,0,0,0,0,0,0,"- ","- ",35.528980255126953,-119.34989166259766,KERN,UNINCORPORATED,-119.34988403320312,35.528949737548828
91953589,2022,2022-12-27,9426,2022-12-16,1145,021959,,5,1,9,1500,0,1,1,,2,504,"I-5 N/B",SR-119,2640.00,S,N,A,-,Y,KER,,5,,,38.280,H,,R,Y,2,0,1,2,A,-,08,22107,,N,B,E,A,A,H,-,A,D,0,,,,Y,Y,,F,76,1,0,0,0,0,0,0,0,0,"- ","- ",35.261550903320312,-119.21832275390625,KERN,UNINCORPORATED,-119.21839141845703,35.261497497558594