CASE_ID,ACCIDENT_YEAR,PROC_DATE,JURIS,COLLISION_DATE,COLLISION_TIME,OFFICER_ID,REPORTING_DISTRICT,DAY_OF_WEEK,CHP_SHIFT,POPULATION,CNTY_CITY_LOC,SPECIAL_COND,BEAT_TYPE,CHP_BEAT_TYPE,CITY_DIVISION_LAPD,CHP_BEAT_CLASS,BEAT_NUMBER,PRIMARY_RD,SECONDARY_RD,DISTANCE,DIRECTION,INTERSECTION,WEATHER_1,WEATHER_2,STATE_HWY_IND,CALTRANS_COUNTY,CALTRANS_DISTRICT,STATE_ROUTE,ROUTE_SUFFIX,POSTMILE_PREFIX,POSTMILE,LOCATION_TYPE,RAMP_INTERSECTION,SIDE_OF_HWY,TOW_AWAY,COLLISION_SEVERITY,NUMBER_KILLED,NUMBER_INJURED,PARTY_COUNT,PRIMARY_COLL_FACTOR,PCF_CODE_OF_VIOL,PCF_VIOL_CATEGORY,PCF_VIOLATION,PCF_VIOL_SUBSECTION,HIT_AND_RUN,TYPE_OF_COLLISION,MVIW,PED_ACTION,ROAD_SURFACE,ROAD_COND_1,ROAD_COND_2,LIGHTING,CONTROL_DEVICE,CHP_ROAD_TYPE,PEDESTRIAN_ACCIDENT,BICYCLE_ACCIDENT,MOTORCYCLE_ACCIDENT,TRUCK_ACCIDENT,NOT_PRIVATE_PROPERTY,ALCOHOL_INVOLVED,STWD_VEHTYPE_AT_FAULT,CHP_VEHTYPE_AT_FAULT,COUNT_SEVERE_INJ,COUNT_VISIBLE_INJ,COUNT_COMPLAINT_PAIN,COUNT_PED_KILLED,COUNT_PED_INJURED,COUNT_BICYCLIST_KILLED,COUNT_BICYCLIST_INJURED,COUNT_MC_KILLED,COUNT_MC_INJURED,PRIMARY_RAMP,SECONDARY_RAMP,LATITUDE,LONGITUDE,COUNTY,CITY,POINT_X,POINT_Y
91954040,2022,2022-12-28,9420,2022-12-21,0510,020093,,3,3,9,1500,0,3,5,,2,050,"WOODROW AVE","EL TEJON AVE",25.00,W,N,B,-,N,,,,,,,,,,N,2,0,1,2,D,-,00,,,F,G,B,E,A,H,-,D,D,0,Y,,,,Y,,-,"- ",1,0,0,0,1,0,0,0,0,"- ","- ",35.416351318359375,-119.05182647705078,KERN,UNINCORPORATED,-119.05178070068359,35.416347503662109
91954470,2022,2022-12-28,9420,2022-09-12,0210,021601,,1,3,9,1500,0,3,5,,2,530,"SANTA FE WAY","ORANGE STREET",437.00,N,N,A,-,N,,,,,,,,,,Y,1,1,1,2,A,-,05,21202,A,N,H,G,A,A,H,-,D,D,0,,Y,,,Y,Y,L,04,1,0,0,0,0,1,0,0,0,"- ","- ",35.478889465332031,-119.24459075927734,KERN,UNINCORPORATED,-119.24452972412109,35.478809356689453
91956499,2022,2022-12-30,9420,2022-12-21,2317,021480,,3,3,9,1500,0,1,3,,1,650,SR-65,"65 KER 21.00",1200.00,N,N,E,-,Y,KER,,65,,,21.350,H,,R,Y,2,0,1,1,A,-,08,22107,,N,E,I,A,A,H,-,D,D,0,,,,,Y,,A,01,1,0,0,0,0,0,0,0,0,"- ","- ",35.7364501953125,-119.05919647216797,KERN,UNINCORPORATED,-119.05906677246094,35.736431121826172
91958913,2022,2023-01-03,9420,2022-12-20,1715,018481,,2,2,9,1500,0,1,3,,1,650,SR-65,"JAMES RD.",0.00,,Y,A,-,Y,,,,,,,,,,Y,2,0,7,3,A,-,09,21801,A,N,A,C,A,A,H,-,D,D,0,,,,,Y,,D,22,1,0,6,0,0,0,0,0,0,"- ","- ",35.473941802978516,-119.07357788085938,KERN,UNINCORPORATED,-119.07463073730469,35.473896026611328
91964725,2022,2023-01-27,9830,2022-11-23,0229,021851,,3,3,9,1500,0,3,5,,2,001,"HIGHLINE ROAD","DESCANSO ST",670.00,E,N,A,-,N,,,,,,,,,,Y,1,1,0,1,A,-,01,23152,A,N,E,I,A,A,H,-,D,D,0,,,,,Y,Y,D,22,0,0,0,0,0,0,0,0,0,"- ","- ",35.109508514404297,-118.56919860839844,KERN,UNINCORPORATED,-118.51064300537109,35.109428405761719
91964772,2022,2023-01-10,9830,2022-09-06,0320,015977,,2,3,9,1500,0,1,3,,2,010,"STATE ROUTE 58 EASTBOUND","BROOME RD",11088.00,E,N,A,-,Y,KER,,58,,R,87.379,H,,R,N,1,1,0,1,A,-,08,22107,,N,H,0,A,A,H,-,D,D,0,,,Y,,Y,,C,02,0,0,0,0,0,0,0,1,0,"- ","- ",35.181751251220703,-118.49365997314453,KERN,UNINCORPORATED,-118.49365234375,35.181797027587891
92001233,2022,2023-03-13,9420,2022-04-02,2245,021480,,6,3,9,1500,0,3,5,,2,520,"SHERWOOD AVENUE","GARZOLI AVENUE",2700.00,W,N,A,-,N,,,,,,,,,,N,1,1,0,2,A,-,11,21954,A,F,G,B,E,A,H,-,D,D,0,Y,,,,Y,Y,N,60,0,0,0,1,0,0,0,0,0,"- ","- ",35.674381256103516,-119.25000762939453,KERN,UNINCORPORATED,-119.25003814697266,35.674362182617188
92009292,2023,2023-03-21,9830,2023-02-21,2020,020655,,2,2,3,1509,0,1,3,,2,010,"SR-58 W/B","DENNISON RD",2740.00,W,N,B,D,Y,KER,,58," ",R,92.224,H,,L,Y,2,0,3,2,A,-,08,22107,,N,D,2,A,C,H,-,D,D,0,,,,,Y,,D,22,1,1,1,0,0,0,0,0,0,"- ","- ",35.139629364013672,-118.44104766845703,KERN,TEHACHAPI,-118.44104766845703,35.139812469482422
92012423,2023,2023-03-08,9830,2023-01-13,"900 ",019872,,5,1,9,1500,0,1,3,,2,012,"STATE ROUTE 58 EASTBOUND","TEHACHAPI BOULEVARD",2904.00,E,N,B,-,Y,KER,,58," ",R,94.787,H,,L,Y,2,0,1,1,C,-,18,,,N,E,8,A,A,H,-,A,D,0,,,,,Y,,-,"- ",1,0,0,0,0,0,0,0,0,"- ","- ",35.122360229492188,-118.40351867675781,KERN,UNINCORPORATED,-118.40358734130859,35.1221923828125
92015900,2023,2023-03-13,9420,2023-02-09,2028,019353,,4,2,6,1502,0,1,3,,2,094,"STATE ROUTE 99 NORTHBOUND","PANAMA LANE",37.00,N,N,A,-,Y,KER,,99," "," ",19.553,H,,R,Y,1,1,0,2,A,-,11,21954,A,N,G,B,D,A,D,-,D,D,0,Y,,,,Y,,N,60,0,0,0,1,0,0,0,0,0,"- ","- ",35.296051025390625,-119.03054046630859,KERN,BAKERSFIELD,-119.03044128417969,35.296066284179688
92019584,2022,2023-03-16,9830,2022-12-14,2343,022181,,3,3,9,1500,0,1,3,,2,012,"SR-58 EASTBOUND","CAMERON CANYON ROAD",5861.00,W,N,A,-,Y,KER,,58,,R,100.455,H,,R,Y,1,1,0,1,A,-,08,22107,,N,F,A,A,A,H,-,D,D,0,,,,,Y,Y,D,22,0,0,0,0,0,0,0,0,0,"- ","- ",35.101451873779297,-118.30960845947266,KERN,UNINCORPORATED,-118.3096923828125,35.101409912109375
92027725,2023,2023-03-24,9830,2023-03-16,2045,023087,,4,2,9,1500,0,1,3,,1,040,"STATE ROUTE 14 NORTHBOUND","MINARD TRAIL",357.00,N,N,A,-,Y,KER,,14," "," ",17.201,H,,R,Y,2,0,2,2,A,-,09,21801,A,N,D,C,A,A,H,-,D,D,0,,,,Y,Y,,G,25,1,0,1,0,0,0,0,0,0,"- ","- ",35.077571868896484,-118.16545104980469,KERN,UNINCORPORATED,-118.16543579101562,35.077560424804688
92030798,2023,2023-03-28,9420,2023-03-08,1947,019353,,3,2,9,1500,0,3,5,,2,060,"MEACHAM ROAD","SCOTTSBLUFF STREEET",0.00,,Y,A,-,N,,,,,,,,,,N,2,0,1,2,A,-,03,22350,,N,C,C,A,A,H,-,D,D,0,,,Y,,Y,,C,02,1,0,0,0,0,0,0,0,1,"- ","- ",35.390739440917969,-119.11675262451172,KERN,UNINCORPORATED,-119.11662292480469,35.390727996826172
92033006,2023,2023-03-30,9830,2023-03-19,2305,022390,,7,3,9,1500,0,1,2,,1,054,US-395,"DIRT DIGGERS RD.",4752.00,N,N,A,-,Y,KER,,395," "," ",12.578,H,,R,Y,2,0,2,4,A,-,06,21751,,N,B,C,A,A,H,-,D,D,0,,,,Y,Y,,A,01,1,1,0,0,0,0,0,0,0,"- ","- ",35.531749725341797,-117.68119049072266,KERN,UNINCORPORATED,-117.68115997314453,35.531761169433594
92035552,2023,2023-04-03,9420,2023-01-07,2023,021601,,6,2,9,1500,0,3,5,,2,040,"RIVER BLVD","ACACIA AVE",1.00,S,N,A,-,N,,,,,,,,,,N,2,0,1,2,A,-,03,22350,,F,C,C,A,A,H,-,C,D,0,,,Y,,Y,,C,02,1,0,0,0,0,0,0,0,1,"- ","- ",35.404670715332031,-118.98535919189453,KERN,UNINCORPORATED,-118.98529052734375,35.404777526855469
92036271,2023,2023-04-04,9420,2023-03-03,2500,020402,,5,4,9,1500,0,2,4,,1,051,"OILDALE DRIVE","MCCORD AVENUE",6.00,N,N,A,-,N,,,,,,,,,,N,2,0,1,1,A,-,08,22107,,N,F,A,A,A,H,-,A,A,0,,Y,,,Y,,L,04,1,0,0,0,0,0,1,0,0,"- ","- ",35.406791687011719,-119.02996826171875,KERN,UNINCORPORATED,-119.02996063232422,35.406806945800781
92042343,2023,2023-05-04,9426,2023-03-07,1935,016953,,2,2,9,1500,0,1,1,,2,500,"I-5 N/B","TWISSELMAN RD",3660.00,N,N,A,-,Y,KER,,5," "," ",83.009,H,,R,Y,1,1,0,2,A,-,03,22350,,N,C,C,A,A,D,-,D,D,0,,,,Y,Y,,A,01,0,0,0,0,0,0,0,0,0,"- ","- ",35.740081787109375,-119.74530792236328,KERN,UNINCORPORATED,-119.74523162841797,35.740116119384766
92044354,2023,2023-04-13,9420,2023-03-31,1355,019098,,5,1,9,1500,0,3,5,,2,060,"ALLEN ROAD","MEACHAM ROAD",1150.00,S,N,A,-,N,,,,,,,,,,N,2,0,1,2,A,-,08,22100,A,N,H,G,A,A,H,-,A,D,0,,Y,,,Y,,L,04,1,0,0,0,0,0,1,0,0,"- ","- ",35.387340545654297,-119.14559173583984,KERN,UNINCORPORATED,-119.14554595947266,35.387622833251953
92054983,2023,2023-04-27,9420,2023-04-14,1429,021601,,5,2,9,1500,0,1,3,,2,589,"SR-58 W/B","BENA ROAD",489.00,E,N,A,-,Y,KER,,58," "," ",74.280,H,,L,Y,2,0,1,2,A,-,03,22350,,N,C,C,A,A,H,-,A,D,0,,,,Y,Y,,A,01,1,0,0,0,0,0,0,0,0,"- ","- ",35.269931793212891,-118.68096160888672,KERN,UNINCORPORATED,-118.68096160888672,35.269939422607422
92057857,2022,2023-05-01,9420,2022-06-13,1250,021547,,1,1,9,1500,0,1,3,,2,177,"STATE ROUTE 178","RANCHERIA ROAD",15840.00,E,N,A,-,Y,KER,,178,,,14.192,H,,R,Y,1,1,1,2,A,-,04,21703,,N,A,C,A,A,H,-,A,D,0,,,,,Y,,A,01,0,1,0,0,0,0,0,0,0,"- ","- ",35.446159362792969,-118.78856658935547,KERN,UNINCORPORATED,-118.78858947753906,35.446178436279297
92059075,2023,2023-05-02,9420,2023-04-25,"540 ",016767,,2,3,9,1500,0,1,3,,2,223,SR-223,"S. VINELAND ROAD",0.00,,Y,A,-,Y,KER,,223," ",R,17.060,H,,R,Y,2,0,2,2,A,-,09,21802,A,N,D,C,A,A,H,-,A,A,0,,,,,Y,,A,01,1,1,0,0,0,0,0,0,0,"- ","- ",35.208778381347656,-118.89614868164062,KERN,UNINCORPORATED,-118.89614868164062,35.208778381347656
92063799,2023,2023-05-08,9420,2023-04-29,1954,021133,,6,2,9,1500,0,1,3,,2,090,"SR-99 N/B","WHISLER ROAD",700.00,S,N,A,-,Y,KER,,99," ",R,47.331,H,,R,Y,2,0,2,1,C,-,18,,,N,F,A,A,A,H,-,C,D,0,,,Y,,Y,,-,"- ",2,0,0,0,0,0,0,0,2,"- ","- ",35.645099639892578,-119.22019195556641,KERN,UNINCORPORATED,-119.22002410888672,35.645130157470703
92064230,2023,2023-05-08,9830,2023-05-06,1156,021903,,6,1,9,1500,0,1,3,,1,051,SR-178,"MILE MARKER 178KER 80.50",390.00,W,N,A,-,Y,KER,,178," "," ",80.426,H,,R,N,2,0,1,1,A,-,01,23152,A,N,E,I,A,B,H,-,A,D,0,,,,,Y,Y,A,01,1,0,0,0,0,0,0,0,0,"- ","- ",35.659870147705078,-118.01866149902344,KERN,UNINCORPORATED,-118.01866912841797,35.659843444824219
92065936,2023,2023-05-10,9420,2023-04-25,"525 ",016229,,2,3,9,1500,0,3,5,,2,550,"LERDO HIGHWAY","ZERKER ROAD",1600.00,E,N,A,-,N,,,,,,,,,,Y,2,0,1,2,A,-,09,21801,A,N,A,C,A,A,H,-,D,D,0,,,,Y,Y,,D,22,1,0,0,0,0,0,0,0,0,"- ","- ",35.499668121337891,-119.14862823486328,KERN,UNINCORPORATED,-119.14715576171875,35.499599456787109
92072195,2023,2023-05-18,9420,2023-05-06,2038,021981,,6,2,9,1500,0,3,5,,2,310,"KERNVILLE RD","BUENA VISTA DR",0.00,,Y,A,-,N,,,,,,,,,,Y,2,0,2,2,A,-,17,24250,,N,A,C,A,A,H,-,D,D,0,,,Y,,Y,,C,02,2,0,0,0,0,0,0,0,2,"- ","- ",35.755378723144531,-118.42127227783203,KERN,UNINCORPORATED,-118.42127227783203,35.755344390869141
92072247,2023,2023-05-18,9420,2023-05-17,1115,020782,,3,1,9,1500,0,1,3,,2,178,SR-178,"DEMOCRAT ROAD",3168.00,E,N,A,-,Y,KER,,178," "," ",27.164,H,,R,Y,2,0,1,1,A,-,08,22107,,N,F,A,A,A,H,-,A,D,0,,,Y,,Y,,C,02,1,0,0,0,0,0,0,0,1,"- ","- ",35.530719757080078,-118.64909362792969,KERN,UNINCORPORATED,-118.64910125732422,35.530727386474609
92075396,2023,2023-05-23,9830,2023-05-21,1035,020427,,7,1,9,1500,0,3,5,,2,001,"WOODFORD TEHACHAPI RD","PINE RIDGE DR",270.00,S,N,B,-,N,,,,,,,,,,N,2,0,1,2,A,-,09,21804,A,N,D,C,A,A,H,-,A,D,0,,,Y,,Y,,A,01,1,0,0,0,0,0,0,0,1,"- ","- ",35.167549133300781,-118.49932098388672,KERN,UNINCORPORATED,-118.49932861328125,35.167583465576172
92081562,2023,2024-08-08,9420,2023-03-02,1544,018607,,4,2,9,1500,0,1,3,,2,585,"SR-58 W/B","H"" STREET""",195.00,E,N,A,-,Y,KER,,58," ",R,53.433,H,,L,Y,1,1,1,5,A,-,03,22350,,N,C,C,A,A,H,-,A,D,0,,,,Y,Y,,G,25,1,0,0,0,0,0,0,0,0,"- ","- ",35.352691650390625,-119.02046203613281,KERN,UNINCORPORATED,-119.02046203613281,35.352718353271484
92083586,2023,2023-06-01,9420,2023-05-25,"30  ",020093,,4,3,9,1500,0,1,3,,2,154,SR-155,"ZACHARY AVE",1569.00,W,N,A,-,Y,KER,,155," ",R,3.169,H,,R,Y,2,0,1,1,A,-,01,23152,A,N,E,8,A,A,H,-,D,D,0,,,,,Y,Y,A,07,1,0,0,0,0,0,0,0,0,"- ","- ",35.761501312255859,-119.19277954101562,KERN,UNINCORPORATED,-119.19277954101562,35.761436462402344
92086665,2023,2023-06-06,9420,2023-05-14,"230 ",020573,,7,3,9,1500,0,1,3,,2,154,SR-155,"WALLACE RD.",1056.00,W,N,A,-,Y,KER,,155," ",R,4.231,H,,R,Y,2,0,1,1,A,-,08,22107,,N,F,8,A,A,H,-,D,D,0,,,,,Y,,A,01,1,0,0,0,0,0,0,0,0,"- ","- ",35.761341094970703,-119.17392730712891,KERN,UNINCORPORATED,-119.17392730712891,35.761489868164062
92091854,2023,2023-06-12,9426,2023-06-09,"305 ",021948,,5,3,9,1500,0,1,1,,2,500,"I-5 S/B","KERN / KINGS COUNTY LINE ROAD",5597.00,S,N,A,-,Y,KER,,5," "," ",85.948,H,,L,Y,2,0,2,2,A,-,03,22350,,N,C,C,A,A,H,-,D,D,0,,,,Y,Y,,G,25,2,0,0,0,0,0,0,0,0,"- ","- ",35.776500701904297,-119.77285766601562,KERN,UNINCORPORATED,-119.77281951904297,35.776519775390625
92091888,2023,2023-06-12,9426,2023-05-10,"537 ",017321,,3,3,9,1500,0,1,1,,2,504,"I-5 SOUTHBOUND","STOCKDALE HIGHWAY",7920.00,N,N,A,-,Y,,,,,,,,,,Y,1,1,0,1,A,-,08,22107,,N,F,A,A,A,H,-,B,D,0,,,,,Y,,D,22,0,0,0,0,0,0,0,0,0,"- ","- ",35.036811828613281,-119.03545379638672,KERN,UNINCORPORATED,-119.35460662841797,35.367927551269531
92096287,2023,2023-06-19,9420,2023-05-01,2235,021826,,1,3,9,1500,0,3,5,,2,672,"N RANCHO DR","HERRING RD",1214.00,S,N,B,-,N,,,,,,,,,,Y,1,1,0,1,A,-,01,23152,A,N,E,I,A,A,H,-,D,D,0,,,,,Y,Y,A,01,0,0,0,0,0,0,0,0,0,"- ","- ",35.147560119628906,-118.85072326660156,KERN,UNINCORPORATED,-118.85080718994141,35.147560119628906
92100636,2023,2023-06-23,9420,2023-06-12,1703,020634,,1,2,9,1500,0,2,4,,1,072,"EAST BRUNDAGE LN","FAIRFAX ROAD",1400.00,E,N,A,-,N,,,,,,,,,,Y,2,0,1,2,A,-,09,21801,A,N,F,A,A,A,H,-,A,A,0,,,,,Y,,A,07,1,0,0,0,0,0,0,0,0,"- ","- ",35.354320526123047,-118.92678070068359,KERN,UNINCORPORATED,-118.92733764648438,35.354293823242188
92109573,2023,2023-07-05,9420,2023-06-23,1950,018481,,5,2,6,1502,0,2,S,,2,901,"BUENA VISTA BLVD.","ADOBE RD.",0.00,,Y,A,-,N,,,,,,,,,,Y,2,0,4,2,A,-,12,22450,A,N,D,C,A,A,H,-,A,D,0,,,,,Y,,A,01,1,0,3,0,0,0,0,0,0,"- ","- ",35.237808227539062,-118.96765899658203,KERN,BAKERSFIELD,-118.96766662597656,35.237800598144531
92111129,2023,2023-07-06,9420,2023-05-01,2500,015977,,1,4,9,1500,0,2,4,,2,021,"SIERRA WAY","STATE ROUTE 178",4224.00,N,N,A,-,N,,,,,,,,,,Y,1,1,0,1,A,-,03,22350,,N,H,A,A,A,A,C,D,D,0,,,,,Y,,D,22,0,0,0,0,0,0,0,0,0,"- ","- ",35.669170379638672,-118.32314300537109,KERN,UNINCORPORATED,-118.32289886474609,35.668746948242188
92112795,2023,2023-07-10,9420,2023-07-01,1758,021480,,6,2,9,1500,0,1,3,,2,204,"SR-204 N/B","AIRPORT DR",5280.00,S,N,A,-,Y,KER,,204," "," ",5.677,H,,R,N,2,0,1,2,A,-,08,22107,,N,H,G,A,A,H,-,A,D,0,,Y,,,Y,,L,04,1,0,0,0,0,0,1,0,0,"- ","- ",35.39501953125,-119.0299072265625,KERN,UNINCORPORATED,-119.02999877929688,35.394943237304688
92112981,2023,2023-07-10,9830,2023-07-05,"450 ",021751,,3,3,9,1500,0,3,5,,2,004,"GARLOCK ROAD","REDROCK RANDSBURG ROAD",10032.00,E,N,A,-,N,,,,,,,,,,Y,2,0,1,1,A,-,08,22107,,N,F,A,A,A,H,-,B,D,0,,,,,Y,,D,22,1,0,0,0,0,0,0,0,0,"- ","- ",35.413261413574219,-117.77703094482422,KERN,UNINCORPORATED,-117.77816772460938,35.412796020507812
92118398,2023,2023-07-17,9420,2023-07-04,2125,021133,,2,2,9,1500,0,3,5,,2,060,"JEWETTA AVENUE","AIMEE WAY",190.00,S,N,A,-,N,,,,,,,,,,Y,2,0,1,1,A,-,01,23152,A,N,E,J,A,A,H,-,D,D,0,,,,,Y,,A,01,1,0,0,0,0,0,0,0,0,"- ","- ",35.383998870849609,-119.12764739990234,KERN,UNINCORPORATED,-119.12771606445312,35.384063720703125
9211884,2020,2021-04-29,1501,2020-12-11,1246,987,18,5,5,3,1501,0,0,0,,0,002,"BUSH ST","WALNUT DR",517.00,W,N,A,-,N,,,,,,,,,,Y,1,1,0,1,A,-,03,22350,,N,E,I,A,A,H,-,A,D,0,,,,,Y,,A,01,0,0,0,0,0,0,0,0,0,"- ","- ",35.200141906738281,-118.83930206298828,KERN,ARVIN,-118.83932495117188,35.199935913085938
92119498,2023,2023-07-18,9420,2023-07-01,"130 ",021480,,6,3,9,1500,0,3,5,,2,520,"STRADLEY AVE","PERKINS AVE",1000.00,S,N,A,-,N,,,,,,,,,,Y,2,0,1,1,A,-,08,22107,,N,E,I,A,A,H,-,D,D,0,,,,,Y,,A,01,1,0,0,0,0,0,0,0,0,"- ","- ",35.687461853027344,-119.25852203369141,KERN,UNINCORPORATED,-119.25870513916016,35.678806304931641
92122969,2023,2023-07-21,9426,2023-07-05,"722 ",017254,,3,1,9,1500,0,1,1,,2,500,"I-5 N/B","TWISSELMAN ROAD",11088.00,N,N,A,-,Y,KER,,5," "," ",84.559,H,,R,N,1,1,7,3,A,-,03,22350,,N,C,C,A,A,A,-,A,D,0,,,,Y,Y,,-,"- ",1,3,3,0,0,0,0,0,0,"- ","- ",35.759311676025391,-119.75958251953125,KERN,UNINCORPORATED,-119.75955200195312,35.759323120117188
92126558,2023,2023-07-26,9420,2023-07-17,1739,021133,,1,2,9,1500,0,1,3,,2,585,"SR-58 WESTBOUND","MT. VERNON AVENUE",1975.00,E,N,A,-,Y,KER,,58," ",R,56.805,H,,L,Y,2,0,2,2,A,-,03,22350,,N,B,C,A,A,H,-,A,D,0,,,Y,,Y,,C,02,1,0,1,0,0,0,0,0,1,"- ","- ",35.352920532226562,-118.96077728271484,KERN,UNINCORPORATED,-118.96077728271484,35.352939605712891
92132072,2023,2023-07-31,9430,2023-07-18,"605 ",017187,,2,1,9,1500,0,1,1,,2,052,"I-5 N/B","LEBEC ROAD O/C",300.00,N,N,A,-,Y,KER,,5," "," ",4.143,H,,R,Y,2,0,1,2,A,-,03,22350,,F,C,C,A,A,H,-,A,A,0,,,,,Y,,A,01,1,0,0,0,0,0,0,0,0,"- ","- ",34.867321014404297,-118.88449859619141,KERN,UNINCORPORATED,-118.88449859619141,34.867321014404297
92132799,2023,2023-08-01,9420,2023-03-23,1948,021480,,4,2,9,1500,0,3,5,,2,610,"S. CHESTER AVENUE","S. M STREET",25.00,N,N,B,-,N,,,,,,,,,,N,1,1,0,3,A,-,11,21954,A,F,G,B,D,B,D,-,C,D,0,Y,,,,Y,,N,60,0,0,0,1,0,0,0,0,0,"- ","- ",35.33441162109375,-119.01560211181641,KERN,UNINCORPORATED,-119.01548767089844,35.334468841552734
92135164,2023,2023-08-03,9426,2023-07-23,1155,019592,,7,1,9,1500,0,1,1,,2,500,"INTERSTATE 5","TWISSELMAN RD",7392.00,S,N,A,-,Y,KER,,5," "," ",80.874,H,,R,Y,2,0,1,1,A,-,08,22107,,N,E,I,A,A,H,-,A,D,0,,,Y,,Y,,-,"- ",1,0,0,0,0,0,0,0,1,"- ","- ",35.713581085205078,-119.72567749023438,KERN,UNINCORPORATED,-119.72550964355469,35.713661193847656
92146220,2023,2023-08-17,9420,2023-06-29,1642,017243,,4,2,9,1500,0,1,3,,2,431,"STATE ROUTE 43","ORANGE STREET",0.00,,Y,A,-,Y,KER,,43," "," ",14.822,H,,R,Y,1,1,5,3,A,-,09,21802,A,N,D,C,A,A,H,-,A,A,0,,,,,Y,,A,08,3,1,1,0,0,0,0,0,0,"- ","- ",35.478050231933594,-119.26080322265625,KERN,UNINCORPORATED,-119.26084136962891,35.478050231933594
92146701,2023,2023-08-17,9426,2023-08-13,1825,019658,,7,2,9,1500,0,3,5,,2,082,"MAGNOLIA AVE","POSO AVE",0.00,,Y,B,-,N,,,,,,,,,,N,2,0,3,2,A,-,01,23153,A,N,D,D,A,A,H,-,A,A,0,,,,,Y,Y,A,01,1,2,0,0,0,0,0,0,0,"- ","- ",35.587028503417969,-119.36714172363281,KERN,UNINCORPORATED,-119.36711883544922,35.586997985839844
92148479,2023,2023-08-21,9830,2023-08-13,1927,022246,,7,2,9,1500,0,3,5,,2,003,"DAWN RD","20TH ST. WEST",1630.00,W,N,A,-,N,,,,,,,,,,Y,2,0,1,2,B,-,22,,,N,D,2,A,A,H,-,B,D,0,,,Y,,Y,,C,06,1,0,0,0,0,0,0,0,1,"- ","- ",34.907890319824219,-118.17301940917969,KERN,UNINCORPORATED,-118.17266082763672,34.907924652099609
9215000,2020,2021-02-04,1511,2020-12-05,1524,53324,,6,5,2,1511,0,0,0,,0,00A,"CHRYSLER DR",THUNDERBIRD,10.00,E,N,A,-,N,,,,,,,,,,Y,2,0,1,3,A,-,09,21801,A,N,D,C,A,A,B,G,A,D,0,,,Y,,Y,,-,,1,0,0,0,0,0,0,0,0,"- ","- ",,,KERN,"CALIFORNIA CITY",-117.81951141357422,35.199783325195312
92151007,2023,2023-08-23,9420,2023-08-12,2500,018626,,6,4,6,1502,0,1,3,,2,204,"SR-204 NORTHBOUND","AIRPORT DRIVE",2640.00,S,N,A,-,Y,KER,,204," "," ",6.024,H,,R,Y,2,0,1,1,A,-,08,22107,,N,E,I,A,A,H,-,D,D,0,,,,,Y,,A,07,1,0,0,0,0,0,0,0,0,"- ","- ",35.398441314697266,-119.03437042236328,KERN,BAKERSFIELD,-119.03448486328125,35.398338317871094
92162626,2023,2023-09-05,9426,2023-08-24,1235,017230,,4,1,9,1500,0,3,5,,2,080,"ELK HILLS ROAD","VALLEY WEST ROAD",0.00,,Y,A,-,N,,,,,,,,,,Y,2,0,2,2,A,-,09,21801,A,N,E,8,A,A,H,-,A,D,0,,,,Y,Y,,F,26,2,0,0,0,0,0,0,0,0,"- ","- ",35.209701538085938,-119.44561004638672,KERN,UNINCORPORATED,-119.44554901123047,35.209564208984375
92164632,2023,2023-09-07,9426,2023-09-01,"640 ",016162,,5,1,9,1500,0,1,1,,2,502,"N/B I-5","ROWLEE RD",2640.00,S,N,A,-,Y,KER,,5," "," ",57.919,H,,L,Y,2,0,1,1,A,-,08,22107,,N,F,A,A,A,H,-,A,D,0,,,Y,,Y,,C,02,1,0,0,0,0,0,0,0,1,"- ","- ",35.454391479492188,-119.47380828857422,KERN,UNINCORPORATED,-119.47377014160156,35.454429626464844
92164833,2023,2023-09-07,9420,2023-08-30,1225,016767,,3,1,9,1500,0,1,3,,2,090,"SR-99 N/B","POND ROAD O/C",1584.00,S,N,A,-,Y,KER,,99," "," ",52.221,H,,R,Y,2,0,1,1,A,-,03,22350,,N,F,A,A,A,D,-,A,D,0,,,Y,,Y,,C,02,1,0,0,0,0,0,0,0,1,"- ","- ",35.714889526367188,-119.23603057861328,KERN,UNINCORPORATED,-119.23595428466797,35.714912414550781
92165829,2023,2023-09-08,9420,2023-08-26,2130,019901,,6,2,9,1500,0,1,3,,2,154,SR-155,"ZACHARY AVE.",0.00,,Y,A,-,Y,KER,,155," ",R,3.468,H,,R,Y,2,0,1,2,A,-,01,23152,A,N,D,C,A,A,H,-,D,D,0,,,,Y,Y,Y,A,01,1,0,0,0,0,0,0,0,0,"- ","- ",35.761451721191406,-119.18743133544922,KERN,UNINCORPORATED,-119.18743133544922,35.761451721191406
92172832,2023,2023-09-18,9420,2023-09-04,1059,019901,,1,1,9,1500,0,1,3,,2,090,"SR-99 N/B","MERCED AVE.",2323.00,S,N,A,-,Y,KER,,99," "," ",38.672,H,,R,Y,2,0,2,1,C,-,18,,,N,F,A,A,A,H,-,A,A,0,,,Y,,Y,,-,"- ",2,0,0,0,0,0,0,0,2,"- ","- ",35.5235595703125,-119.18715667724609,KERN,UNINCORPORATED,-119.18710327148438,35.523582458496094