CASE_ID,ACCIDENT_YEAR,PROC_DATE,JURIS,COLLISION_DATE,COLLISION_TIME,OFFICER_ID,REPORTING_DISTRICT,DAY_OF_WEEK,CHP_SHIFT,POPULATION,CNTY_CITY_LOC,SPECIAL_COND,BEAT_TYPE,CHP_BEAT_TYPE,CITY_DIVISION_LAPD,CHP_BEAT_CLASS,BEAT_NUMBER,PRIMARY_RD,SECONDARY_RD,DISTANCE,DIRECTION,INTERSECTION,WEATHER_1,WEATHER_2,STATE_HWY_IND,CALTRANS_COUNTY,CALTRANS_DISTRICT,STATE_ROUTE,ROUTE_SUFFIX,POSTMILE_PREFIX,POSTMILE,LOCATION_TYPE,RAMP_INTERSECTION,SIDE_OF_HWY,TOW_AWAY,COLLISION_SEVERITY,NUMBER_KILLED,NUMBER_INJURED,PARTY_COUNT,PRIMARY_COLL_FACTOR,PCF_CODE_OF_VIOL,PCF_VIOL_CATEGORY,PCF_VIOLATION,PCF_VIOL_SUBSECTION,HIT_AND_RUN,TYPE_OF_COLLISION,MVIW,PED_ACTION,ROAD_SURFACE,ROAD_COND_1,ROAD_COND_2,LIGHTING,CONTROL_DEVICE,CHP_ROAD_TYPE,PEDESTRIAN_ACCIDENT,BICYCLE_ACCIDENT,MOTORCYCLE_ACCIDENT,TRUCK_ACCIDENT,NOT_PRIVATE_PROPERTY,ALCOHOL_INVOLVED,STWD_VEHTYPE_AT_FAULT,CHP_VEHTYPE_AT_FAULT,COUNT_SEVERE_INJ,COUNT_VISIBLE_INJ,COUNT_COMPLAINT_PAIN,COUNT_PED_KILLED,COUNT_PED_INJURED,COUNT_BICYCLIST_KILLED,COUNT_BICYCLIST_INJURED,COUNT_MC_KILLED,COUNT_MC_INJURED,PRIMARY_RAMP,SECONDARY_RAMP,LATITUDE,LONGITUDE,COUNTY,CITY,POINT_X,POINT_Y
92179544,2023,2023-09-26,9420,2023-09-14,"555 ",021480,,4,3,9,1500,0,1,3,,2,585,"SR-58 W/B","S. H STREET",500.00,W,N,A,-,Y,KER,,58," ",R,53.274,H,,L,Y,2,0,1,3,A,-,03,22350,,N,C,C,A,A,H,-,B,D,0,,,,Y,Y,,-,"- ",1,0,0,0,0,0,0,0,0,"- ","- ",35.352741241455078,-119.02326965332031,KERN,UNINCORPORATED,-119.02326965332031,35.352737426757812
92194327,2023,2023-10-09,9420,2023-09-24,"50  ",021983,,7,3,9,1500,0,3,5,,2,050,"DECATUR STREET","AIRPORT DRIVE",0.00,,Y,A,-,N,,,,,,,,,,Y,2,0,1,2,A,-,12,21457,A,N,D,C,A,A,H,-,C,A,0,,,Y,,Y,,A,01,1,0,0,0,0,0,0,0,1,"- ","- ",35.412319183349609,-119.03898620605469,KERN,UNINCORPORATED,-119.03891754150391,35.412273406982422
92195595,2023,2023-10-10,9420,2023-08-24,1040,018626,,4,1,9,1500,0,3,5,,2,672,"CALIENTE CREEK ROAD","INDIAN CREEK ROAD",5280.00,S,N,A,-,N,,,,,,,,,,N,1,1,0,1,A,-,08,22107,,N,F,A,A,A,D,G,A,D,0,,,Y,,Y,,C,02,0,0,0,0,0,0,0,1,0,"- ","- ",35.304840087890625,-118.45317077636719,KERN,UNINCORPORATED,-118.45160675048828,35.306182861328125
92202119,2023,2023-10-18,9420,2023-10-09,1857,017243,,1,2,9,1500,0,1,3,,2,091,SSR-99,SR-155,750.00,S,N,A,-,Y,KER,,99," "," ",55.374,H,,R,Y,2,0,1,1,A,-,08,22107,,N,E,I,A,A,H,-,B,D,0,,,,,Y,,D,22,1,0,0,0,0,0,0,0,0,"- ","- ",35.759300231933594,-119.24861145019531,KERN,UNINCORPORATED,-119.24848937988281,35.759319305419922
92202339,2023,2023-10-18,9830,2023-10-12,"730 ",021133,,4,1,9,1500,0,3,5,,2,001,"SAND CANYON ROAD","PINE CANYON ROAD",1850.00,N,N,A,-,N,,,,,,,,,,Y,2,0,1,1,A,-,08,22107,,N,F,A,A,A,H,-,A,D,0,,,,Y,Y,,F,27,1,0,0,0,0,0,0,0,0,"- ","- ",35.147098541259766,-118.31073760986328,KERN,UNINCORPORATED,-118.31071472167969,35.147014617919922
92206914,2023,2023-10-24,9420,2023-06-16,"330 ",021895,,5,3,9,1500,0,2,4,,1,072,"EDISON HIGHWAY","STEELE AVENUE",150.00,E,N,A,-,N,,,,,,,,,,Y,1,1,0,2,A,-,03,22350,,F,G,B,E,A,H,-,C,D,0,Y,,,,Y,,A,01,0,0,0,1,0,0,0,0,0,"- ","- ",35.369640350341797,-118.96161651611328,KERN,UNINCORPORATED,-118.96196746826172,35.369613647460938
92208798,2023,2023-10-26,9830,2023-10-14,1317,020866,,6,1,9,1500,0,3,5,,2,003,"BACKUS RD.","WERNER AVE",528.00,E,N,A,-,N,,,,,,,,,,N,2,0,1,3,A,-,08,22107,,F,C,E,E,A,H,-,A,D,0,Y,,,,Y,,A,01,1,0,0,0,1,0,0,0,0,"- ","- ",34.951099395751953,-118.19477844238281,KERN,UNINCORPORATED,-118.19707489013672,34.950996398925781
92225638,2023,2024-01-03,9420,2023-10-20,1130,016828,,5,1,9,1500,0,1,3,,2,583,"ROSEDALE HIGHWAY","ALLEN ROAD",110.00,E,N,A,-,Y,,,,,,,,,,Y,2,0,4,5,A,-,03,22350,,N,C,C,A,A,H,-,A,A,0,,,,,Y,,A,07,1,3,0,0,0,0,0,0,0,"- ","- ",35.383598327636719,-119.14486694335938,KERN,UNINCORPORATED,-119.14520263671875,35.383636474609375
92226294,2023,2023-11-02,9420,2023-09-19,"610 ",019868,,2,1,9,1500,0,2,4,,1,075,"SOUTH UNION AVENUE","GARDEN DRIVE",0.00,,Y,B,-,N,,,,,,,,,,N,1,1,0,2,A,-,09,21802,A,N,D,G,A,A,H,-,D,D,0,,Y,,,Y,,L,04,0,0,0,0,0,1,0,0,0,"- ","- ",35.306049346923828,-119.00302886962891,KERN,UNINCORPORATED,-119.00299835205078,35.305892944335938
92235380,2023,2023-11-14,9830,2023-11-04,1710,021191,,6,2,9,1500,0,1,3,,2,021,"STATE ROUTE 58","30TH STREET",340.00,E,N,A,-,Y,KER,,58," ",R,118.499,H,,R,Y,2,0,1,1,A,-,08,22107,,N,F,A,A,A,H,-,A,D,0,,,,,Y,,A,01,1,0,0,0,0,0,0,0,0,"- ","- ",35.027851104736328,-118.07673645019531,KERN,UNINCORPORATED,-118.07676696777344,35.027725219726562
92236765,2023,2023-11-15,9420,2023-04-22,"4   ",021667,,6,3,6,1502,0,1,3,,2,585,"STATE ROUTE - 58","DR MARTIN LUTHER KING JR BOULEVARD",850.00,E,N,A,-,Y,KER,,58," ",R,55.689,H,,L,N,1,1,0,2,A,-,11,21954,A,F,G,B,E,A,H,-,D,D,0,Y,,,,Y,,N,60,0,0,0,1,0,0,0,0,0,"- ","- ",35.352581024169922,-118.98056030273438,KERN,BAKERSFIELD,-118.98056030273438,35.352573394775391
92236822,2023,2023-11-15,9420,2023-10-04,1237,021133,,3,1,6,1502,0,1,3,,2,095,"STATE ROUTE 99 SOUTHBOUND","PANAMA LANE",56.00,N,N,A,-,Y,KER,,99," "," ",19.575,H,,L,Y,1,1,0,2,A,-,08,22107,,N,E,J,A,A,D,-,A,D,0,,,,,Y,,A,01,0,0,0,0,0,0,0,0,0,"- ","- ",35.296371459960938,-119.03083801269531,KERN,BAKERSFIELD,-119.03076171875,35.296382904052734
92240383,2023,2023-11-20,9420,2023-10-27,2255,021667,,5,3,6,1502,0,1,3,,2,095,SR-99,"WHITE LANE",966.00,N,N,A,-,Y,KER,,99," "," ",21.277,H,,R,N,2,0,1,1,A,-,08,22107,,N,E,I,A,A,H,-,C,D,0,,,,,Y,,A,01,1,0,0,0,0,0,0,0,0,"- ","- ",35.320411682128906,-119.03701019287109,KERN,BAKERSFIELD,-119.03681945800781,35.320442199707031
92241486,2023,2023-11-21,9830,2023-11-14,1905,019400,,2,2,9,1500,0,3,5,,2,001,"BANDUCCI ROAD","OLD RANCH ROAD",3168.00,W,N,A,-,N,,,,,,,,,,Y,2,0,1,1,A,-,08,22107,,N,E,I,A,A,H,-,D,D,0,,,,,Y,,A,01,1,0,0,0,0,0,0,0,0,"- ","- ",35.094959259033203,-118.58042144775391,KERN,UNINCORPORATED,-118.58161163330078,35.094757080078125
92241532,2023,2023-12-14,9420,2023-11-10,1930,022189,,5,2,9,1500,0,2,4,,1,072,"NILES ST","PALM DR",60.00,E,N,A,-,N,,,,,,,,,,N,1,1,0,2,A,-,11,21954,A,N,G,B,D,A,H,-,C,D,0,Y,,,,Y,,N,60,0,0,0,1,0,0,0,0,0,"- ","- ",35.377170562744141,-118.97073364257812,KERN,UNINCORPORATED,-118.97075653076172,35.377162933349609
92242830,2023,2023-11-22,9420,2023-11-09,1356,019353,,4,1,9,1500,0,3,5,,2,610,"PACHECO ROAD","SPARKS STREET",0.00,,Y,A,-,N,,,,,,,,,,N,2,0,3,2,A,-,09,21802,A,N,C,C,A,A,H,-,A,A,0,,,,,Y,,A,01,1,1,1,0,0,0,0,0,0,"- ","- ",35.310398101806641,-118.99414825439453,KERN,UNINCORPORATED,-118.99423980712891,35.310409545898438
92244174,2023,2023-11-27,9830,2023-11-09,1025,020866,,4,1,9,1500,0,3,5,,2,003,"15TH ST. W.","MONTE VISTA AVE",200.00,N,N,A,-,N,,,,,,,,,,N,2,0,1,1,A,-,08,22107,,N,F,A,A,A,H,-,A,D,0,,,Y,,Y,,C,02,1,0,0,0,0,0,0,0,1,"- ","- ",34.868198394775391,-118.15834808349609,KERN,UNINCORPORATED,-118.15828704833984,34.868259429931641
92244834,2023,2023-12-04,9830,2023-11-21,"150 ",021751,,2,3,9,1500,0,3,5,,2,005,"GARLOCK ROAD","REDROCK RANDSBURG ROAD",250.00,E,N,A,-,N,,,,,,,,,,Y,2,0,1,1,A,-,08,22107,,N,E,I,A,A,H,-,D,D,0,,,,,Y,,A,07,1,0,0,0,0,0,0,0,0,"- ","- ",35.393440246582031,-117.79678344726562,KERN,UNINCORPORATED,-117.79770660400391,35.393001556396484
92246422,2023,2023-11-28,9420,2023-11-14,1055,018481,,2,1,9,1500,0,2,4,,1,064,"OLIVE DR.","FRUITVALE AVE.",200.00,W,N,A,-,N,,,,,,,,,,Y,2,0,2,3,A,-,03,22350,,N,C,2,A,A,H,-,A,A,0,,,,,Y,,A,07,1,0,1,0,0,0,0,0,0,"- ","- ",35.412319183349609,-119.07553100585938,KERN,UNINCORPORATED,-119.07527923583984,35.412391662597656
92247730,2023,2023-11-29,9420,2023-11-16,1634,021802,,4,2,9,1500,0,2,4,,1,076,"COTTONWOOD RD","DI GIORGIO RD",450.00,N,N,A,-,N,,,,,,,,,,Y,2,0,2,2,A,-,08,22107,,N,A,C,A,A,H,-,A,D,0,,,,,Y,,A,07,2,0,0,0,0,0,0,0,0,"- ","- ",35.253589630126953,-118.98532104492188,KERN,UNINCORPORATED,-118.98532867431641,35.252296447753906
92249249,2023,2023-11-30,9420,2023-11-18,1812,021849,,6,2,9,1500,0,2,4,,1,064,"OLIVE DRIVE (5300 BLOCK)","VICTOR STREET",408.00,E,N,B,C,N,,,,,,,,,,N,2,0,1,2,A,-,11,21954,A,N,G,B,D,B,H,-,C,D,0,Y,,,,Y,Y,N,60,1,0,0,0,1,0,0,0,0,"- ","- ",35.412281036376953,-119.06073760986328,KERN,UNINCORPORATED,-119.06078338623047,35.412300109863281
92250041,2023,2023-12-01,9420,2023-11-20,2140,023401,,1,2,9,1500,0,3,5,,2,050,"ANN ARBOR DR.","MCCRAY ST.",35.00,W,N,A,-,N,,,,,,,,,,N,2,0,1,2,A,-,05,21650,,F,H,G,A,A,H,-,C,D,0,,Y,,,Y,Y,D,22,1,0,0,0,0,0,1,0,0,"- ","- ",35.420440673828125,-119.03031158447266,KERN,UNINCORPORATED,-119.03018951416016,35.420467376708984
92256406,2023,2023-12-07,9426,2023-12-05,1615,021905,,2,2,9,1500,0,1,1,,2,500,"I-5 S/B","TWISSELMAN RD",7920.00,N,N,A,-,Y,KER,,5," "," ",83.949,H,,L,N,2,0,1,2,A,-,08,22107,,N,C,C,A,A,H,-,B,D,0,,,,Y,Y,,A,01,1,0,0,0,0,0,0,0,0,"- ","- ",35.751850128173828,-119.75417327880859,KERN,UNINCORPORATED,-119.75435638427734,35.751758575439453
92258590,2023,2023-12-11,9420,2023-10-24,1919,021773,,2,2,9,1500,0,2,4,,1,071,"MOUNT VERNON AVENUE NORTHBOUND","BERNARD STREET",280.00,N,N,A,-,N,,,,,,,,,,N,2,0,1,2,A,-,03,22350,,F,G,B,D,A,H,-,C,D,0,Y,,,,Y,,D,22,1,0,0,0,1,0,0,0,0,"- ","- ",35.391178131103516,-118.96739959716797,KERN,UNINCORPORATED,-118.96758270263672,35.391006469726562
92263396,2023,2023-12-15,9430,2023-12-06,1333,018627,,3,1,9,1500,0,1,3,,2,090,"SR-99 S/B",SR-166,10560.00,S,N,A,-,Y,KER,,99," "," ",1.206,H,,L,Y,2,0,2,1,A,-,08,22107,,N,E,I,A,A,H,-,A,D,0,,,,,Y,,D,22,1,1,0,0,0,0,0,0,0,"- ","- ",35.036548614501953,-118.96109771728516,KERN,UNINCORPORATED,-118.96132659912109,35.036502838134766
92270025,2023,2023-12-25,9420,2023-12-16,"34  ",021667,,6,3,9,1500,0,3,5,,2,070,"FRANKLIN AVENUE","LYNWOOD STREET",50.00,W,N,A,-,N,,,,,,,,,,N,2,0,2,5,A,-,01,23153,A,N,A,E,A,A,H,-,C,D,0,,,,,Y,Y,A,07,1,0,1,0,0,0,0,0,0,"- ","- ",35.379371643066406,-118.92922973632812,KERN,UNINCORPORATED,-118.92916107177734,35.379314422607422
92272438,2023,2023-12-27,9420,2023-12-16,1710,021915,,6,2,9,1500,0,3,5,,2,320,"ERSKINE CREEK ROAD","MORELLA ROAD",75.00,W,N,A,-,N,,,,,,,,,,N,2,0,1,1,A,-,08,22107,,N,E,I,A,A,H,-,D,D,0,,,Y,,Y,,C,03,1,0,0,0,0,0,0,0,1,"- ","- ",35.602481842041016,-118.46044158935547,KERN,UNINCORPORATED,-118.46059417724609,35.602993011474609
92272990,2023,2023-12-28,9430,2023-12-18,"650 ",022087,,1,1,9,1500,0,1,1,,2,052,"I-5 N/B (GOLDEN STATE FREEWAY)","LEBEC SERVICE RD",600.00,S,N,B,-,Y,KER,,5," "," ",1.456,H,,R,Y,2,0,2,2,A,-,03,22350,,N,B,2,A,A,H,-,A,D,0,,,,,Y,,A,01,1,1,0,0,0,0,0,0,0,"- ","- ",34.833911895751953,-118.864990234375,KERN,UNINCORPORATED,-118.86491394042969,34.833854675292969
92276360,2023,2024-01-02,9420,2023-11-05,1415,020782,,7,2,9,1500,0,1,3,,2,179,"STATE ROUTE 178","ISABELLA WALKER PASS ROAD",10.00,E,N,A,-,Y,KER,,178," "," ",78.807,H,,R,Y,1,1,0,1,A,-,08,22107,,N,E,I,A,A,H,-,A,D,0,,,Y,,Y,Y,C,02,0,0,0,0,0,0,0,1,0,"- ","- ",35.665760040283203,-118.03785705566406,KERN,UNINCORPORATED,-118.03791809082031,35.665809631347656
92277914,2023,2024-01-03,9420,2023-10-29,1430,021565,,7,2,6,1502,0,1,3,,2,093,"STATE ROUTE-99 SOUTHBOUND","OLIVE DRIVE OVER CROSSING",405.00,N,N,A,-,Y,KER,,99," "," ",27.958,H,,L,Y,1,2,1,1,A,-,08,22107,,N,E,I,A,A,H,-,A,D,0,,,,,Y,,A,07,1,0,0,0,0,0,0,0,0,"- ","- ",35.413280487060547,-119.05638122558594,KERN,BAKERSFIELD,-119.05632019042969,35.413322448730469
92278238,2023,2024-01-03,9426,2023-11-06,"654 ",016804,,1,1,9,1500,0,3,5,,2,086,"ROWLEE ROAD","BURBANK STREET",1972.00,S,N,B,-,N,,,,,,,,,,Y,1,1,0,2,A,-,03,22350,,N,C,C,A,A,H,-,B,D,0,,,,,Y,,A,01,0,0,0,0,0,0,0,0,0,"- ","- ",35.420700073242188,-119.498046875,KERN,UNINCORPORATED,-119.47471618652344,35.466068267822266
92282070,2023,2024-01-10,9830,2023-06-30,1801,021851,,5,2,9,1500,0,1,3,,1,022,"STATE ROUTE 58 WESTBOUND","CALIFORNIA CITY BOULEVARD",1650.00,E,N,A,-,Y,KER,,58," ",R,127.960,H,,L,Y,1,1,2,5,A,-,03,22350,,M,C,C,A,A,H,-,A,D,0,,,,Y,Y,,G,25,0,2,0,0,0,0,0,0,0,"- ","- ",35.012088775634766,-117.91121673583984,KERN,UNINCORPORATED,-117.91123199462891,35.012004852294922
92285268,2023,2024-01-11,9420,2023-12-04,2020,021915,,1,2,9,1500,0,1,3,,2,155,SR-155,"KEYESVILLE ROAD",1320.00,E,N,A,-,Y,KER,,155," "," ",70.223,H,,R,N,1,1,0,2,A,-,11,21954,A,N,G,B,E,A,H,-,D,D,0,Y,,,,Y,Y,N,60,0,0,0,1,0,0,0,0,0,"- ","- ",35.638278961181641,-118.48184967041016,KERN,UNINCORPORATED,-118.48186492919922,35.638278961181641
92287668,2024,2024-01-16,9420,2024-01-02,1050,018607,,2,1,9,1500,0,1,3,,2,096,"SR-99 N/B","UNION AVE",1320.00,S,N,E,-,Y,KER,,99," "," ",10.642,H,,R,Y,2,0,1,1,A,-,08,22107,,N,E,I,A,A,H,-,A,D,0,,,,,Y,,A,07,1,0,0,0,0,0,0,0,0,"- ","- ",35.168968200683594,-119.00287628173828,KERN,UNINCORPORATED,-119.00296783447266,35.168952941894531
92288835,2024,2024-01-17,9420,2024-01-05,1106,018607,,5,1,9,1500,0,2,4,,1,072,"EDISON HWY","STERLING RD.",898.00,E,N,A,-,N,,,,,,,,,,N,2,0,1,2,A,-,08,22107,,N,D,G,A,A,H,-,A,D,0,,Y,,,Y,,L,04,1,0,0,0,0,0,1,0,0,"- ","- ",35.363971710205078,-118.93791961669922,KERN,UNINCORPORATED,-118.93796539306641,35.363998413085938
92293159,2024,2024-01-22,9420,2024-01-17,1715,022464,,3,2,9,1500,0,3,5,,2,040,"WOODROW AVENUE","GRANT DRIVE",0.00,,Y,A,-,N,,,,,,,,,,N,2,0,1,2,A,-,12,22450,A,N,B,C,A,A,H,-,D,A,0,,,,,Y,,M,94,1,0,0,0,0,0,0,0,0,"- ","- ",35.416370391845703,-119.0367431640625,KERN,UNINCORPORATED,-119.03666687011719,35.416366577148438
92293779,2023,2024-01-22,9420,2023-12-04,1709,019531,,1,2,9,1500,0,3,5,,2,630,"ASHE ROAD","MEGARIS AVENUE",205.00,S,N,A,-,N,,,,,,,,,,Y,1,1,0,2,A,-,03,22350,,N,C,C,A,A,H,-,D,D,0,,,Y,,Y,,C,02,0,0,0,0,0,0,0,1,0,"- ","- ",35.242771148681641,-119.07447052001953,KERN,UNINCORPORATED,-119.07444763183594,35.242835998535156
92295122,2024,2024-01-23,9420,2024-01-12,1800,017243,,5,2,9,1500,0,1,3,,2,430,SR-43,"JACK AVE.",2205.00,N,N,A,-,Y,KER,,43," ",R,20.876,H,,R,Y,2,0,1,1,A,-,01,23152,A,N,F,A,A,A,H,-,D,D,0,,,,,Y,Y,A,07,1,0,0,0,0,0,0,0,0,"- ","- ",35.541778564453125,-119.32180023193359,KERN,UNINCORPORATED,-119.32173919677734,35.541839599609375
92299250,2024,2024-01-29,9420,2024-01-18,2045,022355,,4,2,9,1500,0,2,4,,1,072,"NILES STREET","TATE STREET",80.00,E,N,A,-,N,,,,,,,,,,N,2,0,1,2,A,-,11,21954,A,N,G,B,D,A,H,-,D,D,0,Y,,,,Y,Y,N,60,1,0,0,0,1,0,0,0,0,"- ","- ",35.375980377197266,-118.94732666015625,KERN,UNINCORPORATED,-118.94721221923828,35.375930786132812
92308297,2023,2024-02-07,9420,2023-12-18,"530 ",021773,,1,3,9,1500,0,2,4,,1,072,"NILES ST (2800 BLOCK)","PENTZ ST",245.00,E,N,A,-,N,,,,,,,,,,N,2,0,1,2,A,-,11,21954,A,F,G,B,D,A,H,-,C,D,0,Y,,,,Y,Y,N,60,1,0,0,0,1,0,0,0,0,"- ","- ",35.375831604003906,-118.95545196533203,KERN,UNINCORPORATED,-118.95552825927734,35.375843048095703
92315088,2024,2024-02-15,9420,2024-02-08,1840,019531,,4,2,9,1500,0,2,4,,1,072,"NILES STREET","MOUNT VERNON AVENUE",5.00,E,N,A,-,N,,,,,,,,,,N,2,0,1,2,A,-,10,21950,A,N,G,B,B,A,H,-,C,D,0,Y,,,,Y,,A,01,1,0,0,0,1,0,0,0,0,"- ","- ",35.376239776611328,-118.96730041503906,KERN,UNINCORPORATED,-118.96756744384766,35.376407623291016
92318258,2024,2024-02-20,9430,2024-02-10,1410,018627,,6,2,9,1500,0,1,1,,2,053,"I-5 N/B","#4 TURN THROUGH",3168.00,S,N,A,-,Y,KER,,5," "," ",7.667,H,,R,Y,2,0,1,2,A,-,03,22350,,N,C,C,A,A,H,-,A,D,0,,,,Y,Y,,A,01,1,0,0,0,0,0,0,0,0,"- ","- ",34.904811859130859,-118.92337799072266,KERN,UNINCORPORATED,-118.92332458496094,34.904819488525391
92331110,2024,2024-03-06,9420,2024-02-20,1416,021134,,2,2,9,1500,0,2,4,,1,075,"S UNION AVENUE SOUTHBOUND","PLANZ ROAD",995.00,N,N,B,-,N,,,,,,,,,,Y,2,0,3,2,A,-,07,21658,A,N,B,C,A,A,H,-,A,D,0,,,,,Y,,A,01,1,1,1,0,0,0,0,0,0,"- ","- ",35.327808380126953,-119.00315093994141,KERN,UNINCORPORATED,-119.00309753417969,35.327651977539062
92331421,2024,2024-03-06,9426,2024-02-29,"624 ",016804,,4,1,9,1500,0,1,3,,2,582,SR-58,"BUSSELL RD.",3071.00,E,N,E,-,Y,KER,,58," ",R,36.836,H,,R,Y,2,0,2,2,A,-,03,22350,,N,C,C,A,A,H,-,B,D,0,,,,,Y,,A,01,2,0,0,0,0,0,0,0,0,"- ","- ",35.354640960693359,-119.29499053955078,KERN,UNINCORPORATED,-119.29499053955078,35.354637145996094
92336093,2024,2024-04-11,9420,2024-02-03,1930,021134,,6,2,9,1500,0,1,3,,1,184,"STATE ROUTE 184","DUNNSMERE STREET",1475.00,S,N,B,-,Y,KER,,184," "," ",0.559,H,,R,Y,1,1,0,1,A,-,01,23152,A,N,E,8,A,A,H,-,D,D,0,,,,,Y,,A,01,0,0,0,0,0,0,0,0,0,"- ","- ",35.246040344238281,-118.91452789306641,KERN,UNINCORPORATED,-118.9144287109375,35.246040344238281
92336335,2024,2024-12-18,9420,2024-02-17,"135 ",021802,,6,3,9,1500,0,3,5,,2,070,"PIONEER DRIVE","DENNISON LANE",223.00,E,N,A,-,N,,,,,,,,,,Y,1,1,4,2,A,-,01,23152,A,N,A,C,A,A,H,-,C,D,0,,,,,Y,Y,A,07,3,1,0,0,0,0,0,0,0,"- ","- ",35.368881225585938,-118.92070007324219,KERN,UNINCORPORATED,-118.92072296142578,35.368869781494141
92341729,2024,2024-03-19,9420,2024-03-09,2500,022355,,6,4,9,1500,0,3,5,,2,050,"GRANITE ROAD","ROUND MOUNTAIN ROAD",3000.00,N,N,A,-,N,,,,,,,,,,Y,2,0,1,1,A,-,08,22107,,N,F,A,A,A,H,-,D,D,0,,,,,Y,,D,22,1,0,0,0,0,0,0,0,0,"- ","- ",35.537948608398438,-118.95934295654297,KERN,UNINCORPORATED,-118.95936584472656,35.537914276123047
92342635,2024,2024-03-20,9420,2024-02-23,"630 ",020366,,5,1,9,1500,0,2,4,,1,075,"SOUTH UNION AVENUE","LAMB AVENUE",320.00,S,N,A,-,N,,,,,,,,,,Y,1,3,0,1,A,-,08,22107,,N,E,I,A,A,H,-,B,D,0,,,,,Y,,A,01,0,0,0,0,0,0,0,0,0,"- ","- ",35.244178771972656,-119.00325012207031,KERN,UNINCORPORATED,-119.0030517578125,35.244132995605469
92346428,2023,2024-03-25,9420,2023-12-25,2045,021882,,1,2,9,1500,0,1,3,,2,091,"STATE ROUTE 99 SOUTHBOUND","LERDO HIGHWAY",5280.00,S,N,A,-,Y,KER,,99," "," ",33.383,H,,L,Y,1,1,1,3,A,-,11,21954,A,N,G,1,E,A,H,-,D,D,0,Y,,,,Y,Y,N,60,1,0,0,1,0,0,0,0,0,"- ","- ",35.468410491943359,-119.12303924560547,KERN,UNINCORPORATED,-119.12309265136719,35.468360900878906
92347642,2024,2024-03-26,9420,2024-03-18,"645 ",021773,,1,1,9,1500,0,3,5,,2,520,"WILDWOOD RD","MCCOMBS RD",0.00,,Y,A,-,N,,,,,,,,,,Y,2,0,5,2,A,-,09,21802,A,N,D,2,A,A,H,-,A,A,0,,,,,Y,,A,01,1,0,4,0,0,0,0,0,0,"- ","- ",35.615898132324219,-119.43788909912109,KERN,UNINCORPORATED,-119.43787384033203,35.615890502929688
92354174,2024,2024-04-03,9420,2024-03-14,"636 ",020366,,4,1,9,1500,0,3,5,,2,520,"POND ROAD","WALLACE ROAD",2200.00,W,N,A,-,N,,,,,,,,,,Y,1,1,0,2,A,-,11,21954,A,N,G,B,E,A,H,-,D,D,0,Y,,,,Y,,N,60,0,0,0,1,0,0,0,0,0,"- ","- ",35.717941284179688,-119.17691802978516,KERN,UNINCORPORATED,-119.17697143554688,35.717926025390625
92357027,2024,2024-04-05,9420,2024-03-29,"205 ",021766,,5,3,9,1500,0,2,4,,1,072,"EDISON HWY.",SR-184,2405.00,E,N,A,-,N,,,,,,,,,,N,2,0,1,1,A,-,08,22107,,N,F,A,A,A,H,-,D,D,0,,,Y,,Y,,C,02,1,0,0,0,0,0,0,0,1,"- ","- ",35.356369018554688,-118.90605926513672,KERN,UNINCORPORATED,-118.90648651123047,35.356433868408203
92359602,2024,2024-04-10,9420,2024-02-03,2100,022415,,6,2,9,1500,0,2,4,,1,076,"CURNOW ROAD","COTTONWOOD ROAD",12.00,E,N,B,C,N,,,,,,,,,,Y,1,2,2,1,A,-,01,23152,A,N,E,8,A,B,H,-,D,A,0,,,,,Y,Y,A,07,1,1,0,0,0,0,0,0,0,"- ","- ",35.259590148925781,-118.98529815673828,KERN,UNINCORPORATED,-118.98532867431641,35.259578704833984
92364276,2023,2024-04-15,9830,2023-12-29,2041,023380,,5,2,9,1500,0,1,3,,1,050,"STATE ROUTE 14","HORSE CANYON ROAD",1500.00,S,N,A,-,Y,KER,,14," "," ",46.824,H,,R,Y,1,4,1,2,A,-,01,23152,F,N,A,C,A,A,H,-,D,D,0,,,,,Y,,A,07,1,0,0,0,0,0,0,0,0,"- ","- ",35.453231811523438,-117.97019958496094,KERN,UNINCORPORATED,-117.97039031982422,35.453289031982422
92364450,2024,2024-04-15,9420,2024-04-04,1155,016978,,4,1,9,1500,0,3,5,,2,671,"BRETT AVENUE","SAN EMIDIO STREET",300.00,E,N,B,-,N,,,,,,,,,,N,2,0,1,3,A,-,08,22107,,F,A,G,A,A,H,-,A,D,0,,Y,,,Y,,-,99,1,0,0,0,0,0,1,0,0,"- ","- ",35.256858825683594,-118.92085266113281,KERN,UNINCORPORATED,-118.92103576660156,35.256843566894531