CASE_ID,ACCIDENT_YEAR,PROC_DATE,JURIS,COLLISION_DATE,COLLISION_TIME,OFFICER_ID,REPORTING_DISTRICT,DAY_OF_WEEK,CHP_SHIFT,POPULATION,CNTY_CITY_LOC,SPECIAL_COND,BEAT_TYPE,CHP_BEAT_TYPE,CITY_DIVISION_LAPD,CHP_BEAT_CLASS,BEAT_NUMBER,PRIMARY_RD,SECONDARY_RD,DISTANCE,DIRECTION,INTERSECTION,WEATHER_1,WEATHER_2,STATE_HWY_IND,CALTRANS_COUNTY,CALTRANS_DISTRICT,STATE_ROUTE,ROUTE_SUFFIX,POSTMILE_PREFIX,POSTMILE,LOCATION_TYPE,RAMP_INTERSECTION,SIDE_OF_HWY,TOW_AWAY,COLLISION_SEVERITY,NUMBER_KILLED,NUMBER_INJURED,PARTY_COUNT,PRIMARY_COLL_FACTOR,PCF_CODE_OF_VIOL,PCF_VIOL_CATEGORY,PCF_VIOLATION,PCF_VIOL_SUBSECTION,HIT_AND_RUN,TYPE_OF_COLLISION,MVIW,PED_ACTION,ROAD_SURFACE,ROAD_COND_1,ROAD_COND_2,LIGHTING,CONTROL_DEVICE,CHP_ROAD_TYPE,PEDESTRIAN_ACCIDENT,BICYCLE_ACCIDENT,MOTORCYCLE_ACCIDENT,TRUCK_ACCIDENT,NOT_PRIVATE_PROPERTY,ALCOHOL_INVOLVED,STWD_VEHTYPE_AT_FAULT,CHP_VEHTYPE_AT_FAULT,COUNT_SEVERE_INJ,COUNT_VISIBLE_INJ,COUNT_COMPLAINT_PAIN,COUNT_PED_KILLED,COUNT_PED_INJURED,COUNT_BICYCLIST_KILLED,COUNT_BICYCLIST_INJURED,COUNT_MC_KILLED,COUNT_MC_INJURED,PRIMARY_RAMP,SECONDARY_RAMP,LATITUDE,LONGITUDE,COUNTY,CITY,POINT_X,POINT_Y
92365699,2024,2024-04-16,9420,2024-02-27,2140,020409,,2,2,9,1500,0,3,5,,2,040,"RIVER BOULEVARD","SKYLINE AVENUE",0.00,,Y,B,-,N,,,,,,,,,,N,1,1,1,2,A,-,17,24250,,N,D,C,A,A,H,-,D,D,0,,,,,Y,,M,96,1,0,0,0,0,0,0,0,0,"- ","- ",35.398101806640625,-118.98529052734375,KERN,UNINCORPORATED,-118.98529052734375,35.404777526855469
92376544,2024,2024-04-29,9420,2024-04-10,1953,021134,,3,2,9,1500,0,3,5,,2,672,"COTTONWOOD ROAD","E HOSKING AVE",1260.00,S,N,A,-,N,,,,,,,,,,Y,2,0,4,1,A,-,08,22107,,N,E,I,A,A,H,-,D,D,0,,,,,Y,,A,01,1,1,2,0,0,0,0,0,0,"- ","- ",35.277889251708984,-118.98544311523438,KERN,UNINCORPORATED,-118.98535919189453,35.281375885009766
92380149,2024,2024-05-02,9830,2024-03-11,"817 ",020655,,1,1,9,1500,0,3,5,,2,003,"FRONTAGE ROAD","DAWN ROAD",9398.00,S,N,A,-,N,,,,,,,,,,Y,1,1,1,2,A,-,08,22107,,N,B,C,A,A,H,-,A,A,0,,,,Y,Y,,D,22,0,0,1,0,0,0,0,0,0,"- ","- ",34.882400512695312,-118.16680908203125,KERN,UNINCORPORATED,-118.16679382324219,34.882770538330078
92381305,2024,2024-05-03,9430,2024-01-28,"35  ",021296,,7,3,9,1500,0,1,1,,2,051,"I-5 N/B (GOLDEN STATE FREEWAY)","LEBEC SERVICE ROAD OVERCROSSING",294.00,N,N,A,-,Y,KER,,5," "," ",1.673,H,,R,Y,1,1,0,1,A,-,08,22107,,N,E,I,A,A,H,-,D,D,0,,,,,Y,,A,01,0,0,0,0,0,0,0,0,0,"- ","- ",34.836528778076172,-118.86290740966797,KERN,UNINCORPORATED,-118.86302185058594,34.836555480957031
92381856,2024,2024-05-06,9830,2024-05-02,"658 ",018700,,4,1,9,1500,0,1,3,,1,015,SR-202,"TAMARON DR",976.00,W,N,A,-,Y,KER,,202," ",R,3.311,H,,R,Y,2,0,2,2,A,-,08,22107,,N,D,C,A,A,H,-,A,D,0,,,,,Y,,A,07,2,0,0,0,0,0,0,0,0,"- ","- ",35.130580902099609,-118.55181884765625,KERN,UNINCORPORATED,-118.55184936523438,35.130538940429688
92383551,2024,2024-05-07,9420,2024-04-27,1540,021667,,6,2,9,1500,0,2,4,,1,052,"ALFRED HARRELL HIGHWAY","CHINA GRADE LOOP",5280.00,E,N,A,-,N,,,,,,,,,,N,2,0,1,1,A,-,01,23152,A,N,E,I,A,A,H,-,A,D,0,,,Y,,Y,Y,C,02,1,0,0,0,0,0,0,0,1,"- ","- ",35.417751312255859,-118.95807647705078,KERN,UNINCORPORATED,-118.95033264160156,35.423198699951172
92404632,2024,2024-06-03,9420,2024-05-17,1219,023531,,5,1,9,1500,0,1,3,,2,177,"SR-178 E/B","MPM SR-178 KERN 15",300.00,E,N,A,-,Y,KER,,178," "," ",15.925,H,,R,Y,2,0,1,1,A,-,01,23152,A,N,E,I,A,A,H,-,A,D,0,,,,,Y,Y,A,01,1,0,0,0,0,0,0,0,0,"- ","- ",35.460758209228516,-118.77040863037109,KERN,UNINCORPORATED,-118.77040100097656,35.460731506347656
92406026,2024,2024-06-04,9420,2024-05-10,1430,019686,,5,2,9,1500,0,1,3,,2,091,"SR-99 S/B","LERDO HIGHWAY",15840.00,S,N,A,-,Y,KER,,99," "," ",35.406,H,,L,Y,2,0,1,5,A,-,03,22350,,M,C,C,A,A,H,-,A,D,0,,,,,Y,,D,22,1,0,0,0,0,0,0,0,0,"- ","- ",35.488361358642578,-119.14952850341797,KERN,UNINCORPORATED,-119.14957427978516,35.488319396972656
92409309,2024,2024-06-07,9420,2024-05-29,1415,019270,,3,2,9,1500,0,1,3,,2,430,SR-43,SR-155,0.00,,Y,A,-,Y,KER,,43," "," ",36.670,H,,R,Y,2,0,2,2,A,-,09,21802,A,N,B,C,A,A,H,-,A,A,0,,,,,Y,,A,01,1,0,1,0,0,0,0,0,0,"- ","- ",35.76123046875,-119.34439849853516,KERN,UNINCORPORATED,-119.34444427490234,35.761219024658203
92419240,2024,2024-06-20,9426,2024-06-01,2235,021365,,6,3,9,1500,0,3,5,,2,081,"PIERCE ST","BIRCH ST",84.00,N,N,A,-,N,,,,,,,,,,N,2,0,1,4,A,-,08,22107,,F,C,E,F,A,H,-,C,D,0,Y,,,,Y,,A,07,1,0,0,0,1,0,0,0,0,"- ","- ",35.153228759765625,-119.46257781982422,KERN,UNINCORPORATED,-119.46263122558594,35.153148651123047
92422116,2024,2024-06-24,9420,2024-06-07,"558 ",020366,,5,3,9,1500,0,3,5,,2,672,"DAVID ROAD","S. EDISON ROAD",3830.00,W,N,A,-,N,,,,,,,,,,Y,2,0,2,2,A,-,06,21750,A,N,A,C,A,A,H,-,A,D,0,,,,Y,Y,,G,27,1,1,0,0,0,0,0,0,0,"- ","- ",35.092868804931641,-118.89063262939453,KERN,UNINCORPORATED,-118.89054870605469,35.092838287353516
92424730,2024,2024-06-27,9420,2024-04-22,2255,021596,,1,3,9,1500,0,2,4,,1,072,"NILES STREET","VALE STREET",15.00,E,N,A,-,N,,,,,,,,,,N,1,1,0,2,A,-,11,21954,A,N,G,B,D,A,H,-,C,D,0,Y,,,,Y,,N,60,0,0,0,1,0,0,0,0,0,"- ","- ",35.375839233398438,-118.94640350341797,KERN,UNINCORPORATED,-118.94631958007812,35.375938415527344
92425244,2024,2024-06-27,9420,2024-05-29,1820,019270,,3,2,9,1500,0,1,3,,1,650,"STATE ROUTE 65 SOUTHBOUND","SHERWOOD AVENUE",2640.00,S,N,A,-,Y,KER,,65," "," ",15.348,H,,L,Y,1,1,2,3,A,-,08,22107,,N,A,C,A,A,H,-,A,D,0,,,,,Y,,A,01,1,0,1,0,0,0,0,0,0,"- ","- ",35.652389526367188,-119.07984161376953,KERN,UNINCORPORATED,-119.079833984375,35.652389526367188
92425409,2024,2024-06-27,9420,2024-05-25,2113,021565,,6,2,9,1500,0,2,4,,1,051,"NORTH CHESTER AVENUE","EAST MCCORD AVENUE",296.00,S,N,A,-,N,,,,,,,,,,N,1,1,0,2,A,-,17,21208,B,N,D,G,A,A,H,-,D,D,0,,Y,,,Y,,L,04,0,0,0,0,0,1,0,0,0,"- ","- ",35.405941009521484,-119.02091979980469,KERN,UNINCORPORATED,-119.02091979980469,35.405937194824219
92427078,2024,2024-07-01,9420,2024-04-21,1623,021667,,7,2,9,1500,0,3,5,,2,040,"RIVER BOULEVARD","BERNARD STREET",0.00,,Y,A,-,N,,,,,,,,,,Y,1,1,0,1,A,-,01,23152,,N,E,8,A,A,H,-,A,A,0,,,Y,,Y,Y,C,02,0,0,0,0,0,0,0,1,0,"- ","- ",35.390628814697266,-118.98487091064453,KERN,UNINCORPORATED,-118.98497772216797,35.390411376953125
9243046,2021,2021-04-20,1508,2021-03-01,1549,111,4B,1,5,2,1508,0,0,0,,0,,"RT 33","8TH ST",0.00,,Y,A,-,Y,KER,6,33,-,-,18.980,I,5,N,N,2,0,1,2,A,-,03,22350,,N,G,B,B,A,H,-,A,D,0,Y,,,,Y,,D,22,1,0,0,0,1,0,0,0,0,"- ","- ",35.144130706787109,-119.46263122558594,KERN,TAFT,-119.46262359619141,35.144134521484375
92431272,2024,2024-07-05,9420,2024-06-24,1400,019903,,1,2,9,1500,0,3,5,,2,060,"HEATH ROAD","MEACHAM ROAD",0.00,,Y,A,-,N,,,,,,,,,,Y,2,0,1,2,A,-,09,21802,A,N,D,C,A,A,H,-,A,A,0,,,,,Y,,D,22,1,0,0,0,0,0,0,0,0,"- ","- ",35.390731811523438,-119.18112182617188,KERN,UNINCORPORATED,-119.18106079101562,35.390773773193359
9243351,2021,2021-04-19,1511,2021-03-13,0003,53082,1,6,5,2,1511,0,0,0,,0,00A,"CALIFORNIA CITY BL","GANT RD",4224.00,W,N,A,-,N,,,,,,,,,,N,2,0,2,1,A,-,03,22350,,N,F,A,A,A,H,-,D,D,0,,,,,Y,Y,A,01,2,0,0,0,0,0,0,0,0,"- ","- ",35.125530242919922,-118.03912353515625,KERN,"CALIFORNIA CITY",-118.05325317382812,35.125450134277344
92434867,2024,2024-07-10,9420,2024-06-25,"950 ",016978,,2,1,9,1500,0,3,5,,2,671,"MOUNTAIN VIEW ROAD","S. FAIRFAX ROAD",10.00,W,N,A,-,N,,,,,,,,,,N,2,0,3,1,A,-,12,22450,A,N,E,8,A,A,H,-,A,A,0,,,,,Y,,A,08,3,0,0,0,0,0,0,0,0,"- ","- ",35.281639099121094,-118.93218994140625,KERN,UNINCORPORATED,-118.93209838867188,35.281501770019531
92437595,2024,2024-07-12,9420,2024-03-26,"100 ",022415,,2,3,9,1500,0,3,5,,2,530,"7TH STANDARD RD","GOLDEN STATE HWY",600.00,W,N,A,-,N,,,,,,,,,,Y,2,0,3,1,A,-,01,23152,A,F,E,8,A,A,H,-,C,D,0,,,,,Y,Y,A,01,3,0,0,0,0,0,0,0,0,"- ","- ",35.440841674804688,-119.08872985839844,KERN,UNINCORPORATED,-119.08864593505859,35.441051483154297
92439103,2024,2024-08-14,9420,2024-07-05,"200 ",022355,,5,3,9,1500,0,3,5,,2,672,"PANAMA LANE","FAIRFAX ROAD",0.00,,Y,A,-,N,,,,,,,,,,Y,2,0,7,2,A,-,01,23152,A,N,D,C,A,A,H,-,C,A,0,,,,,Y,Y,A,01,3,4,0,0,0,0,0,0,0,"- ","- ",35.296009063720703,-118.93209075927734,KERN,UNINCORPORATED,-118.93206024169922,35.295993804931641
92443516,2024,2024-07-19,9420,2024-07-13,1145,021144,,6,1,9,1500,0,3,5,,2,671,"TEJON HWY","DIGIORGIO RD.",0.00,,Y,A,-,Y,,,,,,,,,,Y,2,0,5,2,A,-,09,21802,A,N,D,C,A,A,H,-,A,A,0,,,,,Y,,A,01,1,4,0,0,0,0,0,0,0,"- ","- ",35.252719879150391,-118.82478332519531,KERN,UNINCORPORATED,-118.82470703125,35.252731323242188
9256162,2021,2023-06-20,1508,2021-04-13,1830,33,6B,2,5,2,1508,0,0,0,,0,,"GARDNER FIELD RD","GAS COMPANY RD",528.00,E,N,A,-,N,,,,,,,,,,Y,1,1,0,1,A,-,03,22350,,N,F,A,A,A,H,-,B,D,0,,,,,Y,Y,A,01,0,0,0,0,0,0,0,0,0,"- ","- ",35.136970520019531,-119.41281890869141,KERN,TAFT,-119.41108703613281,35.136501312255859
9256325,2021,2021-07-06,1507,2021-04-05,2321,281,100,1,5,3,1507,0,0,0,,0,,"7TH STANDARD RD","ZERKER RD",0.00,,Y,A,-,N,,,,,,,,,,Y,1,1,1,2,A,-,12,21453,A,N,D,C,A,A,H,-,C,A,0,,,,Y,Y,,G,26,1,0,0,0,0,0,0,0,0,"- ","- ",35.441738128662109,-119.15554809570312,KERN,SHAFTER,-119.15435791015625,35.441539764404297
92602328,2024,2024-07-25,9420,2024-07-13,"327 ",021773,,6,3,9,1500,0,1,3,,1,176,"SR-178 E/B","MORNING DR",792.00,W,N,A,-,Y,KER,,178," ",R,7.602,H,,R,Y,2,0,1,1,A,-,01,23152,A,N,F,I,A,A,H,-,C,D,0,,,,,Y,Y,A,07,1,0,0,0,0,0,0,0,0,"- ","- ",35.396568298339844,-118.91593933105469,KERN,UNINCORPORATED,-118.91593933105469,35.396617889404297
9280614,2021,2021-07-16,1507,2021-06-09,2027,289,6,3,5,3,1507,0,0,0,,0,,"N VENTRAL VALLEY HWY","FRESNO AV",0.00,,Y,A,-,N,,,,,,,,,,N,2,0,3,2,A,-,09,21801,A,N,D,C,A,A,H,-,B,D,0,,,,,Y,,A,01,3,0,0,0,0,0,0,0,0,"- ","- ",35.514381408691406,-119.28803253173828,KERN,SHAFTER,-119.28825378417969,35.514369964599609
9291736,2021,2021-09-11,1500,2021-07-11,1433,202286,02,7,5,3,1510,0,0,0,,0,4401,"711 E ST","E ST",26.00,W,N,A,-,N,,,,,,,,,,Y,2,0,1,2,A,-,10,21950,A,F,G,B,D,A,H,-,A,D,0,Y,,,,Y,,A,01,1,0,0,0,1,0,0,0,0,"- ","- ",,,KERN,WASCO,,
9298724,2020,2021-08-11,1511,2020-11-28,1256,53338,,6,5,2,1511,0,0,0,,0,,"STANFORD AV","CLAREMONT ST",0.00,,Y,A,-,N,,,,,,,,,,N,2,0,2,1,A,-,03,38305,,N,F,J,A,A,G,-,A,D,0,,,,,Y,,A,42,2,0,0,0,0,0,0,0,0,"- ","- ",,,KERN,"CALIFORNIA CITY",-117.76438903808594,35.162998199462891
9321099,2021,2023-06-20,1502,2021-11-10,1907,1322,,3,5,6,1502,0,0,0,,0,HILL,"34TH ST","PANAMA ST",5.00,W,N,A,-,N,,,,,,,,,,Y,1,1,0,2,A,-,11,21954,A,N,G,B,D,A,H,-,C,D,0,Y,,,,Y,Y,N,60,0,0,0,1,0,0,0,0,0,"- ","- ",35.3909912109375,-119.01171112060547,KERN,BAKERSFIELD,-119.01178741455078,35.390510559082031
9366908,2021,2022-03-22,1506,2021-12-02,1122,9229,2,4,5,4,1506,0,0,0,,0,,"W WARD AV","N DOWNS ST",0.00,,Y,A,-,N,,,,,,,,,,Y,2,0,3,2,A,-,12,22450,,N,H,C,A,A,H,-,A,D,0,,,,,Y,,A,01,1,1,1,0,0,0,0,0,0,"- ","- ",35.644390106201172,-117.68759918212891,KERN,RIDGECREST,-117.68773651123047,35.644401550292969
93767937,2024,2024-08-07,9420,2024-04-27,1313,021773,,6,1,9,1500,0,1,3,,2,584,"STATE ROUTE 58 EASTBOUND TO UNION AVENUE","UNION AVENUE",845.00,W,N,A,-,Y,KER,,58," ",R,54.247,H,,R,N,1,1,0,2,A,-,11,21954,A,N,G,B,E,A,H,-,A,D,0,Y,,,,Y,,N,60,0,0,0,1,0,0,0,0,0,"- ","- ",35.352161407470703,-119.00611114501953,KERN,UNINCORPORATED,-119.00611114501953,35.352313995361328
9380721,2021,2022-02-01,1506,2021-12-15,2300,3618,36,3,5,4,1506,0,0,0,,0,21-409,"W UPJOHN AV","S CHINA LAKE BL",0.00,,Y,A,-,N,,,,,,,,,,Y,2,0,1,2,A,-,12,21453,,N,D,C,A,A,H,-,C,A,0,,,,,Y,Y,-,,1,0,0,0,0,0,0,0,0,"- ","- ",35.615268707275391,-117.67015838623047,KERN,RIDGECREST,-117.67008209228516,35.615268707275391
9408428,2022,2022-03-01,1508,2022-01-20,1913,138,3B,4,5,2,1508,0,0,0,,0,00B,"S 10TH ST","FRONT ST",0.00,,Y,A,-,N,,,,,,,,,,Y,2,0,1,2,A,-,03,22350,,N,C,C,A,A,H,-,C,D,0,,,,,Y,,A,01,1,0,0,0,0,0,0,0,0,"- ","- ",35.139438629150391,-119.46514129638672,KERN,TAFT,-119.46513366699219,35.139484405517578
94210628,2024,2024-08-14,9420,2024-06-15,2108,021882,,6,2,9,1500,0,1,3,,2,430,"STATE ROUTE 43 NORTHBOUND","WASCO AVENUE",800.00,N,N,A,-,Y,KER,,43," ",R,21.423,H,,R,Y,1,1,0,1,A,-,01,23152,A,N,E,I,A,A,H,-,D,D,0,,,,,Y,Y,A,01,0,0,0,0,0,0,0,0,0,"- ","- ",35.548149108886719,-119.33196258544922,KERN,UNINCORPORATED,-119.33193969726562,35.548152923583984
94359761,2024,2024-08-19,9420,2024-08-05,"500 ",021905,,1,3,9,1500,0,3,5,,2,550,"BEECH AVE","MADERA AVE",739.00,N,N,A,-,N,,,,,,,,,,N,2,0,1,2,A,-,08,22107,,N,B,2,A,A,H,-,C,D,0,,,,,Y,,D,22,1,0,0,0,0,0,0,0,0,"- ","- ",35.523651123046875,-119.26022338867188,KERN,UNINCORPORATED,-119.26018524169922,35.523536682128906
94361454,2024,2024-08-20,9420,2024-06-23,2315,022464,,7,3,9,1500,0,2,4,,1,072,"EAST CALIFORNIA AVENUE","OGDEN STREET",40.00,W,N,A,-,N,,,,,,,,,,N,1,1,0,2,A,-,11,21954,A,F,G,B,D,A,H,-,C,D,0,Y,,,,Y,,N,60,0,0,0,1,0,0,0,0,0,"- ","- ",35.368610382080078,-118.97428894042969,KERN,UNINCORPORATED,-118.97422027587891,35.368625640869141
94370043,2024,2024-08-26,9420,2024-08-15,1910,021144,,4,2,9,1500,0,2,4,,1,052,"MCCRAY ST.","NORRIS RD.",0.00,,Y,A,-,N,,,,,,,,,,N,2,0,1,2,A,-,10,21950,A,N,G,B,B,A,H,-,A,D,0,Y,,,,Y,,A,01,1,0,0,0,1,0,0,0,0,"- ","- ",35.419559478759766,-119.03015899658203,KERN,UNINCORPORATED,-119.03005981445312,35.4195556640625
94373572,2024,2024-08-28,9420,2024-08-22,"115 ",021773,,4,3,9,1500,0,3,5,,2,520,"WHISLER RD","STATE ROUTE 43",0.00,,Y,A,-,Y,KER,,43," "," ",28.362,H,,R,Y,2,0,1,1,A,-,12,22450,A,N,E,0,A,A,H,-,C,A,0,,,,,Y,,A,01,1,0,0,0,0,0,0,0,0,"- ","- ",35.645069122314453,-119.33106994628906,KERN,UNINCORPORATED,-119.33103179931641,35.645069122314453
94375609,2024,2024-08-29,9420,2024-08-24,2500,020634,,6,4,9,1500,0,3,5,,2,672,"COMANCHE DRIVE","EIDISON HWY",940.00,N,N,A,-,N,,,,,,,,,,Y,2,0,1,1,A,-,01,23152,A,N,E,I,A,A,H,-,D,D,0,,,,,Y,Y,A,01,1,0,0,0,0,0,0,0,0,"- ","- ",35.344951629638672,-118.84317016601562,KERN,UNINCORPORATED,-118.84322357177734,35.343807220458984
94377355,2024,2024-08-30,9420,2024-08-23,2037,021895,,5,2,9,1500,0,3,5,,2,510,"FAMOSO PORTERVILLE HIGHWAY","CECIL AVE",2112.00,N,N,A,-,N,,,,,,,,,,Y,2,0,2,2,A,-,01,23152,A,N,A,C,A,A,H,-,D,D,0,,,,,Y,Y,A,01,1,0,1,0,0,0,0,0,0,"- ","- ",35.78009033203125,-119.12126159667969,KERN,UNINCORPORATED,-119.12049865722656,35.781352996826172
94393269,2024,2024-09-13,9420,2024-09-04,1638,019686,,3,2,9,1500,0,3,5,,2,672,"N. RANCHO ROAD","MILLUX ROAD",430.00,N,N,A,-,N,,,,,,,,,,Y,2,0,1,1,A,-,01,23152,A,N,F,A,A,A,H,-,A,D,0,,,,,Y,Y,A,01,1,0,0,0,0,0,0,0,0,"- ","- ",35.180278778076172,-118.85102844238281,KERN,UNINCORPORATED,-118.85102844238281,35.181018829345703
94393399,2024,2024-09-13,9420,2024-08-31,1158,022819,,6,1,9,1500,0,3,5,,2,070,"BERNARD ST E/B","HALEY ST",686.00,E,N,A,-,N,,,,,,,,,,Y,2,0,3,2,A,-,21,22106,,N,D,C,A,A,H,-,A,D,0,,,Y,,Y,,A,01,1,1,1,0,0,0,0,0,1,"- ","- ",35.389789581298828,-118.97461700439453,KERN,UNINCORPORATED,-118.97482299804688,35.389743804931641
94411957,2024,2024-09-30,9830,2024-09-25,2108,023211,,3,2,9,1500,0,2,4,,1,034,"ROSAMOND BLVD","GLENDOWER ST",6.00,W,N,A,-,N,,,,,,,,,,Y,2,0,1,1,A,-,01,23152,A,N,E,I,A,A,H,-,C,D,0,,,Y,,Y,Y,C,02,1,0,0,0,0,0,0,0,1,"- ","- ",34.864330291748047,-118.16915130615234,KERN,UNINCORPORATED,-118.16909027099609,34.864311218261719
94411981,2024,2024-11-14,9420,2024-09-14,2337,022464,,6,3,9,1500,0,2,4,,1,072,"EDISON HIGHWAY","FAIRFAX ROAD",1372.00,W,N,A,-,N,,,,,,,,,,Y,2,0,1,2,A,-,01,23152,A,N,A,4,A,A,H,-,D,D,0,,,,,Y,Y,A,07,1,0,0,0,0,0,0,0,0,"- ","- ",35.363491058349609,-118.93611907958984,KERN,UNINCORPORATED,-118.93611907958984,35.363491058349609
94415307,2024,2024-10-01,9830,2024-09-22,1150,016450,,7,1,9,1500,0,3,5,,2,003,"TEHACHAPI WILLOW SPRINGS RD","OAK CREEK RD",19536.00,S,N,A,-,N,,,,,,,,,,Y,2,0,2,2,A,-,05,21460,A,N,B,C,A,A,H,-,A,D,0,,,Y,,Y,,A,07,1,1,0,0,0,0,0,0,2,"- ","- ",35.010391235351562,-118.34156036376953,KERN,UNINCORPORATED,-118.33938598632812,35.004749298095703
94420082,2024,2024-10-04,9830,2024-09-30,1750,022130,,1,2,9,1500,0,1,3,,2,012,"SR-58 W/B","SAND CANYON RD",6019.00,W,N,A,-,Y,KER,,58," ",R,98.366,H,,L,Y,2,0,1,3,A,-,03,22350,,N,C,C,A,A,H,-,A,D,0,,,,Y,Y,,A,01,1,0,0,0,0,0,0,0,0,"- ","- ",35.110450744628906,-118.34274291992188,KERN,UNINCORPORATED,-118.34274291992188,35.110462188720703
94425498,2024,2024-10-10,9430,2024-06-03,1842,016388,,1,2,9,1500,0,1,1,,2,052,"I-5 N/B","FRAZIER MOUNTAIN PARK RD",2900.00,N,N,A,-,Y,KER,,5," ",R,0.526,H,,R,N,1,1,1,1,A,-,08,22107,,N,F,A,A,A,H,-,A,D,0,,,,Y,Y,,F,26,1,0,0,0,0,0,0,0,0,"- ","- ",34.823638916015625,-118.87563323974609,KERN,UNINCORPORATED,-118.87555694580078,34.823589324951172
94428101,2024,2024-10-11,9420,2024-10-04,1005,023401,,5,1,9,1500,0,1,3,,2,178,"STATE ROUTE 178","178 KER 37.00",26400.00,E,N,A,-,Y,KER,,178," ",R,37.530,H,,R,Y,2,0,1,1,A,-,08,22107,,N,F,A,A,A,H,-,A,D,0,,,Y,,Y,,C,02,1,0,0,0,0,0,0,0,1,"- ","- ",35.579521179199219,-118.54630279541016,KERN,UNINCORPORATED,-118.54631805419922,35.579536437988281
9443586,2022,2022-05-10,1511,2022-03-27,2156,53342,1,7,5,2,1511,0,0,0,,0,00A,"CALIFORNIA CITY BL","JAMISON AV",0.00,,Y,A,-,N,,,,,,,,,,Y,2,0,1,1,A,-,08,22107,,N,F,I,A,A,H,-,D,D,0,,,,,Y,,A,01,1,0,0,0,0,0,0,0,0,"- ","- ",35.125579833984375,-118.03024291992188,KERN,"CALIFORNIA CITY",-118.03025054931641,35.125579833984375
94442145,2024,2024-10-23,9420,2024-10-08,2040,021144,,2,2,9,1500,0,2,4,,1,071,"MT. VERNON AVE.","QUINCY ST.",153.00,S,N,A,-,N,,,,,,,,,,N,2,0,1,2,A,-,05,21650,,N,G,B,A,A,H,-,C,D,0,,Y,,,Y,,L,04,1,0,0,0,0,0,1,0,0,"- ","- ",35.379360198974609,-118.96750640869141,KERN,UNINCORPORATED,-118.96739959716797,35.379379272460938
94452789,2024,2024-10-31,9420,2024-09-27,1700,023401,,5,2,9,1500,0,1,3,,2,178,"STATE ROUTE 178","MCCRAY ROAD",0.00,,Y,A,-,Y,KER,,178," "," ",50.262,H,,R,Y,1,1,0,2,A,-,09,21802,A,N,D,C,A,A,H,-,A,A,0,,,Y,,Y,,D,22,0,0,0,0,0,0,0,1,0,"- ","- ",35.639759063720703,-118.40554046630859,KERN,UNINCORPORATED,-118.40555572509766,35.639739990234375
94457522,2024,2024-11-04,9830,2024-10-30,2111,023087,,3,2,9,1500,0,1,3,,1,050,US-395,"BOW AVENUE",935.00,S,N,A,-,Y,KER,,14," "," ",62.392,H,,R,Y,2,0,1,1,A,-,03,22350,,N,E,I,A,A,H,-,D,D,0,,,,,Y,,A,07,1,0,0,0,0,0,0,0,0,"- ","- ",35.6639404296875,-117.87310028076172,KERN,UNINCORPORATED,-117.87306213378906,35.663928985595703
94458811,2024,2024-11-05,9420,2024-10-25,"250 ",022732,,5,3,9,1500,0,3,5,,2,050,"ROBERTS LN","PLYMOUTH AVE",310.00,W,N,A,-,N,,,,,,,,,,N,2,0,1,2,A,-,11,21954,A,F,G,B,D,A,H,-,D,D,0,Y,,,,Y,,N,60,1,0,0,0,1,0,0,0,0,"- ","- ",35.408580780029297,-119.02667236328125,KERN,UNINCORPORATED,-119.02658081054688,35.40863037109375
94471755,2024,2024-11-15,9420,2024-11-05,1455,019903,,2,2,9,1500,0,1,3,,2,583,"STOCKDALE HWY","CHERRY AVENUE",528.00,W,N,A,-,Y,KER,,58," ",R,39.655,H,,R,Y,2,0,2,2,A,-,09,21801,A,N,D,C,A,A,H,-,A,D,0,,,,,Y,,D,22,1,0,1,0,0,0,0,0,0,"- ","- ",35.3543701171875,-119.24506378173828,KERN,UNINCORPORATED,-119.24506378173828,35.3543701171875
94473156,2024,2024-11-18,9420,2024-11-03,"0   ",022567,,7,3,9,1500,0,3,5,,2,672,"RUBEN STREET","THOMAS WAY",0.00,,Y,A,-,N,,,,,,,,,,Y,2,0,1,1,A,-,01,23152,A,N,E,I,A,A,H,-,C,D,0,,,Y,,Y,Y,C,02,1,0,0,0,0,0,0,0,1,"- ","- ",35.271579742431641,-118.91280364990234,KERN,UNINCORPORATED,-118.91280364990234,35.271629333496094
94491134,2024,2024-12-03,9830,2024-11-26,1310,019367,,2,1,9,1500,0,1,3,,2,030,"SR-14 N/B","ROSAMOND BLVD.",2207.00,S,N,B,-,Y,KER,,14," ",R,2.446,H,,R,Y,2,0,1,2,A,-,08,22107,,N,B,2,A,A,H,-,A,D,0,,,,Y,Y,,A,01,1,0,0,0,0,0,0,0,0,"- ","- ",34.855968475341797,-118.17182159423828,KERN,UNINCORPORATED,-118.17185211181641,34.855968475341797
94502030,2024,2024-12-13,9420,2024-12-05,1334,022732,,4,1,9,1500,0,1,3,,1,184,SR-184,"SHALANE AVENUE",0.00,,Y,A,-,Y,KER,,184," "," ",9.858,H,,R,Y,2,0,5,2,A,-,09,21802,A,N,D,C,A,A,D,-,A,A,0,,,,,Y,,A,01,1,0,4,0,0,0,0,0,0,"- ","- ",35.376850128173828,-118.90950012207031,KERN,UNINCORPORATED,-118.90953826904297,35.376926422119141