CASE_ID,ACCIDENT_YEAR,PROC_DATE,JURIS,COLLISION_DATE,COLLISION_TIME,OFFICER_ID,REPORTING_DISTRICT,DAY_OF_WEEK,CHP_SHIFT,POPULATION,CNTY_CITY_LOC,SPECIAL_COND,BEAT_TYPE,CHP_BEAT_TYPE,CITY_DIVISION_LAPD,CHP_BEAT_CLASS,BEAT_NUMBER,PRIMARY_RD,SECONDARY_RD,DISTANCE,DIRECTION,INTERSECTION,WEATHER_1,WEATHER_2,STATE_HWY_IND,CALTRANS_COUNTY,CALTRANS_DISTRICT,STATE_ROUTE,ROUTE_SUFFIX,POSTMILE_PREFIX,POSTMILE,LOCATION_TYPE,RAMP_INTERSECTION,SIDE_OF_HWY,TOW_AWAY,COLLISION_SEVERITY,NUMBER_KILLED,NUMBER_INJURED,PARTY_COUNT,PRIMARY_COLL_FACTOR,PCF_CODE_OF_VIOL,PCF_VIOL_CATEGORY,PCF_VIOLATION,PCF_VIOL_SUBSECTION,HIT_AND_RUN,TYPE_OF_COLLISION,MVIW,PED_ACTION,ROAD_SURFACE,ROAD_COND_1,ROAD_COND_2,LIGHTING,CONTROL_DEVICE,CHP_ROAD_TYPE,PEDESTRIAN_ACCIDENT,BICYCLE_ACCIDENT,MOTORCYCLE_ACCIDENT,TRUCK_ACCIDENT,NOT_PRIVATE_PROPERTY,ALCOHOL_INVOLVED,STWD_VEHTYPE_AT_FAULT,CHP_VEHTYPE_AT_FAULT,COUNT_SEVERE_INJ,COUNT_VISIBLE_INJ,COUNT_COMPLAINT_PAIN,COUNT_PED_KILLED,COUNT_PED_INJURED,COUNT_BICYCLIST_KILLED,COUNT_BICYCLIST_INJURED,COUNT_MC_KILLED,COUNT_MC_INJURED,PRIMARY_RAMP,SECONDARY_RAMP,LATITUDE,LONGITUDE,COUNTY,CITY,POINT_X,POINT_Y
94505111,2024,2025-07-08,9420,2024-08-04,"645 ",020163,,7,1,6,1502,0,1,3,,2,093,"STATE ROUTE 99","CALIFORNIA AVENUE",852.00,S,N,A,-,Y,KER,,99," "," ",24.467,H,,R,Y,1,1,1,1,A,-,08,22107,,N,E,I,A,A,H,-,A,D,0,,,,,Y,,A,01,1,0,0,0,0,0,0,0,0,"- ","- ",35.366279602050781,-119.04116058349609,KERN,BAKERSFIELD,-119.04090118408203,35.366355895996094
94510646,2024,2024-12-19,9420,2024-12-12,"557 ",020634,,4,3,9,1500,0,1,3,,1,184,SR-184,"REDBANK ROAD",0.00,,Y,A,-,Y,KER,,184," "," ",7.085,H,,R,N,2,0,1,2,A,-,12,22450,A,N,D,C,A,A,H,-,C,A,0,,,,Y,Y,,D,22,1,0,0,0,0,0,0,0,0,"- ","- ",35.339771270751953,-118.91436004638672,KERN,UNINCORPORATED,-118.91428375244141,35.339771270751953
94519602,2024,2024-12-30,9830,2024-12-19,1725,024033,,4,2,9,1500,0,2,4,,1,034,"ROSAMOND BOULEVARD","GLENDOWER ST",0.00,,Y,A,-,N,,,,,,,,,,N,2,0,1,3,A,-,09,21802,A,N,D,C,A,A,H,-,C,A,0,,,,,Y,,D,22,1,0,0,0,0,0,0,0,0,"- ","- ",34.864368438720703,-118.16912078857422,KERN,UNINCORPORATED,-118.1690673828125,34.864307403564453
94534622,2024,2025-01-13,9830,2024-12-22,1930,023380,,7,2,9,1500,0,1,3,,1,040,"STATE ROUTE 14 SOUTHBOUND","SR58 EASTBOUND TO SR14",0.00,,Y,A,-,Y,KER,,14," "," ",18.986,H,,L,Y,2,0,3,2,A,-,09,21802,A,N,D,C,A,A,H,-,C,A,0,,,,,Y,Y,D,22,1,2,0,0,0,0,0,0,0,"- ","- ",35.097450256347656,-118.14553070068359,KERN,UNINCORPORATED,-118.14564514160156,35.097507476806641
94535568,2025,2025-01-13,9420,2025-01-02,"722 ",020634,,4,1,9,1500,0,3,5,,2,050,"N. CHESTER AVENUE EXT.","PETROL RD",0.00,,Y,A,-,N,,,,,,,,,,Y,2,0,2,2,A,-,09,21802,A,N,D,C,A,A,H,-,A,A,0,,,,,Y,,A,01,1,0,1,0,0,0,0,0,0,"- ","- ",35.448501586914062,-119.02700805664062,KERN,UNINCORPORATED,-119.02699279785156,35.448463439941406
94535614,2024,2025-01-13,9426,2024-11-01,1115,021959,,5,1,9,1500,0,1,3,,1,460,"STATE ROUTE 46 (WESTBOUND)","BITTERWATER VALLEY ROAD",6336.00,W,N,A,-,Y,KER,,46," "," ",14.345,H,,R,Y,1,1,0,2,A,-,01,23153,A,N,D,C,A,A,H,-,A,D,0,,,,Y,Y,Y,G,25,0,0,0,0,0,0,0,0,0,"- ","- ",35.619430541992188,-119.97498321533203,KERN,UNINCORPORATED,-119.97503662109375,35.619346618652344
94535880,2025,2025-01-13,9420,2025-01-02,1855,020782,,4,2,9,1500,0,2,4,,1,051,"N. CHESTER AVENUE","WARREN AVENUE",10.00,S,N,A,-,N,,,,,,,,,,N,2,0,1,2,A,-,11,21954,A,N,G,B,E,A,H,-,D,D,0,Y,,,,Y,,N,60,1,0,0,0,1,0,0,0,0,"- ","- ",35.4122314453125,-119.02114868164062,KERN,UNINCORPORATED,-119.02112579345703,35.412242889404297
94538033,2024,2025-01-15,9420,2024-01-12,1453,017243,,5,2,9,1500,0,1,3,,2,430,"STATE ROUTE 43","POND ROAD",0.00,,Y,A,-,Y,KER,,43," "," ",33.471,H,,R,Y,1,1,2,4,A,-,03,22350,,N,D,C,A,A,H,-,A,A,0,,,,,Y,,D,22,2,0,0,0,0,0,0,0,0,"- ","- ",35.717708587646484,-119.33039855957031,KERN,UNINCORPORATED,-119.33043670654297,35.717704772949219
94538823,2024,2025-01-15,9426,2024-12-31,1155,016828,,2,1,9,1500,0,1,1,,2,502,"I-5 S/B","7TH STANDARD ROAD",1584.00,S,N,A,-,Y,KER,,5," "," ",55.359,H,,L,Y,2,0,1,3,A,-,03,22350,,N,C,C,A,A,H,-,A,D,0,,,,Y,Y,,A,07,1,0,0,0,0,0,0,0,0,"- ","- ",35.429901123046875,-119.44004821777344,KERN,UNINCORPORATED,-119.44004821777344,35.429901123046875
94544303,2025,2025-01-21,9420,2025-01-05,1805,022387,,7,2,9,1500,0,3,5,,2,630,"HOUGHTON RD","STINE RD",2474.00,W,N,A,-,N,,,,,,,,,,Y,2,0,1,1,C,-,18,,,N,A,H,A,A,H,-,D,D,0,,,Y,,Y,,-,"- ",1,0,0,0,0,0,0,0,1,"- ","- ",35.237941741943359,-119.06510925292969,KERN,UNINCORPORATED,-119.0650634765625,35.237953186035156
94544796,2025,2025-01-21,9420,2025-01-08,1800,021134,,3,2,9,1500,0,2,4,,1,075,"S UNION AVE","TAFT HWY",0.00,,Y,A,-,N,,,,,,,,,,Y,2,0,3,2,A,-,01,23152,A,N,D,C,A,A,H,-,C,A,0,,,,,Y,Y,A,07,1,1,1,0,0,0,0,0,0,"- ","- ",35.266860961914062,-119.00314331054688,KERN,UNINCORPORATED,-119.00315856933594,35.266849517822266
94557269,2025,2025-01-31,9420,2025-01-23,1435,022387,,4,2,9,1500,0,3,5,,2,671,"COMANCHE DR","PANAMA LN",0.00,,Y,A,-,N,,,,,,,,,,Y,2,0,4,2,A,-,09,21802,A,N,D,C,A,A,H,-,A,A,0,,,,,Y,,A,01,1,2,1,0,0,0,0,0,0,"- ","- ",35.296440124511719,-118.84297943115234,KERN,UNINCORPORATED,-118.84293365478516,35.296417236328125
94562366,2025,2025-02-03,9420,2025-01-22,1605,023079,,3,2,9,1500,0,2,4,,1,077,"S FAIRFAX ROAD","PANAMA LANE",1901.00,S,N,A,-,N,,,,,,,,,,Y,2,0,1,2,A,-,01,23152,A,N,A,2,A,A,H,-,A,D,0,,,,,Y,Y,D,22,1,0,0,0,0,0,0,0,0,"- ","- ",35.290611267089844,-118.93206024169922,KERN,UNINCORPORATED,-118.93207550048828,35.290775299072266
94566303,2025,2025-02-05,9420,2025-01-27,"736 ",018607,,1,1,9,1500,0,1,3,,2,583,"STOCKDALE HWY",DRIVER,1584.00,W,N,B,-,N,,,,,,,,,,Y,2,0,2,1,A,-,08,22107,,N,E,I,A,B,H,-,B,D,0,,,,,Y,,A,01,1,1,0,0,0,0,0,0,0,"- ","- ",35.354389190673828,-119.21305847167969,KERN,UNINCORPORATED,-119.21288299560547,35.354351043701172
94582826,2024,2025-02-18,9420,2024-12-10,1932,019316,,2,2,9,1500,0,3,5,,2,050,"AIRPORT DRIVE NORTHBOUND","WASHINGTON AVENUE",95.00,S,N,A,-,N,,,,,,,,,,Y,1,1,0,2,A,-,11,21954,A,N,G,B,D,A,H,-,D,D,0,Y,,,,Y,,N,60,0,0,0,1,0,0,0,0,0,"- ","- ",35.415271759033203,-119.03893280029297,KERN,UNINCORPORATED,-119.03894805908203,35.415210723876953
94589092,2025,2025-02-25,9830,2025-02-13,1310,019883,,4,1,9,1500,0,1,2,,1,053,US-395,"CHINA LAKE BLVD",0.00,,Y,B,C,Y,KER,,395," ",R,14.994,H,,R,Y,2,0,5,2,A,-,09,21802,A,F,D,C,A,B,H,-,A,A,0,,,,,Y,,A,01,1,4,0,0,0,0,0,0,0,"- ","- ",35.550899505615234,-117.71379852294922,KERN,UNINCORPORATED,-117.71365356445312,35.550983428955078
94589640,2025,2025-02-25,9420,2025-02-14,"853 ",020402,,5,1,9,1500,0,1,3,,1,650,SR-65,"LERDO HWY",155.00,N,N,B,C,Y,KER,,65," "," ",4.705,H,,R,Y,2,0,1,2,A,-,05,21460,A,N,B,C,A,B,H,-,A,D,0,,,,Y,Y,,D,22,1,0,0,0,0,0,0,0,0,"- ","- ",35.499969482421875,-119.07665252685547,KERN,UNINCORPORATED,-119.07669067382812,35.499969482421875
94592002,2025,2025-02-27,9420,2025-02-13,1910,021134,,4,2,9,1500,0,3,5,,2,671,"SOUTH FAIRFAX RD","DI GIORGIO RD",965.00,S,N,B,-,N,,,,,,,,,,N,2,0,1,2,A,-,11,21954,A,N,G,B,D,A,H,-,D,D,0,Y,,,,Y,,N,60,1,0,0,0,1,0,0,0,0,"- ","- ",35.249759674072266,-118.93219757080078,KERN,UNINCORPORATED,-118.93212890625,35.249752044677734
94594431,2024,2025-03-03,9420,2024-11-12,1742,021667,,2,2,9,1500,0,3,5,,2,070,"NILES STREET","ORANGE DRIVE",115.00,E,N,A,-,N,,,,,,,,,,N,1,1,0,2,A,-,11,21954,A,N,G,B,D,A,H,-,C,D,0,Y,,,,Y,,N,60,0,0,0,1,0,0,0,0,0,"- ","- ",35.377521514892578,-118.97225952148438,KERN,UNINCORPORATED,-118.97219848632812,35.37750244140625
94596117,2024,2025-03-04,9830,2024-12-01,1020,016450,,7,1,9,1500,0,1,3,,2,010,"STATE ROUTE 58 WESTBOUND","TEHACHAPI CREEK",2640.00,W,N,A,-,Y,KER,,58," "," ",81.525,H,,L,Y,1,1,0,1,A,-,01,23152,G,N,E,I,A,A,H,-,A,D,0,,,Y,,Y,Y,C,02,0,0,0,0,0,0,0,1,0,"- ","- ",35.230800628662109,-118.56934356689453,KERN,UNINCORPORATED,-118.56944274902344,35.230735778808594
94598489,2025,2025-03-10,9420,2025-02-18,1541,023204,,2,2,9,1500,0,3,5,,2,672,"PEPPER DRIVE","PALMORA DRIVE",251.00,S,N,A,-,N,,,,,,,,,,N,2,0,1,1,A,-,08,22107,,N,E,I,A,A,H,-,A,D,0,,Y,,,Y,,M,91,1,0,0,0,0,0,1,0,0,"- ","- ",35.357391357421875,-118.87432098388672,KERN,UNINCORPORATED,,
94606562,2025,2025-03-18,9420,2025-03-02,1625,023531,,7,2,9,1500,0,1,3,,2,178,"SR-178 W/B","OLD KERN CANYON RD",4752.00,W,N,C,-,Y,KER,,178," "," ",27.293,H,,L,Y,2,0,2,1,A,-,01,23152,A,N,F,I,A,B,H,-,A,D,0,,,,,Y,Y,D,22,1,0,1,0,0,0,0,0,0,"- ","- ",35.531200408935547,-118.6478271484375,KERN,UNINCORPORATED,-118.64786529541016,35.531227111816406
94611736,2025,2025-03-20,9420,2025-03-04,1514,021144,,2,2,9,1500,0,2,4,,1,051,"AIRPORT DR.","EL TEJON AVENUE",0.00,,Y,A,-,N,,,,,,,,,,N,2,0,1,2,A,-,01,23152,A,F,G,B,B,A,H,-,A,A,0,Y,,,,Y,,A,08,1,0,0,0,1,0,0,0,0,"- ","- ",35.41802978515625,-119.03913879394531,KERN,UNINCORPORATED,-119.03916168212891,35.418067932128906
94612015,2025,2025-03-20,9420,2025-03-13,2155,023204,,4,2,9,1500,0,1,3,,2,584,"SOUTH UNION AVENUE","WHITE LANE",857.00,S,N,A,-,N,,,,,,,,,,N,2,0,1,2,A,-,11,21954,A,N,G,C,D,B,H,-,D,D,0,Y,,,,Y,,N,60,1,0,0,0,1,0,0,0,0,"- ","- ",35.315269470214844,-119.00298309326172,KERN,UNINCORPORATED,-119.00312805175781,35.315258026123047
94624354,2025,2025-03-24,9420,2025-03-15,1941,022963,,6,2,6,1502,0,2,4,,1,072,"CALIFORNIA AVE E/B","EXCHANGE STREET",73.00,E,N,A,-,N,,,,,,,,,,N,2,0,1,2,C,-,18,,,N,G,B,E,A,H,-,C,A,0,Y,,,,Y,,-,"- ",1,0,0,0,1,0,0,0,0,"- ","- ",35.368579864501953,-118.96502685546875,KERN,BAKERSFIELD,-118.96504211425781,35.368583679199219
94631502,2025,2025-03-31,9420,2025-03-18,1705,022083,,2,2,9,1500,0,2,4,,1,071,"MOUNT VERNON","LAKE ST.",0.00,,Y,A,-,N,,,,,,,,,,N,2,0,1,2,A,-,05,21650,,F,D,G,A,A,H,-,A,A,0,,Y,,,Y,Y,L,04,1,0,0,0,0,0,1,0,0,"- ","- ",35.374069213867188,-118.96737670898438,KERN,UNINCORPORATED,-118.96759033203125,35.3740234375
94632627,2025,2025-04-01,9426,2025-03-23,1305,019611,,7,1,9,1500,0,1,3,,1,167,SR-166,"SODA LAKE RD",4752.00,E,N,A,-,Y,KER,,33," "," ",10.158,H,,R,Y,2,0,1,1,A,-,08,22107,,N,F,A,A,A,H,-,A,D,0,,,Y,,Y,,C,02,1,0,0,0,0,0,0,0,1,"- ","- ",35.045459747314453,-119.41899108886719,KERN,UNINCORPORATED,-119.41889953613281,35.045402526855469
94651635,2025,2025-04-16,9830,2025-04-05,1755,024033,,6,2,9,1500,0,1,3,,2,030,"STATE ROUTE 14","ROSAMOND BLVD",5122.00,N,N,A,-,Y,KER,,14," ",R,4.011,H,,L,Y,2,0,1,1,A,-,03,22350,,N,F,A,A,A,H,-,A,D,0,,,Y,,Y,,C,02,1,0,0,0,0,0,0,0,1,"- ","- ",34.877761840820312,-118.16767883300781,KERN,UNINCORPORATED,-118.16773223876953,34.877788543701172
94656419,2025,2025-04-21,9420,2025-04-11,1532,023204,,5,2,9,1500,0,3,5,,2,070,"BARLOW STREET","CENTER STREET",0.00,,Y,A,-,N,,,,,,,,,,Y,2,0,1,2,A,-,09,21802,A,N,C,C,A,A,H,-,D,D,0,,,Y,,Y,,A,01,1,0,0,0,0,0,0,0,1,"- ","- ",35.372280120849609,-118.95865631103516,KERN,UNINCORPORATED,-118.95857238769531,35.372222900390625
94658683,2025,2025-04-22,9420,2025-02-28,1845,023124,,5,2,9,1500,0,2,4,,1,072,"EDISON HIGHWAY","WEBSTER STREET",70.00,W,N,A,-,N,,,,,,,,,,Y,1,1,0,2,A,-,17,21200,A,N,C,G,A,A,H,-,C,D,0,,Y,,,Y,,L,04,0,0,0,0,0,1,0,0,0,"- ","- ",35.370071411132812,-118.96308135986328,KERN,UNINCORPORATED,-118.963134765625,35.370037078857422
94664293,2025,2025-04-25,9420,2025-02-18,1210,019140,,2,1,9,1500,0,1,3,,2,178,"STATE ROUTE 178","LAKE ISABELLA BOULEVARD",2212.00,E,N,A,-,Y,KER,,178," "," ",45.938,H,,R,Y,1,1,1,2,A,-,01,23152,F,N,E,9,A,A,H,-,A,D,0,,,,Y,Y,,A,01,0,0,1,0,0,0,0,0,0,"- ","- ",35.647960662841797,-118.45777130126953,KERN,UNINCORPORATED,-118.45780944824219,35.647968292236328
94676866,2024,2025-05-06,9420,2024-11-02,2335,022819,,6,3,9,1500,0,1,3,,2,430,"STATE ROUTE 43","BURBANK STREET",1267.00,N,N,A,-,Y,KER,,43," "," ",14.558,H,,R,N,1,1,0,2,A,-,08,22107,,F,A,G,A,A,H,-,D,D,0,,Y,,,Y,,D,22,0,0,0,0,0,1,0,0,0,"- ","- ",35.474220275878906,-119.26094818115234,KERN,UNINCORPORATED,-119.26090240478516,35.474220275878906
94680465,2025,2025-05-08,9420,2025-04-27,2210,022732,,7,3,9,1500,0,3,5,,2,040,"OLD ALFRED HARRELL HWY","MCMANNUS ROAD",2112.00,W,N,A,-,N,,,,,,,,,,N,2,0,1,2,A,-,11,21954,A,N,G,B,E,A,H,-,D,D,0,Y,,,,Y,,N,60,1,0,0,0,1,0,0,0,0,"- ","- ",35.418941497802734,-118.95597839355469,KERN,UNINCORPORATED,,
94680526,2024,2025-05-08,9420,2024-12-27,2500,022355,,5,4,9,1500,0,2,4,,1,051,"ROBERTS LANE","BRANDON WAY",80.00,N,N,A,-,N,,,,,,,,,,N,1,1,0,2,A,-,11,21954,A,F,G,B,D,A,H,-,D,D,0,Y,,,,Y,,N,60,0,0,0,1,0,0,0,0,0,"- ","- ",35.414058685302734,-119.05107879638672,KERN,UNINCORPORATED,-119.05092620849609,35.414104461669922
94687126,2025,2025-05-14,9420,2025-05-07,"230 ",023401,,3,3,9,1500,0,1,3,,2,584,"STATE ROUTE 58 E/B","S. CHESTER AVENUE",100.00,E,N,A,-,Y,KER,,58," ",R,53.545,H,,R,Y,2,0,1,2,A,-,01,23152,A,N,C,2,A,A,H,-,D,D,0,,,,,Y,Y,D,22,1,0,0,0,0,0,0,0,0,"- ","- ",35.352378845214844,-119.01846313476562,KERN,UNINCORPORATED,-119.01846313476562,35.352397918701172
94689209,2025,2025-05-15,9426,2025-05-03,2030,022873,,6,2,9,1500,0,3,5,,2,080,"ELK HILLS ROAD","SKYLINE ROAD",10032.00,S,N,A,-,N,,,,,,,,,,N,2,0,3,1,A,-,01,23152,A,N,F,I,A,A,H,-,D,D,0,,,,,Y,Y,D,22,2,1,0,0,0,0,0,0,0,"- ","- ",35.251651763916016,-119.46407318115234,KERN,UNINCORPORATED,-119.46430206298828,35.252323150634766
94702267,2025,2025-07-15,9426,2025-05-13,1645,016315,,2,2,9,1500,0,1,3,,1,118,"SR-119 (TAFT HIGHWAY)","TUPMAN ROAD",2640.00,E,N,B,-,Y,KER,,119," "," ",15.338,H,,R,Y,1,1,3,3,A,-,08,22107,,N,A,C,A,A,H,-,A,D,0,,,,Y,Y,Y,A,07,0,3,0,0,0,0,0,0,0,"- ","- ",35.267551422119141,-119.30255889892578,KERN,UNINCORPORATED,-119.30256652832031,35.267597198486328
94711016,2025,2025-06-03,9430,2025-05-22,2055,022823,,4,2,9,1500,0,2,4,,1,021,"LEBEC RD N/B","FRAZIER MOUNTAIN PARK RD",312.00,N,N,A,-,Y,,,,,,,,,,Y,2,0,2,2,A,-,03,22350,,N,A,C,A,A,H,-,C,D,0,,,,,Y,,A,07,1,1,0,0,0,0,0,0,0,"- ","- ",34.819068908691406,-118.88477325439453,KERN,UNINCORPORATED,-118.88478851318359,34.818984985351562
94711764,2025,2025-06-03,9426,2025-05-27,1200,016315,,2,1,9,1500,0,1,1,,2,506,"I-5 (S/B)","MILE MARKER 5 KER 27.50",512.00,N,N,A,-,Y,KER,,5," "," ",27.600,H,,L,N,2,0,2,1,A,-,08,22107,,N,F,A,A,A,H,-,A,D,0,,,,,Y,,A,07,1,1,0,0,0,0,0,0,0,"- ","- ",35.145648956298828,-119.09340667724609,KERN,UNINCORPORATED,-119.0933837890625,35.145668029785156
94720464,2025,2025-06-10,9426,2025-05-29,2003,018023,,4,2,9,1500,0,1,3,,2,582,SR-58,"WILLOW STREET",0.00,,Y,A,-,Y,KER,,58," "," ",27.910,H,,R,Y,2,0,3,2,A,-,01,23152,A,N,A,C,A,A,H,-,B,D,0,,,,,Y,Y,A,01,1,2,0,0,0,0,0,0,0,"- ","- ",35.399749755859375,-119.46308135986328,KERN,UNINCORPORATED,-119.46308135986328,35.399684906005859
94730270,2025,2025-06-18,9420,2025-06-03,"600 ",020366,,2,1,9,1500,0,1,3,,2,096,"SR-99 N/B",SR-223,1795.00,S,N,A,-,Y,KER,,99," "," ",13.065,H,,R,Y,2,0,4,2,A,-,08,22107,,N,B,C,A,A,H,-,A,D,0,,,,Y,Y,,D,22,1,0,3,0,0,0,0,0,0,"- ","- ",35.203571319580078,-119.00933074951172,KERN,UNINCORPORATED,-119.00937652587891,35.203563690185547
94740511,2025,2025-06-26,9830,2025-06-11,1900,024436,,3,2,9,1500,0,2,4,,1,034,"ROSAMOND BOULEVARD","28TH STREET W",20.00,E,N,A,-,N,,,,,,,,,,Y,2,0,1,2,A,-,03,22350,,M,B,C,A,A,H,-,A,D,0,,,Y,,Y,,C,02,1,0,0,0,0,0,0,0,1,"- ","- ",34.864151000976562,-118.18257904052734,KERN,UNINCORPORATED,-118.18256378173828,34.864093780517578
94742470,2025,2025-06-27,9420,2025-06-24,"735 ",019658,,2,1,9,1500,0,3,5,,2,060,"KNUDSEN DR.","OLIVE DR.",670.00,N,N,A,-,N,,,,,,,,,,Y,2,0,1,2,A,-,09,21801,A,N,D,C,A,A,H,-,A,D,0,,,,,Y,,A,08,1,0,0,0,0,0,0,0,0,"- ","- ",35.414329528808594,-119.05883026123047,KERN,UNINCORPORATED,-119.05876159667969,35.414108276367188
94744731,2024,2025-06-30,9430,2024-12-22,"455 ",022405,,7,3,9,1500,0,1,1,,2,054,"I-5 N/B (GOLDEN STATE FREEWAY)","SOUTH WHEELER RIDGE ROAD",4224.00,S,N,B,-,Y,KER,,5," "," ",12.433,H,,R,Y,1,1,0,1,A,-,08,22107,,N,E,8,A,A,H,-,D,D,0,,,,Y,Y,,G,25,0,0,0,0,0,0,0,0,0,"- ","- ",34.970989227294922,-118.94019317626953,KERN,UNINCORPORATED,-118.9403076171875,34.970966339111328
94774369,2025,2025-07-23,9420,2025-05-09,1227,021802,,5,1,9,1500,0,1,3,,1,176,"STATE ROUTE 178 WESTBOUND","HALEY STREET OVERCROSSING",440.00,E,N,A,-,Y,KER,,178," ",R,4.184,H,,L,Y,1,1,0,1,A,-,01,23152,F,N,E,8,A,A,H,-,A,D,0,,,,,Y,,A,01,0,0,0,0,0,0,0,0,0,"- ","- ",35.392658233642578,-118.97493743896484,KERN,UNINCORPORATED,-118.97495269775391,35.392684936523438
9479649,2022,2022-09-19,1508,2022-07-20,1440,141,2B,3,5,2,1508,0,0,0,,0,,"HILLARD ST","SANDY CREEK",186.00,S,N,A,-,N,,,,,,,,,,Y,2,0,6,2,A,-,08,22107,,N,A,C,A,A,H,-,A,D,0,,,,,Y,,A,01,2,4,0,0,0,0,0,0,0,"- ","- ",35.141841888427734,-119.47367095947266,KERN,TAFT,-119.47399799999999,35.143048999999998
94807681,2025,2025-08-18,9420,2025-06-27,2200,023229,,5,3,9,1500,0,2,4,,1,072,"EDISON HWY","E. CALIFORNIA AVE",10.00,E,N,A,-,N,,,,,,,,,,Y,2,0,1,2,A,-,08,22107,,F,E,J,A,A,H,-,C,D,0,,,,,Y,,A,01,1,0,0,0,0,0,0,0,0,"- ","- ",35.368598937988281,-118.95722961425781,KERN,UNINCORPORATED,-118.95726013183594,35.368633270263672
9504067,2022,2022-10-13,1506,2022-05-05,1642,1304,28,4,5,4,1506,0,0,0,,0,,"N WARNER ST","W ARGUS AV",62.00,S,N,A,-,N,,,,,,,,,,Y,1,1,0,1,A,-,08,22107,,N,E,I,A,A,H,-,A,A,0,,,,,Y,,A,01,0,0,0,0,0,0,0,0,0,"- ","- ",35.62615966796875,-117.67442321777344,KERN,RIDGECREST,-117.67438507080078,35.625991821289062
9504086,2022,2022-10-28,1508,2022-08-21,2121,53,6B,7,5,2,1508,0,0,0,,0,,RT-33,"WOOD ST",0.00,,Y,A,-,Y,KER,6,33,-,-,17.568,I,5,S,Y,1,2,3,2,A,-,01,23153,A,N,D,C,A,A,H,-,C,A,0,,,,Y,Y,Y,A,01,2,0,1,0,0,0,0,0,0,"- ","- ",35.126091003417969,-119.43311309814453,KERN,TAFT,-119.44562530517578,35.131656646728516
9504090,2022,2022-10-25,1500,2022-08-28,2019,202050,WA-02,7,5,3,1510,0,0,0,,0,4401,"POPLAR AV","FILBURN AV",15.00,N,N,A,-,N,,,,,,,,,,N,1,1,0,2,A,-,05,21650,1,N,D,G,A,A,H,-,D,A,0,,Y,,,Y,,L,04,0,0,0,0,0,1,0,0,0,"- ","- ",,,KERN,WASCO,-119.34494781494141,35.579822540283203
9504126,2022,2022-10-25,1511,2022-10-01,0617,53303,3,6,5,2,1511,0,0,0,,0,00A,"CALIFORNIA CITY BL","YERBA BL",230.00,W,N,A,-,N,,,,,,,,,,Y,1,2,1,2,A,-,00,21561,B,N,A,C,A,A,H,-,C,D,0,,,,,Y,,A,01,1,0,0,0,0,0,0,0,0,"- ","- ",35.125778198242188,-118.00356292724609,KERN,"CALIFORNIA CITY",-118.00418090820312,35.125720977783203
9512390,2022,2022-11-01,1500,2022-10-03,1857,202421,WA02,1,5,3,1510,0,0,0,,0,4401,"PERSIMMON ST","QUAKING ASPEN AV",0.00,,Y,A,-,N,,,,,,,,,,N,2,0,1,2,A,-,09,21801,A,N,G,G,A,A,H,-,A,D,0,,Y,,,Y,,L,04,1,0,0,0,0,0,1,0,0,"- ","- ",,,KERN,WASCO,-119.35264587402344,35.603748321533203
9520209,2021,2023-06-20,1502,2021-08-28,0035,1225,,6,5,6,1502,0,0,0,,0,SOUTH,"HARRIS RD","COUNTRY MEADOW DR",35.00,W,N,A,-,N,,,,,,,,,,N,1,1,0,2,A,-,01,21200,5,F,H,G,A,A,H,-,C,D,0,,Y,,,Y,Y,L,04,0,0,0,0,0,1,0,0,0,"- ","- ",35.302730560302734,-119.05477142333984,KERN,BAKERSFIELD,-119.05357360839844,35.303192138671875
9520667,2022,2023-07-25,1502,2022-04-29,2258,1185,,5,5,6,1502,0,0,0,,0,SOUTH,"RT 119","MICHELE ST",236.00,W,N,A,-,Y,KER,6,119,-,-,30.860,H,-,W,N,1,1,1,2,A,-,11,21954,A,N,G,B,E,A,A,-,D,D,0,Y,,,,Y,,N,60,0,1,0,1,0,0,0,0,0,"- ","- ",35.266460418701172,-119.02825927734375,KERN,BAKERSFIELD,-119.02755737304688,35.266853332519531
9520675,2022,2023-07-05,1502,2022-05-13,0026,1225,,5,5,6,1502,0,0,0,,0,VALLEY,"WHITE LN","HUGHES LN",0.00,,Y,A,-,N,,,,,,,,,,Y,1,1,1,2,A,-,01,23153,G,N,D,C,A,A,H,-,C,A,0,,,,,Y,Y,A,01,0,1,0,0,0,0,0,0,0,"- ","- ",35.3177490234375,-119.03029632568359,KERN,BAKERSFIELD,-119.03009033203125,35.317611694335938
9520676,2022,2023-07-05,1502,2022-03-09,2250,1338,,3,5,6,1502,0,0,0,,0,CENTRA,"WHITE LN","DOVEWOOD ST",0.00,,Y,A,-,N,,,,,,,,,,Y,1,1,0,2,A,-,03,22350,,N,D,C,A,A,H,-,C,D,0,,,,,Y,Y,A,01,0,0,0,0,0,0,0,0,0,"- ","- ",35.317569732666016,-119.05172729492188,KERN,BAKERSFIELD,-119.05171966552734,35.317817687988281