CASE_ID,ACCIDENT_YEAR,PROC_DATE,JURIS,COLLISION_DATE,COLLISION_TIME,OFFICER_ID,REPORTING_DISTRICT,DAY_OF_WEEK,CHP_SHIFT,POPULATION,CNTY_CITY_LOC,SPECIAL_COND,BEAT_TYPE,CHP_BEAT_TYPE,CITY_DIVISION_LAPD,CHP_BEAT_CLASS,BEAT_NUMBER,PRIMARY_RD,SECONDARY_RD,DISTANCE,DIRECTION,INTERSECTION,WEATHER_1,WEATHER_2,STATE_HWY_IND,CALTRANS_COUNTY,CALTRANS_DISTRICT,STATE_ROUTE,ROUTE_SUFFIX,POSTMILE_PREFIX,POSTMILE,LOCATION_TYPE,RAMP_INTERSECTION,SIDE_OF_HWY,TOW_AWAY,COLLISION_SEVERITY,NUMBER_KILLED,NUMBER_INJURED,PARTY_COUNT,PRIMARY_COLL_FACTOR,PCF_CODE_OF_VIOL,PCF_VIOL_CATEGORY,PCF_VIOLATION,PCF_VIOL_SUBSECTION,HIT_AND_RUN,TYPE_OF_COLLISION,MVIW,PED_ACTION,ROAD_SURFACE,ROAD_COND_1,ROAD_COND_2,LIGHTING,CONTROL_DEVICE,CHP_ROAD_TYPE,PEDESTRIAN_ACCIDENT,BICYCLE_ACCIDENT,MOTORCYCLE_ACCIDENT,TRUCK_ACCIDENT,NOT_PRIVATE_PROPERTY,ALCOHOL_INVOLVED,STWD_VEHTYPE_AT_FAULT,CHP_VEHTYPE_AT_FAULT,COUNT_SEVERE_INJ,COUNT_VISIBLE_INJ,COUNT_COMPLAINT_PAIN,COUNT_PED_KILLED,COUNT_PED_INJURED,COUNT_BICYCLIST_KILLED,COUNT_BICYCLIST_INJURED,COUNT_MC_KILLED,COUNT_MC_INJURED,PRIMARY_RAMP,SECONDARY_RAMP,LATITUDE,LONGITUDE,COUNTY,CITY,POINT_X,POINT_Y
9520678,2022,2023-07-05,1502,2022-05-03,2045,1185,,2,5,6,1502,0,0,0,,0,CENTRA,"MING AV","PINON SPRINGS CIR",0.00,,Y,A,-,N,,,,,,,,,,Y,1,1,1,2,A,-,03,22350,,F,D,C,A,A,H,-,C,D,0,,,,,Y,,A,07,1,0,0,0,0,0,0,0,0,"- ","- ",35.335601806640625,-119.06764221191406,KERN,BAKERSFIELD,-119.0697021484375,35.335243225097656
9526285,2023,2023-02-24,1508,2023-01-29,"833 ",111,6B,7,5,2,1508,0,0,0,,0,,"GARDNER FIELD RD","GAS COMPANY RD",1.00,S,N,A,-,N,,,,,,,,,,Y,2,0,1,1,A,-,03,22350,,N,F,A,A,A,H,-,A,D,0,,,,,Y,,A,07,1,0,0,0,0,0,0,0,0,"- ","- ",35.136970520019531,-119.41281890869141,KERN,TAFT,-119.41276550292969,35.136940002441406
9583690,2023,2023-07-27,1500,2023-06-20,"511 ",201576,WA02,2,5,3,1510,0,0,0,,0,4401,"RT 43","KIMBERLINA RD",0.00,,Y,A,-,Y,,,,,,,,,,Y,2,0,6,2,A,-,12,21453,A,N,D,C,A,A,H,-,A,A,0,,,,,Y,,A,01,1,5,0,0,0,0,0,0,0,"- ","- ",,,KERN,WASCO,-119.33203887939453,35.558002471923828
9589915,2023,2023-07-24,1507,2023-06-03,2359,301,29,6,5,3,1507,0,0,0,,0,,"ZERKER RD","LERDO HWY",1612.00,S,N,A,-,N,,,,,,,,,,Y,2,0,1,1,A,-,01,23152,A,N,E,I,A,A,H,-,D,A,0,,,,,Y,Y,A,01,1,0,0,0,0,0,0,0,0,"- ","- ",,,KERN,SHAFTER,-119.15264129638672,35.495185852050781
9601457,2023,2023-08-25,1508,2023-07-22,"216 ",140,5B,6,5,2,1508,0,0,0,,0,,"RT 119","E KERN ST",693.00,N,N,A,-,Y,KER,6,119,-,-,0.470,H,-,W,Y,2,0,1,1,A,-,08,22107,,N,E,I,A,A,H,-,D,D,0,,,,,Y,Y,A,01,1,0,0,0,0,0,0,0,0,"- ","- ",35.142448425292969,-119.44724273681641,KERN,TAFT,-119.44724273681641,35.142646789550781
9602688,2023,2023-09-27,1511,2023-06-26,"853 ",53344,9,1,5,2,1511,0,0,0,,0,DIRT,"20 MULE TEAM PKWY","ESSE BL",0.00,,Y,A,-,N,,,,,,,,,,N,2,0,1,1,A,-,08,22107,,N,F,I,A,A,H,-,A,A,0,,,,,Y,,A,07,1,0,0,0,0,0,0,0,0,"- ","- ",35.168598175048828,-117.84426116943359,KERN,"CALIFORNIA CITY",-117.84426116943359,35.168571472167969
9611261,2023,2023-09-21,1501,2023-08-19,1720,637,13,6,5,3,1501,0,0,0,,0,001,"4TH AV","C ST",0.00,,Y,A,G,N,,,,,,,,,,Y,2,0,3,2,A,-,09,21800,,N,B,C,A,A,H,-,B,A,0,,,,,Y,,A,01,1,1,1,0,0,0,0,0,0,"- ","- ",35.210948944091797,-118.82579803466797,KERN,ARVIN,-118.82579803466797,35.210933685302734
9611262,2023,2023-09-21,1501,2023-08-27,1629,637,24,7,5,3,1501,0,0,0,,0,003,"TESORO DR","CENTELLA WY",105.00,W,N,A,-,N,,,,,,,,,,Y,2,0,1,1,A,-,03,22350,,N,B,E,A,A,H,-,A,D,0,,,Y,,Y,,C,02,1,0,0,0,0,0,0,0,1,"- ","- ",35.185478210449219,-118.83853912353516,KERN,ARVIN,-118.83852386474609,35.185268402099609
9616701,2023,2023-11-28,1506,2023-08-23,"531 ",1304,11,3,5,4,1506,0,0,0,,0,,"N NORMA ST","W SYDNOR",59.00,N,N,A,-,N,,,,,,,,,,Y,2,0,1,2,A,-,11,21950,B,N,G,B,E,A,H,-,C,D,0,Y,,,,Y,,A,01,1,0,0,0,1,0,0,0,0,"- ","- ",35.638870239257812,-117.67778778076172,KERN,RIDGECREST,-117.67874145507812,35.640903472900391
9622720,2023,2023-11-07,1507,2023-09-28,1340,302,20,4,5,3,1507,0,0,0,,0,,"E LOS ANGELES AV","SANTA FE HWY",0.00,,Y,A,-,N,,,,,,,,,,N,2,0,2,2,A,-,12,22450,,N,D,C,A,A,H,-,A,A,0,,,,,Y,,A,01,1,1,0,0,0,0,0,0,0,"- ","- ",35.492210388183594,-119.26091766357422,KERN,SHAFTER,-119.26103973388672,35.492149353027344
9640413,2024,2024-05-28,1508,2024-03-28,"516 ",33,6B,4,5,2,1508,0,0,0,,0,,"RT 33","CADET RD",326.00,N,N,A,-,Y,KER,6,33,-,-,14.500,H,-,N,Y,1,1,0,3,A,-,06,21751,,N,D,C,A,A,H,-,D,D,0,,,,,Y,,A,01,0,0,0,0,0,0,0,0,0,"- ","- ",35.096229553222656,-119.41116333007812,KERN,TAFT,-119.41184234619141,35.096931457519531
9640671,2024,2024-07-03,1506,2024-05-17,1730,1304,46,5,5,4,1506,0,0,0,,0,,"E BOWMAN RD","S SUNLAND ST",0.00,,Y,A,-,N,,,,,,,,,,Y,1,1,0,2,A,-,12,22450,,N,D,C,A,A,H,-,A,A,0,,,Y,,Y,,C,02,0,0,0,0,0,0,0,1,0,"- ","- ",35.608009338378906,-117.66142272949219,KERN,RIDGECREST,-117.66124725341797,35.608039855957031
9640802,2023,2024-08-06,1502,2023-05-12,1619,1418,,5,5,6,1502,0,0,0,,0,SOUTH,"MCCUTCHEN RD","MOUNTAIN RIDGE DR",0.00,,Y,A,-,N,,,,,,,,,,Y,1,1,2,2,A,-,12,22450,A,N,D,C,A,A,H,-,A,A,0,,,,,Y,,A,01,0,1,1,0,0,0,0,0,0,"- ","- ",35.281459808349609,-119.0660400390625,KERN,BAKERSFIELD,-119.06552886962891,35.281467437744141
9643703,2023,2023-11-29,1501,2023-10-09,"716 ",640,10,1,5,3,1501,0,0,0,,0,002,"HAVEN DR","SOUTH HILL ST",0.00,,Y,A,-,N,,,,,,,,,,N,2,0,1,2,A,-,10,21950,A,F,G,B,D,A,H,-,A,D,0,Y,,,,Y,,A,01,1,0,0,0,1,0,0,0,0,"- ","- ",35.205429077148438,-118.83316040039062,KERN,ARVIN,-118.83094024658203,35.205425262451172
9662271,2023,2025-07-23,1511,2023-11-29,1826,53341,1,3,5,2,1511,0,0,0,,0,00A,"CALIFORNIA CITY BL","DEEP WELL ST",0.00,,Y,A,-,N,,,,,,,,,,Y,1,1,0,2,A,-,17,21454,A,N,G,B,E,A,H,-,D,D,0,Y,,,,Y,Y,N,60,0,0,0,1,0,0,0,0,0,"- ","- ",35.125450134277344,-118.07742309570312,KERN,"CALIFORNIA CITY",-118.08155822753906,35.12548828125
9667877,2024,2024-04-27,1506,2024-02-03,"620 ",9922,45,6,5,4,1506,0,0,0,,0,,"S CHINA LAKE BL","E BOWMAN RD",0.00,,Y,G,-,N,,,,,,,,,,Y,2,0,1,2,A,-,12,21453,A,N,D,D,A,A,H,-,B,A,0,,,,,Y,,A,08,1,0,0,0,0,0,0,0,0,"- ","- ",35.607818603515625,-117.67063140869141,KERN,RIDGECREST,-117.67055511474609,35.607814788818359
9716076,2024,2024-08-16,1509,2024-06-15,1102,1028,W,6,5,3,1509,0,0,0,,0,,"TUCKER RD","TEHACHAPI BL",0.00,,Y,A,-,N,,,,,,,,,,Y,2,0,1,2,A,-,09,21804,,N,B,C,A,A,H,-,A,D,0,,,Y,,Y,,A,01,1,0,0,0,0,0,0,0,1,"- ","- ",35.131721496582031,-118.46733093261719,KERN,TEHACHAPI,-118.46728515625,35.131771087646484
9738880,2024,2024-10-16,1508,2024-09-27,2153,65,6B,5,5,2,1508,0,0,0,,0,,"GARDNER FIELD RD","INDUSTRIAL WY",507.00,E,N,A,-,N,,,,,,,,,,N,2,0,1,2,A,-,00,21954,,N,G,B,D,A,H,-,A,D,0,Y,,,,Y,,N,60,1,0,0,0,1,0,0,0,0,"- ","- ",35.136749267578125,-119.44333648681641,KERN,TAFT,-119.43797302246094,35.136920928955078
9747572,2024,2024-10-28,1506,2024-09-29,"118 ",7566,2,7,5,4,1506,0,0,0,,0,,"W GRAAF AV","N DOWNS ST",616.00,W,N,A,-,N,,,,,,,,,,Y,2,0,1,3,A,-,01,23152,B,N,C,C,A,A,H,-,C,A,0,,,,,Y,Y,D,22,1,0,0,0,0,0,0,0,0,"- ","- ",35.648288726806641,-117.68966674804688,KERN,RIDGECREST,-117.68983459472656,35.648048400878906
9748530,2024,2024-11-14,1506,2024-10-18,1630,9998,10,5,5,4,1506,0,0,0,,0,001,"W MARBELLA DR","ARROYO ST",40.00,N,N,A,-,N,,,,,,,,,,N,2,0,1,1,A,-,03,22350,,N,F,-,A,A,H,-,B,A,0,,,Y,,Y,Y,C,02,1,0,0,0,0,0,0,0,1,"- ","- ",35.639339447021484,-117.69464874267578,KERN,RIDGECREST,-117.69464874267578,35.639339447021484
9764394,2024,2025-03-28,1511,2024-12-16,2200,53324,7,1,5,2,1511,0,0,0,,0,00A,"NORTH LOOP BL","EVERETTE DR",0.00,,Y,A,-,N,,,,,,,,,,Y,2,0,1,1,A,-,03,22350,,N,E,I,A,A,H,-,C,D,0,,,,,Y,,A,01,1,0,0,0,0,0,0,0,0,"- ","- ",35.132991790771484,-117.94454193115234,KERN,"CALIFORNIA CITY",-117.94423675537109,35.133182525634766
9786397,2024,2025-07-17,1502,2024-08-22,"440 ",1225,,4,5,6,1502,0,0,0,,0,NORTH,"KNUDSEN DR","OLIVE DR",500.00,S,N,A,-,N,,,,,,,,,,N,1,1,0,2,A,-,11,21954,A,N,G,B,E,A,H,-,D,D,0,Y,,,,Y,,N,60,0,0,0,1,0,0,0,0,0,"- ","- ",35.411888122558594,-119.05857849121094,KERN,BAKERSFIELD,-119.05876922607422,35.410896301269531
9793581,2025,2025-04-11,1500,2025-02-10,"535 ",025,,1,5,3,1510,0,0,0,,0,,"RT 43",PROSPECT,0.00,,Y,A,-,Y,KER,6,43,-,R,22.600,H,-,S,Y,2,0,1,2,A,-,03,22350,,N,C,C,A,A,H,-,D,D,0,,,,Y,Y,,A,01,1,0,0,0,0,0,0,0,0,"- ","- ",35.565288543701172,-119.33335113525391,KERN,WASCO,-119.33329010009766,35.565017700195312
9807811,2025,2025-05-20,1501,2025-05-04,2018,650,15,7,5,3,1501,0,0,0,,0,002,"HOOD ST","WALKER ST",20.00,W,N,A,-,N,,,,,,,,,,N,2,0,1,1,A,-,03,22350,,N,H,-,A,A,H,-,C,D,0,,,,,Y,Y,-,99,1,0,0,0,0,0,0,0,0,"- ","- ",,,KERN,ARVIN,-118.83545684814453,35.203609466552734
9829145,2025,2025-06-25,1507,2025-05-20,"545 ",318,100,2,5,3,1507,0,0,0,,0,,"ZERKER RD","7TH STANDARD RD",0.00,N,N,A,-,N,,,,,,,,,,Y,2,0,2,2,A,-,08,22107,,N,D,C,A,A,H,-,A,D,0,,,,,Y,Y,A,01,1,0,1,0,0,0,0,0,0,"- ","- ",35.441669464111328,-119.15434265136719,KERN,SHAFTER,-119.15435791015625,35.441539764404297
9866820,2024,2025-08-18,1502,2024-02-15,"209 ",1362,,4,5,6,1502,0,0,0,,0,,"COTTONWOOD RD","PACHECO RD",318.00,N,N,A,-,N,,,,,,,,,,N,1,1,0,2,A,-,11,21954,A,F,G,B,E,A,H,-,D,D,0,Y,,,,Y,,N,60,0,0,0,1,0,0,0,0,0,"- ","- ",,,KERN,BAKERSFIELD,-118.98541259765625,35.310420989990234
9866821,2025,2025-08-21,1507,2025-01-19,"240 ",302,100,7,5,3,1507,0,0,0,,0,,"E RIVERSIDE AV","MENDOTA ST",150.00,E,N,A,-,N,,,,,,,,,,Y,1,1,0,1,A,-,08,22107,,N,E,J,A,A,H,-,D,D,0,,,,,Y,,A,01,0,0,0,0,0,0,0,0,0,"- ","- ",35.485210418701172,-119.24294281005859,KERN,SHAFTER,,
5912031,2014,2015-12-21,1502,2014-01-03,0304,1100,,5,5,6,1502,0,0,0,,0,,"NEW STINE RD","MING AV",0.00,,Y,A,-,N,,,,,,,,,,Y,1,1,0,2,A,-,01,23152,A,F,D,C,A,A,H,-,C,A,0,,,,,Y,Y,A,01,0,0,0,0,0,0,0,0,0,"- ","- ",,,KERN,BAKERSFIELD,-119.06098002,35.338230039999999
5912129,2014,2014-02-14,9420,2014-01-04,1445,15261,,6,2,9,1500,0,3,5,,2,540,"MCCOMBS AV","PALM AV",0.00,,Y,A,-,N,,,,,,,,,,Y,1,1,3,2,A,-,12,22450,A,N,D,C,A,A,H,-,A,A,0,,,,,Y,,A,07,2,1,0,0,0,0,0,0,0,"- ","- ",35.349049999999998,-119.34905000000001,KERN,UNINCORPORATED,-119.34908994,35.616040079999998
6290197,2014,2015-12-21,9420,2014-02-03,1736,19578,,1,2,9,1500,0,1,3,,2,588,"RT 58","BEALVILLE RD",7920.00,E,N,A,-,Y,KER,6,58,-,-,78.560,H,-,W,Y,1,1,1,2,A,-,05,21651,B,N,A,C,A,A,H,-,D,D,1,,,,Y,Y,Y,A,01,0,0,1,0,0,0,0,0,0,"- ","- ",35.25526,-118.60861,KERN,UNINCORPORATED,-118.61002630999999,35.256003380000003
6290198,2014,2015-12-21,9420,2014-02-04,1812,17243,,2,2,4,1503,0,1,3,,2,091,"RT 99","WOOLLOMES AV",1506.00,N,N,A,-,Y,KER,6,99,-,-,54.770,H,-,S,Y,1,1,1,1,A,-,08,22107,,N,E,I,A,A,H,-,C,D,1,,,,,Y,Y,A,07,1,0,0,0,0,0,0,0,0,"- ","- ",35.751249999999999,-119.24887,KERN,DELANO,-119.24565861000001,35.75092969
6290251,2014,2015-12-21,9426,2014-02-28,1300,17321,,5,1,9,1500,0,1,3,,1,461,"RT 46","ROWLEE RD",3696.00,W,N,B,C,Y,KER,6,46,-,-,43.340,H,-,E,Y,1,1,2,2,A,-,06,21751,,N,D,C,A,B,H,-,A,D,0,,,,,Y,,A,01,0,0,2,0,0,0,0,0,0,"- ","- ",35.60042,-119.48383,KERN,UNINCORPORATED,-119.46793752000001,35.60113818
6290348,2014,2014-04-25,9426,2014-01-25,2205,18932,,6,3,9,1500,0,1,3,,1,118,"RT 119","ELK HILLS RD",2079.00,W,N,A,-,Y,KER,6,119,-,R,9.650,H,-,W,Y,1,1,1,1,A,-,01,23152,A,F,E,I,A,A,H,-,C,D,0,,,Y,,Y,Y,C,02,0,1,0,0,0,0,0,1,1,"- ","- ",35.183680000000003,-119.45263,KERN,UNINCORPORATED,-119.36659917999999,35.234900639999999
6290600,2014,2014-07-18,9420,2014-04-25,2005,18626,,5,2,6,1502,0,1,3,,2,093,"RT 99","RT 58",30.00,N,N,B,C,Y,KER,6,58,-,T,52.296,R,2,W,Y,1,2,2,2,A,-,03,22350,,N,D,C,A,B,H,-,C,D,1,,,,Y,Y,,A,01,1,1,0,0,0,0,0,0,0,TO,"- ",35.382100000000001,-119.04458,KERN,BAKERSFIELD,-119.04453028,35.383187939999999
6290601,2014,2015-12-29,9420,2014-04-25,2104,19598,,5,2,9,1500,0,1,3,,2,093,"RT 99","RT 65",1584.00,S,N,C,-,Y,KER,6,99,-,R,29.470,H,-,S,Y,1,1,0,1,A,-,01,23152,A,N,E,I,A,B,H,-,D,D,1,,,,,Y,Y,D,22,0,0,0,0,0,0,0,0,0,"- ","- ",35.429580000000001,-119.07159,KERN,UNINCORPORATED,-119.07176122,35.430042
6290974,2014,2014-10-10,9420,2014-06-07,2100,019578,,6,2,9,1500,0,3,5,,2,520,"COUNTY LINE RD","MELCHER RD",477.00,W,N,A,-,N,,,,,,,,,,N,1,1,0,2,A,-,11,21954,A,N,G,B,D,A,H,-,D,D,0,Y,,,,Y,,N,60,0,0,0,1,0,0,0,0,0,"- ","- ",35.190339999999999,-119.27831999999999,KERN,UNINCORPORATED,-119.27796664,35.790383390000002
6291187,2014,2015-04-24,9420,2014-07-04,0720,015261,,5,1,9,1500,0,3,5,,2,510,"COUNTY LINE RD","DRIVER RD",1020.00,E,N,A,-,N,,,,,,,,,,Y,1,1,0,5,A,-,01,23152,A,N,C,E,A,A,H,-,A,D,0,,,,,Y,Y,A,01,0,0,0,0,0,0,0,0,0,"- ","- ",35.790700000000001,-119.20175,KERN,UNINCORPORATED,-119.20189261,35.790521490000003
6291188,2014,2014-08-26,9426,2014-07-04,2103,018932,,5,2,9,1500,0,1,3,,1,460,"RT 46","MARTIN AV",0.00,,Y,A,-,Y,KER,6,46,-,-,30.390,I,5,W,N,1,1,2,3,A,-,03,22350,,N,G,B,E,A,H,-,D,D,0,Y,,,,Y,,A,01,0,2,0,1,1,0,0,0,0,"- ","- ",,,KERN,UNINCORPORATED,-119.69144223000001,35.616075860000002
6291260,2014,2014-10-23,9426,2014-08-07,2148,18633,,4,2,9,1500,0,1,1,,2,502,"RT 5","EASTSSIDE CANAL RD",682.00,S,N,A,-,Y,KER,6,5,-,-,67.870,H,-,S,Y,1,1,0,3,A,-,03,22350,,F,C,C,A,A,H,-,D,D,1,,,Y,Y,Y,,C,02,0,0,0,0,0,0,0,1,0,"- ","- ",35.55688,-119.59696,KERN,UNINCORPORATED,-119.59741851,35.557280249999998
6291265,2014,2014-10-23,1502,2014-08-30,0045,784,,6,5,6,1502,0,0,0,,0,,"RT 58","VERDUGO LN",385.00,E,N,A,-,N,,,,,,,,,,Y,1,2,1,2,A,-,01,23153,A,N,C,C,A,A,H,-,A,D,0,,,,,Y,Y,A,01,1,0,0,0,0,0,0,0,0,"- ","- ",,,KERN,BAKERSFIELD,-119.1176945,35.3835409
6291337,2014,2015-12-30,9830,2014-07-12,0040,18700,,6,3,9,1500,0,1,3,,2,010,"RT 58","RT 202",10560.00,W,N,A,-,Y,KER,6,58,-,R,88.690,H,-,W,Y,1,1,0,1,A,-,01,23152,E,N,F,A,A,A,H,-,D,D,1,,,,,Y,,A,01,0,0,0,0,0,0,0,0,0,"- ","- ",35.169370000000001,-118.47451,KERN,UNINCORPORATED,-118.47436911,35.169140489999997
6291345,2014,2015-12-30,9420,2014-07-26,1050,16973,,6,1,9,1500,0,3,5,,2,520,"POND RD","DRIVER RD",0.00,,Y,A,-,N,,,,,,,,,,Y,1,2,2,2,A,-,12,22450,A,N,D,C,A,A,H,-,A,A,0,,,,Y,Y,,A,01,0,1,1,0,0,0,0,0,0,"- ","- ",35.717570000000002,-119.20499,KERN,UNINCORPORATED,-119.20505994,35.717820099999997
6291402,2014,2015-12-18,9420,2014-09-01,0900,018486,,1,1,6,1502,0,1,3,,2,094,"RT 99","WIBLE RD",40.00,W,N,A,-,Y,KER,6,99,-,-,25.451,R,2,N,Y,1,1,0,1,A,-,01,23152,A,N,E,I,A,A,H,-,A,D,1,,,Y,,Y,Y,C,02,0,0,0,0,0,0,0,1,0,TO,"- ",35.351100000000002,-119.03828,KERN,BAKERSFIELD,-119.04438214,35.380254809999997
6291506,2014,2014-10-30,1502,2014-09-09,0809,1100,,2,5,6,1502,0,0,0,,0,,"ASHE RD","PANAMA LN",0.00,,Y,A,-,N,,,,,,,,,,Y,1,1,2,4,A,-,12,21453,A,N,D,C,A,A,H,-,A,A,0,,,,,Y,,A,08,0,1,1,0,0,0,0,0,0,"- ","- ",,,KERN,BAKERSFIELD,-119.07448002,35.296060099999998
6291706,2014,2015-12-17,9830,2014-09-25,1423,15252,,4,2,9,1500,0,1,2,,1,053,"RT 395","CHINA LAKE BL",0.00,,Y,A,-,Y,KER,6,395,-,R,14.995,I,5,N,Y,1,1,2,2,A,-,12,22450,A,N,D,C,A,A,H,-,A,A,0,,,Y,,Y,,D,22,0,2,0,0,0,0,0,1,0,"- ","- ",35.551020000000001,-117.71369,KERN,UNINCORPORATED,-117.71368987,35.551023909999998
6291801,2014,2015-01-12,9830,2014-11-04,1214,18494,,2,1,9,1500,0,1,3,,1,022,"RT 58","TWENTY MULE TEAM RD",888.00,W,N,A,-,Y,KER,6,58,-,R,136.230,H,-,E,Y,1,1,2,1,A,-,08,22107,,N,F,A,A,A,H,-,A,D,1,,,,,Y,,A,07,1,1,0,0,0,0,0,0,0,"- ","- ",35.003500000000003,-117.76603,KERN,UNINCORPORATED,-117.76591523,35.003520510000001
6291951,2014,2015-02-10,9420,2014-12-31,0839,15255,,3,1,9,1500,0,1,3,,1,176,"RT 178","BERNARD ST",223.00,E,N,B,-,Y,KER,6,178,-,R,3.850,H,-,W,Y,1,1,0,1,A,-,08,22107,,N,E,I,A,A,H,-,A,D,1,,,,,Y,,A,01,0,0,0,0,0,0,0,0,0,"- ","- ",35.939019999999999,-118.98094,KERN,UNINCORPORATED,-118.98036494,35.390487870000001
6292024,2014,2015-03-19,1502,2014-01-24,1210,1100,,5,5,6,1502,0,0,0,,0,,"P ST","BRUNDAGE LN",360.00,N,N,A,-,N,,,,,,,,,,Y,1,1,0,3,A,-,08,22107,,N,C,E,A,A,H,-,A,D,0,,,,,Y,,A,01,0,0,0,0,0,0,0,0,0,"- ","- ",,,KERN,BAKERSFIELD,-119.01188999999999,35.354867810000002
6292025,2014,2015-03-19,1502,2014-02-02,1944,1100,,7,5,6,1502,0,0,0,,0,,"HARRIS RD","CARACAS AV",6.00,E,N,A,-,N,,,,,,,,,,N,1,1,0,2,A,-,09,21802,A,N,H,G,A,A,H,-,C,A,0,,Y,,,Y,,L,04,0,0,0,0,0,1,0,0,0,"- ","- ",,,KERN,BAKERSFIELD,-119.07260992,35.303289810000003
6292214,2015,2017-04-25,9420,2015-03-26,2027,15466,,4,2,9,1500,0,3,5,,2,030,"CALIENTE CREEK RD","BROWNFIELD ST",528.00,N,N,A,-,N,,,,,,,,,,Y,1,1,1,1,A,-,03,22350,,N,F,A,A,A,H,-,D,D,0,,,,Y,Y,Y,F,26,1,0,0,0,0,0,0,0,0,"- ","- ",35.318480000000001,-118.39373999999999,KERN,UNINCORPORATED,-118.39371666,35.318473179999998
6292229,2015,2016-01-11,9420,2015-04-07,1338,16969,,2,1,9,1500,0,1,3,,1,184,"RT 184","SUNSET BL",0.00,,Y,B,-,Y,KER,6,184,-,L,1.000,I,5,S,Y,1,1,2,3,A,-,09,21802,A,N,D,C,A,A,H,-,A,A,0,,,,,Y,,A,01,0,0,2,0,0,0,0,0,0,"- ","- ",35.223439999999997,-118.91457,KERN,UNINCORPORATED,-118.91447672,35.2232713
6292254,2015,2015-06-10,9420,2015-03-14,1030,16153,,6,1,6,1502,0,1,3,,2,093,"RT 99","BUCK OWENS BL",68.00,N,N,A,-,Y,KER,6,99,-,-,26.538,R,2,S,Y,1,1,0,1,A,-,01,23152,E,N,E,I,A,A,H,-,A,D,1,,,,,Y,,D,22,0,0,0,0,0,0,0,0,0,FR,"- ",35.399760000000001,-119.04446,KERN,BAKERSFIELD,-119.04482941000001,35.395958329999999
6292410,2015,2015-07-27,9420,2015-03-15,1335,17253,,7,1,9,1500,0,3,5,,2,060,"PALM AV","COUNTRY BREEZE PL",759.00,W,N,A,-,N,,,,,,,,,,N,1,1,0,2,A,-,08,22107,,F,E,I,F,A,H,-,A,D,0,Y,,,,Y,,D,22,0,0,0,1,0,0,0,0,0,"- ","- ",35.375100000000003,-119.11356000000001,KERN,UNINCORPORATED,-119.11316481,35.375185299999998
6292428,2015,2017-04-04,9420,2015-05-25,0235,19723,,1,3,9,1500,0,3,5,,2,410,"ROUND MOUNTAIN RD","GOLDEN HILLS AV",26928.00,N,N,A,-,N,,,,,,,,,,Y,1,1,2,1,A,-,01,23152,A,N,F,A,A,A,H,-,D,D,0,,,,,Y,Y,A,07,2,0,0,0,0,0,0,0,0,"- ","- ",35.492989999999999,-118.89225,KERN,UNINCORPORATED,-118.89235497,35.493098869999997
6292431,2015,2015-08-04,9420,2015-05-29,2354,19311,,5,3,9,1500,0,1,3,,1,184,"RT 184","HERMOSA RD",1065.00,N,N,A,-,Y,KER,6,184,-,-,5.260,H,-,N,N,1,1,0,2,A,-,08,22107,,F,G,B,E,A,H,-,D,D,0,Y,,,,Y,,A,01,0,0,0,1,0,0,0,0,0,"- ","- ",35.31373,-118.91436,KERN,UNINCORPORATED,-118.91432168999999,35.313510010000002
6292593,2015,2015-09-09,9830,2015-07-10,0525,14774,,5,3,9,1500,0,3,5,,2,003,"90TH ST WEST","AVENUE A",0.00,,Y,A,-,N,,,,,,,,,,Y,1,1,2,2,A,-,12,22450,A,N,D,C,A,A,H,-,B,A,0,,,,,Y,,D,22,0,0,2,0,0,0,0,0,0,"- ","- ",34.819960000000002,-118.29031000000001,KERN,UNINCORPORATED,-118.29048007,34.820100019999998
6292792,2015,2016-04-28,1500,2015-06-01,0502,201081,WA-02,1,5,3,1510,0,0,0,,0,4401,"WASCO AV","POSO DR",1000.00,S,N,A,-,N,,,,,,,,,,Y,1,1,0,2,D,-,00,,,N,G,B,E,A,H,-,D,D,0,Y,,,,Y,,-,"- ",0,0,0,1,0,0,0,0,0,"- ","- ",,,KERN,WASCO,-119.33159798,35.584225060000001
6292804,2015,2016-02-22,9420,2015-07-26,2500,19856,,7,4,9,1500,0,3,5,,2,672,"EDISON RD","EDISON HWY",0.00,,Y,A,-,N,,,,,,,,,,Y,1,1,0,1,A,-,01,23152,E,N,F,A,A,A,H,-,D,A,0,,,Y,,Y,,C,02,0,0,0,0,0,0,0,1,0,"- ","- ",35.349800000000002,-118.87873,KERN,UNINCORPORATED,-118.87869001999999,35.349660030000003
6292818,2015,2016-02-24,1502,2015-10-08,1251,1195,,4,5,6,1502,0,0,0,,0,NORTH,"ZERKER RD","7TH STANDARD RD",2350.00,S,N,A,-,N,,,,,,,,,,Y,1,1,2,2,A,-,08,22107,,N,D,C,A,A,H,-,A,D,0,,,,,Y,,A,01,0,1,1,0,0,0,0,0,0,"- ","- ",35.442010000000003,-119.15367000000001,KERN,BAKERSFIELD,-119.15436,35.441540000000003
6292820,2015,2016-02-24,1502,2015-08-22,0513,784,,6,5,6,1502,0,0,0,,0,,"WHITE LN","MOUNTAIN VIEW DR",26.00,W,N,A,-,N,,,,,,,,,,Y,1,2,2,1,A,-,08,22107,,N,E,I,A,A,H,-,C,A,0,,,,,Y,,A,01,1,1,0,0,0,0,0,0,0,"- ","- ",35.325629999999997,-119.11859,KERN,BAKERSFIELD,-119.11876023000001,35.325288610000001
6292821,2015,2016-02-24,1502,2015-07-15,2243,1120,,3,5,6,1502,0,0,0,,0,,"BUCK OWENS BL","RIVERSIDE DR",76.00,N,N,A,-,N,,,,,,,,,,N,1,1,0,2,A,-,11,21954,A,F,G,B,D,A,H,-,C,D,0,Y,,,,Y,Y,N,60,0,0,0,1,0,0,0,0,0,"- ","- ",,,KERN,BAKERSFIELD,-119.04318944000001,35.38399854