CASE_ID,ACCIDENT_YEAR,PROC_DATE,JURIS,COLLISION_DATE,COLLISION_TIME,OFFICER_ID,REPORTING_DISTRICT,DAY_OF_WEEK,CHP_SHIFT,POPULATION,CNTY_CITY_LOC,SPECIAL_COND,BEAT_TYPE,CHP_BEAT_TYPE,CITY_DIVISION_LAPD,CHP_BEAT_CLASS,BEAT_NUMBER,PRIMARY_RD,SECONDARY_RD,DISTANCE,DIRECTION,INTERSECTION,WEATHER_1,WEATHER_2,STATE_HWY_IND,CALTRANS_COUNTY,CALTRANS_DISTRICT,STATE_ROUTE,ROUTE_SUFFIX,POSTMILE_PREFIX,POSTMILE,LOCATION_TYPE,RAMP_INTERSECTION,SIDE_OF_HWY,TOW_AWAY,COLLISION_SEVERITY,NUMBER_KILLED,NUMBER_INJURED,PARTY_COUNT,PRIMARY_COLL_FACTOR,PCF_CODE_OF_VIOL,PCF_VIOL_CATEGORY,PCF_VIOLATION,PCF_VIOL_SUBSECTION,HIT_AND_RUN,TYPE_OF_COLLISION,MVIW,PED_ACTION,ROAD_SURFACE,ROAD_COND_1,ROAD_COND_2,LIGHTING,CONTROL_DEVICE,CHP_ROAD_TYPE,PEDESTRIAN_ACCIDENT,BICYCLE_ACCIDENT,MOTORCYCLE_ACCIDENT,TRUCK_ACCIDENT,NOT_PRIVATE_PROPERTY,ALCOHOL_INVOLVED,STWD_VEHTYPE_AT_FAULT,CHP_VEHTYPE_AT_FAULT,COUNT_SEVERE_INJ,COUNT_VISIBLE_INJ,COUNT_COMPLAINT_PAIN,COUNT_PED_KILLED,COUNT_PED_INJURED,COUNT_BICYCLIST_KILLED,COUNT_BICYCLIST_INJURED,COUNT_MC_KILLED,COUNT_MC_INJURED,PRIMARY_RAMP,SECONDARY_RAMP,LATITUDE,LONGITUDE,COUNTY,CITY,POINT_X,POINT_Y
6292891,2017,2017-09-26,1503,2017-05-13,0637,10146,1503,6,5,4,1503,0,0,0,,0,ALL,"11TH AV","ALBANY ST",0.00,,Y,A,-,N,,,,,,,,,,Y,1,1,5,2,A,-,12,22450,A,F,D,C,A,A,H,-,A,D,0,,,,,Y,,A,01,0,1,4,0,0,0,0,0,0,"- ","- ",,,KERN,DELANO,-119.25851992,35.768450039999998
6328001,2014,2015-07-20,9430,2014-01-05,0735,17187,,7,1,9,1500,0,3,5,,2,004,"WHEELER RIDGE RD","1ST ST",1036.00,S,N,A,-,N,,,,,,,,,,Y,2,0,2,1,A,-,08,22107,,N,E,I,A,A,H,-,A,A,0,,,,,Y,,A,01,1,1,0,0,0,0,0,0,0,"- ","- ",35.004330000000003,-118.94353,KERN,UNINCORPORATED,-118.94334236,35.004871360000003
6342536,2014,2014-06-06,9420,2014-01-19,1920,015259,,7,2,9,1500,0,3,5,,2,672,"CURNOW RD","CHEVALIER RD",-132000.00,W,N,B,-,N,,,,,,,,,,Y,2,0,1,1,A,-,01,23152,A,N,E,I,A,A,H,-,D,D,0,,,,,Y,Y,D,22,1,0,0,0,0,0,0,0,0,"- ","- ",35.259590000000003,-119.01645000000001,KERN,UNINCORPORATED,-119.01192001,35.259520049999999
6352253,2014,2015-11-24,9420,2014-01-01,0335,018117,,3,3,9,1500,0,1,3,,2,584,"RT 58","COTTONWOOD RD",1007.00,W,N,A,-,Y,KER,6,58,-,R,55.590,H,-,E,Y,2,0,1,1,A,-,08,22107,,N,E,J,A,A,H,-,C,D,1,,,,,Y,,A,01,1,0,0,0,0,0,0,0,0,"- ","- ",35.352130000000002,-118.98841,KERN,UNINCORPORATED,-118.98226208,35.352290490000001
6360341,2014,2014-06-07,1502,2014-01-16,2028,965,,4,5,6,1502,0,0,0,,0,,"AKERS RD","WILSON RD",0.00,,Y,A,-,N,,,,,,,,,,Y,2,0,1,2,A,-,12,21453,A,N,A,C,A,A,H,-,C,A,0,,,,,Y,,A,08,1,0,0,0,0,0,0,0,0,"- ","- ",,,KERN,BAKERSFIELD,-119.04782007,35.332260050000002
6360365,2014,2015-04-13,1502,2014-01-17,0040,784,,5,5,6,1502,0,0,0,,0,,"FAIRVIEW RD","MONITOR ST",0.00,,Y,A,-,N,,,,,,,,,,Y,1,2,3,2,A,-,01,23152,A,N,D,C,A,A,H,-,C,A,0,,,,,Y,Y,D,22,0,0,3,0,0,0,0,0,0,"- ","- ",,,KERN,BAKERSFIELD,-119.01188999999999,35.303130070000002
6370336,2014,2014-06-03,1502,2014-01-23,2046,1033,,4,5,6,1502,0,0,0,,0,,"JEWETTA AV","BRAEMAR LN",345.00,N,N,G,-,N,,,,,,,,,,Y,2,0,1,1,A,-,08,22107,,N,E,I,A,A,H,-,C,D,0,,,,,Y,Y,A,01,1,0,0,0,0,0,0,0,0,"- ","- ",,,KERN,BAKERSFIELD,-119.12839293,35.360949179999999
6377222,2014,2014-06-11,1502,2014-02-23,0200,1048,,7,5,6,1502,0,0,0,,0,,"F ST","18TH ST",71.00,S,N,A,-,N,,,,,,,,,,Y,2,0,1,2,A,-,08,22107,,N,C,C,A,A,H,-,C,A,0,,,Y,,Y,,C,02,1,0,0,0,0,0,0,0,1,"- ","- ",,,KERN,BAKERSFIELD,-119.02349,35.375095180000002
6382922,2014,2015-11-17,9830,2014-02-14,0845,012065,,5,1,9,1500,0,1,3,,2,012,"RT 58","SAND CANYON RD",4752.00,E,N,A,-,Y,KER,6,58,-,R,100.210,H,-,E,Y,2,0,4,1,A,-,08,22107,,N,F,A,A,A,H,-,A,D,1,,,,,Y,,D,22,1,2,1,0,0,0,0,0,0,"- ","- ",35.100839999999998,-118.30915,KERN,UNINCORPORATED,-118.31273449,35.103812060000003
6385325,2014,2016-01-26,9420,2014-02-12,1710,016973,,3,2,9,1500,0,1,3,,1,650,"RT 65","MERCED AV",1584.00,N,N,A,-,Y,KER,6,65,-,-,7.570,H,-,S,Y,2,0,1,1,A,-,08,22107,,N,E,J,A,A,H,-,A,D,0,,,,,Y,,A,01,1,0,0,0,0,0,0,0,0,"- ","- ",35.539810000000003,-119.0836,KERN,UNINCORPORATED,-119.08534917,35.540774980000002
6386785,2014,2014-06-17,1509,2014-02-14,1518,932,T,5,5,3,1509,0,0,0,,0,,"W TEHACHAPI BL","TUCKER RD",312.00,E,N,A,-,N,,,,,,,,,,Y,2,0,1,3,A,-,"- ",,,N,D,C,A,B,H,-,A,D,0,,,Y,,Y,,C,02,1,0,0,0,0,0,0,0,1,"- ","- ",35.131740000000001,-118.46697,KERN,TEHACHAPI,-118.46624869999999,35.131749999999997
6393680,2014,2014-06-18,9420,2014-02-16,1559,018555,,7,2,9,1500,0,3,5,,2,050,"WILSON AV","SEQUOIA DR",73.00,W,N,A,-,N,,,,,,,,,,Y,2,0,1,3,A,-,01,23152,A,F,G,B,E,A,H,-,A,D,0,Y,,,,Y,Y,A,01,1,0,0,0,1,0,0,0,0,"- ","- ",35.417340000000003,-119.03471,KERN,UNINCORPORATED,-119.03470469,35.417270000000002
6399608,2014,2014-07-09,1502,2014-02-04,1809,1084,1502,2,5,6,1502,0,0,0,,0,,"GOSFORD RD","FICUS DR",372.00,N,N,A,-,N,,,,,,,,,,N,2,0,1,2,A,-,11,21954,A,N,G,B,D,A,H,-,D,D,0,Y,,,,Y,,N,60,1,0,0,0,1,0,0,0,0,"- ","- ",,,KERN,BAKERSFIELD,-119.09225000000001,35.321060750000001
6401963,2014,2015-02-03,1502,2014-02-12,2349,1120,,3,5,6,1502,0,0,0,,0,,"ASHE RD","NOTTINGHAM LN",526.00,S,N,A,-,N,,,,,,,,,,Y,2,0,1,1,A,-,01,23152,A,N,E,I,A,A,H,-,C,D,0,,,,,Y,Y,D,22,1,0,0,0,0,0,0,0,0,"- ","- ",,,KERN,BAKERSFIELD,-119.07450455,35.331366629999998
6408357,2014,2016-03-24,9430,2014-03-04,2209,16750,,2,3,9,1500,0,1,1,,2,052,"RT 5",LEBEC,4224.00,S,N,A,-,Y,KER,6,5,-,-,0.810,H,-,S,N,2,0,1,3,A,-,11,21954,A,F,G,B,E,A,H,-,D,D,1,Y,,,,Y,Y,N,60,1,0,0,0,1,0,0,0,0,"- ","- ",34.82638,-118.8729,KERN,UNINCORPORATED,-118.87260091,34.826817980000001
6412616,2014,2014-06-26,1502,2014-03-15,2145,P40,,6,5,6,1502,0,0,0,,0,,"NEW STINE RD","WILSON RD",0.00,,Y,A,-,N,,,,,,,,,,Y,2,0,4,2,A,-,12,21453,A,N,D,C,A,A,H,-,C,A,0,,,,,Y,,A,01,1,3,0,0,0,0,0,0,0,"- ","- ",,,KERN,BAKERSFIELD,-119.05823009,35.332170040000001
6422631,2014,2014-05-02,1500,2014-03-18,1159,201081,WA02,2,5,3,1510,0,0,0,,0,4401,"POSO DR","D ST",0.00,,Y,A,-,N,,,,,,,,,,Y,2,0,2,2,A,-,12,22450,A,N,D,C,A,A,G,-,A,A,0,,,,,Y,,-,,2,0,0,0,0,0,0,0,0,"- ","- ",,,KERN,WASCO,-119.33656992,35.587020039999999
6425468,2014,2015-11-17,9830,2014-03-22,0930,012065,,6,1,9,1500,0,1,3,,2,012,"RT 58","SAND CANYON RD",4224.00,W,N,A,-,Y,KER,6,58,-,R,98.680,H,-,E,N,2,0,1,3,A,-,11,21956,A,N,G,B,E,A,H,-,A,D,1,Y,,,,Y,,N,60,1,0,0,0,1,0,0,0,0,"- ","- ",35.110169999999997,-118.33705999999999,KERN,UNINCORPORATED,-118.33713517,35.110254980000001
6426996,2014,2014-06-26,1502,2014-03-09,1742,1028,,7,5,6,1502,0,0,0,,0,,"AKERS RD","WHITE SANDS DR",99.00,N,N,A,-,N,,,,,,,,,,Y,2,0,1,3,A,-,01,23153,A,N,C,G,A,A,H,-,A,D,0,,Y,,,Y,,A,01,1,0,0,0,0,0,1,0,0,"- ","- ",,,KERN,BAKERSFIELD,-119.04780377,35.29206164
6439488,2014,2014-07-01,1502,2014-03-11,2127,P53,,2,5,6,1502,0,0,0,,0,,"WHITE LN","KENNY ST",313.00,E,N,A,-,N,,,,,,,,,,N,2,0,1,2,A,-,11,21956,,N,G,B,E,A,H,-,C,D,0,Y,,,,Y,,N,60,1,0,0,0,1,0,0,0,0,"- ","- ",,,KERN,BAKERSFIELD,-119.00732214999999,35.317744070000003
6441454,2014,2014-07-07,9420,2014-03-24,0650,18307,,1,1,9,1500,0,2,4,,1,064,"KNUDSEN DR","OLIVE DR",0.00,,Y,A,-,N,,,,,,,,,,Y,2,0,3,2,A,-,01,23152,F,N,D,C,A,A,H,-,B,A,0,,,,,Y,Y,A,01,1,1,1,0,0,0,0,0,0,"- ","- ",35.412399999999998,-119.05877,KERN,UNINCORPORATED,-119.05878006,35.412410039999997
6446031,2014,2015-02-24,9430,2014-03-29,1530,18165,,6,2,9,1500,0,2,4,,1,022,"FRAZIER MOUNTAIN PARK RD","MONTEREY TRL",3168.00,W,N,A,-,N,,,,,,,,,,N,2,0,1,1,C,-,18,,,N,F,A,A,A,H,-,A,D,0,,Y,,,Y,,-,"- ",1,0,0,0,0,0,1,0,0,"- ","- ",34.819899999999997,-118.9593,KERN,UNINCORPORATED,-118.95593746,34.820060839999996
6446920,2014,2014-07-05,1501,2014-03-18,1715,933,12,2,5,3,1501,0,0,0,,0,001,"BEAR MOUNTAIN BL","MORTON PL",37.00,E,N,A,-,N,,,,,,,,,,N,2,0,1,2,B,-,22,,,F,G,B,F,A,H,-,A,D,0,Y,,,,Y,,A,01,1,0,0,0,1,0,0,0,0,"- ","- ",,,KERN,ARVIN,-118.83477867000001,35.209110950000003
6449402,2014,2015-11-24,9420,2014-03-31,0940,13206,9420,1,1,6,1502,0,1,3,,1,176,"RT 178","BEALE AV",150.00,E,N,A,-,Y,KER,6,178,-,R,3.430,H,-,W,Y,2,0,2,1,A,-,08,22107,,N,E,I,A,A,H,-,A,D,1,,,,,Y,,A,01,1,1,0,0,0,0,0,0,0,"- ","- ",35.386690000000002,-118.98547000000001,KERN,BAKERSFIELD,-118.98574065,35.386542259999999
6455873,2014,2014-07-10,9420,2014-04-21,1720,019206,,1,2,9,1500,0,2,4,,2,021,"SIERRA WY","CYRUS CYN RD",11088.00,E,N,A,-,N,,,,,,,,,,Y,2,0,1,1,A,-,03,22350,,N,F,A,A,A,H,-,A,D,0,,,Y,,Y,Y,C,02,1,0,0,0,0,0,0,0,1,"- ","- ",35.676720000000003,-118.41521,KERN,UNINCORPORATED,-118.41787476,35.678444759999998
6456955,2014,2014-07-10,1511,2014-04-09,1608,53054,,3,5,2,1511,0,0,0,,0,00A,"CALIFORNIA CITY BL","YERBA BL",21120.00,W,N,A,-,N,,,,,,,,,,Y,2,0,1,1,A,-,08,22107,,N,E,J,A,A,H,-,A,D,0,,,,,Y,,D,22,1,0,0,0,0,0,0,0,0,"- ","- ",35.125489999999999,-118.08181999999999,KERN,"CALIFORNIA CITY",-118.07388383,35.125492700000002
6459537,2014,2014-08-01,9830,2014-05-08,1415,012065,,4,2,9,1500,0,3,5,,2,001,"WOODFORD TEHACHAPI RD","KEENE RD",1584.00,E,N,A,-,N,,,,,,,,,,Y,2,0,1,1,A,-,03,22350,,N,F,A,A,A,H,-,A,D,0,,,Y,,Y,,C,02,1,0,0,0,0,0,0,0,1,"- ","- ",35.223239999999997,-118.56095999999999,KERN,UNINCORPORATED,,
6467666,2014,2016-05-12,9430,2014-04-11,1747,16691,,5,2,9,1500,0,1,1,,2,053,"RT 5","#2 TURN THROUGH",2640.00,N,N,A,-,Y,KER,6,5,-,-,6.680,H,-,N,Y,2,0,1,1,A,-,08,22107,,N,E,I,A,A,H,-,A,D,1,,,,,Y,,A,01,1,0,0,0,0,0,0,0,0,"- ","- ",34.893320000000003,-118.9162,KERN,UNINCORPORATED,-118.91481063000001,34.892453529999997
6469045,2014,2014-07-23,9420,2014-04-22,1050,018377,,2,1,9,1500,0,1,3,,1,184,"RT 184","MILLS DR",47.00,S,N,A,-,Y,,,184,,,,,,,Y,2,0,1,2,A,-,09,21801,A,F,E,I,A,A,H,-,A,D,0,,,,,Y,,D,22,1,0,0,0,0,0,0,0,0,"- ","- ",35.361229999999999,-118.91445,KERN,UNINCORPORATED,-118.9142523,35.361229719999997
6470244,2014,2014-07-09,9420,2014-04-23,0412,019351,,3,3,9,1500,0,2,4,,1,052,"CHINA GRADE LOOP","MANOR ST",5280.00,E,N,A,-,N,,,,,,,,,,Y,2,0,1,2,A,-,11,21954,A,N,G,B,E,A,H,-,D,D,0,Y,,,,Y,Y,N,60,1,0,0,0,1,0,0,0,0,"- ","- ",35.426819999999999,-118.99418,KERN,UNINCORPORATED,-118.99474055,35.4268511
6475835,2014,2014-07-18,1502,2014-04-13,1540,1028,,7,5,6,1502,0,0,0,,0,,"ROEHAMPTON AV","RANELAGH WY",291.00,W,N,A,-,N,,,,,,,,,,N,2,0,1,2,A,-,11,21954,A,N,G,B,D,A,H,-,A,D,0,Y,,,,Y,,N,60,1,0,0,0,1,0,0,0,0,"- ","- ",,,KERN,BAKERSFIELD,-119.11546774,35.410994969999997
6481626,2014,2015-09-11,1503,2014-04-25,2230,10150,,5,5,4,1503,0,0,0,,0,ALL,ALBANY,"14TH AV",0.00,,Y,A,-,N,,,,,,,,,,Y,2,0,3,2,A,-,09,21801,A,N,A,C,A,A,H,-,C,D,0,,,,,Y,,A,01,1,1,1,0,0,0,0,0,0,"- ","- ",,,KERN,DELANO,-119.25849997,35.772440039999999
6493749,2014,2014-08-07,9420,2014-05-13,1445,018626,,2,2,9,1500,0,2,4,,1,064,"OLIVE DR","FRUITVALE AV",0.00,,Y,A,-,N,,,,,,,,,,Y,2,0,4,5,A,-,12,21453,A,N,D,C,A,A,H,-,A,A,0,,,,,Y,,D,22,1,3,0,0,0,0,0,0,0,"- ","- ",35.412300000000002,-119.07449,KERN,UNINCORPORATED,-119.07461010999999,35.41247001
6494332,2014,2016-04-11,9830,2014-05-14,2306,017645,,3,3,9,1500,0,1,3,,2,014,"RT 58","BUS 58 WEST",4224.00,W,N,A,-,Y,KER,6,58,-,R,115.430,H,-,W,Y,2,0,1,2,A,-,03,22350,,N,D,C,A,A,H,-,D,D,1,,,,Y,Y,,G,25,1,0,0,0,0,0,0,0,0,"- ","- ",35.116909999999997,-118.19571000000001,KERN,UNINCORPORATED,-118.11270943,35.051991129999998
6495687,2014,2016-04-12,9420,2014-05-30,2030,016691,,5,2,9,1500,0,1,3,,2,204,"RT 204","AIRPORT DR",2640.00,S,N,A,-,Y,KER,6,204,-,-,5.980,H,-,S,Y,2,0,1,1,A,-,08,22107,,N,E,I,A,A,H,-,D,D,1,,,,,Y,,D,22,1,0,0,0,0,0,0,0,0,"- ","- ",35.339619999999996,-119.03194000000001,KERN,UNINCORPORATED,-119.03413079000001,35.398047179999999
6496216,2014,2016-04-09,9426,2014-06-04,2145,016162,,3,2,9,1500,0,1,1,,2,500,"RT 5","RT 46",5808.00,N,N,A,-,Y,KER,6,5,-,-,74.120,H,-,S,Y,2,0,1,2,A,-,03,22350,,N,C,C,A,A,H,-,D,D,1,,,,,Y,,A,01,1,0,0,0,0,0,0,0,0,"- ","- ",35.636360000000003,-119.66851,KERN,UNINCORPORATED,-119.66358561,35.629832610000001
6514061,2014,2016-04-09,9830,2014-06-11,2037,019615,,3,2,9,1500,0,1,3,,2,010,"RT 58","BROOME RD",13200.00,E,N,A,-,Y,KER,6,58,-,R,87.650,H,-,W,Y,2,0,1,1,C,-,18,,,N,E,J,A,A,G,-,D,D,1,,,Y,,Y,,-,"- ",1,0,0,0,0,0,0,0,1,"- ","- ",35.179180000000002,-118.48608,KERN,UNINCORPORATED,-118.48697409,35.17989438
6517250,2014,2014-08-08,9420,2014-06-02,0250,17870,,1,3,9,1500,0,2,4,,1,051,"NORTH CHESTER AV","BEARDSLEY AV",150.00,S,N,A,-,N,,,,,,,,,,Y,2,0,1,1,A,-,01,23152,A,N,F,A,A,A,H,-,C,D,0,,,Y,,Y,,C,02,1,0,0,0,0,0,0,0,1,"- ","- ",,,KERN,UNINCORPORATED,-119.02092687,35.404548320000004
6518808,2014,2014-08-01,1511,2014-05-25,1633,53025,9,7,5,2,1511,0,0,0,,0,DIRT,"TWENTY MULE TEAM","SCE POLE 1848865E",68.00,E,N,A,-,N,,,,,,,,,,N,2,0,1,1,A,-,03,38305,,N,F,A,A,A,A,-,A,D,0,,,Y,,Y,,C,02,1,0,0,0,0,0,0,0,1,"- ","- ",,,KERN,"CALIFORNIA CITY",,
6519094,2014,2014-08-12,9420,2014-06-08,1515,019466,,7,2,9,1500,0,3,5,,2,320,"ELIZABETH NORRIS RD","RT 178",10.00,N,N,A,-,Y,,,,,,,,,,Y,2,0,1,1,A,-,21,22106,,N,H,A,A,A,H,-,A,D,0,,,,,Y,,A,01,1,0,0,0,0,0,0,0,0,"- ","- ",35.611539999999998,-118.48942,KERN,UNINCORPORATED,-118.48961402,35.611894919999997
6524685,2014,2016-04-12,9420,2014-04-19,1915,016973,,6,2,9,1500,0,1,3,,2,430,"RT 43","GARCES HWY",1500.00,S,N,A,-,Y,KER,6,43,-,-,36.390,H,-,S,Y,2,0,1,1,A,-,01,23152,A,N,F,A,A,A,H,-,B,D,0,,,,,Y,Y,A,07,1,0,0,0,0,0,0,0,0,"- ","- ",35.75741,-119.34305000000001,KERN,UNINCORPORATED,-119.34309734999999,35.757374519999999
6536723,2014,2014-07-29,9420,2014-05-31,2028,9420,,6,2,9,1500,0,2,4,,1,072,"E BRUNDAGE LN","FAIRFAX RD",1110.00,E,N,A,-,N,,,,,,,,,,N,2,0,1,2,A,-,11,21954,A,N,G,B,E,A,H,-,D,D,0,Y,,,,Y,Y,N,60,1,0,0,0,1,0,0,0,0,"- ","- ",35.354289999999999,-118.9282,KERN,UNINCORPORATED,-118.92831259,35.354289620000003
6539486,2014,2014-08-27,9420,2014-06-21,2035,19459,,6,2,9,1500,0,3,5,,2,610,"DE ETTE AV","AKERS RD",0.00,,Y,A,-,N,,,,,,,,,,,2,0,1,2,A,-,10,21950,A,N,G,B,B,A,H,-,D,D,0,Y,,,,Y,,A,01,1,0,0,0,1,0,0,0,0,"- ","- ",35.306080000000001,-119.04776,KERN,UNINCORPORATED,-119.04781005,35.306080110000003
6539506,2014,2016-04-12,9420,2014-06-15,0100,018607,,7,3,9,1500,0,1,3,,2,097,"RT 99","RT 119",225.00,S,N,A,-,Y,KER,6,99,-,-,17.460,H,-,S,Y,2,0,1,1,A,-,01,23152,A,F,E,I,A,A,H,-,C,D,1,,,,,Y,Y,A,01,1,0,0,0,0,0,0,0,0,"- ","- ",35.268619999999999,-119.02372,KERN,UNINCORPORATED,-119.02292959,35.26629767
6542263,2014,2016-05-10,9420,2014-07-01,1244,016153,,2,1,9,1500,0,2,4,,1,052,"NORRIS RD","RT 99",363.00,E,N,A,-,Y,KER,6,99,-,-,28.907,R,4,N,N,2,0,1,2,A,-,08,22107,,N,B,G,A,A,H,-,A,D,1,,Y,,,Y,,D,22,1,0,0,0,0,0,1,0,0,"- ","- ",35.420200000000001,-119.05953,KERN,UNINCORPORATED,-119.06352644,35.425281949999999
6542287,2014,2014-08-08,9420,2014-06-19,1840,018909,,4,2,9,1500,0,3,5,,2,530,"KIMBERLINA RD","MAGNOLIA AV",0.00,,Y,A,-,N,,,,,,,,,,Y,2,0,5,3,A,-,12,22450,A,N,D,C,A,A,H,-,A,A,0,,,,,Y,,A,01,2,1,2,0,0,0,0,0,0,"- ","- ",35.557940000000002,-119.36736999999999,KERN,UNINCORPORATED,-119.36735988,35.557950030000001
6542315,2014,2014-08-08,9420,2014-06-26,0540,011880,,4,3,9,1500,0,3,5,,2,040,"JAMES RD","AIRPORT DR",1007.00,W,N,A,-,N,,,,,,,,,,Y,2,0,1,2,A,-,09,21804,A,N,D,C,A,A,H,-,B,D,0,,,Y,,Y,,M,50,1,0,0,0,0,0,0,0,1,"- ","- ",35.454470000000001,-119.04040999999999,KERN,UNINCORPORATED,-119.04040875,35.454409920000003
6546241,2014,2015-04-06,1502,2014-06-22,0159,1048,,7,5,6,1502,0,0,0,,0,,"PANORAMA DR","STONE CYN ST",10.00,W,N,A,-,N,,,,,,,,,,Y,2,0,1,1,A,-,08,22107,,N,E,I,A,A,H,-,D,D,0,,,,,Y,,I,10,1,0,0,0,0,0,0,0,0,"- ","- ",,,KERN,BAKERSFIELD,-118.91937350000001,35.403609160000002
6548181,2014,2016-01-11,9426,2014-06-25,1745,16162,,3,2,9,1500,0,1,3,,1,460,"RT 46","RT 33",0.00,,Y,A,-,Y,KER,6,33,-,R,60.168,I,5,S,Y,2,0,2,2,A,-,12,21453,A,N,D,C,A,A,H,-,A,A,0,,,,Y,Y,,G,25,2,0,0,0,0,0,0,0,0,"- ","- ",35.615090000000002,-119.86785999999999,KERN,UNINCORPORATED,-119.86579734999999,35.613245130000003
6558634,2014,2014-08-14,9420,2014-06-28,1410,019829,,6,2,9,1500,0,3,5,,2,050,"ROUND MOUNTAIN RD","VISTA DEL RIO CT",120.00,S,N,A,-,N,,,,,,,,,,Y,2,0,1,1,A,-,08,22107,,N,E,I,A,A,H,-,A,D,0,,,,,Y,,A,01,1,0,0,0,0,0,0,0,0,"- ","- ",35.262999999999998,-118.56399999999999,KERN,UNINCORPORATED,-118.94468037999999,35.442035699999998
6558921,2014,2014-08-22,9420,2014-07-04,0244,017243,,5,3,9,1500,0,3,5,,2,070,"VIRGINIA AV","MOUNT VERNON AV",20.00,W,N,A,-,N,,,,,,,,,,Y,2,0,1,1,A,-,03,22350,,N,E,I,A,A,H,-,C,A,0,,,,,Y,,A,01,1,0,0,0,0,0,0,0,0,"- ","- ",35.216830000000002,-118.5806,KERN,UNINCORPORATED,-118.96766699,35.361319340000001
6568925,2014,2014-08-23,1502,2014-07-02,0445,1072,,3,5,6,1502,0,0,0,,0,,"BELLE TERRACE","JONES ST",245.00,W,N,A,-,N,,,,,,,,,,Y,2,0,1,2,A,-,11,21956,,N,G,B,D,A,H,-,C,D,0,Y,,,,Y,,N,60,1,0,0,0,1,0,0,0,0,"- ","- ",,,KERN,BAKERSFIELD,-119.04985044,35.346800260000002
6569300,2014,2016-05-12,9426,2014-07-14,1640,012330,,1,2,9,1500,0,1,1,,2,500,"RT 5","RT 46",6336.00,N,N,B,-,Y,KER,6,5,-,-,74.220,H,-,S,Y,2,0,1,1,A,-,08,22107,,N,E,I,A,A,H,-,A,D,1,,,Y,,Y,,C,02,1,0,0,0,0,0,0,0,1,"- ","- ",35.630130000000001,-119.66386,KERN,UNINCORPORATED,-119.66450328000001,35.63106707
6571237,2014,2014-08-28,1502,2014-07-05,1649,965,,6,5,6,1502,0,0,0,,0,,"HAGEMAN RD","KEMPTON PARK WY",146.00,E,N,A,-,N,,,,,,,,,,N,2,0,2,3,A,-,08,22108,,N,H,A,A,A,H,-,A,D,0,,,Y,,Y,,A,07,1,1,0,0,0,0,0,0,2,"- ","- ",,,KERN,BAKERSFIELD,-119.11487074999999,35.397994840000003
6571576,2014,2016-05-12,9426,2014-07-14,2110,015472,,1,2,9,1500,0,1,1,,2,502,"RT 5","RT 58",2112.00,N,N,B,-,Y,KER,6,5,-,-,52.560,H,-,N,Y,2,0,1,2,A,-,03,22350,,N,C,C,A,A,H,-,D,A,1,,,,Y,Y,,G,25,1,0,0,0,0,0,0,0,0,"- ","- ",35.404649999999997,-119.40474,KERN,UNINCORPORATED,-119.40260661000001,35.402995230000002
6572498,2014,2014-08-27,1502,2014-07-12,2236,780,,6,5,6,1502,0,0,0,,0,,"WILSON RD","MARSHALL ST",93.00,W,N,A,-,N,,,,,,,,,,Y,2,0,1,2,A,-,03,22350,,N,C,C,A,A,H,-,C,D,0,,,,,Y,Y,A,01,1,0,0,0,0,0,0,0,0,"- ","- ",,,KERN,BAKERSFIELD,-119.0254614,35.332169999999998
6575688,2014,2014-08-28,9420,2014-07-12,2035,19723,,6,2,9,1500,0,3,5,,2,550,"KIMBERLINA RD","DRIVER RD",6864.00,W,N,A,-,N,,,,,,,,,,Y,2,0,1,1,A,-,01,23152,A,N,E,I,A,A,H,-,D,D,0,,,,,Y,Y,A,01,1,0,0,0,0,0,0,0,0,"- ","- ",35.557789999999997,-119.26259,KERN,UNINCORPORATED,-119.22761153,35.558424029999998
6576113,2014,2016-04-08,1508,2014-06-30,1940,53,1B,1,5,2,1508,0,0,0,,0,01B,"RT 33","HILLARD ST",0.00,,Y,A,-,Y,KER,6,33,-,-,19.480,H,-,N,Y,2,0,1,2,A,-,09,21801,A,N,A,C,A,A,H,-,A,D,0,,,,Y,Y,,D,22,1,0,0,0,0,0,0,0,0,"- ","- ",,,KERN,TAFT,-119.47081181999999,35.146815349999997
6578784,2014,2014-08-14,9830,2014-07-23,0140,019883,,3,3,9,1500,0,3,5,,2,005,"BROWN RD","BOWMAN RD",377.00,N,N,A,-,N,,,,,,,,,,Y,2,0,1,1,A,-,01,23152,A,N,E,I,A,A,H,-,D,D,0,,,,,Y,Y,A,01,1,0,0,0,0,0,0,0,0,"- ","- ",35.60857,-117.80028,KERN,UNINCORPORATED,-117.80027368,35.60858631
6583322,2014,2014-08-18,9420,2014-07-29,2300,19206,,2,3,9,1500,0,2,4,,2,021,"SIERRA WY","HANNING FLAT RD",4752.00,S,N,A,-,N,,,,,,,,,,Y,2,0,1,1,A,-,03,22350,,N,E,I,A,A,H,-,D,D,0,,,,,Y,,A,07,1,0,0,0,0,0,0,0,0,"- ","- ",35.675460000000001,-118.35630999999999,KERN,UNINCORPORATED,-118.356269,35.675082070000002
6596773,2014,2014-09-03,1502,2014-07-30,0101,936,,3,5,6,1502,0,0,0,,0,,"PANAMA LN","STINE RD",0.00,,Y,A,-,N,,,,,,,,,,Y,2,0,3,2,A,-,12,21453,A,N,A,C,A,A,H,-,C,A,0,,,,,Y,,A,07,1,0,2,0,0,0,0,0,0,"- ","- ",,,KERN,BAKERSFIELD,-119.05669014,35.295900029999999
6596844,2014,2014-09-10,1502,2014-08-05,1321,1049,,2,5,6,1502,0,0,0,,0,14-170,"CALIFORNIA AV","CHESTER LN",328.00,W,N,A,-,N,,,,,,,,,,N,2,0,1,1,A,-,08,22107,,N,E,I,A,A,H,-,A,D,0,,,,,Y,,A,07,1,0,0,0,0,0,0,0,0,"- ","- ",,,KERN,BAKERSFIELD,-119.04884822,35.367449790000002
6601220,2014,2014-09-22,9420,2014-08-08,1530,016969,,5,2,9,1500,0,2,4,,1,051,"NORTH CHESTER AV","ROBERTS LN",84.00,S,N,A,-,N,,,,,,,,,,Y,2,0,1,4,A,-,21,22106,,N,H,C,A,A,H,-,A,D,0,,,,,Y,,D,23,1,0,0,0,0,0,0,0,0,"- ","- ",35.407800000000002,-119.02086,KERN,UNINCORPORATED,-119.02107561,35.408409540000001