CASE_ID,ACCIDENT_YEAR,PROC_DATE,JURIS,COLLISION_DATE,COLLISION_TIME,OFFICER_ID,REPORTING_DISTRICT,DAY_OF_WEEK,CHP_SHIFT,POPULATION,CNTY_CITY_LOC,SPECIAL_COND,BEAT_TYPE,CHP_BEAT_TYPE,CITY_DIVISION_LAPD,CHP_BEAT_CLASS,BEAT_NUMBER,PRIMARY_RD,SECONDARY_RD,DISTANCE,DIRECTION,INTERSECTION,WEATHER_1,WEATHER_2,STATE_HWY_IND,CALTRANS_COUNTY,CALTRANS_DISTRICT,STATE_ROUTE,ROUTE_SUFFIX,POSTMILE_PREFIX,POSTMILE,LOCATION_TYPE,RAMP_INTERSECTION,SIDE_OF_HWY,TOW_AWAY,COLLISION_SEVERITY,NUMBER_KILLED,NUMBER_INJURED,PARTY_COUNT,PRIMARY_COLL_FACTOR,PCF_CODE_OF_VIOL,PCF_VIOL_CATEGORY,PCF_VIOLATION,PCF_VIOL_SUBSECTION,HIT_AND_RUN,TYPE_OF_COLLISION,MVIW,PED_ACTION,ROAD_SURFACE,ROAD_COND_1,ROAD_COND_2,LIGHTING,CONTROL_DEVICE,CHP_ROAD_TYPE,PEDESTRIAN_ACCIDENT,BICYCLE_ACCIDENT,MOTORCYCLE_ACCIDENT,TRUCK_ACCIDENT,NOT_PRIVATE_PROPERTY,ALCOHOL_INVOLVED,STWD_VEHTYPE_AT_FAULT,CHP_VEHTYPE_AT_FAULT,COUNT_SEVERE_INJ,COUNT_VISIBLE_INJ,COUNT_COMPLAINT_PAIN,COUNT_PED_KILLED,COUNT_PED_INJURED,COUNT_BICYCLIST_KILLED,COUNT_BICYCLIST_INJURED,COUNT_MC_KILLED,COUNT_MC_INJURED,PRIMARY_RAMP,SECONDARY_RAMP,LATITUDE,LONGITUDE,COUNTY,CITY,POINT_X,POINT_Y
6601548,2014,2016-05-12,9426,2014-08-18,0445,015548,,1,3,9,1500,0,1,1,,2,500,"RT 5","ROWLEE RD",8448.00,N,N,A,-,Y,KER,6,5,-,-,59.310,H,-,S,Y,2,0,8,1,A,-,08,22107,,N,F,A,A,A,H,-,D,D,1,,,,,Y,,A,07,1,5,2,0,0,0,0,0,0,"- ","- ",35.471350000000001,-119.49648000000001,KERN,UNINCORPORATED,-119.49222405,35.467796700000001
6602943,2014,2014-09-09,9420,2014-07-25,0718,19140,,5,1,9,1500,0,3,5,,2,070,"KENT DR","LOCUST RAVINE",100.00,N,N,A,-,N,,,,,,,,,,N,2,0,1,2,A,-,11,21954,A,F,G,B,D,A,H,-,A,D,0,Y,,,,Y,,N,60,1,0,0,0,1,0,0,0,0,"- ","- ",35.384169999999997,-118.95773,KERN,UNINCORPORATED,-118.95879699,35.383547069999999
6603204,2014,2014-09-03,9430,2014-08-10,2339,15185,,7,3,9,1500,0,2,4,,1,021,"FRAZIER MOUNTAIN PARK RD","PEACE VALLEY RD",837.00,W,N,A,-,N,,,,,,,,,,Y,2,0,1,2,A,-,08,22100,A,N,F,A,A,A,H,-,C,D,0,,,Y,,Y,,A,01,1,0,0,0,0,0,0,0,1,"- ","- ",34.81767,-118.88733999999999,KERN,UNINCORPORATED,-118.88752341,34.81793734
6603243,2014,2016-05-11,1502,2014-08-02,0346,1120,,6,5,6,1502,0,0,0,,0,,"UNION AV","8TH ST",206.00,N,N,A,-,Y,KER,6,204,-,-,2.850,H,-,S,N,2,0,1,2,A,-,05,21651,B,F,A,B,D,A,H,-,C,D,0,Y,,,,Y,,-,99,1,0,0,0,1,0,0,0,0,"- ","- ",,,KERN,BAKERSFIELD,-119.00296135000001,35.365074479999997
6606243,2014,2014-10-02,1502,2014-07-29,0642,1032,WES,2,5,6,1502,0,0,0,,0,,"WILSON RD","WESTHOLME BL",6.00,E,N,A,-,N,,,,,,,,,,Y,1,1,0,2,A,-,08,22107,,N,G,B,B,A,H,-,A,D,0,Y,,,,Y,,D,22,0,0,0,1,0,0,0,0,0,"- ","- ",,,KERN,BAKERSFIELD,-119.06455266,35.330798309999999
6606291,2014,2014-10-14,9420,2014-06-08,0845,015259,,7,1,9,1500,0,1,3,,2,096,"RT 99","RT 223",394.00,N,N,A,-,Y,KER,6,99,-,-,13.480,H,-,N,Y,1,1,1,1,A,-,01,23152,F,N,E,I,A,A,H,-,A,D,1,,,,,Y,Y,A,01,1,0,0,0,0,0,0,0,0,"- ","- ",35.210209999999996,-119.01029,KERN,UNINCORPORATED,-119.01029425999999,35.209516819999997
6606292,2014,2014-10-10,1505,2014-06-20,1744,M043,5,5,5,2,1505,0,0,0,,0,,"SAN LUCAS ST","POWER POLE #4600534E",79.00,N,N,A,-,N,,,,,,,,,,Y,1,1,0,2,A,-,21,22106,,N,G,B,E,A,G,-,A,D,0,Y,,,,Y,,A,01,0,0,0,1,0,0,0,0,0,"- ","- ",,,KERN,MCFARLAND,,
6606342,2014,2014-10-08,1502,2014-02-27,2205,1100,,4,5,6,1502,0,0,0,,0,,"MING AV","AKERS RD",0.00,,Y,B,-,N,,,,,,,,,,Y,1,1,0,2,A,-,09,21801,A,N,D,C,A,A,H,-,C,D,0,,,Y,,Y,,A,01,0,0,0,0,0,0,0,1,0,"- ","- ",,,KERN,BAKERSFIELD,-119.04778011000001,35.339460019999997
6607117,2014,2016-05-09,9430,2014-09-01,1830,18209,,1,2,9,1500,0,1,3,,1,066,"RT 166","STEVENS DR",0.00,,Y,A,-,Y,KER,6,166,-,-,26.572,I,5,E,Y,2,0,4,2,A,-,09,21802,A,N,D,C,A,A,H,-,A,A,0,,,,Y,Y,,F,55,1,1,2,0,0,0,0,0,0,"- ","- ",35.054580000000001,-118.96561,KERN,UNINCORPORATED,,
6612147,2014,2014-09-18,1502,2014-08-16,1344,1032,EAST,6,5,6,1502,0,0,0,,0,,"EAST PANAMA LN","SALINAS ST",5137.00,W,N,A,-,N,,,,,,,,,,Y,2,0,4,2,A,-,08,22107,,N,A,C,A,A,H,-,A,D,0,,,,,Y,,A,01,1,1,2,0,0,0,0,0,0,"- ","- ",,,KERN,BAKERSFIELD,-118.95700205999999,35.29601787
6617436,2014,2014-09-15,9420,2014-08-22,0535,015261,,5,3,9,1500,0,3,5,,2,550,"MERCED AV","WILDWOOD RD",1584.00,E,N,A,-,N,,,,,,,,,,Y,2,0,2,2,A,-,11,21954,A,N,G,B,D,A,H,-,B,D,0,Y,,,,Y,,N,60,1,1,0,0,1,0,0,0,0,"- ","- ",35.528739999999999,-119.43371,KERN,UNINCORPORATED,-119.43389151,35.528737120000002
6617440,2014,2014-09-15,9420,2014-08-27,0545,016767,,3,3,9,1500,0,3,5,,2,510,"POND RD","BROWNING RD",1056.00,W,N,A,-,N,,,,,,,,,,N,2,0,1,2,A,-,11,21954,A,N,G,B,E,A,H,-,B,D,0,Y,,,,Y,,N,60,1,0,0,0,1,0,0,0,0,"- ","- ",35.177990000000001,-119.22745,KERN,UNINCORPORATED,-119.22667341,35.717942090000001
6623040,2014,2014-10-01,9420,2014-09-02,2055,017253,,2,2,9,1500,0,2,4,,1,052,"ROBERTS LN","LOCUST ST",194.00,E,N,A,-,N,,,,,,,,,,N,2,0,1,2,A,-,11,21954,A,N,G,B,D,A,H,-,D,D,0,Y,,,,Y,,N,60,1,0,0,0,1,0,0,0,0,"- ","- ",35.408619999999999,-119.02879,KERN,UNINCORPORATED,-119.02820979000001,35.408630010000003
6625056,2014,2016-05-12,9430,2014-09-10,1225,018681,,3,1,9,1500,0,1,1,,2,054,"RT 5","SERVICE RD",317.00,S,N,A,-,Y,KER,6,5,-,-,12.460,H,-,S,Y,2,0,1,2,A,-,03,22350,,N,C,C,A,A,H,-,A,D,1,,,,Y,Y,,F,26,1,0,0,0,0,0,0,0,0,"- ","- ",34.971760000000003,-118.94095,KERN,UNINCORPORATED,-118.94067077,34.971296369999997
6627274,2014,2016-05-10,9420,2014-09-05,1740,016978,,5,2,6,1502,0,1,3,,2,093,"RT 99","RT 58",500.00,N,N,A,-,Y,KER,6,99,-,-,25.770,H,-,S,Y,2,0,1,2,A,-,03,22350,,N,C,C,A,A,H,-,A,D,1,,,Y,,Y,,C,02,1,0,0,0,0,0,0,0,1,"- ","- ",,,KERN,BAKERSFIELD,-119.04466238000001,35.384800390000002
6628679,2014,2014-09-27,1502,2014-09-01,1130,1062,,1,5,6,1502,0,0,0,,0,,"CLIPPER HILLS DR","BIG BEAR ST",35.00,W,N,A,-,N,,,,,,,,,,N,2,0,1,2,A,-,11,21956,,N,H,B,E,A,H,-,A,D,0,Y,,,,Y,,N,60,1,0,0,0,1,0,0,0,0,"- ","- ",,,KERN,BAKERSFIELD,-119.01696713,35.285380000000004
6635565,2014,2016-06-30,9420,2014-09-13,1455,019206,,6,2,9,1500,0,1,3,,2,178,"RT 178","CHINA GARDENS CAMPGROUND",528.00,W,N,A,-,Y,KER,6,178,-,-,28.110,H,-,W,Y,2,0,1,1,A,-,08,22107,,N,F,A,A,A,H,-,A,D,0,,,Y,,Y,,C,02,1,0,0,0,0,0,0,0,1,"- ","- ",35.531120000000001,-118.64905,KERN,UNINCORPORATED,-118.63927722,35.5310123
6656967,2014,2015-01-12,9420,2014-09-29,0050,018524,,1,3,9,1500,0,2,4,,1,072,"NILES ST","PESANTE RD",138.00,E,N,A,-,N,,,,,,,,,,Y,2,0,1,2,A,-,01,23152,A,N,E,I,A,A,H,-,C,D,0,,,,,Y,Y,A,01,1,0,0,0,0,0,0,0,0,"- ","- ",35.375900000000001,-118.9421,KERN,UNINCORPORATED,-118.9425777,35.375990000000002
6657742,2014,2014-12-10,9420,2014-10-03,0730,018030,,5,1,9,1500,0,2,4,,1,052,"ROBERTS LN","SEQUOIA DR",60.00,E,N,A,-,N,,,,,,,,,,N,2,0,1,2,A,-,12,21453,A,N,D,G,A,A,H,-,A,A,0,,Y,,,Y,,L,04,1,0,0,0,0,0,1,0,0,"- ","- ",35.405560000000001,-119.03377999999999,KERN,UNINCORPORATED,-119.03391891,35.40862181
6666241,2014,2014-12-15,9420,2014-10-04,1150,19206,,6,1,9,1500,0,1,3,,2,178,"RT 178","CHINA GARDENS CAMPGROUND",20.00,W,N,A,-,Y,,,178,,,,,,,Y,2,0,1,1,A,-,03,22350,,N,E,I,A,A,H,-,A,D,0,,,Y,,Y,,C,02,1,0,0,0,0,0,0,0,1,"- ","- ",35.531170000000003,-118.64857000000001,KERN,UNINCORPORATED,-118.64855965,35.531217179999999
6666289,2014,2014-12-15,9420,2014-10-04,0155,20163,,6,3,6,1502,0,1,3,,2,095,"RT 99","MING AV",2640.00,S,N,A,-,Y,,,99,,,,,,,N,2,0,1,2,A,-,01,23152,A,N,E,I,A,A,H,-,D,D,0,,,,,Y,Y,A,01,1,0,0,0,0,0,0,0,0,"- ","- ",35.33305,-119.03967,KERN,BAKERSFIELD,-119.03975606,35.33305
6675847,2014,2014-12-11,9830,2014-09-25,1220,014518,,4,1,9,1500,0,3,5,,2,004,"REDROCK RANDSBURG RD","NEURALIA RD",0.00,,Y,A,-,N,,,,,,,,,,Y,2,0,3,2,A,-,05,21460,A,N,-,C,A,A,H,-,A,A,0,,,,Y,Y,,G,25,2,1,0,0,0,0,0,0,0,"- ","- ",35.312519999999999,-117.98593,KERN,UNINCORPORATED,-117.9859601,35.31252001
6675902,2014,2014-12-03,1502,2014-10-01,2249,1048,,3,5,6,1502,0,0,0,,0,,"RT 119","MOUNTAIN RIDGE DR",908.00,E,N,A,-,Y,,,,,,,,,,Y,2,0,1,2,A,-,08,22107,,N,A,C,A,A,H,-,D,D,0,,,,Y,Y,,A,01,1,0,0,0,0,0,0,0,0,"- ","- ",,,KERN,BAKERSFIELD,,
6678023,2015,2016-01-29,1503,2015-06-08,1410,10116,1503,1,5,4,1503,0,0,0,,0,ALL,"NORWALK ST","20TH AV",34.00,N,N,A,-,N,,,,,,,,,,Y,1,1,2,1,A,-,01,23153,A,N,A,I,A,A,H,-,A,A,0,,,,,Y,Y,A,01,1,0,1,0,0,0,0,0,0,"- ","- ",,,KERN,DELANO,-119.24093999999999,35.783243310000003
6678025,2015,2016-02-03,1502,2015-06-25,1253,1167,,4,5,6,1502,0,0,0,,0,METRO,"CALIFORNIA AV","UNION AV",0.00,,Y,A,-,Y,KER,6,204,-,-,3.087,I,5,S,Y,1,1,0,2,A,-,11,21950,B,N,G,B,B,A,H,-,A,A,0,Y,,,Y,Y,,N,60,0,0,0,1,0,0,0,0,0,"- ","- ",,,KERN,BAKERSFIELD,-119.00294825,35.368454180000001
6678140,2015,2017-04-03,1511,2015-12-08,0640,53012,3,2,5,2,1511,0,0,0,,0,00A,"CALIFORNIA CITY BL","DOGBANE AV",200.00,W,N,A,-,N,,,,,,,,,,Y,1,1,0,1,A,-,"- ",,,N,E,J,A,A,H,-,D,D,0,,,,,Y,Y,A,01,0,0,0,0,0,0,0,0,0,"- ","- ",,,KERN,"CALIFORNIA CITY",-118.01800735,35.125665490000003
6678235,2017,2019-04-05,1502,2017-05-12,2133,1212,,5,5,6,1502,0,0,0,,0,METRO,"UNION AV","TEXAS ST",0.00,,Y,A,-,N,,,204,,,,,,,Y,1,1,0,2,A,-,11,21954,A,N,G,B,D,A,H,-,E,D,0,Y,,,,Y,,N,60,0,0,0,1,0,0,0,0,0,"- ","- ",35.357349999999997,-119.00270999999999,KERN,BAKERSFIELD,-119.00299292,35.357351039999998
6678261,2014,2014-11-19,9420,2014-09-27,1805,18805,,6,2,9,1500,0,1,3,,2,090,"RT 99","7TH STANDARD RD",16368.00,N,N,A,-,Y,KER,6,99,-,-,33.520,H,-,N,Y,1,1,1,2,A,-,08,22107,,N,E,J,A,A,H,-,B,D,1,,,,Y,Y,,A,01,0,1,0,0,0,0,0,0,0,"- ","- ",35.470860000000002,-119.12576,KERN,UNINCORPORATED,-119.12464844,35.469830389999998
6681416,2014,2014-12-12,9430,2014-10-16,0930,018397,,4,1,9,1500,0,3,5,,2,002,"SCOTT RUSSELL TRL","CUDDY VALLEY RD",6336.00,N,N,A,-,N,,,,,,,,,,Y,2,0,1,1,A,-,03,38305,,N,F,A,A,A,H,-,A,D,0,,,,,Y,,A,07,1,0,0,0,0,0,0,0,0,"- ","- ",34.839080000000003,-119.01603,KERN,UNINCORPORATED,-119.01525199,34.837813990000001
6682578,2014,2014-12-23,9420,2014-10-22,0755,016973,,3,1,6,1502,0,1,3,,2,095,"RT 99","WHITE LN",450.00,N,N,A,-,Y,,,99,,,,,,,Y,2,0,1,2,A,-,04,21703,,N,C,C,A,A,H,-,A,D,0,,,,,Y,,D,22,1,0,0,0,0,0,0,0,0,"- ","- ",35.318919999999999,-119.0365,KERN,BAKERSFIELD,-119.03642769,35.31893882
6683006,2014,2014-12-23,9426,2014-10-27,1733,016921,,1,2,9,1500,0,3,5,,2,081,"GARDNER FIELD RD","SOUTH LAKE RD",2112.00,S,N,A,-,N,,,,,,,,,,Y,2,0,4,1,A,-,08,22107,,N,E,I,A,A,H,-,A,D,0,,,,,Y,,A,01,1,1,2,0,0,0,0,0,0,"- ","- ",35.117139999999999,-119.35563,KERN,UNINCORPORATED,-119.35687833,35.118513989999997
6689810,2014,2014-12-03,1502,2014-10-26,0905,P63,,7,5,6,1502,0,0,0,,0,,"SNOW RD","COFFEE RD",316.00,E,N,A,-,N,,,,,,,,,,Y,2,0,1,1,A,-,08,22107,,N,E,I,A,A,H,-,A,D,0,,,,,Y,,D,22,1,0,0,0,0,0,0,0,0,"- ","- ",,,KERN,BAKERSFIELD,-119.0911806,35.426960010000002
6690634,2014,2015-01-07,9830,2014-10-26,1603,015116,,7,2,9,1500,0,3,5,,2,003,"TEHACHAPI WILLOW SPRINGS RD","HAMILTON RD",7920.00,N,N,A,-,N,,,,,,,,,,Y,2,0,1,1,A,-,08,22107,,N,E,I,A,A,H,-,A,D,0,,,,,Y,,A,01,1,0,0,0,0,0,0,0,0,"- ","- ",34.9146,-118.2914,KERN,UNINCORPORATED,-118.29140961,34.914443460000001
6695699,2014,2015-01-06,1502,2014-10-18,1035,754,,6,5,6,1502,0,0,0,,0,,"FRUITVALE AV","MADONNA AV",0.00,,Y,A,-,N,,,,,,,,,,Y,2,0,1,2,A,-,08,22107,,N,D,C,A,A,H,-,A,D,0,,,Y,,Y,,A,01,1,0,0,0,0,0,0,0,1,"- ","- ",,,KERN,BAKERSFIELD,-119.07455014,35.408310090000001
6696568,2014,2015-01-06,9420,2014-10-31,2340,19185,,5,3,9,1500,0,2,4,,1,075,"SOUTH UNION AV","WHITE LN",0.00,,Y,C,-,N,,,,,,,,,,Y,2,0,1,2,A,-,09,21800,D,N,D,C,A,B,H,-,D,C,0,,,Y,,Y,,C,02,1,0,0,0,0,0,0,0,1,"- ","- ",35.317039999999999,-119.00293000000001,KERN,UNINCORPORATED,-119.00313005,35.317750109999999
6699402,2014,2014-11-18,1508,2014-09-24,2040,39,3B,3,5,2,1508,0,0,0,,0,,"ADKISSON WY","1ST ST",13.00,E,N,A,-,N,,,,,,,,,,Y,2,0,1,2,A,-,10,21950,A,N,G,B,B,A,H,-,C,D,0,Y,,,,Y,,A,07,1,0,0,0,1,0,0,0,0,"- ","- ",,,KERN,TAFT,-119.45186938000001,35.140677349999997
6700643,2014,2014-12-08,1502,2014-10-29,1729,1108,,3,5,6,1502,0,0,0,,0,,"HOSKING AV","H ST",302.00,W,N,A,-,N,,,,,,,,,,N,2,0,1,2,A,-,08,22107,,F,G,B,F,A,H,-,A,D,0,Y,,,,Y,Y,D,22,1,0,0,0,1,0,0,0,0,"- ","- ",,,KERN,BAKERSFIELD,-119.02225584999999,35.281295129999997
6709690,2014,2015-01-06,1501,2014-10-26,0450,933,16,7,5,3,1501,0,0,0,,0,001,"BEAR MOUNTAIN BL","S DERBY ST",0.00,,Y,A,-,N,,,223,,,,,,,Y,2,0,4,2,A,-,12,22450,A,N,D,C,A,A,H,-,C,A,0,,,,Y,Y,,A,01,2,2,0,0,0,0,0,0,0,"- ","- ",35.209060000000001,-118.82374,KERN,ARVIN,-118.82374025999999,35.209120079999998
6718186,2014,2015-03-13,9420,2014-11-16,0012,17560,,7,3,9,1500,0,1,3,,1,119,"RT 119","BUENA VISTA RD",8976.00,W,N,A,-,Y,KER,6,119,-,-,23.560,H,-,W,Y,1,1,1,1,-,-,"- ",,,N,F,A,A,A,H,-,D,D,0,,,,,Y,,-,"- ",0,1,0,0,0,0,0,0,0,"- ","- ",35.267069999999997,-119.1602,KERN,UNINCORPORATED,-119.15821748,35.26717696
6718204,2014,2015-03-13,9420,2014-12-21,1513,19184,,7,2,9,1500,0,1,3,,2,430,"RT 43","W ELMO HWY",1056.00,N,N,B,-,Y,KER,6,43,-,-,31.630,H,-,N,Y,1,1,4,1,A,-,08,22107,,N,F,F,A,A,H,-,A,D,0,,,,,Y,Y,A,08,2,2,0,0,0,0,0,0,0,"- ","- ",35.692070000000001,-119.33063,KERN,UNINCORPORATED,-119.33055069,35.691482809999997
6718228,2014,2015-03-13,1502,2014-05-13,2200,1048,,2,5,6,1502,0,0,0,,0,,"S CHESTER AV","SANDRA DR",225.00,N,N,A,-,N,,,,,,,,,,N,1,1,0,2,A,-,11,21956,,N,G,B,E,A,H,-,D,D,0,Y,,,,Y,,N,60,0,0,0,1,0,0,0,0,0,"- ","- ",,,KERN,BAKERSFIELD,-119.01255904999999,35.329802749999999
6718282,2014,2016-01-14,1502,2014-12-20,0129,1167,,6,5,6,1502,0,0,0,,0,CENTRA,"NEW STINE RD","MING AV",469.00,N,N,A,-,N,,,,,,,,,,N,1,1,0,2,A,-,06,21750,,F,H,G,A,A,H,-,D,D,0,,Y,,,Y,,D,22,0,0,0,0,0,1,0,0,0,"- ","- ",,,KERN,BAKERSFIELD,-119.06122000000001,35.339499699999998
6718428,2014,2015-12-28,1502,2014-07-10,2150,784,,4,5,6,1502,0,0,0,,0,,"CHESTER AV","BEARDSLEY AV",823.00,S,N,A,-,N,,,,,,,,,,Y,1,1,0,2,A,-,17,21209,A,F,G,B,E,A,H,-,C,D,0,Y,,,,Y,Y,A,01,0,0,0,1,0,0,0,0,0,"- ","- ",,,KERN,BAKERSFIELD,-119.02006423,35.402843279999999
6718434,2014,2014-12-11,9420,2014-08-18,0413,19845,,1,3,9,1500,0,1,3,,2,096,"RT 99","SANDRINI RD",5280.00,S,N,A,-,Y,KER,6,99,-,-,6.710,H,-,N,Y,1,1,1,2,A,-,03,22350,,F,C,C,A,A,H,-,C,D,1,,,,Y,Y,,D,22,0,1,0,0,0,0,0,0,0,"- ","- ",35.111899999999999,-118.98532,KERN,UNINCORPORATED,-118.98546602,35.113733689999997
6718511,2014,2014-12-23,9830,2014-09-26,1958,18494,,5,2,9,1500,0,1,3,,2,043,"RT 58","RT 14",2491.00,W,N,A,-,Y,KER,6,58,-,M,110.650,H,-,E,Y,1,1,1,1,A,-,08,22107,,N,E,I,A,A,H,-,D,D,1,,,,,Y,,A,07,0,1,0,0,0,0,0,0,0,"- ","- ",35.102080000000001,-118.15204,KERN,UNINCORPORATED,-118.15190054,35.10209364
6718649,2017,2019-04-08,1503,2017-12-01,2500,10159,1503,5,5,4,1503,0,0,0,,0,ALL,"COUNTY LINE RD","UTILITY POLE# 1936088E",172.00,E,N,A,-,N,,,,,,,,,,N,1,1,0,2,A,-,11,21954,A,F,H,B,E,A,H,-,D,D,0,Y,,,,Y,,N,60,0,0,0,1,0,0,0,0,0,"- ","- ",,,KERN,DELANO,,
6718768,2017,2018-04-03,1507,2017-12-10,1626,194,20,7,5,3,1507,0,0,0,,0,,"SANTA FE WY","RIVERSIDE ST",1403.00,N,N,A,-,N,,,,,,,,,,Y,1,2,3,2,A,-,05,21460,A,N,A,C,A,A,H,-,A,D,0,,,,,Y,,A,01,3,0,0,0,0,0,0,0,0,"- ","- ",35.49221,-119.26092,KERN,SHAFTER,-119.25572387,35.487980059999998
6724052,2014,2015-01-13,9420,2014-11-08,1422,15119,,6,2,9,1500,0,3,5,,2,070,"MONICA ST","EL BESITO WY",119.00,S,N,A,-,N,,,,,,,,,,Y,2,0,2,1,A,-,03,22350,,N,E,I,A,A,H,-,A,D,0,,,,,Y,,A,01,2,0,0,0,0,0,0,0,0,"- ","- ",35.371070000000003,-118.90504,KERN,UNINCORPORATED,-118.90526663,35.371793519999997
6727583,2014,2015-01-05,1502,2014-10-17,0609,1167,,5,5,6,1502,0,0,0,,0,,"GOSFORD RD","FICUS DR",219.00,S,N,A,-,N,,,,,,,,,,N,2,0,1,2,A,-,11,21954,A,N,G,B,D,A,H,-,D,D,0,Y,,,,Y,,N,60,1,0,0,0,1,0,0,0,0,"- ","- ",,,KERN,BAKERSFIELD,-119.09227292,35.31943914
6727791,2014,2015-01-14,1502,2014-11-15,2329,984,,6,5,6,1502,0,0,0,,0,,"HAGEMAN RD","VERDUGO LN",0.00,,Y,A,-,N,,,,,,,,,,N,2,0,1,2,A,-,01,23152,A,N,G,B,B,A,H,-,C,A,0,Y,,,,Y,Y,A,01,1,0,0,0,1,0,0,0,0,"- ","- ",,,KERN,BAKERSFIELD,-119.11891014,35.398120050000003
6730922,2014,2015-01-16,9420,2014-11-29,1230,019466,,6,1,9,1500,0,1,3,,2,155,"RT 155","STODDARD RD",13200.00,W,N,A,-,Y,,,155,,,,,,,Y,2,0,1,1,A,-,08,22107,,N,H,I,A,A,H,-,A,D,0,,,Y,,Y,,C,02,1,0,0,0,0,0,0,0,1,"- ","- ",35.726210000000002,-118.53498999999999,KERN,UNINCORPORATED,-118.53503273,35.726250180000001
6731027,2014,2015-01-20,1502,2014-11-25,1218,965,,2,5,6,1502,0,0,0,,0,,"VALE ROYALE DR","VIENNA PL",29.00,E,N,A,-,N,,,,,,,,,,N,2,0,1,2,A,-,03,22350,,N,C,G,A,A,H,-,A,D,0,,Y,,,Y,,L,04,1,0,0,0,0,0,1,0,0,"- ","- ",,,KERN,BAKERSFIELD,-118.89043280999999,35.411650000000002
6740030,2015,2017-05-09,1511,2015-05-04,1919,53054,,1,5,2,1511,0,0,0,,0,00A,"RT 58","MM 182",6336.00,W,N,A,-,Y,KER,6,58,-,R,124.840,H,-,W,Y,1,1,3,1,A,-,08,22107,,N,F,I,A,A,H,-,D,D,0,,,,,Y,,A,01,0,2,1,0,0,0,0,0,0,"- ","- ",,,KERN,"CALIFORNIA CITY",-117.96604702,35.015789269999999
6747060,2014,2015-02-02,9420,2014-12-03,0550,014811,,3,3,9,1500,0,3,5,,2,671,"DI GIORGIO RD","TEJON HWY",0.00,,Y,B,-,N,,,,,,,,,,Y,2,0,2,2,A,-,09,21802,A,N,D,C,A,A,H,-,D,A,0,,,,,Y,,D,22,2,0,0,0,0,0,0,0,0,"- ","- ",35.25244,-118.82518,KERN,UNINCORPORATED,-118.82471011,35.252730040000003
6747987,2014,2015-01-26,9420,2014-11-28,1520,19184,,5,2,9,1500,0,3,5,,2,040,"GRANITE RD","BEARD RD",14256.00,N,N,A,-,N,,,,,,,,,,,2,0,2,2,A,-,03,22350,,N,B,C,A,A,H,-,A,D,0,,,Y,,Y,,C,02,1,1,0,0,0,0,0,0,2,"- ","- ",35.710720000000002,-118.71561,KERN,UNINCORPORATED,,
6748366,2014,2015-02-02,9420,2014-12-06,1725,018631,,6,2,9,1500,0,3,5,,2,530,"SHAFTER AV","RICHLAND AV",408.00,N,N,A,-,N,,,,,,,,,,N,2,0,1,2,A,-,11,21954,A,F,G,B,D,A,H,-,D,D,0,Y,,,,Y,,N,60,1,0,0,0,1,0,0,0,0,"- ","- ",35.481409999999997,-119.27862,KERN,UNINCORPORATED,-119.27855482,35.481199650000001
6749363,2014,2015-01-29,1502,2014-12-07,1514,P52,,7,5,6,1502,0,0,0,,0,,"S H ST","HENDRICKS LN",430.00,S,N,A,-,N,,,,,,,,,,Y,2,0,4,2,A,-,01,23152,A,N,E,I,A,A,H,-,A,D,0,,,,,Y,Y,A,01,1,0,3,0,0,0,0,0,0,"- ","- ",,,KERN,BAKERSFIELD,-119.02133000000001,35.327630110000001
6749384,2014,2015-01-29,9830,2014-12-05,1918,17064,,5,2,9,1500,0,3,5,,2,003,"20TH ST WEST","WINDFLOWER DR",53.00,N,N,A,-,N,,,,,,,,,,Y,2,0,2,2,A,-,01,23152,A,N,C,C,A,A,H,-,C,D,0,,,,,Y,Y,A,01,1,1,0,0,0,0,0,0,0,"- ","- ",34.847050000000003,-118.16709,KERN,UNINCORPORATED,-118.16702631,34.847335229999999
6750119,2014,2015-01-30,9420,2014-12-08,1330,015896,,1,1,9,1500,0,3,5,,2,060,"SHELLABARGAR RD","ART ST",0.00,,Y,A,-,N,,,,,,,,,,N,2,0,2,1,A,-,03,22350,,N,H,A,A,A,H,-,A,D,0,,,Y,,Y,,C,06,1,0,1,0,0,0,0,0,2,"- ","- ",35.372570000000003,-119.10772,KERN,UNINCORPORATED,-119.10754002,35.372460019999998
6754899,2014,2015-02-04,9420,2014-12-20,0300,19459,,6,3,9,1500,0,1,3,,2,584,"RT 58","MADISON ST",110.00,E,N,B,-,Y,,,,,,,,,,N,2,0,1,1,C,-,18,,,N,H,A,A,A,H,-,D,D,0,,,,,Y,,-,"- ",1,0,0,0,0,0,0,0,0,"- ","- ",35.352519999999998,-118.99387,KERN,UNINCORPORATED,,
6755190,2014,2015-02-12,9430,2014-12-14,0435,017153,,7,3,9,1500,0,1,1,,2,055,"RT 5","RT 166",2640.00,S,N,A,-,Y,,,5,,,,,,,Y,2,0,1,1,A,-,08,22107,,N,F,A,A,A,H,-,D,D,0,,,,,Y,,D,22,1,0,0,0,0,0,0,0,0,"- ","- ",35.050879999999999,-118.99016,KERN,UNINCORPORATED,-118.99005514,35.050992549999997
6758015,2014,2015-01-27,9420,2014-11-30,1110,018486,,7,1,9,1500,0,1,3,,2,587,"RT 58","COMANCHE DR",2761.00,W,N,A,-,Y,,,,,,,,,,Y,2,0,5,1,A,-,03,22350,,N,F,I,A,A,H,-,A,D,0,,,,,Y,,A,01,1,3,1,0,0,0,0,0,0,"- ","- ",35.34111,-118.35384000000001,KERN,UNINCORPORATED,,
6761241,2014,2015-01-26,1502,2014-10-07,0003,19598,,2,5,6,1502,0,0,0,,0,,"DR MARTIN LUTHER KING BL","3RD ST",106.00,S,N,A,-,N,,,,,,,,,,Y,2,0,1,2,A,-,01,23152,A,N,C,E,A,A,H,-,C,D,0,,,,,Y,Y,A,01,1,0,0,0,0,0,0,0,0,"- ","- ",35.359099999999998,-118.98521,KERN,BAKERSFIELD,-118.9852432,35.359109160000003
6764037,2014,2015-02-03,9420,2014-12-10,1800,19531,,3,2,9,1500,0,2,4,,1,072,"NILES ST","WEBSTER ST",0.00,,Y,A,-,N,,,,,,,,,,N,2,0,1,3,A,-,11,21954,A,F,G,B,D,A,H,-,D,D,0,Y,,,,Y,,N,60,1,0,0,0,1,0,0,0,0,"- ","- ",35.375749999999996,-118.96303,KERN,UNINCORPORATED,-118.96302000999999,35.37581007