CASE_ID,ACCIDENT_YEAR,PROC_DATE,JURIS,COLLISION_DATE,COLLISION_TIME,OFFICER_ID,REPORTING_DISTRICT,DAY_OF_WEEK,CHP_SHIFT,POPULATION,CNTY_CITY_LOC,SPECIAL_COND,BEAT_TYPE,CHP_BEAT_TYPE,CITY_DIVISION_LAPD,CHP_BEAT_CLASS,BEAT_NUMBER,PRIMARY_RD,SECONDARY_RD,DISTANCE,DIRECTION,INTERSECTION,WEATHER_1,WEATHER_2,STATE_HWY_IND,CALTRANS_COUNTY,CALTRANS_DISTRICT,STATE_ROUTE,ROUTE_SUFFIX,POSTMILE_PREFIX,POSTMILE,LOCATION_TYPE,RAMP_INTERSECTION,SIDE_OF_HWY,TOW_AWAY,COLLISION_SEVERITY,NUMBER_KILLED,NUMBER_INJURED,PARTY_COUNT,PRIMARY_COLL_FACTOR,PCF_CODE_OF_VIOL,PCF_VIOL_CATEGORY,PCF_VIOLATION,PCF_VIOL_SUBSECTION,HIT_AND_RUN,TYPE_OF_COLLISION,MVIW,PED_ACTION,ROAD_SURFACE,ROAD_COND_1,ROAD_COND_2,LIGHTING,CONTROL_DEVICE,CHP_ROAD_TYPE,PEDESTRIAN_ACCIDENT,BICYCLE_ACCIDENT,MOTORCYCLE_ACCIDENT,TRUCK_ACCIDENT,NOT_PRIVATE_PROPERTY,ALCOHOL_INVOLVED,STWD_VEHTYPE_AT_FAULT,CHP_VEHTYPE_AT_FAULT,COUNT_SEVERE_INJ,COUNT_VISIBLE_INJ,COUNT_COMPLAINT_PAIN,COUNT_PED_KILLED,COUNT_PED_INJURED,COUNT_BICYCLIST_KILLED,COUNT_BICYCLIST_INJURED,COUNT_MC_KILLED,COUNT_MC_INJURED,PRIMARY_RAMP,SECONDARY_RAMP,LATITUDE,LONGITUDE,COUNTY,CITY,POINT_X,POINT_Y
6770487,2014,2016-04-18,1502,2014-12-08,0619,1100,,1,5,6,1502,0,0,0,,0,,"RT 178","OAK ST",432.00,W,N,A,B,N,,,,,,,,,,N,2,0,1,3,A,-,11,21954,A,N,G,B,D,A,H,-,D,D,0,Y,,,,Y,,N,60,1,0,0,0,1,0,0,0,0,"- ","- ",,,KERN,BAKERSFIELD,-119.03990507,35.381457599999997
6771562,2014,2015-02-06,1502,2014-12-27,2244,984,,6,5,6,1502,0,0,0,,0,,"AKERS RD","PLANZ RD",0.00,,Y,A,-,N,,,,,,,,,,Y,2,0,3,2,A,-,01,23152,A,F,D,C,A,A,H,-,C,A,0,,,,,Y,Y,A,01,1,0,2,0,0,0,0,0,0,"- ","- ",,,KERN,BAKERSFIELD,-119.04781002,35.32501001
6772170,2014,2015-02-05,1502,2014-12-27,1607,P63,,6,5,6,1502,0,0,0,,0,,"S ALLEN RD","CHAMBER BL",399.00,N,N,A,-,N,,,,,,,,,,Y,2,0,2,1,A,-,01,23152,A,N,E,I,A,A,H,-,A,D,0,,,,,Y,Y,A,01,1,1,0,0,0,0,0,0,0,"- ","- ",,,KERN,BAKERSFIELD,-119.14549624999999,35.333744879999998
6774809,2014,2015-02-10,1503,2014-12-26,0255,10100,1503,5,5,4,1503,0,0,0,,0,ALL,"CECIL AV","TIMMONS AV",9.00,W,N,A,-,N,,,,,,,,,,Y,2,0,2,1,A,-,03,22350,,F,A,J,A,A,H,-,C,A,0,,,,,Y,Y,A,01,1,1,0,0,0,0,0,0,0,"- ","- ",,,KERN,DELANO,-119.27191031,35.775840070000001
6781199,2015,2015-06-09,9420,2015-01-05,1725,020163,,1,2,9,1500,0,3,5,,2,672,"S CHESTER AV","S M ST",0.00,,Y,A,-,N,,,,,,,,,,N,2,0,1,2,A,-,10,21950,A,N,G,B,B,A,H,-,D,A,0,Y,,,,Y,,D,22,1,0,0,0,1,0,0,0,0,"- ","- ",35.334690000000002,-119.01557,KERN,UNINCORPORATED,-119.01545012,35.334410009999999
6781539,2015,2015-02-24,9830,2015-01-17,0835,19883,,6,1,9,1500,0,3,5,,2,005,"COLLEGE HEIGHTS BL","ROBIN PETERSON WY",5280.00,S,N,A,-,N,,,,,,,,,,Y,2,0,1,1,A,-,01,23152,A,N,F,A,A,A,H,-,A,D,0,,,,,Y,Y,D,22,1,0,0,0,0,0,0,0,0,"- ","- ",35.551630000000003,-117.67031,KERN,UNINCORPORATED,-117.67028739,35.551659139999998
6782206,2015,2016-10-20,9426,2015-01-02,2000,019335,,5,2,9,1500,0,1,3,,1,118,"RT 119","CHERRY AV",1056.00,N,N,A,-,Y,KER,6,119,-,-,6.480,H,-,E,Y,2,0,3,1,A,-,08,22107,,N,F,J,A,A,H,-,D,D,0,,,,,Y,,A,01,1,0,2,0,0,0,0,0,0,"- ","- ",35.202840000000002,-119.41539,KERN,UNINCORPORATED,-119.40848268000001,35.207370470000001
6783613,2015,2016-09-15,9420,2015-02-26,2347,019829,,4,3,4,1503,0,1,3,,2,090,"RT 99",POND,2640.00,S,N,A,-,Y,KER,6,99,-,-,51.950,H,-,N,Y,2,0,3,4,A,-,03,22350,,N,D,C,E,A,H,-,D,D,1,Y,,,,Y,,D,22,1,0,2,0,1,0,0,0,0,"- ","- ",35.705240000000003,-119.23344,KERN,DELANO,-119.23476859,35.711173670000001
6788082,2015,2015-02-24,1502,2015-01-12,1640,P63,,1,5,6,1502,0,0,0,,0,,"MOUNT VERNON AV","COLUMBUS ST",532.00,W,N,B,-,N,,,,,,,,,,N,2,0,1,2,A,-,11,21954,A,N,G,B,D,A,H,-,B,D,0,Y,,,,Y,,N,60,1,0,0,0,1,0,0,0,0,"- ","- ",,,KERN,BAKERSFIELD,-118.96759,35.39761
6788086,2015,2016-02-17,1502,2015-01-10,0453,975,,6,5,6,1502,0,0,0,,0,,"ROSEDALE HWY","MAIN PLAZA DR",28.00,E,N,B,-,N,,,,,,,,,,Y,2,0,1,1,A,-,08,22107,,N,E,I,A,B,H,-,C,A,0,,,,,Y,,A,01,1,0,0,0,0,0,0,0,0,"- ","- ",,,KERN,BAKERSFIELD,,
6788943,2015,2015-02-27,9420,2015-01-25,1950,18805,,7,2,9,1500,0,3,5,,2,070,"HALEY ST","BERNARD ST",0.00,,Y,A,-,N,,,,,,,,,,N,2,0,1,2,A,-,10,21950,A,N,G,B,B,A,H,-,D,D,0,Y,,,,Y,Y,D,22,1,0,0,0,1,0,0,0,0,"- ","- ",35.388820000000003,-118.97677,KERN,UNINCORPORATED,-118.97686007,35.388890050000001
6788968,2015,2016-10-20,9420,2015-01-21,1245,014811,,3,1,9,1500,0,1,3,,1,119,"RT 119","OLD RIVER RD",0.00,,Y,A,-,Y,KER,6,119,-,-,26.270,I,5,E,Y,2,0,2,2,A,-,09,21802,A,N,D,C,A,A,H,-,A,A,0,,,,,Y,,A,07,1,0,1,0,0,0,0,0,0,"- ","- ",35.26728,-119.10962000000001,KERN,UNINCORPORATED,-119.11069044,35.267184929999999
6789583,2015,2015-02-23,1505,2015-01-03,1904,M050,1,6,5,2,1505,0,0,0,,0,,"W PERKINS AV","3RD PL",17.00,E,N,A,-,N,,,,,,,,,,Y,2,0,2,3,A,-,10,21950,A,N,A,B,B,A,H,-,C,D,0,Y,,,,Y,Y,A,01,1,0,1,0,2,0,0,0,0,"- ","- ",,,KERN,MCFARLAND,-119.23167282,35.681640000000002
6789594,2015,2015-02-18,1502,2015-01-09,2230,1108,,5,5,6,1502,0,0,0,,0,,"MING AV","AKERS RD",236.00,W,N,A,-,N,,,,,,,,,,N,2,0,1,2,A,-,11,21955,,N,G,B,D,A,H,-,C,D,0,Y,,,,Y,Y,N,60,1,0,0,0,1,0,0,0,0,"- ","- ",,,KERN,BAKERSFIELD,-119.0485702,35.339469999999999
6797329,2015,2016-10-20,9420,2015-01-18,1835,19098,,7,2,9,1500,0,1,3,,1,184,"RT 184","HALL RD",0.00,,Y,B,-,Y,KER,6,184,-,-,1.506,I,5,N,Y,2,0,2,1,A,-,01,23152,A,N,E,I,A,A,H,-,C,A,0,,,,,Y,Y,D,22,1,1,0,0,0,0,0,0,0,"- ","- ",35.259779999999999,-118.91423,KERN,UNINCORPORATED,-118.91441378,35.259402209999998
6798694,2014,2016-04-26,1506,2014-09-07,0929,1036,21,7,5,4,1506,0,0,0,,0,,"NORTH CHINA LAKE BL","HOWELL AV",206.00,S,N,A,-,Y,KER,6,178,-,-,101.760,H,-,W,Y,2,0,1,2,A,-,09,21801,,N,D,C,A,A,H,-,A,D,0,,,Y,,Y,,A,01,1,0,0,0,0,0,0,0,1,"- ","- ",,,KERN,RIDGECREST,-117.66976352,35.634635299999999
6801197,2015,2016-10-06,9426,2015-01-21,1540,016804,,3,2,9,1500,0,1,3,,1,460,"RT 46","BUTTERWATER VALLEY RD",12144.00,W,N,A,-,Y,KER,6,46,-,-,15.070,H,-,W,Y,2,0,1,1,A,-,08,22107,,N,F,A,A,A,H,-,A,D,0,,,,,Y,,D,22,1,0,0,0,0,0,0,0,0,"- ","- ",35.614609999999999,-119.96997,KERN,UNINCORPORATED,-119.9609756,35.614419009999999
6807589,2015,2015-03-03,1502,2015-01-23,2352,966,,5,5,6,1502,0,0,0,,0,,"WIBLE RD","HOSKING AV",0.00,,Y,A,-,N,,,,,,,,,,Y,2,0,4,2,A,-,12,21453,A,N,D,C,A,A,H,-,C,A,0,,,,,Y,Y,A,01,1,0,3,0,0,0,0,0,0,"- ","- ",,,KERN,BAKERSFIELD,-119.03898006,35.281390119999998
6810814,2014,2015-03-09,9420,2014-09-12,2040,19513,,5,2,9,1500,0,1,3,,2,179,"RT 178","OLIVER LN",3696.00,W,N,A,-,Y,,,178,,,,,,,Y,2,0,2,2,C,-,18,,,N,A,C,A,A,H,-,D,D,0,,,,,Y,Y,-,"- ",2,0,0,0,0,0,0,0,0,"- ","- ",35.695610000000002,-118.19152,KERN,UNINCORPORATED,-118.19151429,35.695678049999998
6812696,2015,2015-02-27,1502,2015-01-07,1143,1072,,3,5,6,1502,0,0,0,,0,,"UNION AV","FAIRVIEW RD",895.00,S,N,A,-,N,,,,,,,,,,Y,2,0,1,1,A,-,08,22107,,N,E,I,A,A,H,-,A,D,0,,,Y,,Y,,C,02,1,0,0,0,0,0,0,0,1,"- ","- ",,,KERN,BAKERSFIELD,-119.00313865,35.300674209999997
6815266,2015,2016-10-20,1508,2015-01-30,1441,46,6B,5,5,2,1508,0,0,0,,0,,"RT 119","GARDNER FIELD RD",0.00,,Y,B,-,Y,KER,6,119,-,-,0.070,I,5,E,N,2,0,2,2,A,-,12,21453,A,N,D,C,A,A,H,-,A,A,0,,,,,Y,,A,07,1,0,1,0,0,0,0,0,0,"- ","- ",,,KERN,TAFT,-119.44727948000001,35.136901899999998
6815557,2015,2016-09-07,9420,2015-02-01,1829,015466,,7,2,9,1500,0,1,3,,2,178,"RT 178","PAULS PL WEST",1214.00,E,N,A,-,Y,KER,6,178,-,R,56.240,H,-,E,N,2,0,1,2,A,-,11,21954,A,N,G,B,E,A,H,-,D,D,0,Y,,,,Y,,N,60,1,0,0,0,1,0,0,0,0,"- ","- ",35.659080000000003,-118.31425,KERN,UNINCORPORATED,-118.3142634,35.659138059999997
6818769,2015,2016-09-07,9420,2015-02-01,1910,19459,,7,2,9,1500,0,1,3,,2,177,"RT 178","LOWER RICH BAR",5280.00,W,N,A,-,Y,KER,6,178,-,-,18.720,H,-,W,Y,2,0,4,1,A,-,03,22350,,N,E,I,A,A,H,-,D,D,0,,,,,Y,,A,01,1,1,2,0,0,0,0,0,0,"- ","- ",35.456910000000001,-118.78004,KERN,UNINCORPORATED,-118.74234473999999,35.479532059999997
6819607,2015,2015-03-13,9420,2015-02-16,1535,19184,,1,2,9,1500,0,3,5,,2,040,"RIVER BL","WATER ST",0.00,,Y,A,-,N,,,,,,,,,,N,2,0,1,2,A,-,09,21801,A,N,D,G,A,A,H,-,A,D,0,,Y,,,Y,,L,04,1,0,0,0,0,0,1,0,0,"- ","- ",35.395519999999998,-118.98538000000001,KERN,UNINCORPORATED,-118.98517,35.395700089999998
6823525,2015,2016-09-07,9420,2015-02-16,1555,20304,,1,2,9,1500,0,1,3,,2,178,"RT 178","PARADISE COVE",40.00,E,N,A,-,Y,KER,6,178,-,-,48.540,H,-,E,Y,2,0,1,1,A,-,03,22350,,N,E,I,A,A,H,-,A,D,0,,,Y,,Y,,C,02,1,0,0,0,0,0,0,0,1,"- ","- ",35.649549999999998,-118.42845,KERN,UNINCORPORATED,-118.42716910999999,35.648910450000002
6831775,2015,2015-03-11,1502,2015-01-31,1919,966,,6,5,6,1502,0,0,0,,0,,"SOUTH FAIRFAX RD","REDBANK RD",688.00,S,N,A,-,N,,,,,,,,,,Y,2,0,1,1,A,-,08,22107,,N,E,I,A,A,H,-,C,D,0,,,Y,,Y,,C,02,1,0,0,0,0,0,0,0,1,"- ","- ",,,KERN,BAKERSFIELD,-118.93201000000001,35.337822580000001
6834934,2015,2015-03-12,1507,2015-01-25,2500,253,,7,5,3,1507,0,0,0,,0,,"EAST LERDO HWY",DRIVER,3696.00,E,N,A,-,N,,,,,,,,,,Y,2,0,1,1,A,-,01,23152,A,N,E,I,A,A,H,-,D,D,0,,,,,Y,Y,A,07,1,0,0,0,0,0,0,0,0,"- ","- ",,,KERN,SHAFTER,-119.19336718,35.4998
6835916,2015,2015-04-06,9420,2015-03-07,2019,19459,,6,2,9,1500,0,3,5,,2,070,"N ALLY OF QUINCY ST","VIRGINIA ST",0.00,,Y,A,-,N,,,,,,,,,,N,2,0,1,2,A,-,11,21950,B,N,G,B,B,A,H,-,C,D,0,Y,,,,Y,,N,60,1,0,0,0,1,0,0,0,0,"- ","- ",35.382010000000001,-118.97417,KERN,UNINCORPORATED,-118.97429645,35.381999929999999
6837052,2015,2015-03-16,9830,2015-02-14,0832,15252,,6,1,9,1500,0,3,5,,2,005,"BROWN RD","BOWMAN RD",2640.00,N,N,A,-,N,,,,,,,,,,Y,2,0,1,1,A,-,01,23152,A,N,E,I,A,A,H,-,A,D,0,,,,,Y,Y,A,01,1,0,0,0,0,0,0,0,0,"- ","- ",35.613140000000001,-117.80239,KERN,UNINCORPORATED,-117.80270591999999,35.614412969999997
6844714,2015,2016-09-15,9420,2015-02-27,1807,016926,,5,2,6,1502,0,1,3,,2,095,"RT 99","WHITE LN",70.00,S,N,A,-,Y,KER,6,99,-,-,21.070,H,-,S,Y,2,0,1,2,A,-,11,21954,A,N,G,B,D,A,H,-,C,D,1,Y,,,,Y,,N,60,1,0,0,0,1,0,0,0,0,"- ","- ",35.317450000000001,-119.03643,KERN,BAKERSFIELD,-119.03634043,35.31751294
6848290,2015,2016-10-06,9426,2015-02-27,1940,016828,,5,2,9,1500,0,1,3,,1,461,"RT 46","GUN CLUB RD",4224.00,E,N,B,-,Y,KER,6,46,-,-,41.820,H,-,E,Y,2,0,2,4,A,-,05,21650,,N,A,-,A,A,H,-,D,D,0,,,,Y,Y,,A,01,1,0,1,0,0,0,0,0,0,"- ","- ",35.601149999999997,-119.49482,KERN,UNINCORPORATED,-119.49492692,35.601093159999998
6854063,2015,2017-04-21,9420,2015-02-15,0042,19649,,7,3,9,1500,0,1,3,,2,586,"RT 58","RT 184",68.00,E,N,A,-,Y,KER,6,58,-,R,59.460,H,-,E,Y,1,1,1,2,A,-,11,21954,A,N,G,B,D,A,H,-,D,D,1,Y,,,,Y,,N,60,0,1,0,1,0,0,0,0,0,"- ","- ",35.217779999999998,-118.54497000000001,KERN,UNINCORPORATED,-118.91384614,35.352126089999999
6854064,2015,2015-03-25,9430,2015-02-16,2105,16750,,1,2,9,1500,0,1,1,,2,053,"RT 5","GRAPEVINE LOOP",2746.00,N,N,A,-,Y,KER,6,5,-,-,10.740,H,-,S,Y,1,1,1,1,A,-,08,22107,,N,E,I,A,A,H,-,D,D,1,,,,,Y,,A,01,0,0,1,0,0,0,0,0,0,"- ","- ",34.947789999999998,-118.93362999999999,KERN,UNINCORPORATED,-118.93298455999999,34.947134900000002
6854065,2015,2015-03-25,9426,2015-02-17,0830,15633,,2,1,9,1500,0,1,1,,2,506,"RT 5","ASHE RD",5280.00,S,N,A,-,Y,KER,6,5,-,-,25.060,H,-,S,Y,1,1,0,1,A,-,08,22107,,N,F,A,A,A,H,-,A,D,1,,,,,Y,,A,08,0,0,0,0,0,0,0,0,0,"- ","- ",35.114199999999997,-119.06314,KERN,UNINCORPORATED,-119.06321509,35.118372239999999
6854246,2015,2017-04-25,9426,2015-02-17,0715,14716,,2,1,9,1500,0,1,3,,2,581,"RT 58","PALOMAS AV",0.00,,Y,A,-,Y,KER,6,58,-,-,26.790,I,5,E,Y,1,2,0,2,A,-,01,23152,A,N,D,C,A,A,H,-,A,A,0,,,,Y,Y,Y,D,22,0,0,0,0,0,0,0,0,0,"- ","- ",35.235700000000001,-119.28579999999999,KERN,UNINCORPORATED,-119.48304575,35.399273219999998
6854475,2014,2016-01-12,1506,2014-10-04,1822,7854,30,6,5,4,1506,0,0,0,,0,,"E RIDGECREST BL","GATEWAY ST",40.00,W,N,A,-,Y,KER,6,178,-,-,103.620,H,-,W,N,1,1,0,2,A,-,03,22350,,N,G,B,D,A,H,-,B,D,0,Y,,,,Y,,A,01,0,0,0,1,0,0,0,0,0,"- ","- ",,,KERN,RIDGECREST,-117.65221677,35.622550349999997
6854638,2015,2017-05-09,9420,2015-05-06,1800,16691,,3,2,9,1500,0,3,5,,2,672,"SUNSET BL","TOWERLINE RD",2137.00,E,N,A,-,N,,,,,,,,,,Y,1,1,0,2,A,-,01,23152,A,N,A,C,A,A,H,-,A,D,0,,,Y,,Y,Y,D,22,0,0,0,0,0,0,0,1,0,"- ","- ",35.22381,-118.79711,KERN,UNINCORPORATED,-118.79932539000001,35.22376182
6854639,2015,2017-05-09,9426,2015-05-04,2055,16780,,1,2,9,1500,0,1,1,,2,506,"RT 5","COPUS RD",4224.00,S,N,A,-,Y,KER,6,5,-,-,22.090,H,-,N,N,1,1,0,2,A,-,11,21954,A,N,G,B,E,A,H,-,D,D,1,Y,,,Y,Y,,N,60,0,0,0,1,0,0,0,0,0,"- ","- ",35.085760000000001,-119.02773999999999,KERN,UNINCORPORATED,-119.02781958999999,35.086351579999999
6854693,2015,2015-07-15,9420,2015-05-14,1620,016978,,4,2,6,1502,0,1,3,,2,093,"RT 99","HUGHES LN",2112.00,W,N,B,C,Y,KER,6,99,-,-,23.890,R,2,S,Y,1,1,1,2,A,-,03,22350,,N,B,C,A,B,H,-,A,D,1,,,,Y,Y,,A,08,0,0,1,0,0,0,0,0,0,TO,"- ",35.423909999999999,-119.10342,KERN,BAKERSFIELD,-119.03960699,35.358098079999998
6854700,2015,2015-07-16,9426,2015-05-07,0230,016828,,4,3,9,1500,0,1,1,,2,500,"RT 5","KERN / KINGS CO LINE",5280.00,S,N,A,-,Y,KER,6,5,-,-,86.030,H,-,S,Y,1,1,3,1,A,-,03,22350,,N,C,C,A,A,H,-,D,D,1,,,,,Y,,A,01,1,1,1,0,0,0,0,0,0,"- ","- ",35.776510000000002,-119.77289,KERN,UNINCORPORATED,-119.77358146,35.777531760000002
6857634,2015,2015-04-20,9420,2015-03-15,1805,019531,,7,2,9,1500,0,3,5,,2,672,"COMANCHE DR","EDISON HWY",10032.00,N,N,A,-,N,,,,,,,,,,Y,2,0,1,1,A,-,08,22107,,N,F,A,A,A,H,-,A,D,0,,,,,Y,,D,22,1,0,0,0,0,0,0,0,0,"- ","- ",35.359560000000002,-118.84323999999999,KERN,UNINCORPORATED,-118.84327,35.368752950000001
6863601,2015,2016-09-15,9420,2015-03-07,2158,019578,,6,2,9,1500,0,1,3,,2,096,"RT 99","HERRING RD",1027.00,S,N,A,-,Y,KER,6,99,-,-,9.110,H,-,N,Y,2,0,1,1,A,-,01,23152,A,N,E,I,A,A,H,-,D,D,1,,,,,Y,Y,A,01,1,0,0,0,0,0,0,0,0,"- ","- ",35.147039999999997,-118.99607,KERN,UNINCORPORATED,-118.99611752,35.147541250000003
6865692,2015,2015-04-09,9830,2015-03-28,2035,019367,,6,2,9,1500,0,3,5,,2,003,"55TH ST","ASHE AV",49.00,S,N,A,-,N,,,,,,,,,,Y,2,0,2,1,A,-,03,22350,,N,F,A,A,A,H,-,D,D,0,,,Y,,Y,,C,02,1,1,0,0,0,0,0,0,2,"- ","- ",,,KERN,UNINCORPORATED,-118.22907951000001,34.854565639999997
6866092,2015,2016-10-20,9426,2015-03-26,1655,016804,,4,2,9,1500,0,1,3,,1,167,"RT 166","SHORT RD",2112.00,W,N,A,-,Y,KER,6,166,-,-,1.540,H,-,W,Y,2,0,4,2,A,-,08,22107,,N,A,C,A,A,H,-,A,D,0,,,,Y,Y,,A,01,1,2,1,0,0,0,0,0,0,"- ","- ",35.058320000000002,-119.37421999999999,KERN,UNINCORPORATED,-119.37414613999999,35.058251859999999
6869547,2015,2016-09-07,9830,2015-03-16,1405,14986,,1,2,9,1500,0,1,3,,2,030,"RT 14","ROSAMOND BL",6864.00,N,N,A,-,Y,KER,6,14,-,R,4.320,H,-,N,Y,2,0,2,1,A,-,08,22107,,N,E,I,A,A,H,-,A,D,1,,,,,Y,,A,07,2,0,0,0,0,0,0,0,0,"- ","- ",34.882170000000002,-118.16616999999999,KERN,UNINCORPORATED,-118.16627668,34.881876050000002
6869622,2015,2016-10-20,9420,2015-03-09,0820,018631,,1,1,9,1500,0,1,3,,2,154,"RT 155","QUINN RD",1584.00,E,N,A,-,Y,KER,6,155,-,R,9.720,H,-,E,Y,2,0,3,1,A,-,08,22107,,N,F,A,A,A,H,-,A,D,0,,,,,Y,,A,01,1,1,1,0,0,0,0,0,0,"- ","- ",35.762,-119.07337,KERN,UNINCORPORATED,-119.07543016,35.761966489999999
6878272,2015,2016-09-07,9420,2015-03-28,2220,19845,,6,3,6,1502,0,1,3,,1,176,"RT 178","FAIRFAX RD",2112.00,W,N,A,-,Y,KER,6,178,-,R,6.370,H,-,W,Y,2,0,1,1,A,-,01,23152,A,N,E,I,A,A,H,-,C,D,0,,,,,Y,Y,A,07,1,0,0,0,0,0,0,0,0,"- ","- ",35.396659999999997,-118.93792000000001,KERN,BAKERSFIELD,-118.93694515999999,35.396624359999997
6879059,2015,2016-10-31,9426,2015-03-29,1819,016780,,7,2,9,1500,0,1,3,,1,332,"RT 33","KERTO RD",0.00,,N,A,-,Y,KER,6,33,-,-,13.150,H,-,S,Y,2,0,1,1,A,-,01,23152,A,N,F,A,A,A,H,-,A,D,0,,,,,Y,Y,A,01,1,0,0,0,0,0,0,0,0,"- ","- ",35.07931,-119.40056,KERN,UNINCORPORATED,-119.40084319,35.079587869999997
6880318,2015,2015-04-22,9420,2015-04-03,2224,19578,,5,3,9,1500,0,2,4,,1,052,"NORRIS RD","MCCRAY ST",0.00,,Y,A,-,N,,,,,,,,,,Y,2,0,4,3,A,-,12,21453,A,F,D,C,A,A,H,-,C,A,0,,,,,Y,,A,01,1,3,0,0,0,0,0,0,0,"- ","- ",35.419829999999997,-119.03016,KERN,UNINCORPORATED,-119.0300601,35.419550059999999
6885192,2015,2015-04-22,9420,2015-04-09,1345,018307,,4,1,9,1500,0,2,4,,1,051,"NORTH CHESTER AV","ROBERTS LN",0.00,,Y,A,-,N,,,,,,,,,,N,2,0,1,2,A,-,11,21950,B,N,G,B,B,A,H,-,A,A,0,Y,,,,Y,,N,60,1,0,0,0,1,0,0,0,0,"- ","- ",35.408589999999997,-119.02122,KERN,UNINCORPORATED,-119.02108004999999,35.408640030000001
6891020,2015,2015-04-30,9420,2015-04-11,1340,018805,,6,1,9,1500,0,3,5,,2,070,"EDISON HWY","STERLING RD",0.00,,Y,A,-,N,,,,,,,,,,N,2,0,1,2,A,-,09,21804,A,N,D,G,A,A,H,-,A,D,0,,Y,,,Y,,L,04,1,0,0,0,0,0,1,0,0,"- ","- ",,,KERN,UNINCORPORATED,-118.94085010000001,35.3647001
6894538,2015,2015-05-01,9420,2015-04-19,1540,015466,,7,2,9,1500,0,3,5,,2,410,"JACK RANCH RD","WHITE RIVER RD",2640.00,N,N,A,-,N,,,,,,,,,,N,2,0,1,1,A,-,03,22350,,N,F,A,A,A,H,-,A,D,0,,,Y,,Y,,C,02,1,0,0,0,0,0,0,0,1,"- ","- ",35.742080000000001,-118.71581999999999,KERN,UNINCORPORATED,-118.7158563,35.742035209999997
6895094,2015,2015-05-07,9420,2015-04-27,2152,018068,9420,1,2,9,1500,0,2,4,,1,052,"ROBERTS LN","PLYMOUTH AV",0.00,,Y,A,-,N,,,,,,,,,,N,2,0,1,2,A,-,11,21954,A,N,G,B,D,A,H,-,D,A,0,Y,,,,Y,,N,60,1,0,0,0,1,0,0,0,0,"- ","- ",,,KERN,UNINCORPORATED,-119.0255401,35.408630039999998
6905648,2015,2017-10-03,9426,2015-04-15,1500,14794,,3,2,9,1500,0,1,1,,2,506,"RT 5","RT 223",528.00,S,N,A,-,Y,KER,6,5,-,-,33.400,H,-,N,Y,1,2,0,2,-,-,"- ",,,N,E,J,A,A,H,-,A,D,1,,,,Y,Y,,-,"- ",0,0,0,0,0,0,0,0,0,"- ","- ",,,KERN,UNINCORPORATED,-119.16161513,35.20816585
6905668,2015,2017-05-09,9420,2015-04-07,1815,18307,,2,2,9,1500,0,2,4,,1,051,"NORTH CHESTER AV","MCCORD AV",1.00,N,N,A,-,N,,,,,,,,,,N,1,1,0,2,A,-,11,21954,A,N,G,B,D,A,H,-,A,D,0,Y,,,,Y,Y,N,60,0,0,0,1,0,0,0,0,0,"- ","- ",35.406849999999999,-119.02088000000001,KERN,UNINCORPORATED,-119.02106000000001,35.40679274
6905691,2015,2015-09-14,9830,2015-04-08,0015,19367,,3,3,9,1500,0,1,2,,1,054,"RT 395","SEARLES STATION RD",5280.00,N,N,A,-,Y,KER,6,395,-,-,9.250,H,-,S,Y,1,3,2,2,A,-,05,21460,C,N,A,C,A,A,H,-,D,D,0,,,,,Y,,A,01,2,0,0,0,0,0,0,0,0,"- ","- ",35.488370000000003,-117.65854,KERN,UNINCORPORATED,-117.6583315,35.487863300000001
6916661,2015,2015-06-01,1502,2015-05-08,1943,1048,,5,5,6,1502,0,0,0,,0,,"MING AV","CASTRO LN",115.00,W,N,A,-,N,,,,,,,,,,Y,2,0,1,3,A,-,01,23152,A,N,D,C,A,A,H,-,B,D,0,,,,,Y,Y,D,22,1,0,0,0,0,0,0,0,0,"- ","- ",,,KERN,BAKERSFIELD,-119.03490502,35.339536639999999
6918434,2015,2016-11-04,9420,2015-05-03,0217,19723,,7,3,9,1500,0,1,3,,2,091,"RT 99","CECIL AV",120.00,N,N,A,-,Y,KER,6,99,-,-,56.560,H,-,N,Y,2,0,2,2,A,-,03,22350,,N,C,C,A,A,H,-,D,D,1,,,Y,,Y,,C,02,1,0,1,0,0,0,0,0,1,"- ","- ",35.776139999999998,-119.25237,KERN,UNINCORPORATED,-119.2524189,35.77620941
6922510,2015,2015-05-26,9420,2015-04-26,2226,19598,,7,3,9,1500,0,3,5,,2,070,"KENTUCKY ST","MOUNT VERNON AV",6.00,E,N,A,-,N,,,,,,,,,,N,2,0,1,2,A,-,09,21804,A,N,D,C,A,A,H,-,C,D,0,,Y,,,Y,,L,04,1,0,0,0,0,0,1,0,0,"- ","- ",35.373179999999998,-118.96766,KERN,UNINCORPORATED,-118.96758,35.373080000000002
6922511,2015,2016-12-08,9420,2015-05-03,1920,019896,,7,2,9,1500,0,3,5,,2,671,"PANAMA RD","RT 184",180.00,E,N,A,-,Y,KER,6,184,-,-,4.050,I,6,N,Y,2,0,3,2,A,-,01,23152,A,F,C,C,A,A,H,-,A,A,0,,,,,Y,Y,D,22,1,1,1,0,0,0,0,0,0,"- ","- ",35.267029999999998,-118.91363,KERN,UNINCORPORATED,-118.91434553000001,35.296055600000003
6928604,2015,2016-11-04,9420,2015-05-08,2310,19895,,5,3,9,1500,0,1,3,,1,462,"RT 46","ROOT AV",3030.00,E,N,A,-,Y,KER,6,46,-,-,52.660,H,-,W,Y,2,0,1,1,A,-,01,23152,A,N,E,I,A,A,H,-,D,D,0,,,,,Y,Y,A,07,1,0,0,0,0,0,0,0,0,"- ","- ",35.601570000000002,-119.30618,KERN,UNINCORPORATED,-119.30241508,35.601638889999997
6934261,2015,2015-06-10,9420,2015-05-06,2005,17256,,3,2,9,1500,0,3,5,,2,672,"TEJON HWY","SUNSET BL",370.00,S,N,A,-,N,,,,,,,,,,Y,2,0,1,2,A,-,01,23152,A,N,C,C,A,A,H,-,D,D,0,,,,,Y,Y,A,01,1,0,0,0,0,0,0,0,0,"- ","- ",35.221589999999999,-118.8244,KERN,UNINCORPORATED,-118.82438166,35.222634919999997