CASE_ID,ACCIDENT_YEAR,PROC_DATE,JURIS,COLLISION_DATE,COLLISION_TIME,OFFICER_ID,REPORTING_DISTRICT,DAY_OF_WEEK,CHP_SHIFT,POPULATION,CNTY_CITY_LOC,SPECIAL_COND,BEAT_TYPE,CHP_BEAT_TYPE,CITY_DIVISION_LAPD,CHP_BEAT_CLASS,BEAT_NUMBER,PRIMARY_RD,SECONDARY_RD,DISTANCE,DIRECTION,INTERSECTION,WEATHER_1,WEATHER_2,STATE_HWY_IND,CALTRANS_COUNTY,CALTRANS_DISTRICT,STATE_ROUTE,ROUTE_SUFFIX,POSTMILE_PREFIX,POSTMILE,LOCATION_TYPE,RAMP_INTERSECTION,SIDE_OF_HWY,TOW_AWAY,COLLISION_SEVERITY,NUMBER_KILLED,NUMBER_INJURED,PARTY_COUNT,PRIMARY_COLL_FACTOR,PCF_CODE_OF_VIOL,PCF_VIOL_CATEGORY,PCF_VIOLATION,PCF_VIOL_SUBSECTION,HIT_AND_RUN,TYPE_OF_COLLISION,MVIW,PED_ACTION,ROAD_SURFACE,ROAD_COND_1,ROAD_COND_2,LIGHTING,CONTROL_DEVICE,CHP_ROAD_TYPE,PEDESTRIAN_ACCIDENT,BICYCLE_ACCIDENT,MOTORCYCLE_ACCIDENT,TRUCK_ACCIDENT,NOT_PRIVATE_PROPERTY,ALCOHOL_INVOLVED,STWD_VEHTYPE_AT_FAULT,CHP_VEHTYPE_AT_FAULT,COUNT_SEVERE_INJ,COUNT_VISIBLE_INJ,COUNT_COMPLAINT_PAIN,COUNT_PED_KILLED,COUNT_PED_INJURED,COUNT_BICYCLIST_KILLED,COUNT_BICYCLIST_INJURED,COUNT_MC_KILLED,COUNT_MC_INJURED,PRIMARY_RAMP,SECONDARY_RAMP,LATITUDE,LONGITUDE,COUNTY,CITY,POINT_X,POINT_Y
6936989,2015,2016-11-05,9426,2015-05-25,1505,018853,,1,2,9,1500,0,1,1,,2,504,"RT 5","RT 119",132.00,S,N,A,-,Y,KER,6,5,-,-,38.770,H,-,S,Y,2,0,2,1,A,-,08,22107,,N,F,I,A,A,H,-,A,D,1,,,,,Y,,D,22,2,0,0,0,0,0,0,0,0,"- ","- ",35.267890000000001,-119.22631,KERN,UNINCORPORATED,-119.22455049,35.266835980000003
6938683,2015,2016-11-04,9420,2015-05-22,0501,17243,,5,3,9,1500,0,1,3,,2,091,"RT 99","RT 46",1584.00,S,N,B,C,Y,KER,6,99,-,-,44.010,H,-,S,Y,2,0,2,2,A,-,03,22350,,N,C,C,A,B,H,-,D,D,1,,,,,Y,,A,01,1,0,1,0,0,0,0,0,0,"- ","- ",35.583829999999999,-119.20425,KERN,UNINCORPORATED,-119.21046828999999,35.597965539999997
6943920,2015,2015-06-27,9830,2015-05-20,1335,16971,,3,1,9,1500,0,3,5,,2,001,"MARIPOSA RD","MOUNTAIN DR",147.00,E,N,A,-,N,,,,,,,,,,Y,2,0,1,1,A,-,08,22107,,N,E,I,A,A,H,-,A,D,0,,,,,Y,,A,01,1,0,0,0,0,0,0,0,0,"- ","- ",35.140180000000001,-118.50637999999999,KERN,UNINCORPORATED,-118.50612615,35.14086769
6945955,2015,2016-12-01,9426,2015-06-02,0705,015100,,2,1,9,1500,0,1,3,,2,581,"RT 58","CALIFORNIA AQUEDUCT",31680.00,W,N,A,-,Y,KER,6,58,-,-,17.040,H,-,W,Y,2,0,1,1,A,-,03,22350,,N,F,A,A,A,H,-,A,D,0,,,Y,,Y,,C,02,1,0,0,0,0,0,0,0,1,"- ","- ",35.325449999999996,-119.61596,KERN,UNINCORPORATED,-119.61287985,35.32804342
6946942,2015,2015-06-25,1503,2015-05-21,1543,10116,1503,4,5,4,1503,0,0,0,,0,ALL,"CECIL AV","ALBANY ST",0.00,,Y,A,-,N,,,,,,,,,,Y,2,0,4,2,A,-,09,21801,A,N,D,C,A,A,H,-,A,A,0,,,,,Y,,A,01,1,1,2,0,0,0,0,0,0,"- ","- ",,,KERN,DELANO,-119.25849998,35.775900010000001
6951520,2015,2015-06-25,9420,2015-05-27,1840,019098,,3,2,9,1500,0,3,5,,2,672,"TALISMAN DR","SAXON WY",150.00,W,N,A,-,N,,,,,,,,,,N,2,0,1,2,A,-,11,21954,A,N,G,B,D,A,H,-,A,D,0,Y,,,,Y,,N,60,1,0,0,0,1,0,0,0,0,"- ","- ",35.341340000000002,-119.02258,KERN,UNINCORPORATED,-119.02283229,35.341244779999997
6952098,2015,2016-11-04,1507,2015-06-03,0847,256,12,3,5,3,1507,0,0,0,,0,,"CENTRAL AV","CENTRAL VALLEY HWY",0.00,,Y,A,-,Y,KER,6,43,-,-,16.860,I,5,N,Y,2,0,2,2,A,-,09,21801,A,N,A,C,A,A,H,-,A,A,0,,,,,Y,,A,01,1,0,1,0,0,0,0,0,0,"- ","- ",35.508580000000002,-119.27875,KERN,SHAFTER,-119.27440291000001,35.502829239999997
6957718,2015,2015-06-26,9420,2015-05-28,0610,13475,,4,1,9,1500,0,2,4,,1,051,"NORTH CHESTER AV","MCKELVEY AV",0.00,,Y,A,-,N,,,,,,,,,,N,2,0,1,2,A,-,09,21802,A,N,D,C,A,A,H,-,A,A,0,,,Y,,Y,,A,07,1,0,0,0,0,0,0,0,0,"- ","- ",35.441850000000002,-119.02215,KERN,UNINCORPORATED,-119.02225,35.441850000000002
6976181,2015,2015-07-10,9420,2015-06-06,1915,19896,,6,2,6,1502,0,3,5,,2,070,"MOUNT VERNON AV","STEELE AV",0.00,,Y,A,-,N,,,,,,,,,,N,2,0,1,1,A,-,03,22350,,N,F,A,A,A,H,-,B,D,0,,Y,,,Y,,L,04,1,0,0,0,0,0,1,0,0,"- ","- ",35.369630000000001,-118.96718,KERN,BAKERSFIELD,-118.96745014,35.369470040000003
6978068,2015,2016-11-04,9420,2015-06-15,1010,17146,,1,1,9,1500,0,1,3,,2,179,"RT 178","SCODIE LN",2640.00,E,N,A,-,Y,KER,6,178,-,-,63.000,H,-,E,Y,2,0,3,1,A,-,03,22350,,N,E,I,A,A,H,-,A,D,0,,,,,Y,,E,22,1,2,0,0,0,0,0,0,0,"- ","- ",35.697479999999999,-118.21296,KERN,UNINCORPORATED,-118.21142666999999,35.696718539999999
6981558,2015,2016-12-08,9420,2015-06-15,0225,019829,,1,3,9,1500,0,1,3,,1,184,SR184,"PHILLIPS ST",250.00,S,N,A,-,Y,KER,6,184,-,-,0.140,H,-,N,Y,2,0,1,1,A,-,01,23152,A,N,F,A,A,A,H,-,C,D,0,,,,,Y,Y,A,07,1,0,0,0,0,0,0,0,0,"- ","- ",35.240580000000001,-118.91445,KERN,UNINCORPORATED,-118.91443839999999,35.239834590000001
6985303,2015,2016-11-04,9830,2015-06-25,1410,020806,,4,2,9,1500,0,1,3,,1,052,"RT 178E","JACKS RANCH RD",896.00,W,N,A,-,Y,KER,6,178,-,-,97.430,H,-,W,Y,2,0,1,1,A,-,01,23152,A,N,F,A,A,A,H,-,A,D,0,,,,,Y,Y,D,22,1,0,0,0,0,0,0,0,0,"- ","- ",35.651989999999998,-117.72738,KERN,UNINCORPORATED,-117.72612697,35.651905829999997
6986809,2015,2017-01-09,9420,2015-07-16,0008,18135,,4,3,9,1500,0,1,3,,1,184,"RT 184","SUNSET BL",199.00,S,N,A,-,Y,KER,6,184,-,L,0.960,H,-,S,Y,2,0,2,2,A,-,01,23152,A,F,D,C,A,A,H,-,D,D,0,,,,,Y,Y,A,01,1,1,0,0,0,0,0,0,0,"- ","- ",35.222850000000001,-118.91444,KERN,UNINCORPORATED,-118.91447839,35.222688689999998
6995375,2015,2017-01-14,9426,2015-07-22,1440,015633,,3,2,9,1500,0,1,3,,1,167,"RT 166","BASIC SCHOOL RD",15840.00,E,N,A,-,Y,KER,6,166,-,-,7.980,H,-,W,Y,2,0,1,3,A,-,08,22107,,F,C,C,A,A,H,-,A,D,0,,,,Y,Y,,A,01,1,0,0,0,0,0,0,0,0,"- ","- ",35.058230000000002,-119.26090000000001,KERN,UNINCORPORATED,-119.26067829,35.058084829999999
7002059,2015,2015-07-22,9420,2015-07-02,1955,019461,,4,2,9,1500,0,2,4,,1,072,"EAST CALIFORNIA AV","MOUNT VERNON AV",0.00,,Y,A,-,N,,,,,,,,,,Y,2,0,7,2,A,-,01,23152,E,N,D,C,A,A,H,-,A,A,0,,,,,Y,,A,07,1,5,1,0,0,0,0,0,0,"- ","- ",35.368510000000001,-118.96760999999999,KERN,UNINCORPORATED,-118.96763014,35.368680070000003
7006016,2015,2015-07-23,9420,2015-06-17,0548,15259,,3,3,9,1500,0,3,5,,2,671,"S EDISON RD","BUENA VISTA BL",0.00,,Y,A,-,N,,,,,,,,,,Y,1,1,4,2,A,-,12,22450,A,N,D,C,A,A,H,-,A,A,0,,,,,Y,,A,01,1,0,3,0,0,0,0,0,0,"- ","- ",35.238030000000002,-118.8783,KERN,UNINCORPORATED,-118.87830004,35.238010060000001
7006045,2015,2017-04-04,9420,2015-06-07,1715,19963,,7,2,9,1500,0,2,4,,1,071,"OSWELL ST","POTOMAC AV",47.00,N,N,A,-,N,,,,,,,,,,Y,1,1,0,1,A,-,01,23152,A,N,E,I,A,A,H,-,A,D,0,,,,,Y,Y,A,01,0,0,0,0,0,0,0,0,0,"- ","- ",35.365119999999997,-118.94992999999999,KERN,UNINCORPORATED,-118.94992319000001,35.365107549999998
7006072,2015,2015-08-04,9420,2015-06-29,2120,19896,,1,2,9,1500,0,3,5,,2,070,"VIRGINIA AV","LARRY ST",0.00,,Y,A,-,N,,,,,,,,,,Y,1,1,0,2,A,-,10,21950,A,N,G,B,B,A,H,-,C,D,0,Y,,,,Y,,A,07,0,0,0,1,0,0,0,0,0,"- ","- ",35.361319999999999,-118.95417999999999,KERN,UNINCORPORATED,-118.95418003,35.361390040000003
7006118,2015,2015-08-27,9420,2015-07-24,0535,16767,,5,3,9,1500,0,3,5,,2,510,"STRADLEY AV","SCHUSTER RD",0.00,,Y,A,-,N,,,,,,,,,,Y,1,1,4,2,A,-,09,21802,A,N,D,C,A,A,H,-,B,A,0,,,,,Y,,A,01,0,0,4,0,0,0,0,0,0,"- ","- ",35.732219999999998,-119.258,KERN,UNINCORPORATED,-119.25832991999999,35.732280029999998
7006201,2015,2015-10-14,1507,2015-08-26,1758,256,18,3,5,3,1507,0,0,0,,0,,"EAST LERDO HWY","CHERRY AV",1795.00,W,N,A,-,N,,,,,,,,,,Y,1,1,4,1,A,-,03,22350,,N,E,I,A,A,H,-,A,D,0,,,,,Y,,D,72,1,2,1,0,0,0,0,0,0,"- ","- ",35.499110000000002,-119.27061999999999,KERN,SHAFTER,-119.24877343,35.499864150000001
7006523,2015,2015-12-29,1507,2015-10-15,1730,253,27,4,5,3,1507,0,0,0,,0,,"EAST LERDO HWY","DRIVER RD",1643.00,W,N,B,C,N,,,,,,,,,,Y,1,1,0,1,A,-,08,22107,,N,E,J,A,B,G,-,B,D,0,,,,,Y,,A,01,0,0,0,0,0,0,0,0,0,"- ","- ",,,KERN,SHAFTER,-119.21128238,35.499800010000001
7008255,2015,2017-01-25,9420,2015-07-26,0310,019845,,7,3,9,1500,0,1,3,,1,462,"RT 46","ROOT AV",226.00,E,N,A,-,Y,KER,6,46,-,-,52.100,H,-,W,Y,2,0,3,2,A,-,01,23152,A,N,A,C,A,A,H,-,D,D,0,,,,Y,Y,Y,A,01,2,0,1,0,0,0,0,0,0,"- ","- ",35.601550000000003,-119.31135999999999,KERN,UNINCORPORATED,-119.31236337999999,35.601598559999999
7011955,2015,2015-08-10,9420,2015-07-24,2122,018135,,5,2,9,1500,0,3,5,,2,040,"ALFRED HARRELL HWY","LILY DR",2112.00,W,N,A,-,N,,,,,,,,,,Y,2,0,5,1,A,-,01,23152,A,N,E,I,A,A,H,-,D,D,0,,,,,Y,Y,A,01,1,3,1,0,0,0,0,0,0,"- ","- ",35.446249999999999,-118.92659999999999,KERN,UNINCORPORATED,-118.92850935,35.447076350000003
7015811,2015,2017-01-23,9420,2015-07-02,0330,18135,,4,3,9,1500,0,1,3,,2,588,"RT 58","RT 223",0.00,,Y,A,-,Y,KER,6,58,-,-,75.620,I,5,E,Y,2,0,2,2,A,-,09,21801,A,N,D,C,A,A,H,-,C,A,1,,,,Y,Y,,F,26,1,1,0,0,0,0,0,0,0,"- ","- ",35.26417,-118.65853,KERN,UNINCORPORATED,-118.65836576,35.264167810000004
7015864,2015,2015-08-20,9420,2015-07-31,1300,019184,,5,1,9,1500,0,2,4,,1,051,"NORTH CHESTER AV","BEARDSLEY AV",75.00,N,N,A,-,N,,,,,,,,,,N,2,0,1,1,A,-,08,22107,,N,F,A,A,A,H,-,A,D,0,,Y,,,Y,,L,04,1,0,0,0,0,0,1,0,0,"- ","- ",35.40972,-119.02104,KERN,UNINCORPORATED,-119.02104466999999,35.405155440000001
7017789,2015,2016-12-21,9830,2015-07-19,1730,019367,,7,2,9,1500,0,1,3,,1,021,"RT 58","RT 14",10032.00,E,N,A,-,Y,KER,6,58,-,M,113.030,H,-,W,Y,2,0,5,1,A,-,08,22107,,N,E,I,A,A,H,-,A,D,1,,,,,Y,,A,07,1,1,3,0,0,0,0,0,0,"- ","- ",35.090600000000002,-118.12667,KERN,UNINCORPORATED,-118.11773700000001,35.082672500000001
7017801,2015,2015-08-18,9830,2015-07-26,1835,019367,,7,2,9,1500,0,3,5,,2,003,"60TH ST W","TERRY CT",528.00,S,N,A,-,N,,,,,,,,,,Y,2,0,1,1,A,-,08,22107,,N,E,I,A,A,H,-,A,D,0,,,Y,,Y,,C,02,1,0,0,0,0,0,0,0,1,"- ","- ",34.853279999999998,-118.23787,KERN,UNINCORPORATED,,
7025283,2015,2015-08-26,9420,2015-07-25,0050,19723,,6,3,9,1500,0,3,5,,2,520,"DRIVER RD","PHILLIPS RD",1584.00,S,N,A,-,N,,,,,,,,,,Y,2,0,1,1,A,-,01,23152,A,N,F,A,A,A,H,-,D,D,0,,,,,Y,,A,01,1,0,0,0,0,0,0,0,0,"- ","- ",35.615279999999998,-119.20441,KERN,UNINCORPORATED,-119.20439,35.626743259999998
7029143,2015,2015-09-16,1502,2015-08-16,0203,966,,7,5,6,1502,0,0,0,,0,,"TRUXTUN AV","V ST",472.00,W,N,A,-,N,,,,,,,,,,Y,2,0,1,2,A,-,01,23152,A,N,C,E,A,A,H,-,C,D,0,,,,,Y,Y,D,22,1,0,0,0,0,0,0,0,0,"- ","- ",,,KERN,BAKERSFIELD,-119.00640122,35.373373549999997
7033203,2015,2017-01-12,9430,2015-07-26,0040,17153,,7,3,9,1500,0,1,1,,2,053,"RT 5","TURN #4",1182.00,S,N,A,-,Y,KER,6,5,-,-,7.900,H,-,N,Y,2,0,1,2,A,-,01,23152,A,N,C,C,A,A,H,-,D,D,1,,,,,Y,Y,A,01,1,0,0,0,0,0,0,0,0,"- ","- ",34.911090000000002,-118.92319000000001,KERN,UNINCORPORATED,-118.92370522,34.907924190000003
7039947,2015,2015-09-03,1508,2015-07-19,2153,111,,7,5,2,1508,0,0,0,,0,,"WILLIAMS WY","E SAN EMIDIO ST",10.00,N,N,B,F,N,,,,,,,,,,N,2,0,1,2,A,-,17,21712,A,N,G,B,E,B,H,-,C,D,0,Y,,,,Y,,A,01,1,0,0,0,1,0,0,0,0,"- ","- ",,,KERN,TAFT,-119.44754025,35.142747450000002
7041330,2015,2015-09-03,1502,2015-07-31,1059,1072,,5,5,6,1502,0,0,0,,0,CENTRA,"NEW STINE RD","WILSON RD",201.00,N,N,A,-,N,,,,,,,,,,Y,2,0,2,2,A,-,08,22107,,N,B,C,A,A,H,-,A,D,0,,,,,Y,,A,01,1,0,1,0,0,0,0,0,0,"- ","- ",,,KERN,BAKERSFIELD,-119.05846356000001,35.33268726
7041406,2015,2016-03-29,1502,2015-08-16,0757,P45,,7,5,6,1502,0,0,0,,0,METRO,"PACIFIC ST","MILLER AV",10.00,W,N,A,-,N,,,,,,,,,,N,2,0,1,2,D,-,00,,,F,G,B,E,A,H,-,A,D,0,Y,,,,Y,,-,"- ",1,0,0,0,1,0,0,0,0,"- ","- ",,,KERN,BAKERSFIELD,-118.98103222,35.381917530000003
7045684,2015,2015-09-16,1502,2015-08-20,2103,1202,,4,5,6,1502,0,0,0,,0,METRO,"M ST","TRUXTUN AV",0.00,,Y,A,-,N,,,,,,,,,,N,2,0,1,2,A,-,09,21804,A,N,D,G,A,A,H,-,C,D,0,,Y,,,Y,,L,04,1,0,0,0,0,0,1,0,0,"- ","- ",,,KERN,BAKERSFIELD,-119.01529001999999,35.373410059999998
7050103,2015,2015-09-22,1507,2015-08-19,2015,254,10,3,5,3,1507,0,0,0,,0,,"WEST LERDO HWY","DOC KAY",0.00,,Y,A,-,N,,,,,,,,,,Y,2,0,2,2,A,-,03,22350,,N,D,C,A,A,H,-,C,D,0,,,Y,,Y,,C,02,1,1,0,0,0,0,0,0,2,"- ","- ",35.500190000000003,-119.29088,KERN,SHAFTER,-119.29082999000001,35.499890030000003
7055162,2015,2015-10-02,9830,2015-08-15,2031,19400,,6,2,9,1500,0,3,5,,2,003,"OAK CREEK RD","TEHACHAPI WILLOW SPRINGS RD",5280.00,E,N,A,-,N,,,,,,,,,,Y,2,0,1,1,A,-,08,22107,,N,F,A,A,A,H,-,D,D,0,,,Y,,Y,,C,02,1,0,0,0,0,0,0,0,1,"- ","- ",35.05294,-118.33692000000001,KERN,UNINCORPORATED,-118.37058445,35.045691050000002
7067833,2015,2015-09-23,1502,2015-09-08,1817,984,,2,5,6,1502,0,0,0,,0,,"WASHINGTON ST","BRUNDAGE LN",725.00,N,N,A,-,N,,,,,,,,,,Y,2,0,1,1,A,-,03,22350,,N,F,A,A,A,B,-,A,D,0,,,,,Y,,A,01,1,0,0,0,0,0,0,0,0,"- ","- ",,,KERN,BAKERSFIELD,-118.97638000000001,35.356009280000002
7097009,2015,2015-10-19,1502,2015-10-02,0651,1167,,5,5,6,1502,0,0,0,,0,NORTH,"JEWETTA AV","MILVERTON WY",0.00,,Y,A,-,N,,,,,,,,,,Y,2,0,1,2,A,-,12,21453,A,N,D,C,A,A,H,-,A,A,0,,,,,Y,,A,07,1,0,0,0,0,0,0,0,0,"- ","- ",,,KERN,BAKERSFIELD,-119.13079,35.358440049999999
7108286,2015,2015-11-03,1502,2015-10-13,1928,1048,,2,5,6,1502,0,0,0,,0,,"BELLE TER","JONES ST",0.00,,Y,A,-,N,,,,,,,,,,N,2,0,1,2,A,-,10,21950,A,N,G,B,B,A,H,-,C,D,0,Y,,,,Y,Y,A,01,1,0,0,0,0,0,0,0,0,"- ","- ",35.347050000000003,-119.0489,KERN,BAKERSFIELD,-119.04903005,35.346790059999996
7144139,2015,2016-01-04,1505,2015-05-30,1512,M043,1,6,5,2,1505,0,0,0,,0,,"W ELMO HWY","KENDRA ST",592.00,W,N,A,-,N,,,,,,,,,,Y,2,0,2,3,A,-,05,21650,,N,A,C,A,A,H,-,A,D,0,,,,,Y,,A,07,1,1,0,0,0,0,0,0,0,"- ","- ",,,KERN,MCFARLAND,-119.23845138,35.68883099
7147618,2015,2016-01-28,1511,2015-11-28,1300,53068,9,6,5,2,1511,0,0,0,,0,DIRT,"RUTGERS RD","RUDNICK RD",45.00,N,N,A,F,N,,,,,,,,,,N,2,0,2,2,A,-,03,38305,,N,A,C,A,A,G,-,A,D,0,,,Y,,Y,,-,"- ",2,0,0,0,0,0,0,0,2,"- ","- ",,,KERN,"CALIFORNIA CITY",-117.7644718,35.170413320000002
7169195,2016,2016-01-26,1502,2016-01-12,1716,984,,2,5,6,1502,0,0,0,,0,METRO,"OAK ST","CALIFORNIA AV",195.00,S,N,A,-,N,,,,,,,,,,N,2,0,1,2,A,-,11,21954,A,N,G,B,D,A,H,-,C,A,0,Y,,,,Y,Y,N,60,1,0,0,0,1,0,0,0,0,"- ","- ",35.368760000000002,-119.03831,KERN,BAKERSFIELD,-119.03878772,35.368174979999999
7180004,2016,2017-02-18,1508,2016-01-15,1757,112,KCF,5,5,2,1508,0,0,0,,0,,"RT 119","ASH ST",73.00,S,N,A,-,Y,KER,6,119,-,-,1.070,H,-,E,Y,2,0,5,4,A,-,03,22350,,N,C,C,A,A,H,-,B,D,0,,,,,Y,,D,72,1,1,3,0,0,0,0,0,0,"- ","- ",,,KERN,TAFT,-119.44786477,35.15156322
7181376,2016,2016-02-18,1502,2016-02-01,1907,P45,,1,5,6,1502,0,0,0,,0,HILL,"34TH ST","O ST",202.00,E,N,B,-,N,,,,,,,,,,N,2,0,1,2,A,-,11,21954,A,N,G,B,D,A,H,-,D,D,0,Y,,,,Y,,N,60,1,0,0,0,1,0,0,0,0,"- ","- ",35.390999999999998,-119.0128,KERN,BAKERSFIELD,-119.01221318,35.39051396
7184039,2016,2016-02-16,1502,2016-01-26,0432,1072,,2,5,6,1502,0,0,0,,0,CENTRA,"REAL RD","SORANNO AV",68.00,S,N,A,-,N,,,,,,,,,,Y,2,0,2,3,A,-,01,23152,A,N,C,E,A,A,H,-,C,D,0,,,,,Y,Y,A,01,1,0,1,0,0,0,0,0,0,"- ","- ",35.337879999999998,-119.04336000000001,KERN,BAKERSFIELD,-119.04339,35.337503409999997
7190055,2016,2016-03-21,1511,2016-02-14,1138,53025,,7,5,2,1511,0,0,0,,0,00A,"ALBANO ST","RICHARD AV",43.00,W,N,A,-,N,,,,,,,,,,N,1,1,0,1,A,-,03,38305,,N,E,J,A,A,G,-,A,D,0,,,Y,,Y,,C,02,0,0,0,0,0,0,0,1,0,"- ","- ",35.195120000000003,-117.74787999999999,KERN,"CALIFORNIA CITY",-117.74772,35.192520000000002
7190390,2016,2016-09-21,1502,2016-03-18,2140,784,,5,5,6,1502,0,0,0,,0,NORTH,"COFFEE RD","HAGEMAN RD",841.00,S,N,A,-,N,,,,,,,,,,Y,1,1,2,2,A,-,03,22350,,N,C,C,A,A,H,-,C,D,0,,,Y,,Y,Y,C,02,0,1,1,0,0,0,0,1,2,"- ","- ",35.401380000000003,-119.09219,KERN,BAKERSFIELD,-119.09231277000001,35.399332379999997
7190391,2016,2016-09-21,1502,2016-03-26,1141,1181,,6,5,6,1502,0,0,0,,0,METRO,"BEALE AV","NILES ST",0.00,,Y,A,-,N,,,,,,,,,,Y,1,1,3,2,A,-,12,21453,A,N,D,C,A,A,H,-,A,A,0,,,,,Y,,A,01,1,0,2,0,0,0,0,0,0,"- ","- ",35.38158,-118.98797,KERN,BAKERSFIELD,-118.98801008,35.38130005
7190392,2016,2018-09-27,1502,2016-03-27,0355,1167,,7,5,6,1502,0,0,0,,0,CENTRA,"PLANZ RD","EDMONTON ST",475.00,E,N,A,-,N,,,,,,,,,,Y,1,1,0,6,A,-,08,22107,,N,B,E,A,A,H,-,C,D,0,,,,,Y,Y,D,22,0,0,0,0,0,0,0,0,0,"- ","- ",35.3249,-119.0551,KERN,BAKERSFIELD,-119.05357961,35.325045459999998
7190396,2016,2016-09-21,1502,2016-06-10,0011,1195,,5,5,6,1502,0,0,0,,0,,"NORIEGA RD","WAILEA DR",286.00,E,N,A,-,N,,,,,,,,,,Y,1,1,1,1,A,-,01,23153,A,N,E,I,A,A,H,-,C,D,0,,,,,Y,Y,D,22,0,1,0,0,0,0,0,0,0,"- ","- ",35.40551,-119.14166,KERN,BAKERSFIELD,-119.14079139,35.405169999999998
7190398,2016,2016-09-21,1502,2016-05-31,0140,1143,,2,5,6,1502,0,0,0,,0,HILL,"MANOR ST","DENISE AV",1198.00,N,N,A,-,N,,,,,,,,,,N,1,1,0,2,A,-,11,21954,A,N,G,B,E,A,H,-,D,D,0,Y,,,,Y,,N,60,0,0,0,1,0,0,0,0,0,"- ","- ",35.404940000000003,-119.00677,KERN,BAKERSFIELD,-119.00950709999999,35.407149109999999
7190415,2015,2017-03-29,1502,2015-12-11,1412,784,,5,5,6,1502,0,0,0,,0,SOUTH,"PANAMA LN","CASTLEPOINT ST",103.00,W,N,B,-,N,,,,,,,,,,Y,1,1,2,3,A,-,08,22107,,N,B,C,A,A,H,-,A,D,0,,,,Y,Y,,A,01,0,2,0,0,0,0,0,0,0,"- ","- ",35.295659999999998,-119.04433,KERN,BAKERSFIELD,-119.04434471,35.295923520000002
7190417,2015,2016-10-18,1502,2015-05-25,2039,1033,,1,5,6,1502,0,0,0,,0,METRO,"4TH ST","N ST",128.00,E,N,A,-,N,,,,,,,,,,N,1,1,0,2,A,-,11,21954,A,F,G,B,D,A,H,-,C,D,0,Y,,,,Y,,N,60,0,0,0,1,0,0,0,0,0,"- ","- ",,,KERN,BAKERSFIELD,-119.01376126,35.360788159999998
7190616,2016,2016-12-07,1502,2016-01-10,1841,784,,7,5,6,1502,0,0,0,,0,VALLEY,"PANAMA LN","NADEAU ST",117.00,E,N,B,-,N,,,,,,,,,,N,1,1,0,2,A,-,11,21956,A,F,G,B,D,A,H,-,C,D,0,Y,,,,Y,Y,N,60,0,0,0,1,0,0,0,0,0,"- ","- ",35.295780000000001,-119.00797,KERN,BAKERSFIELD,-119.00706842,35.295900000000003
7190627,2016,2018-09-27,1511,2016-10-17,1038,53025,2,1,5,2,1511,0,0,0,,0,00A,"NEURALIA RD","POPPY BL",0.00,,Y,A,G,N,,,,,,,,,,Y,1,1,0,2,A,-,09,21804,A,N,H,G,A,A,H,-,A,A,0,,Y,,,Y,,L,04,0,0,0,0,0,1,0,0,0,"- ","- ",35.03801,-118.00573,KERN,"CALIFORNIA CITY",-117.98586007999999,35.133060100000002
7199466,2015,2017-03-28,1506,2015-12-16,1925,5977,3,3,5,4,1506,0,0,0,,0,,"N NORMA ST","W MOYER AV",184.00,N,N,A,-,N,,,,,,,,,,Y,1,1,0,2,A,-,11,21950,B,N,G,B,D,A,H,-,C,D,0,Y,,,,Y,Y,N,60,0,0,0,1,0,0,0,0,0,"- ","- ",35.651299999999999,-117.68393,KERN,RIDGECREST,-117.67876,35.64579423
7199509,2015,2017-03-29,1502,2015-12-18,0254,1181,,5,5,6,1502,0,0,0,,0,HILL,"COLUMBUS ST","CORNELL ST",10.00,E,N,A,-,N,,,,,,,,,,N,1,1,0,2,A,-,17,21663,,F,G,B,F,A,H,-,C,A,0,Y,,,,Y,Y,A,01,0,0,0,1,0,0,0,0,0,"- ","- ",35.397739999999999,-118.97517999999999,KERN,BAKERSFIELD,-118.9752965,35.397580779999998
7199688,2016,2016-06-02,1502,2016-01-09,2025,784,,6,5,6,1502,0,0,0,,0,SOUTH,"DISTRICT BL","ASHE RD",734.00,E,N,B,-,N,,,,,,,,,,N,1,1,0,3,A,-,09,21804,A,F,D,C,A,A,H,-,C,D,0,,,Y,,Y,Y,A,01,0,0,0,0,0,0,0,1,0,"- ","- ",35.313130000000001,-119.07451,KERN,BAKERSFIELD,-119.07199283,35.313106679999997
7199691,2016,2018-09-25,1502,2016-01-16,0028,1167,,6,5,6,1502,0,0,0,,0,CENTRA,"MING AV","OLD RIVER RD",0.00,,Y,A,-,N,,,,,,,,,,Y,1,1,0,2,A,-,12,21453,A,N,D,C,A,A,H,-,C,A,0,,,Y,,Y,Y,C,02,0,0,0,0,0,0,0,1,0,"- ","- ",35.340170000000001,-119.11404,KERN,BAKERSFIELD,-119.11441009000001,35.339700030000003
7199692,2016,2018-09-27,1502,2016-01-23,0024,965,,6,5,6,1502,0,0,0,,0,VALLEY,"COTTONWOOD RD","WHITE LN",1526.00,S,N,A,-,N,,,,,,,,,,Y,1,1,0,2,A,-,11,21954,A,F,G,B,E,A,H,-,D,D,0,Y,,,,Y,,N,60,0,0,0,1,0,0,0,0,0,"- ","- ",35.317399999999999,-118.98566,KERN,BAKERSFIELD,-118.98541861,35.313502870000001
7199695,2016,2016-06-02,1502,2016-03-26,0005,784,,6,5,6,1502,0,0,0,,0,SOUTH,"PANAMA LN","COLONY ST",0.00,,Y,A,-,N,,,,,,,,,,Y,1,1,2,2,A,-,01,23153,A,N,D,C,A,A,H,-,C,A,0,,,,,Y,Y,A,07,2,0,0,0,0,0,0,0,0,"- ","- ",35.295929999999998,-119.02773999999999,KERN,BAKERSFIELD,-119.02721004999999,35.29596007
7200106,2016,2018-09-24,1502,2016-11-28,1951,784,,1,5,6,1502,0,0,0,,0,,"AUBURN ST","OSWELL ST",254.00,W,N,B,-,N,,,,,,,,,,Y,1,1,0,2,A,-,11,21954,A,N,G,B,D,A,H,-,C,D,0,Y,,,,Y,Y,N,60,0,0,0,1,0,0,0,0,0,"- ","- ",35.397739999999999,-118.94965999999999,KERN,BAKERSFIELD,-118.95077094,35.39772507