CASE_ID,ACCIDENT_YEAR,PROC_DATE,JURIS,COLLISION_DATE,COLLISION_TIME,OFFICER_ID,REPORTING_DISTRICT,DAY_OF_WEEK,CHP_SHIFT,POPULATION,CNTY_CITY_LOC,SPECIAL_COND,BEAT_TYPE,CHP_BEAT_TYPE,CITY_DIVISION_LAPD,CHP_BEAT_CLASS,BEAT_NUMBER,PRIMARY_RD,SECONDARY_RD,DISTANCE,DIRECTION,INTERSECTION,WEATHER_1,WEATHER_2,STATE_HWY_IND,CALTRANS_COUNTY,CALTRANS_DISTRICT,STATE_ROUTE,ROUTE_SUFFIX,POSTMILE_PREFIX,POSTMILE,LOCATION_TYPE,RAMP_INTERSECTION,SIDE_OF_HWY,TOW_AWAY,COLLISION_SEVERITY,NUMBER_KILLED,NUMBER_INJURED,PARTY_COUNT,PRIMARY_COLL_FACTOR,PCF_CODE_OF_VIOL,PCF_VIOL_CATEGORY,PCF_VIOLATION,PCF_VIOL_SUBSECTION,HIT_AND_RUN,TYPE_OF_COLLISION,MVIW,PED_ACTION,ROAD_SURFACE,ROAD_COND_1,ROAD_COND_2,LIGHTING,CONTROL_DEVICE,CHP_ROAD_TYPE,PEDESTRIAN_ACCIDENT,BICYCLE_ACCIDENT,MOTORCYCLE_ACCIDENT,TRUCK_ACCIDENT,NOT_PRIVATE_PROPERTY,ALCOHOL_INVOLVED,STWD_VEHTYPE_AT_FAULT,CHP_VEHTYPE_AT_FAULT,COUNT_SEVERE_INJ,COUNT_VISIBLE_INJ,COUNT_COMPLAINT_PAIN,COUNT_PED_KILLED,COUNT_PED_INJURED,COUNT_BICYCLIST_KILLED,COUNT_BICYCLIST_INJURED,COUNT_MC_KILLED,COUNT_MC_INJURED,PRIMARY_RAMP,SECONDARY_RAMP,LATITUDE,LONGITUDE,COUNTY,CITY,POINT_X,POINT_Y
7200174,2017,2019-04-08,1502,2017-01-29,1500,1195,,7,5,6,1502,0,0,0,,0,SOUTH,"WHITE LN","LILY DR",211.00,E,N,A,-,N,,,,,,,,,,Y,1,1,0,2,A,-,09,21801,A,N,D,C,A,A,H,-,A,D,0,,,Y,,Y,,D,22,0,0,0,0,0,0,0,1,0,"- ","- ",35.318309999999997,-119.08347999999999,KERN,BAKERSFIELD,-119.08276358000001,35.318287439999999
7201134,2016,2016-03-15,1506,2016-01-16,1946,4240,4,6,5,4,1506,0,0,0,,0,,"N NORMA ST","W REEVES AV",0.00,,Y,A,-,N,,,,,,,,,,N,2,0,1,2,A,-,05,21650,1,N,H,G,A,A,H,-,C,D,0,,Y,,,Y,,L,04,1,0,0,0,0,0,1,0,0,"- ","- ",35.645510000000002,-117.6788,KERN,RIDGECREST,-117.67876008,35.646190019999999
7201142,2016,2016-03-15,1506,2016-01-22,1820,5977,20,5,5,4,1506,0,0,0,,0,,"N NORMA ST","WEST DRUMMOND AV",530.00,N,N,A,-,N,,,,,,,,,,N,2,0,1,2,A,-,10,21950,A,M,G,B,D,A,H,-,C,D,0,Y,,,,Y,,-,99,1,0,0,0,1,0,0,0,0,"- ","- ",35.637030000000003,-117.67874,KERN,RIDGECREST,-117.67873406,35.638612389999999
8004207,2015,2016-04-07,1502,2015-11-21,1615,1149,,6,5,6,1502,0,0,0,,0,SOUTH,"WIBLE RD","TORI LORENE AV",0.00,,Y,A,-,N,,,,,,,,,,Y,2,0,5,2,A,-,09,21802,A,N,D,C,A,A,H,-,A,A,0,,,,Y,Y,,D,22,2,0,3,0,0,0,0,0,0,"- ","- ",35.271880000000003,-119.03957,KERN,BAKERSFIELD,-119.0390001,35.272170090000003
8004215,2015,2016-04-07,1502,2015-11-14,1637,1212,,6,5,6,1502,0,0,0,,0,VALLEY,"H ST","JULIAN AV",842.00,S,N,A,-,N,,,,,,,,,,N,2,0,1,2,A,-,11,21954,A,N,G,B,D,A,H,-,A,D,0,Y,,,,Y,,N,60,1,0,0,0,1,0,0,0,0,"- ","- ",35.323459999999997,-119.02135,KERN,BAKERSFIELD,-119.02133526999999,35.321149640000002
8012519,2016,2016-04-07,1501,2016-02-05,1953,960,12,5,5,3,1501,0,0,0,,0,001,"BEAR MOUNTAIN BL",MORTON,27.00,E,N,A,-,N,,,,,,,,,,N,2,0,1,2,A,-,09,21801,A,N,D,C,A,A,H,-,C,D,0,,,Y,,Y,,A,01,1,0,0,0,0,0,0,0,1,"- ","- ",35.210630000000002,-118.83468999999999,KERN,ARVIN,-118.83481085,35.208991140000002
8014010,2016,2016-04-11,1502,2016-03-23,2148,1048,,3,5,6,1502,0,0,0,,0,,"HUGHES LN","BEA CT",84.00,N,N,A,-,N,,,,,,,,,,Y,2,0,1,2,A,-,11,21956,A,N,G,B,E,A,H,-,C,D,0,Y,,,,Y,,N,60,1,0,0,0,1,0,0,0,0,"- ","- ",35.321039999999996,-119.03026,KERN,BAKERSFIELD,-119.03008,35.321200490000003
8048863,2016,2016-05-31,1502,2016-05-13,1807,P59,,5,5,6,1502,0,0,0,,0,,"PACHECO RD","H ST",35.00,W,N,A,-,N,,,,,,,,,,Y,2,0,1,2,A,-,03,22350,,N,C,C,A,A,H,-,A,A,0,,,Y,,Y,,C,02,1,0,0,0,0,0,0,0,1,"- ","- ",35.310400000000001,-119.02153,KERN,BAKERSFIELD,-119.02142714999999,35.310391180000003
8061347,2016,2016-07-22,1502,2016-06-29,2156,1120,,3,5,6,1502,0,0,0,,0,,"PACHECO RD","EVE ST",0.00,,Y,A,-,N,,,,,,,,,,Y,2,0,1,2,A,-,08,22107,,N,B,C,A,A,H,-,C,A,0,,,,,Y,Y,A,01,1,0,0,0,0,0,0,0,0,"- ","- ",35.310299999999998,-119.00778,KERN,BAKERSFIELD,-119.0074801,35.310390079999998
8063486,2016,2016-06-23,1502,2016-05-26,1814,1212,,4,5,6,1502,0,0,0,,0,NORTH,"CLAY PATRICK FARR WY","ROSEDALE HWY",526.00,N,N,A,-,N,,,,,,,,,,Y,2,0,1,2,A,-,09,21804,A,N,D,C,A,A,H,-,A,D,0,,,Y,,Y,,A,01,1,0,0,0,0,0,0,0,1,"- ","- ",35.383369999999999,-119.10124999999999,KERN,BAKERSFIELD,-119.10102999999999,35.384993389999998
8067505,2016,2016-08-29,1506,2016-04-16,2159,4240,36,6,5,4,1506,0,0,0,,0,,"S CHINA LAKE BL","UPJOHN AV",21.00,S,N,A,-,N,,,,,,,,,,Y,2,0,2,1,A,-,00,23153,C,N,E,I,A,A,H,-,C,A,0,,,,,Y,,A,01,2,0,0,0,0,0,0,0,0,"- ","- ",35.615020000000001,-117.67026,KERN,RIDGECREST,-117.67008162,35.615212470000003
8069778,2016,2017-02-17,1502,2016-06-14,1925,P63,,2,5,6,1502,0,0,0,,0,HILL,"24TH ST","OAK ST",0.00,,Y,A,-,Y,KER,6,178,-,-,0.199,I,5,E,Y,2,0,3,2,A,-,08,22107,,N,D,C,A,A,H,-,A,A,0,,,,,Y,,A,01,1,1,1,0,0,0,0,0,0,"- ","- ",35.381309999999999,-119.03805,KERN,BAKERSFIELD,-119.04073886,35.381863580000001
8092066,2016,2017-03-28,1502,2016-07-23,1819,1048,,6,5,6,1502,0,0,0,,0,,"HARRIS RD","MOUNTAIN VISTA DR",48.00,W,N,A,-,N,,,,,,,,,,N,1,1,0,2,A,-,11,21954,A,N,G,B,D,A,H,-,A,A,0,Y,,,,Y,,N,60,0,0,0,1,0,0,0,0,0,"- ","- ",36.303870000000003,-118.11892,KERN,BAKERSFIELD,-119.11888068,35.303450869999999
8092370,2016,2016-08-08,1501,2016-05-22,1238,919,12,7,5,3,1501,0,0,0,,0,001,"BEAR MOUNTAIN BL","CAMPUS DR",25.00,W,N,A,-,N,,,223,,,,,,,N,2,0,2,2,A,-,21,22106,,M,C,C,A,A,H,-,A,D,0,,,,,Y,,A,01,1,0,1,0,0,0,0,0,0,"- ","- ",35.209429999999998,-118.83360999999999,KERN,ARVIN,-118.83360833,35.209077059999998
80981956,2019,2019-05-06,1502,2019-05-01,2234,1293,,3,5,6,1502,0,0,0,,0,Valley,"PANAMA LN","COLONY ST",232.00,W,N,A,-,N,,,,,,,,,,N,2,0,1,2,A,-,11,21954,A,N,G,B,D,A,H,-,C,D,0,Y,,,,Y,,N,60,1,0,0,0,1,0,0,0,0,"- ","- ",35.295928955078125,-119.02767944335938,KERN,BAKERSFIELD,-119.02798461914062,35.29595947265625
80983279,2019,2019-05-07,1502,2019-05-06,1658,P45,,1,5,6,1502,0,0,0,,0,Centra,"TRUXTUN AV","QUAILRIDGE RD",1682.00,E,N,B,-,N,,,,,,,,,,N,2,0,1,1,A,-,08,22107,,N,E,I,A,A,H,-,A,D,0,,,,,Y,,A,01,1,0,0,0,0,0,0,0,0,"- ","- ",35.362201690673828,-119.08953094482422,KERN,BAKERSFIELD,-119.08350372314453,35.362083435058594
80987239,2019,2019-05-13,1502,2019-05-10,0005,1153,,5,5,6,1502,0,0,0,,0,Valley,"HOSKING AV","ZERMATT ST",106.00,E,N,B,C,N,,,,,,,,,,Y,2,0,1,2,A,-,01,23152,A,N,A,C,A,B,H,-,C,D,0,,,,,Y,Y,D,22,1,0,0,0,0,0,0,0,0,"- ","- ",35.281318664550781,-119.01802062988281,KERN,BAKERSFIELD,-119.01698303222656,35.281364440917969
81001668,2019,2019-06-03,1502,2019-05-31,2115,1238,,5,5,6,1502,0,0,0,,0,Hill,"AUBURN ST","OSWELL ST",130.00,E,N,A,-,N,,,,,,,,,,N,2,0,1,2,A,-,11,21954,A,M,G,B,D,A,H,-,C,A,0,Y,,,,Y,,N,60,1,0,0,0,1,0,0,0,0,"- ","- ",35.397739410400391,-118.94966125488281,KERN,BAKERSFIELD,-118.94948577880859,35.397735595703125
81010776,2019,2019-11-18,1502,2019-06-13,2128,1185,,4,5,6,1502,0,0,0,,0,Metro,"CHESTER AV","10TH ST",32.00,N,N,A,-,N,,,,,,,,,,Y,2,0,1,2,A,-,11,21954,A,N,G,B,D,A,H,-,C,D,0,Y,,,,Y,Y,N,60,1,0,0,0,1,0,0,0,0,"- ","- ",35.366489410400391,-119.01847076416016,KERN,BAKERSFIELD,-119.01887512207031,35.366584777832031
81023414,2019,2019-07-03,1502,2019-07-01,1619,P45,,1,5,6,1502,0,0,0,,0,North,"BRIMHALL RD","WOODMONT DR",160.00,W,N,A,-,N,,,,,,,,,,N,2,0,2,2,A,-,09,21801,A,N,D,C,A,A,H,-,A,D,0,,,Y,,Y,,C,02,1,0,1,0,0,0,0,0,2,"- ","- ",35.368740081787109,-119.10820770263672,KERN,BAKERSFIELD,-119.10829925537109,35.368656158447266
81025503,2019,2019-07-08,1502,2019-04-02,2050,1033,,2,5,6,1502,0,0,0,,0,Hill,"HALEY ST","DARTMOUTH ST",57.00,S,N,A,-,N,,,,,,,,,,N,1,1,0,2,A,-,11,21954,A,N,G,B,D,A,H,-,C,A,0,Y,,,,Y,,N,60,0,0,0,1,0,0,0,0,0,"- ","- ",35.402030944824219,-118.97634887695312,KERN,BAKERSFIELD,-118.97638702392578,35.402992248535156
81025664,2019,2019-07-08,1502,2019-07-01,2207,1195,,1,5,6,1502,0,0,0,,0,Metro,"23RD ST","B ST",167.00,E,N,A,-,Y,,,,,,,,,,Y,2,0,1,1,A,-,01,23152,A,N,E,I,A,A,D,-,E,D,0,,,,,Y,Y,A,01,1,0,0,0,0,0,0,0,0,"- ","- ",35.380138397216797,-119.02760314941406,KERN,BAKERSFIELD,-119.02757263183594,35.380069732666016
81033769,2019,2019-07-19,1502,2019-07-18,0519,1265,,4,5,6,1502,0,0,0,,0,Centra,"CALIFORNIA AV","BUSINESS CENTER DR",135.00,S,N,A,-,N,,,,,,,,,,N,2,0,1,2,A,-,11,21955,,N,G,B,D,A,H,-,A,D,0,Y,,,,Y,,N,60,1,0,0,0,1,0,0,0,0,"- ","- ",35.356250762939453,-119.06066131591797,KERN,BAKERSFIELD,-119.06124114990234,35.355968475341797
81042106,2019,2019-07-31,1502,2019-07-28,1542,1149,,7,5,6,1502,0,0,0,,0,South,"BUENA VISTA RD","MING AV",0.00,,Y,A,-,N,,,,,,,,,,Y,2,0,3,2,A,-,09,21453,C,N,A,C,A,A,H,-,A,A,0,,,,,Y,,A,07,1,0,2,0,0,0,0,0,0,"- ","- ",35.340309143066406,-119.12763977050781,KERN,BAKERSFIELD,-119.12799835205078,35.339889526367188
81073863,2019,2019-09-13,1502,2019-05-16,1612,1033,,4,5,6,1502,0,0,0,,0,Centra,"OLD RIVER RD","WHITE LN",0.00,,Y,B,-,N,,,,,,,,,,Y,1,1,1,2,A,-,01,23152,F,N,E,C,A,A,H,-,A,A,0,,,,,Y,,A,01,1,0,0,0,0,0,0,0,0,"- ","- ",35.325531005859375,-119.10923004150391,KERN,BAKERSFIELD,-119.10942840576172,35.325290679931641
81076880,2019,2019-09-18,1502,2019-08-26,2017,1177,,1,5,6,1502,0,0,0,,0,Valley,"CHESTER AV","PLANZ RD",195.00,S,N,A,-,N,,,,,,,,,,N,2,0,1,2,A,-,11,21954,A,N,G,B,D,A,H,-,A,D,0,Y,,,,Y,,N,60,1,0,0,0,1,0,0,0,0,"- ","- ",35.324840545654297,-119.00942230224609,KERN,BAKERSFIELD,-119.009033203125,35.324428558349609
81087407,2019,2019-10-01,1502,2019-09-29,0743,P63,,7,5,6,1502,0,0,0,,0,Hill,"CHESTER AV","COLUMBUS ST",0.00,,Y,A,-,N,,,,,,,,,,N,2,0,1,1,C,-,18,,,N,F,A,A,A,H,-,A,A,0,,,Y,,Y,,-,"- ",1,0,0,0,0,0,0,0,1,"- ","- ",35.398109436035156,-119.01790618896484,KERN,BAKERSFIELD,-119.01879119873047,35.398139953613281
81087409,2019,2019-10-01,1502,2019-09-30,0731,P63,,1,5,6,1502,0,0,0,,0,Metro,"28TH ST","CHESTER AV",0.00,,Y,A,-,N,,,,,,,,,,Y,2,0,1,2,A,-,09,21802,A,N,D,C,A,A,H,-,A,A,0,,,,,Y,,A,01,1,0,0,0,0,0,0,0,0,"- ","- ",35.384021759033203,-119.01896667480469,KERN,BAKERSFIELD,-119.01885223388672,35.384811401367188
81089427,2019,2019-10-03,1502,2019-10-02,0729,P45,,3,5,6,1502,0,0,0,,0,Centra,"HAGGIN OAKS BL","MING AV",346.00,N,N,A,-,N,,,,,,,,,,N,2,0,1,2,A,-,09,21804,A,N,H,G,A,A,H,-,A,D,0,,Y,,Y,Y,,F,27,1,0,0,0,0,0,1,0,0,"- ","- ",35.340011596679688,-119.10083770751953,KERN,BAKERSFIELD,-119.10111236572266,35.340808868408203
81092267,2019,2019-10-08,1502,2019-09-30,0905,P17,,1,5,6,1502,0,0,0,,0,Valley,"CHESTER AV","BELLE TERRACE",70.00,S,N,A,-,N,,,,,,,,,,Y,2,0,3,2,A,-,05,21460,A,N,A,C,A,A,H,-,A,A,0,,,,,Y,,A,07,1,1,1,0,0,0,0,0,0,"- ","- ",35.345920562744141,-119.01966094970703,KERN,BAKERSFIELD,-119.01892852783203,35.34649658203125
81095186,2019,2019-10-11,1502,2019-09-27,2325,1225,,5,5,6,1502,0,0,0,,0,Metro,"OAK ST","SUNSET AV (S)",37.00,S,N,A,-,N,,,,,,,,,,N,2,0,1,2,A,-,17,21209,A,N,G,B,E,A,H,-,C,D,0,Y,,,,Y,,-,99,1,0,0,0,1,0,0,0,0,"- ","- ",35.366611480712891,-119.03839111328125,KERN,BAKERSFIELD,-119.03880310058594,35.366600036621094
81127153,2019,2019-11-22,1502,2019-11-17,0157,1265,,7,5,6,1502,0,0,0,,0,Valley,"H ST","PLANZ RD",0.00,,Y,A,-,N,,,,,,,,,,Y,2,0,1,1,A,-,08,22107,,N,E,I,A,A,H,-,C,A,0,,,,,Y,,A,01,1,0,0,0,0,0,0,0,0,"- ","- ",35.324920654296875,-119.02133178710938,KERN,BAKERSFIELD,-119.02134704589844,35.324901580810547
81134846,2019,2019-12-03,1502,2019-09-07,2121,1195,,6,5,6,1502,0,0,0,,0,Metro,"KENTUCKY ST","GAGE ST",50.00,W,N,A,G,N,,,,,,,,,,N,1,1,0,2,A,-,05,21202,A,F,H,G,A,A,H,-,C,D,0,,Y,,,Y,,L,04,0,0,0,0,0,1,0,0,0,"- ","- ",35.377670288085938,-118.98609161376953,KERN,BAKERSFIELD,-118.98615264892578,35.377395629882812
81134851,2019,2019-12-03,1502,2019-12-01,0210,1225,,7,5,6,1502,0,0,0,,0,Metro,"BRUNDAGE LN","CHESTER AV",0.00,,Y,A,-,N,,,,,,,,,,Y,2,0,1,2,A,-,01,23152,A,N,D,C,A,A,H,-,C,A,0,,,,,Y,Y,A,01,1,0,0,0,0,0,0,0,0,"- ","- ",35.353969573974609,-119.01869964599609,KERN,BAKERSFIELD,-119.01892852783203,35.354000091552734
81140593,2019,2019-12-11,1502,2019-11-24,1645,1177,,7,5,6,1502,0,0,0,,0,Centra,"OLD RIVER RD","MING AV",0.00,S,N,A,-,N,,,,,,,,,,Y,1,1,2,3,A,-,01,23152,A,N,C,C,A,A,H,-,A,D,0,,,,Y,Y,Y,A,01,2,0,0,0,0,0,0,0,0,"- ","- ",35.339900970458984,-119.0919189453125,KERN,BAKERSFIELD,-119.11441040039062,35.339698791503906
81141636,2019,2019-12-12,1502,2019-10-13,2033,1181,,7,5,6,1502,0,0,0,,0,Valley,"WILSON RD","LARSON LN",0.00,,Y,A,-,N,,,,,,,,,,N,2,0,1,2,A,-,11,21954,A,N,G,B,D,A,H,-,C,D,0,Y,,,,Y,,N,60,1,0,0,0,1,0,0,0,0,"- ","- ",35.332351684570312,-119.03820037841797,KERN,BAKERSFIELD,-119.03816223144531,35.332199096679688
81145781,2019,2019-12-18,1502,2019-10-13,1145,1181,,7,5,6,1502,0,0,0,,0,Centra,"ASHE RD","BRONSON LN",245.00,N,N,A,-,N,,,,,,,,,,Y,2,0,3,2,A,-,08,22102,,N,D,C,A,A,H,-,A,A,0,,,,,Y,,A,01,1,1,1,0,0,0,0,0,0,"- ","- ",35.328380584716797,-119.07434844970703,KERN,BAKERSFIELD,-119.07450103759766,35.329021453857422
81152282,2019,2019-12-25,1502,2019-12-17,2240,1153,,2,5,6,1502,0,0,0,,0,Centra,"WILSON RD","BRIARWOOD LN",419.00,N,N,A,-,N,,,,,,,,,,N,2,0,1,3,A,-,08,22107,,F,G,B,E,A,H,-,C,D,0,Y,,,,Y,,A,07,1,0,0,0,1,0,0,0,0,"- ","- ",35.326480865478516,-119.06670379638672,KERN,BAKERSFIELD,-119.06572723388672,35.328018188476562
81153571,2019,2019-12-27,1502,2019-12-07,2352,1225,,6,5,6,1502,0,0,0,,0,Hill,"COLUMBUS ST","LOYOLA ST",32.00,E,N,C,-,N,,,,,,,,,,N,1,1,0,2,A,-,11,21954,A,N,G,B,D,B,H,-,C,A,0,Y,,,,Y,Y,N,60,0,0,0,1,0,0,0,0,0,"- ","- ",35.397708892822266,-118.96138000488281,KERN,BAKERSFIELD,-118.96141052246094,35.397670745849609
81156969,2019,2020-01-01,1502,2019-12-30,0619,P63,,1,5,6,1502,0,0,0,,0,South,"PANAMA LN","YOUNG ST",813.00,E,N,B,C,N,,,,,,,,,,Y,2,0,3,2,A,-,03,22350,,N,A,C,A,B,H,-,C,D,0,,,,,Y,,D,22,1,0,2,0,0,0,0,0,0,"- ","- ",35.296379089355469,-119.09899139404297,KERN,BAKERSFIELD,-119.09597778320312,35.296161651611328
81156976,2019,2020-01-01,1502,2019-12-25,1620,1144,,3,5,6,1502,0,0,0,,0,,"BOUNDARY WY","BLUFFSHADOW DR",50.00,S,N,B,-,N,,,,,,,,,,N,2,0,1,1,A,-,08,22107,,N,H,A,A,B,H,-,B,D,0,,,,,Y,,M,96,1,0,0,0,0,0,0,0,0,"- ","- ",35.41510009765625,-118.88950347900391,KERN,BAKERSFIELD,-118.88994598388672,35.415431976318359
81166419,2019,2020-01-16,1502,2019-12-03,1914,1177,,2,5,6,1502,0,0,0,,0,Metro,"CHESTER AV","3RD ST",0.00,,Y,A,-,N,,,,,,,,,,N,1,1,0,2,A,-,10,21950,A,F,G,B,B,A,H,-,E,D,0,Y,,,,Y,,-,99,0,0,0,1,0,0,0,0,0,"- ","- ",35.358108520507812,-119.01944732666016,KERN,BAKERSFIELD,-119.0189208984375,35.358879089355469
8116697,2016,2016-09-06,1502,2016-08-21,2145,1143,C,7,5,6,1502,0,0,0,,0,CENTRA,"MING AV","REAL RD",138.00,W,N,A,-,N,,,,,,,,,,N,2,0,2,2,A,-,11,21955,,N,G,B,D,A,H,-,C,D,0,Y,,,,Y,,N,60,1,1,0,0,1,0,0,0,0,"- ","- ",35.339689999999997,-119.04334,KERN,BAKERSFIELD,-119.04384211999999,35.339593309999998
81167991,2019,2020-01-20,1502,2019-10-24,1735,1223,,4,5,6,1502,0,0,0,,0,Hill,"178 HWY","RANCHERIA RD",5.00,W,N,A,-,Y,,,,,,,,,,Y,1,1,1,2,A,-,01,23152,F,N,D,C,A,A,H,-,A,A,0,,,,Y,Y,,A,07,1,0,0,0,0,0,0,0,0,"- ","- ",35.415748596191406,-118.83109283447266,KERN,BAKERSFIELD,,
8116902,2016,2016-09-06,1502,2016-08-22,1444,1163,,1,5,6,1502,0,0,0,,0,SOUTH,"BUENA VISTA RD","OPEN TRAIL RD",10.00,N,N,A,-,N,,,,,,,,,,N,2,0,1,2,A,-,05,21650,1,N,H,G,A,A,H,-,A,A,0,,Y,,,Y,,L,04,1,0,0,0,0,0,1,0,0,"- ","- ",35.315930000000002,-119.12806999999999,KERN,BAKERSFIELD,-119.12793000000001,35.31544744
81169814,2020,2020-01-22,1502,2020-01-18,0009,1291,,6,5,6,1502,0,0,0,,0,Centra,"CALIFORNIA AV","CHESTER LN",0.00,,Y,A,-,N,,,,,,,,,,Y,2,0,4,2,A,-,01,23152,B,N,D,C,A,A,H,-,C,A,0,,,,,Y,Y,A,07,1,2,1,0,0,0,0,0,0,"- ","- ",35.366859436035156,-119.04818725585938,KERN,BAKERSFIELD,-119.04775238037109,35.367469787597656
81173622,2020,2020-01-27,1502,2020-01-22,2500,1181,,3,5,6,1502,0,0,0,,0,Metro,"OAK ST","CALIFORNIA AV",250.00,S,N,A,-,N,,,,,,,,,,N,2,0,1,2,A,-,06,21760,C,F,H,G,A,A,H,-,A,D,0,,Y,,,Y,,-,99,1,0,0,0,0,0,1,0,0,"- ","- ",35.368759155273438,-119.03830718994141,KERN,BAKERSFIELD,-119.03878784179688,35.368022918701172
81182842,2020,2020-02-10,1502,2020-01-31,1904,1293,,5,5,6,1502,0,0,0,,0,North,"MOHAWK ST","LATINA DR",10.00,S,N,A,-,N,,,,,,,,,,Y,2,0,1,2,A,-,09,21801,A,F,C,C,A,A,H,-,C,A,0,,,Y,,Y,,-,99,1,0,0,0,0,0,0,0,1,"- ","- ",35.393928527832031,-119.06600189208984,KERN,BAKERSFIELD,-119.06592559814453,35.394283294677734
81182978,2020,2020-02-10,1502,2020-02-07,2321,1291,,5,5,6,1502,0,0,0,,0,Valley,"WILSON RD","LARSON LN",69.00,W,N,A,-,N,,,,,,,,,,Y,2,0,1,2,A,-,11,21954,A,N,G,B,D,A,H,-,C,D,0,Y,,,,Y,,N,60,1,0,0,0,1,0,0,0,0,"- ","- ",35.332351684570312,-119.03820037841797,KERN,BAKERSFIELD,-119.03839111328125,35.332199096679688
81186603,2020,2020-02-14,1502,2020-02-11,1900,P63,,2,5,6,1502,0,0,0,,0,Metro,"BRUNDAGE LN","LIGGETT ST",33.00,W,N,A,-,Y,,,,,,,,,,Y,2,0,2,3,A,-,01,23152,F,N,E,I,A,A,H,-,C,A,0,,,,,Y,,A,07,1,0,1,0,0,0,0,0,0,"- ","- ",35.353710174560547,-119.00131988525391,KERN,BAKERSFIELD,-119.00169372558594,35.353851318359375
81194422,2020,2020-02-27,1502,2020-02-26,1529,P63,,3,5,6,1502,0,0,0,,0,Centra,"MOHAWK ST","TOWER WY",0.00,,Y,A,-,N,,,,,,,,,,Y,2,0,1,2,A,-,09,21801,A,N,D,C,A,A,H,-,A,A,0,,,Y,,Y,,A,07,1,0,0,0,0,0,0,0,1,"- ","- ",35.361980438232422,-119.06163787841797,KERN,BAKERSFIELD,-119.06221008300781,35.362060546875
81198959,2020,2020-03-02,1502,2020-02-27,2123,1185,,4,5,6,1502,0,0,0,,0,Hill,"MOUNT VERNON AV","COLUMBUS ST",0.00,,Y,A,-,N,,,,,,,,,,Y,2,0,3,2,A,-,01,23152,A,N,D,D,A,A,H,-,C,A,0,,,,,Y,Y,D,22,1,1,1,0,0,0,0,0,0,"- ","- ",35.397689819335938,-118.96736145019531,KERN,BAKERSFIELD,-118.96759033203125,35.397609710693359
8120102,2016,2016-09-13,1502,2016-09-05,2044,984,,1,5,6,1502,0,0,0,,0,METRO,"UNION AV","9TH ST",70.00,N,N,A,-,N,,,204,,,,,,,N,2,0,1,2,A,-,11,21954,A,F,G,B,D,A,H,-,C,A,0,Y,,,,Y,,N,60,1,0,0,0,1,0,0,0,0,"- ","- ",35.365360000000003,-119.00257000000001,KERN,BAKERSFIELD,-119.00296021,35.365361550000003
81218051,2019,2020-03-30,1502,2019-11-24,1409,1181,,7,5,6,1502,0,0,0,,0,Valley,"HUGHES LN","HOLDEN WY",0.00,,Y,A,-,N,,,,,,,,,,Y,1,1,1,2,A,-,03,22350,,N,D,D,A,A,H,-,A,A,0,,,,,Y,,A,01,0,1,0,0,0,0,0,0,0,"- ","- ",35.335498809814453,-119.03092956542969,KERN,BAKERSFIELD,-119.03006744384766,35.336181640625
81218142,2020,2020-03-30,1502,2020-03-27,1613,1223,,5,5,6,1502,0,0,0,,0,Hill,"OSWELL ST","BERNARD ST",0.00,,Y,A,-,N,,,,,,,,,,Y,2,0,1,2,A,-,12,21453,A,N,H,G,A,A,H,-,A,A,0,,Y,,,Y,,L,04,1,0,0,0,0,0,1,0,0,"- ","- ",35.392269134521484,-118.94966888427734,KERN,BAKERSFIELD,-118.94983673095703,35.392261505126953
81225686,2020,2020-04-15,1502,2020-04-13,0118,1185,,1,5,6,1502,0,0,0,,0,South,"TAFT HWY","STINE RD",0.00,,Y,A,-,Y,,,,,,,,,,Y,2,0,4,2,A,-,12,21453,A,N,D,D,A,A,H,-,C,A,0,,,,,Y,,A,07,1,1,2,0,0,0,0,0,0,"- ","- ",35.266860961914062,-119.05734252929688,KERN,BAKERSFIELD,-119.05667877197266,35.266990661621094
81225687,2020,2020-04-15,1502,2020-04-13,1743,P63,,1,5,6,1502,0,0,0,,0,Hill,"MANOR ST ACC RD","MANOR ST",418.00,E,N,A,-,N,,,,,,,,,,N,2,0,1,1,C,-,18,,,N,H,A,A,A,H,-,A,D,0,,Y,,,Y,,-,"- ",1,0,0,0,0,0,1,0,0,"- ","- ",35.401699066162109,-119.00475311279297,KERN,BAKERSFIELD,-119.00387573242188,35.401222229003906
81229546,2020,2020-04-27,1502,2020-04-25,2147,1185,,6,5,6,1502,0,0,0,,0,South,"WHITE LN","ASHE RD",40.00,E,N,A,-,N,,,,,,,,,,N,2,0,1,2,A,-,08,22107,,N,H,G,A,A,H,-,D,A,0,,Y,,,Y,,L,04,1,0,0,0,0,0,1,0,0,"- ","- ",35.318210601806641,-119.074462890625,KERN,BAKERSFIELD,-119.07432556152344,35.318279266357422
81232559,2020,2020-05-01,1502,2020-04-20,2340,1153,,1,5,6,1502,0,0,0,,0,South,"WHITE LN","LILY DR",120.00,W,N,A,-,N,,,,,,,,,,N,1,1,0,1,A,-,08,22107,,N,E,I,A,A,H,-,C,A,0,,Y,,,Y,,L,04,0,0,0,0,0,1,0,0,0,"- ","- ",35.318000793457031,-119.08455657958984,KERN,BAKERSFIELD,-119.08386993408203,35.318290710449219
81236942,2020,2020-05-13,1502,2020-04-23,0505,1181,,4,5,6,1502,0,0,0,,0,Valley,"WHITE LN","H ST",275.00,W,N,A,-,N,,,,,,,,,,N,2,0,1,2,A,-,11,21954,A,F,G,B,E,A,H,-,C,D,0,Y,,,,Y,,N,60,1,0,0,0,1,0,0,0,0,"- ","- ",35.317661285400391,-119.02143096923828,KERN,BAKERSFIELD,-119.02227783203125,35.317710876464844