CASE_ID,ACCIDENT_YEAR,PROC_DATE,JURIS,COLLISION_DATE,COLLISION_TIME,OFFICER_ID,REPORTING_DISTRICT,DAY_OF_WEEK,CHP_SHIFT,POPULATION,CNTY_CITY_LOC,SPECIAL_COND,BEAT_TYPE,CHP_BEAT_TYPE,CITY_DIVISION_LAPD,CHP_BEAT_CLASS,BEAT_NUMBER,PRIMARY_RD,SECONDARY_RD,DISTANCE,DIRECTION,INTERSECTION,WEATHER_1,WEATHER_2,STATE_HWY_IND,CALTRANS_COUNTY,CALTRANS_DISTRICT,STATE_ROUTE,ROUTE_SUFFIX,POSTMILE_PREFIX,POSTMILE,LOCATION_TYPE,RAMP_INTERSECTION,SIDE_OF_HWY,TOW_AWAY,COLLISION_SEVERITY,NUMBER_KILLED,NUMBER_INJURED,PARTY_COUNT,PRIMARY_COLL_FACTOR,PCF_CODE_OF_VIOL,PCF_VIOL_CATEGORY,PCF_VIOLATION,PCF_VIOL_SUBSECTION,HIT_AND_RUN,TYPE_OF_COLLISION,MVIW,PED_ACTION,ROAD_SURFACE,ROAD_COND_1,ROAD_COND_2,LIGHTING,CONTROL_DEVICE,CHP_ROAD_TYPE,PEDESTRIAN_ACCIDENT,BICYCLE_ACCIDENT,MOTORCYCLE_ACCIDENT,TRUCK_ACCIDENT,NOT_PRIVATE_PROPERTY,ALCOHOL_INVOLVED,STWD_VEHTYPE_AT_FAULT,CHP_VEHTYPE_AT_FAULT,COUNT_SEVERE_INJ,COUNT_VISIBLE_INJ,COUNT_COMPLAINT_PAIN,COUNT_PED_KILLED,COUNT_PED_INJURED,COUNT_BICYCLIST_KILLED,COUNT_BICYCLIST_INJURED,COUNT_MC_KILLED,COUNT_MC_INJURED,PRIMARY_RAMP,SECONDARY_RAMP,LATITUDE,LONGITUDE,COUNTY,CITY,POINT_X,POINT_Y
81238523,2020,2020-05-18,1502,2020-04-13,2013,1293,,1,5,6,1502,0,0,0,,0,Metro,"UNION AV","17TH ST",36.00,,N,A,-,Y,,,204,,,,,,,N,2,0,1,2,A,-,11,21954,A,N,G,B,D,A,H,-,C,A,0,Y,,,,Y,,N,60,1,0,0,0,1,0,0,0,0,"- ","- ",35.374691009521484,-119.00302886962891,KERN,BAKERSFIELD,-119.00292205810547,35.374691009521484
81238584,2020,2020-05-18,1502,2020-03-10,1140,1195,,2,5,6,1502,0,0,0,,0,Hill,"COLUMBUS ST","UNION AV",137.00,E,N,B,-,Y,,,,,,,,,,Y,1,1,0,3,A,-,08,22107,,N,E,I,A,A,H,-,A,A,0,,Y,,,Y,,A,01,0,0,0,0,0,1,0,0,0,"- ","- ",35.39788818359375,-119.00272369384766,KERN,BAKERSFIELD,-119.0023193359375,35.3974609375
81239973,2020,2020-05-20,1502,2020-05-18,1618,P63,,1,5,6,1502,0,0,0,,0,Centra,"MING AV","NEW STINE RD",0.00,,Y,A,-,N,,,,,,,,,,Y,2,0,3,2,A,-,12,21453,A,N,D,C,A,A,H,-,A,A,0,,,,,Y,,A,01,1,0,2,0,0,0,0,0,0,"- ","- ",35.338069915771484,-119.06059265136719,KERN,BAKERSFIELD,-119.06098175048828,35.338230133056641
81246239,2020,2020-06-02,1502,2020-05-30,2006,1291,,6,5,6,1502,0,0,0,,0,Valley,"H ST","WHITE LN",405.00,S,N,A,-,Y,,,,,,,,,,Y,2,0,1,2,A,-,09,21801,A,N,D,D,A,A,H,-,C,D,0,,,Y,,Y,,A,07,1,0,0,0,0,0,0,0,1,"- ","- ",35.316898345947266,-119.02232360839844,KERN,BAKERSFIELD,-119.0213623046875,35.316596984863281
81250555,2020,2020-06-11,1502,2020-06-03,2057,1322,,3,5,6,1502,0,0,0,,0,Metro,"P ST","8TH ST",4.00,S,N,A,-,N,,,,,,,,,,N,2,0,1,2,A,-,12,22450,A,F,G,B,B,A,H,-,D,A,0,Y,,,,Y,Y,-,99,1,0,0,0,1,0,0,0,0,"- ","- ",35.364509582519531,-119.01148223876953,KERN,BAKERSFIELD,-119.01183319091797,35.364559173583984
81251090,2020,2020-06-12,1502,2020-05-30,1432,1213,,6,5,6,1502,0,0,0,,0,Metro,"NILES ST","OWENS ST",0.00,,Y,A,-,N,,,,,,,,,,Y,2,0,3,2,A,-,12,22450,A,N,D,C,A,A,H,-,A,A,0,,,,,Y,,D,22,1,1,1,0,0,0,0,0,0,"- ","- ",35.381210327148438,-118.98645782470703,KERN,BAKERSFIELD,-118.98639678955078,35.38092041015625
81251582,2020,2020-06-15,1502,2020-03-26,2005,1188,,4,5,6,1502,0,0,0,,0,North,"WESTSIDE PKWY","WESTSIDE PKWY E OFF TO COFFEE RD",982.00,W,N,G,-,N,,,,,,,,,,N,1,1,0,1,A,-,08,22107,,N,E,I,A,A,H,-,D,D,0,,,Y,,Y,,C,02,0,0,0,0,0,0,0,1,0,"- ","- ",35.362941741943359,-119.09645843505859,KERN,BAKERSFIELD,-119.09479522705078,35.363739013671875
81254747,2020,2020-06-22,1502,2020-06-17,2014,P82,,3,5,6,1502,0,0,0,,0,Metro,"BAKER ST","SUMNER ST",0.00,,Y,A,-,N,,,,,,,,,,Y,2,0,2,2,A,-,12,21453,A,N,D,C,A,A,H,-,C,A,0,,,,,Y,Y,-,"- ",1,0,1,0,0,0,0,0,0,"- ","- ",35.377250671386719,-118.99297332763672,KERN,BAKERSFIELD,-118.99288177490234,35.376911163330078
81256477,2020,2020-06-24,1502,2020-06-22,0816,1181,,1,5,6,1502,0,0,0,,0,South,"CARVALHO CT","CHANEY LN",0.00,,Y,A,-,N,,,,,,,,,,N,2,0,1,1,A,-,13,22515,,N,H,A,A,A,H,-,A,D,0,,,,,Y,,A,01,1,0,0,0,0,0,0,0,0,"- ","- ",35.314338684082031,-119.10440826416016,KERN,BAKERSFIELD,-119.10436248779297,35.314060211181641
81259439,2020,2020-06-29,1502,2020-01-07,0334,1293,,2,5,6,1502,0,0,0,,0,Valley,"COTTONWOOD RD","PACHECO RD",0.00,,Y,E,-,N,,,,,,,,,,Y,1,1,3,3,A,-,09,21802,A,F,D,C,A,A,H,-,D,A,0,,,,,Y,,D,22,1,2,0,0,0,0,0,0,0,"- ","- ",35.310138702392578,-118.98574066162109,KERN,BAKERSFIELD,-118.98541259765625,35.310420989990234
81270040,2020,2020-07-17,1502,2020-07-15,0513,1195,,3,5,6,1502,0,0,0,,0,Hill,"AIRPORT DR","GOLDEN STATE OFF TO AIRPORT RAMP",0.00,,Y,A,-,Y,,,,,,,,,,Y,2,0,2,2,A,-,12,21453,A,N,D,C,A,A,H,-,A,A,0,,,,,Y,,A,01,1,0,1,0,0,0,0,0,0,"- ","- ",35.402450561523438,-119.04074859619141,KERN,BAKERSFIELD,,
81271598,2020,2020-07-21,1502,2020-07-08,2048,1322,,3,5,6,1502,0,0,0,,0,Hill,"PANORAMA DR","BUCKNELL ST",10.00,W,N,A,-,N,,,,,,,,,,N,2,0,1,2,A,-,11,21954,A,N,G,B,D,A,H,-,C,D,0,Y,,,,Y,,N,60,1,0,0,0,1,0,0,0,0,"- ","- ",35.410099029541016,-118.97920227050781,KERN,BAKERSFIELD,-118.97951507568359,35.409889221191406
81278976,2020,2020-08-03,1502,2020-07-23,2206,1223,,4,5,6,1502,0,0,0,,0,Metro,"H ST","3RD ST",63.00,S,N,A,-,N,,,,,,,,,,N,2,0,1,2,A,-,11,21954,A,N,G,B,D,A,H,-,C,D,0,Y,,,,Y,,N,60,1,0,0,0,1,0,0,0,0,"- ","- ",35.358898162841797,-119.02097320556641,KERN,BAKERSFIELD,-119.02127838134766,35.358718872070312
81278979,2020,2020-08-03,1502,2020-07-24,2320,1338,,5,5,6,1502,0,0,0,,0,Metro,"HALEY ST","CLARENDON ST",0.00,,Y,A,-,N,,,,,,,,,,N,2,0,1,2,A,-,09,21800,B,F,D,C,A,A,H,-,D,D,0,,,Y,,Y,,C,02,1,0,0,0,0,0,0,0,1,"- ","- ",35.366439819335938,-118.98417663574219,KERN,BAKERSFIELD,-118.98394775390625,35.366161346435547
81289968,2020,2020-08-21,1502,2020-08-19,1734,1267,,3,5,6,1502,0,0,0,,0,North,"HAGEMAN RD","MOHAWK ST",33.00,E,N,A,-,N,,,,,,,,,,Y,2,0,1,1,A,-,03,22350,,N,E,I,A,A,H,-,A,A,0,,,,,Y,,A,07,1,0,0,0,0,0,0,0,0,"- ","- ",35.401199340820312,-119.06546020507812,KERN,BAKERSFIELD,-119.06539154052734,35.401519775390625
81297316,2020,2020-09-02,1502,2020-08-30,1708,P17,,7,5,6,1502,0,0,0,,0,Metro,"H ST","BRUNDAGE LN",0.00,,Y,A,-,N,,,,,,,,,,Y,2,0,3,2,A,-,01,23152,A,N,D,C,A,A,H,-,A,A,0,,,,,Y,Y,A,07,1,2,0,0,0,0,0,0,0,"- ","- ",35.354000091552734,-119.02101135253906,KERN,BAKERSFIELD,-119.02130126953125,35.354000091552734
81298117,2020,2020-09-03,1502,2020-08-29,0449,1241,,6,5,6,1502,0,0,0,,0,Valley,"WILSON RD","HUGHES LN",220.00,E,N,A,-,N,,,,,,,,,,Y,2,0,1,6,A,-,01,23152,A,N,B,E,A,A,H,-,C,D,0,,,,,Y,Y,A,01,1,0,0,0,0,0,0,0,0,"- ","- ",35.332279205322266,-119.03012084960938,KERN,BAKERSFIELD,-119.02933502197266,35.332187652587891
81298124,2020,2020-09-03,1502,2020-09-01,0622,1291,,2,5,6,1502,0,0,0,,0,Hill,"FAIRFAX RD","HIGHLAND KNOLLS DR",52.00,S,N,A,-,N,,,,,,,,,,Y,2,0,2,2,A,-,03,22350,,N,G,B,F,A,H,-,A,D,0,Y,,Y,,Y,,C,02,1,1,0,0,1,0,0,0,1,"- ","- ",35.389690399169922,-118.92864990234375,KERN,BAKERSFIELD,-118.92856597900391,35.391059875488281
81299599,2020,2020-09-07,1502,2020-08-02,2245,1362,,7,5,6,1502,0,0,0,,0,Valley,"MING AV","WIBLE RD",0.00,,Y,A,-,N,,,99,,,,,,,Y,2,0,1,2,A,-,12,21453,A,N,D,C,A,A,H,-,C,A,0,,,Y,,Y,,C,02,1,0,0,0,0,0,0,0,1,"- ","- ",35.339618682861328,-119.03890228271484,KERN,BAKERSFIELD,-119.03946685791016,35.339622497558594
81328313,2020,2020-10-21,1502,2020-09-06,2048,P63,,7,5,6,1502,0,0,0,,0,Metro,"HALEY ST","TRUXTUN AV",0.00,,Y,A,-,N,,,,,,,,,,Y,2,0,1,2,A,-,09,21802,A,N,D,C,A,A,H,-,C,A,0,,,,,Y,,A,01,1,0,0,0,0,0,0,0,0,"- ","- ",35.373489379882812,-118.98258209228516,KERN,BAKERSFIELD,-118.98239898681641,35.373218536376953
81328412,2020,2020-10-21,1502,2020-09-12,2231,1322,,6,5,6,1502,0,0,0,,0,Centra,"GOSFORD RD","LAURELGLEN BL (S)",0.00,,Y,A,-,N,,,,,,,,,,Y,2,0,2,2,A,-,09,21453,C,F,D,C,A,A,H,-,C,A,0,,,Y,,Y,Y,A,01,2,0,0,0,0,0,0,0,2,"- ","- ",35.325359344482422,-119.09207153320312,KERN,BAKERSFIELD,-119.09226989746094,35.333751678466797
81328450,2020,2020-10-21,1502,2020-09-14,2230,1241,,1,5,6,1502,0,0,0,,0,Centra,"MING AV","REAL RD",150.00,E,N,B,-,Y,,,,,,,,,,Y,2,0,2,2,A,-,05,21651,A,F,D,C,A,A,H,-,C,D,0,,,Y,,Y,,C,02,1,0,1,0,0,0,0,0,2,"- ","- ",35.339691162109375,-119.04334259033203,KERN,BAKERSFIELD,-119.04287719726562,35.339584350585938
81328658,2020,2020-10-21,1502,2020-09-28,2050,1285,,1,5,6,1502,0,0,0,,0,Centra,"STOCKDALE HWY","STOCKDALE CIR",63.00,E,N,A,-,N,,,,,,,,,,N,2,0,1,3,A,-,08,22107,,F,H,G,A,A,H,-,C,D,0,,Y,,,Y,,-,99,1,0,0,0,0,0,1,0,0,"- ","- ",35.354358673095703,-119.07713317871094,KERN,BAKERSFIELD,-119.07736206054688,35.354381561279297
81330691,2020,2020-10-26,1502,2020-09-26,2045,1185,,6,5,6,1502,0,0,0,,0,Metro,"CALIFORNIA AV","S ST",11.00,E,N,A,-,N,,,,,,,,,,N,2,0,1,2,A,-,11,21956,A,F,G,B,E,A,H,-,C,D,0,Y,,,,Y,,N,60,1,0,0,0,1,0,0,0,0,"- ","- ",35.367580413818359,-119.00875854492188,KERN,BAKERSFIELD,-119.00830078125,35.368537902832031
8133125,2016,2017-05-08,1511,2016-09-11,0011,53064,,7,5,2,1511,0,0,0,,0,,"RT 58","HYUNDAI KIA RD",1858.00,E,N,A,-,Y,KER,6,58,-,R,121.350,H,-,W,Y,1,1,1,2,A,-,03,22350,,N,C,C,A,A,H,-,D,D,0,,,,Y,Y,,G,27,0,0,1,0,0,0,0,0,0,"- ","- ",,,KERN,"CALIFORNIA CITY",-118.02666153,35.020410140000003
81333622,2020,2020-10-29,1502,2020-07-13,2134,1223,,1,5,6,1502,0,0,0,,0,Hill,"FAIRFAX RD","CAMINO GRANDE DR",2640.00,S,N,A,-,N,,,,,,,,,,Y,1,1,1,2,A,-,16,24002,A,N,D,C,A,A,H,-,D,D,0,,,Y,,Y,,C,06,0,1,0,0,0,0,0,1,1,"- ","- ",35.421188354492188,-118.94805145263672,KERN,BAKERSFIELD,-118.94065856933594,35.418209075927734
81333637,2020,2020-10-29,1502,2020-10-26,0643,1291,,1,5,6,1502,0,0,0,,0,Hill,"UNION AV","BERNARD ST",0.00,,Y,A,-,N,,,,,,,,,,N,2,0,1,2,A,-,11,21950,B,N,G,B,B,A,H,-,C,A,0,Y,,,,Y,,N,60,1,0,0,0,1,0,0,0,0,"- ","- ",35.390640258789062,-119.00279998779297,KERN,BAKERSFIELD,-119.00279235839844,35.390308380126953
81337486,2020,2020-11-03,1502,2020-09-30,2245,1223,,3,5,6,1502,0,0,0,,0,Valley,"H ST","VINCA CT",0.00,,Y,A,-,N,,,,,,,,,,N,1,1,0,2,A,-,11,21954,A,N,G,B,D,A,H,-,C,D,0,Y,,,,Y,,N,60,0,0,0,1,0,0,0,0,0,"- ","- ",35.313041687011719,-119.02149963378906,KERN,BAKERSFIELD,-119.02136993408203,35.313018798828125
81352031,2020,2020-11-24,1502,2020-06-03,2224,1195,,3,5,6,1502,0,0,0,,0,Metro,"CALIFORNIA AV","OAK ST",216.00,E,N,A,-,N,,,,,,,,,,N,1,1,0,2,A,-,11,21954,A,N,G,B,D,A,H,-,C,D,0,Y,,,,Y,Y,N,60,0,0,0,1,0,0,0,0,0,"- ","- ",35.368759155273438,-119.03830718994141,KERN,BAKERSFIELD,-119.03805541992188,35.368709564208984
81354875,2020,2020-11-30,1502,2020-11-18,0743,P91,,3,5,6,1502,0,0,0,,0,Centra,"WIBLE RD","ALUM AV",0.00,,Y,B,-,N,,,,,,,,,,N,2,0,2,2,A,-,09,21801,A,N,D,C,A,A,H,-,A,D,0,,,Y,,Y,,A,01,1,0,1,0,0,0,0,0,1,"- ","- ",35.319648742675781,-119.03914642333984,KERN,BAKERSFIELD,-119.03900146484375,35.319488525390625
81358745,2020,2020-12-04,1502,2020-12-02,1707,P94,,3,5,6,1502,0,0,0,,0,Centra,"MING AV","EL PORTAL DR",0.00,,Y,A,-,N,,,,,,,,,,Y,2,0,1,2,A,-,09,21453,C,N,D,C,A,A,H,-,C,A,0,,,,,Y,,D,22,1,0,0,0,0,0,0,0,0,"- ","- ",35.337940216064453,-119.08447265625,KERN,BAKERSFIELD,-119.08474731445312,35.337760925292969
81375194,2020,2020-12-28,1502,2020-12-06,1741,1322,,7,5,6,1502,0,0,0,,0,Centra,"NEW STINE RD","WILSON RD",53.00,N,N,A,-,N,,,,,,,,,,Y,2,0,1,2,A,-,11,21456,B,N,G,B,B,A,H,-,D,D,0,Y,,,,Y,Y,N,60,1,0,0,0,1,0,0,0,0,"- ","- ",35.332061767578125,-119.05795288085938,KERN,BAKERSFIELD,-119.05828857421875,35.332305908203125
81376520,2020,2020-12-29,1502,2020-12-15,1441,P17,,2,5,6,1502,0,0,0,,0,Valley,"EL TORO DR","BELLE TERRACE",102.00,S,N,A,-,N,,,,,,,,,,Y,2,0,1,1,A,-,03,22350,,N,F,A,A,A,H,-,A,A,0,,,Y,,Y,,C,03,1,0,0,0,0,0,0,0,1,"- ","- ",35.346668243408203,-119.01615142822266,KERN,BAKERSFIELD,-119.01626586914062,35.346408843994141
81380484,2020,2021-01-05,1502,2020-07-07,0457,1195,,2,5,6,1502,0,0,0,,0,Metro,"OAK ST","OAK PL",142.00,N,N,A,-,N,,,,,,,,,,N,1,1,0,2,A,-,17,21208,A,F,C,G,A,A,H,-,C,D,0,,Y,,,Y,,L,04,0,0,0,0,0,1,0,0,0,"- ","- ",35.358539581298828,-119.03946685791016,KERN,BAKERSFIELD,-119.03888702392578,35.359531402587891
81385630,2020,2021-01-12,1502,2020-12-31,0043,1362,,4,5,6,1502,0,0,0,,0,Valley,"WHITE LN","EL POTRERO LN",0.00,,Y,A,-,N,,,,,,,,,,N,2,0,1,2,A,-,11,21954,A,N,G,B,D,A,H,-,C,D,0,Y,,,,Y,,N,60,1,0,0,0,1,0,0,0,0,"- ","- ",35.317768096923828,-119.03253936767578,KERN,BAKERSFIELD,-119.03234100341797,35.3177490234375
81387912,2020,2021-01-15,1502,2020-08-13,1424,1213,,4,5,6,1502,0,0,0,,0,South,"BERKSHIRE RD","COLONY PARK DR",327.00,E,N,A,-,N,,,,,,,,,,Y,1,1,1,2,A,-,05,21650,,N,A,C,A,A,H,-,A,D,0,,,,,Y,,A,01,0,0,1,0,0,0,0,0,0,"- ","- ",35.288791656494141,-119.03822326660156,KERN,BAKERSFIELD,-119.03652191162109,35.28863525390625
81390341,2021,2021-01-19,1502,2021-01-13,1908,1362,,3,5,6,1502,0,0,0,,0,Valley,"COTTONWOOD RD","PACHECO RD",1636.00,N,N,A,-,N,,,,,,,,,,N,2,0,1,2,A,-,08,22107,,F,G,B,E,A,H,-,D,D,0,Y,,,,Y,,-,99,1,0,0,0,1,0,0,0,0,"- ","- ",35.310138702392578,-118.98574066162109,KERN,BAKERSFIELD,-118.98541259765625,35.310420989990234
81391116,2021,2021-01-20,1502,2021-01-17,1210,1188,,7,5,6,1502,0,0,0,,0,Metro,"BRUNDAGE LN","QUANTICO AV",109.00,E,N,A,-,N,,,,,,,,,,Y,2,0,2,1,A,-,08,22107,,N,E,I,A,A,H,-,A,D,0,,,,,Y,,A,07,1,1,0,0,0,0,0,0,0,"- ","- ",35.354209899902344,-118.95902252197266,KERN,BAKERSFIELD,-118.95827484130859,35.354114532470703
81392982,2020,2021-01-25,1502,2020-12-31,2315,1223,,4,5,6,1502,0,0,0,,0,North,"BRIMHALL RD","ALDERSHOT DR",0.00,,Y,A,-,N,,,,,,,,,,Y,1,3,2,1,A,-,01,23152,A,N,E,I,A,A,H,-,C,D,0,,,,,Y,Y,A,01,0,2,0,0,0,0,0,0,0,"- ","- ",35.369159698486328,-119.13394165039062,KERN,BAKERSFIELD,-119.13352203369141,35.368999481201172
81392983,2021,2021-01-25,1502,2021-01-21,1253,1185,,4,5,6,1502,0,0,0,,0,Centra,"ASHE RD","HALF MOON DR (S)",0.00,,Y,A,-,N,,,,,,,,,,Y,2,0,3,2,A,-,09,21800,D,N,D,D,A,A,H,-,A,B,0,,,,,Y,,A,01,1,0,2,0,0,0,0,0,0,"- ","- ",35.321811676025391,-119.07441711425781,KERN,BAKERSFIELD,-119.07450103759766,35.330158233642578
81402201,2021,2021-02-04,1502,2021-01-13,1716,1285,,3,5,6,1502,0,0,0,,0,Metro,"H ST","VERDE ST",32.00,S,N,A,-,N,,,,,,,,,,Y,1,1,0,3,A,-,09,21804,A,N,D,G,A,A,H,-,A,D,0,,Y,,,Y,,L,04,0,0,0,0,0,1,0,0,0,"- ","- ",35.355949401855469,-119.02102661132812,KERN,BAKERSFIELD,-119.02129364013672,35.355842590332031
81402971,2021,2021-02-05,1502,2021-01-31,0216,1195,,7,5,6,1502,0,0,0,,0,Metro,"UNION AV","BRUNDAGE LN",52.00,N,N,A,-,Y,,,204,,,,,,,Y,1,2,2,3,A,-,01,23152,A,N,C,C,A,A,H,-,C,A,0,,,,,Y,Y,A,01,2,0,0,0,0,0,0,0,0,"- ","- ",35.353710174560547,-119.00276947021484,KERN,BAKERSFIELD,-119.00300598144531,35.353710174560547
81407328,2021,2021-02-12,1502,2021-02-07,0230,1349,,7,5,6,1502,0,0,0,,0,South,"MC CUTCHEN RD","OLD RIVER RD",2524.00,W,N,A,-,N,,,,,,,,,,Y,2,0,1,1,A,-,01,23152,A,N,E,I,A,A,H,-,D,A,0,,,,,Y,Y,A,01,1,0,0,0,0,0,0,0,0,"- ","- ",35.282009124755859,-119.11032104492188,KERN,BAKERSFIELD,-119.11812591552734,35.281383514404297
81410555,2020,2021-02-18,1502,2020-09-02,2139,1213,,3,5,6,1502,0,0,0,,0,North,"CALLOWAY DR","FLUSHING QUAIL RD",289.00,S,N,A,-,N,,,,,,,,,,Y,1,1,0,2,A,-,11,21954,A,N,G,B,D,A,H,-,C,D,0,Y,,,,Y,,N,60,0,0,0,1,0,0,0,0,0,"- ","- ",35.386100769042969,-119.11009216308594,KERN,BAKERSFIELD,-119.10993957519531,35.385295867919922
81413218,2021,2021-02-23,1502,2021-02-12,1723,1359,,5,5,6,1502,0,0,0,,0,Metro,"KENTUCKY ST","ROBINSON ST",0.00,,Y,A,-,N,,,,,,,,,,Y,2,0,1,2,A,-,09,21801,A,N,D,C,A,A,H,-,A,A,0,,,Y,,Y,,A,01,1,0,0,0,0,0,0,0,1,"- ","- ",35.377288818359375,-118.98455047607422,KERN,BAKERSFIELD,-118.98445129394531,35.377002716064453
81417353,2021,2021-03-01,1502,2021-02-22,1726,1347,,1,5,6,1502,0,0,0,,0,Hill,"COLUMBUS ST","BAYLOR ST",16.00,E,N,A,-,N,,,,,,,,,,Y,2,0,1,2,A,-,10,21950,A,N,G,B,B,A,H,-,B,D,0,Y,,,,Y,,A,01,1,0,0,0,1,0,0,0,0,"- ","- ",35.397720336914062,-118.9713134765625,KERN,BAKERSFIELD,-118.97140502929688,35.397590637207031
81425758,2021,2021-03-12,1502,2021-02-22,0218,1225,,1,5,6,1502,0,0,0,,0,Centra,"WIBLE RD","PLANZ RD",0.00,,Y,A,-,N,,,,,,,,,,Y,2,0,4,2,A,-,12,21453,A,N,D,C,A,A,H,-,C,A,0,,,,,Y,Y,A,01,1,3,0,0,0,0,0,0,0,"- ","- ",35.325111389160156,-119.03907775878906,KERN,BAKERSFIELD,-119.03899383544922,35.324974060058594
81437361,2021,2021-03-29,1502,2021-03-18,0108,1349,,4,5,6,1502,0,0,0,,0,Metro,"F ST","24TH ST",0.00,,Y,A,-,N,,,,,,,,,,Y,2,0,6,2,A,-,01,23152,A,N,D,D,A,A,H,-,C,A,0,,,,,Y,Y,A,01,2,2,2,0,0,0,0,0,0,"- ","- ",35.381038665771484,-119.02291870117188,KERN,BAKERSFIELD,-119.02346038818359,35.381034851074219
81443688,2021,2021-04-06,1502,2021-04-01,2311,1362,,4,5,6,1502,0,0,0,,0,Valley,"H ST","WHITE LN",837.00,N,N,A,-,N,,,,,,,,,,N,2,0,2,1,A,-,01,23152,A,N,E,I,A,A,H,-,D,D,0,,,,,Y,Y,A,01,1,1,0,0,0,0,0,0,0,"- ","- ",35.316898345947266,-119.02232360839844,KERN,BAKERSFIELD,-119.02133941650391,35.319908142089844
81448917,2021,2021-04-13,1502,2021-04-08,1217,P17,,4,5,6,1502,0,0,0,,0,Centra,"TRUXTUN AV","COMMERCIAL WY",1045.00,E,N,A,-,N,,,,,,,,,,Y,2,0,5,3,A,-,08,22107,,N,D,C,A,A,H,-,A,A,0,,,,,Y,,A,01,1,0,4,0,0,0,0,0,0,"- ","- ",35.367908477783203,-119.06072235107422,KERN,BAKERSFIELD,-119.05889129638672,35.370048522949219
81456788,2020,2021-04-23,1502,2020-10-18,0841,1149,,7,5,6,1502,0,0,0,,0,Valley,"CHESTER AV","BELLE TERRACE",0.00,,Y,A,-,N,,,,,,,,,,Y,1,1,3,2,A,-,12,21453,A,N,D,C,A,A,H,-,A,A,0,,,,,Y,,A,07,0,2,1,0,0,0,0,0,0,"- ","- ",35.3466796875,-119.018798828125,KERN,BAKERSFIELD,-119.0189208984375,35.346691131591797
81456789,2020,2021-04-23,1502,2020-11-25,1827,1181,,3,5,6,1502,0,0,0,,0,Hill,"UNION AV","LOMA LINDA DR",126.00,N,N,A,-,Y,,,,,,,,,,N,1,1,0,2,A,-,11,21954,A,N,G,B,D,A,H,-,A,D,0,Y,,,,Y,,N,60,0,0,0,1,0,0,0,0,0,"- ","- ",35.391128540039062,-119.00296783447266,KERN,BAKERSFIELD,-119.00298309326172,35.392414093017578
81458923,2021,2021-04-27,1502,2021-04-21,1211,1338,,3,5,6,1502,0,0,0,,0,South,"PANAMA LN","WIBLE RD",40.00,W,N,A,-,N,,,,,,,,,,N,2,0,3,2,A,-,08,22107,,M,B,C,A,A,H,-,A,A,0,,,,,Y,,E,22,1,0,2,0,0,0,0,0,0,"- ","- ",35.295280456542969,-119.04035186767578,KERN,BAKERSFIELD,-119.03920745849609,35.295841217041016
81478547,2021,2021-05-21,1502,2021-02-12,2148,1362,,5,5,6,1502,0,0,0,,0,Metro,"BRUNDAGE LN","UNION AV",117.00,W,N,A,-,N,,,,,,,,,,N,1,1,0,2,A,-,11,21954,A,F,G,B,D,A,H,-,C,D,0,Y,,,,Y,,N,60,0,0,0,1,0,0,0,0,0,"- ","- ",35.353710174560547,-119.00276947021484,KERN,BAKERSFIELD,-119.00349426269531,35.353858947753906
81478548,2021,2021-05-21,1502,2021-02-16,2311,1225,,2,5,6,1502,0,0,0,,0,South,"PANAMA LN","BUENA VISTA RD",20750.00,W,N,A,-,N,,,,,,,,,,Y,1,1,1,1,A,-,01,23152,F,N,E,I,A,A,H,-,D,D,0,,,,,Y,,A,08,0,1,0,0,0,0,0,0,0,"- ","- ",35.296741485595703,-119.12844085693359,KERN,BAKERSFIELD,-119.19760131835938,35.296131134033203
81478550,2021,2021-05-21,1502,2021-03-24,2149,1291,,3,5,6,1502,0,0,0,,0,Metro,"UNION AV","11TH ST",83.00,S,N,A,-,N,,,204,,,,,,,Y,1,1,0,2,A,-,11,21954,A,N,G,B,D,A,H,-,C,D,0,Y,,,,Y,,N,60,0,0,0,1,0,0,0,0,0,"- ","- ",35.367259979248047,-119.00254058837891,KERN,BAKERSFIELD,-119.00295257568359,35.367259979248047
81478555,2021,2021-05-21,1502,2021-04-30,2337,1168,,5,5,6,1502,0,0,0,,0,Hill,"COLUMBUS ST","HALEY ST",0.00,,Y,A,-,N,,,,,,,,,,N,2,0,1,2,A,-,11,21954,A,N,G,B,D,A,H,-,C,A,0,Y,,,,Y,,N,60,1,0,0,0,1,0,0,0,0,"- ","- ",35.396400451660156,-118.97638702392578,KERN,BAKERSFIELD,-118.97634124755859,35.397468566894531
81478559,2021,2021-05-21,1502,2021-05-01,2114,1223,,6,5,6,1502,0,0,0,,0,Centra,"STOCKDALE HWY","CHERRY HILLS DR",600.00,E,N,A,-,N,,,,,,,,,,N,2,0,2,3,A,-,01,23152,A,F,H,G,A,A,H,-,C,D,0,,Y,,,Y,Y,A,07,1,1,0,0,0,0,2,0,0,"- ","- ",35.354209899902344,-119.06667327880859,KERN,BAKERSFIELD,-119.06510162353516,35.354194641113281
81478574,2021,2021-05-21,1502,2021-05-05,1334,P45,,3,5,6,1502,0,0,0,,0,North,"ROSEDALE HWY","CAMINO DEL RIO CT",368.00,W,N,A,-,Y,,,,,,,,,,Y,2,0,2,3,A,-,03,22350,,N,C,C,A,A,H,-,A,D,0,,,,,Y,,A,01,1,0,1,0,0,0,0,0,0,"- ","- ",35.382671356201172,-119.04791259765625,KERN,BAKERSFIELD,-119.04893493652344,35.383331298828125