CASE_ID,ACCIDENT_YEAR,PROC_DATE,JURIS,COLLISION_DATE,COLLISION_TIME,OFFICER_ID,REPORTING_DISTRICT,DAY_OF_WEEK,CHP_SHIFT,POPULATION,CNTY_CITY_LOC,SPECIAL_COND,BEAT_TYPE,CHP_BEAT_TYPE,CITY_DIVISION_LAPD,CHP_BEAT_CLASS,BEAT_NUMBER,PRIMARY_RD,SECONDARY_RD,DISTANCE,DIRECTION,INTERSECTION,WEATHER_1,WEATHER_2,STATE_HWY_IND,CALTRANS_COUNTY,CALTRANS_DISTRICT,STATE_ROUTE,ROUTE_SUFFIX,POSTMILE_PREFIX,POSTMILE,LOCATION_TYPE,RAMP_INTERSECTION,SIDE_OF_HWY,TOW_AWAY,COLLISION_SEVERITY,NUMBER_KILLED,NUMBER_INJURED,PARTY_COUNT,PRIMARY_COLL_FACTOR,PCF_CODE_OF_VIOL,PCF_VIOL_CATEGORY,PCF_VIOLATION,PCF_VIOL_SUBSECTION,HIT_AND_RUN,TYPE_OF_COLLISION,MVIW,PED_ACTION,ROAD_SURFACE,ROAD_COND_1,ROAD_COND_2,LIGHTING,CONTROL_DEVICE,CHP_ROAD_TYPE,PEDESTRIAN_ACCIDENT,BICYCLE_ACCIDENT,MOTORCYCLE_ACCIDENT,TRUCK_ACCIDENT,NOT_PRIVATE_PROPERTY,ALCOHOL_INVOLVED,STWD_VEHTYPE_AT_FAULT,CHP_VEHTYPE_AT_FAULT,COUNT_SEVERE_INJ,COUNT_VISIBLE_INJ,COUNT_COMPLAINT_PAIN,COUNT_PED_KILLED,COUNT_PED_INJURED,COUNT_BICYCLIST_KILLED,COUNT_BICYCLIST_INJURED,COUNT_MC_KILLED,COUNT_MC_INJURED,PRIMARY_RAMP,SECONDARY_RAMP,LATITUDE,LONGITUDE,COUNTY,CITY,POINT_X,POINT_Y
81478603,2021,2021-05-21,1502,2021-05-08,1049,P17,,6,5,6,1502,0,0,0,,0,Hill,"PANORAMA DR","LINDEN AV",219.00,W,N,A,-,N,,,,,,,,,,Y,2,0,2,2,A,-,08,22100,B,N,D,C,A,A,H,-,A,D,0,,,Y,,Y,,A,01,1,1,0,0,0,0,0,0,1,"- ","- ",35.408760070800781,-118.99050903320312,KERN,BAKERSFIELD,-118.99147033691406,35.408218383789062
81478678,2021,2021-05-21,1502,2021-05-18,1839,1291,,2,5,6,1502,0,0,0,,0,Metro,"CALIFORNIA AV","KING ST (E)",0.00,,Y,A,-,N,,,,,,,,,,Y,2,0,1,2,A,-,09,21453,C,F,D,C,A,A,H,-,A,A,0,,,Y,,Y,,-,99,1,0,0,0,0,0,0,0,1,"- ","- ",35.368808746337891,-118.99417877197266,KERN,BAKERSFIELD,-118.99409484863281,35.368587493896484
8147929,2016,2016-11-29,1502,2016-09-29,1252,P45,,4,5,6,1502,0,0,0,,0,CENTRA,"COFFEE RD","STOCKDALE HWY",663.00,N,N,A,-,N,,,,,,,,,,N,2,0,4,2,A,-,12,21453,A,N,D,C,A,A,H,-,A,A,0,,,,,Y,,-,"- ",1,2,1,0,0,0,0,0,0,"- ","- ",35.35454,-119.09178,KERN,BAKERSFIELD,-119.09236,35.356279139999998
81479325,2021,2021-05-24,1502,2021-05-12,1950,1349,,3,5,6,1502,0,0,0,,0,Valley,"UNION AV","WHITE LN",773.00,N,N,A,-,N,,,,,,,,,,Y,2,0,1,3,A,-,08,22107,,N,B,E,A,A,H,-,A,A,0,,,,,Y,Y,D,22,1,0,0,0,0,0,0,0,0,"- ","- ",35.317531585693359,-119.00325775146484,KERN,BAKERSFIELD,-119.00299072265625,35.319801330566406
81479326,2021,2021-05-24,1502,2021-05-15,0501,1362,,6,5,6,1502,0,0,0,,0,South,"PANAMA LN","AKERS RD",580.00,E,N,A,-,N,,,,,,,,,,N,2,0,2,2,A,-,01,23152,F,N,A,C,A,A,H,-,C,D,0,,,,,Y,,A,01,2,0,0,0,0,0,0,0,0,"- ","- ",35.295391082763672,-119.04920959472656,KERN,BAKERSFIELD,-119.04586029052734,35.295928955078125
81482668,2021,2021-05-27,1502,2021-05-25,2030,1291,,2,5,6,1502,0,0,0,,0,Valley,"WHITE LN","EL POTRERO LN",30.00,E,N,A,-,N,,,,,,,,,,Y,2,0,1,2,A,-,03,22350,,N,D,C,A,A,H,-,C,D,0,,,Y,,Y,,C,02,1,0,0,0,0,0,0,0,1,"- ","- ",35.317768096923828,-119.03253936767578,KERN,BAKERSFIELD,-119.03224182128906,35.3177490234375
81484593,2021,2021-05-28,1502,2021-04-17,2200,1223,,6,5,6,1502,0,0,0,,0,Valley,"CHESTER AV","LOUSTALOT LN",13.00,S,N,A,-,Y,,,,,,,,,,Y,2,0,1,2,A,-,01,23152,G,F,C,C,A,A,H,-,C,A,0,,,Y,,Y,Y,A,01,1,0,0,0,0,0,0,0,1,"- ","- ",35.352058410644531,-119.01872253417969,KERN,BAKERSFIELD,-119.01893615722656,35.352092742919922
81489264,2021,2021-06-04,1502,2021-03-11,1518,1181,,4,5,6,1502,0,0,0,,0,North,"GEFLAN ST","JIMRIK AV",4.00,N,N,A,-,N,,,,,,,,,,N,2,0,1,2,A,-,03,22350,,N,F,A,A,A,H,-,A,D,0,,,Y,,Y,,C,02,1,0,0,0,0,0,0,0,1,"- ","- ",35.395339965820312,-119.130126953125,KERN,BAKERSFIELD,-119.13008117675781,35.395160675048828
81495486,2021,2021-06-14,1502,2021-05-22,0043,1362,,6,5,6,1502,0,0,0,,0,Valley,"MING AV","CASTRO LN",202.00,W,N,A,-,N,,,,,,,,,,N,2,0,1,1,A,-,01,23152,A,N,E,I,A,B,H,-,C,D,0,,,,,Y,Y,A,01,1,0,0,0,0,0,0,0,0,"- ","- ",35.339569091796875,-119.03446960449219,KERN,BAKERSFIELD,-119.03519439697266,35.339546203613281
81498024,2021,2021-06-16,1502,2021-06-13,0314,1168,,7,5,6,1502,0,0,0,,0,Hill,"FAIRFAX RD","PANORAMA DR",0.00,,Y,A,-,N,,,,,,,,,,N,2,0,1,2,A,-,12,21453,A,F,D,C,A,A,H,-,C,A,0,,,,,Y,,A,01,1,0,0,0,0,0,0,0,0,"- ","- ",35.402679443359375,-118.92990112304688,KERN,BAKERSFIELD,-118.93013000488281,35.402812957763672
81509435,2021,2021-06-30,1502,2021-06-27,2140,P63,,7,5,6,1502,0,0,0,,0,Metro,"UNION AV","8TH ST (N)",235.00,S,N,A,-,N,,,204,,,,,,,Y,2,0,1,3,A,-,01,23152,A,N,C,C,F,A,H,-,C,D,0,Y,,,,Y,Y,A,01,1,0,0,0,1,0,0,0,0,"- ","- ",35.364398956298828,-119.00258636474609,KERN,BAKERSFIELD,-119.00296783447266,35.364402770996094
81513080,2021,2021-07-06,1502,2021-06-27,0103,1349,,7,5,6,1502,0,0,0,,0,Metro,"OAK ST","DRACENA ST",98.00,N,N,A,-,N,,,,,,,,,,N,2,0,1,2,A,-,11,21954,A,F,G,B,D,A,H,-,C,D,0,Y,,,,Y,,N,60,1,0,0,0,1,0,0,0,0,"- ","- ",35.36260986328125,-119.03929138183594,KERN,BAKERSFIELD,-119.03883361816406,35.363479614257812
81521676,2021,2021-07-16,1502,2021-07-15,0254,1291,,4,5,6,1502,0,0,0,,0,Centra,"OLD RIVER RD","MING AV",450.00,S,N,A,-,N,,,,,,,,,,Y,2,0,1,1,A,-,01,23152,A,N,E,I,A,A,H,-,D,D,0,,,,,Y,Y,A,01,1,0,0,0,0,0,0,0,0,"- ","- ",35.340171813964844,-119.11403656005859,KERN,BAKERSFIELD,-119.11441040039062,35.338466644287109
81526116,2021,2021-07-22,1502,2021-07-18,0853,1194,,7,5,6,1502,0,0,0,,0,Hill,"BERNARD ST","SACRAMENTO ST",0.00,,Y,A,B,N,,,,,,,,,,Y,2,0,1,2,A,-,09,21802,A,N,D,C,A,A,H,-,A,A,0,,,Y,,Y,,A,01,1,0,0,0,0,0,0,0,1,"- ","- ",35.389270782470703,-118.99922943115234,KERN,BAKERSFIELD,-118.99909973144531,35.390224456787109
81531285,2021,2021-07-29,1502,2021-07-25,2158,1265,,7,5,6,1502,0,0,0,,0,Metro,"BRUNDAGE LN","COTTONWOOD RD",0.00,,Y,A,-,N,,,,,,,,,,Y,2,0,2,2,A,-,01,23152,A,F,D,C,A,A,H,-,C,A,0,,,,,Y,Y,A,01,1,1,0,0,0,0,0,0,0,"- ","- ",35.353668212890625,-118.98503875732422,KERN,BAKERSFIELD,-118.9853515625,35.353828430175781
8153335,2016,2016-12-14,1502,2016-10-06,1927,P59,,4,5,6,1502,0,0,0,,0,,"BRUNDAGE LN","MOUNT VERNON AV",189.00,W,N,A,-,N,,,,,,,,,,Y,2,0,1,2,A,-,03,22350,,N,C,C,A,A,H,-,D,A,0,,,,Y,Y,,A,01,1,0,0,0,0,0,0,0,0,"- ","- ",35.354230000000001,-118.96787,KERN,BAKERSFIELD,-118.968243,35.354059820000003
81549913,2021,2021-08-20,1502,2021-08-12,1154,1062,,4,5,6,1502,0,0,0,,0,Centra,"STINE RD","MING AV",223.00,S,N,A,-,N,,,,,,,,,,Y,2,0,1,2,A,-,09,21804,A,N,D,C,A,A,H,-,A,D,0,,,Y,,Y,,A,01,1,0,0,0,0,0,0,0,1,"- ","- ",35.339820861816406,-119.05039978027344,KERN,BAKERSFIELD,-119.05085754394531,35.338951110839844
81553521,2021,2021-08-25,1502,2021-08-23,1323,1364,,1,5,6,1502,0,0,0,,0,Metro,"CALIFORNIA AV","INYO ST",22.00,E,N,A,-,N,,,,,,,,,,N,2,0,1,2,A,-,08,22107,,N,H,G,A,A,H,-,A,D,0,,Y,,,Y,,L,04,1,0,0,0,0,0,1,0,0,"- ","- ",35.368259429931641,-119.00052642822266,KERN,BAKERSFIELD,-119.00128936767578,35.368381500244141
8155683,2016,2016-12-08,1502,2016-10-22,0249,1153,,6,5,6,1502,0,0,0,,0,,"CALLOWAY DR","HOLLAND ST",692.00,S,N,A,-,N,,,,,,,,,,Y,2,0,1,2,A,-,01,23152,A,M,C,C,A,A,H,-,C,D,0,,,,,Y,Y,-,,1,0,0,0,0,0,0,0,0,"- ","- ",35.379689999999997,-119.11019,KERN,BAKERSFIELD,-119.11037632999999,35.377828350000001
8155735,2016,2016-12-15,1502,2016-10-19,1909,1185,,3,5,6,1502,0,0,0,,0,NORTH,"JENKINS RD","ROSEDALE HWY",328.00,N,N,A,-,N,,,,,,,,,,N,2,0,1,2,A,-,11,21956,A,N,G,B,E,A,H,-,D,D,0,Y,,,,Y,,N,60,1,0,0,0,1,0,0,0,0,"- ","- ",,,KERN,BAKERSFIELD,-119.15438,35.384429619999999
81572810,2021,2021-09-17,1502,2021-09-13,1543,1359,,1,5,6,1502,0,0,0,,0,Metro,"23RD ST","D ST",388.00,W,N,A,-,N,,,,,,,,,,Y,2,0,1,2,A,-,03,22350,,N,G,B,F,A,H,-,A,D,0,Y,,,,Y,,A,01,1,0,0,0,1,0,0,0,0,"- ","- ",35.380111694335938,-119.0252685546875,KERN,BAKERSFIELD,-119.02704620361328,35.380298614501953
81572812,2021,2021-09-17,1502,2021-09-13,1644,P63,,1,5,6,1502,0,0,0,,0,Metro,"BRUNDAGE LN","H ST",80.00,W,N,A,-,N,,,,,,,,,,N,2,0,1,2,A,-,11,21954,A,N,G,B,D,A,H,-,A,D,0,Y,,,,Y,,N,60,1,0,0,0,1,0,0,0,0,"- ","- ",35.353229522705078,-119.02188873291016,KERN,BAKERSFIELD,-119.02156829833984,35.353988647460938
81578548,2021,2021-09-24,1502,2021-09-18,0247,1168,,6,5,6,1502,0,0,0,,0,Valley,"HOSKING AV","UNION AV",249.00,E,N,A,-,N,,,,,,,,,,Y,2,0,2,1,A,-,01,23152,A,N,E,I,A,A,H,-,C,D,0,,,,,Y,Y,A,01,1,0,1,0,0,0,0,0,0,"- ","- ",35.281219482421875,-119.00373077392578,KERN,BAKERSFIELD,-119.00315093994141,35.281368255615234
81590126,2021,2021-10-07,1502,2021-10-05,0852,1223,,2,5,6,1502,0,0,0,,0,Hill,"178 HWY","RANCHERIA RD",0.00,,Y,A,-,Y,,,,,,,,,,Y,2,0,3,2,A,-,03,22350,,N,C,C,A,A,H,-,A,D,0,,,,,Y,,A,01,1,0,2,0,0,0,0,0,0,"- ","- ",35.415748596191406,-118.83109283447266,KERN,BAKERSFIELD,,
81603382,2021,2021-10-22,1502,2021-10-11,1749,1249,,1,5,6,1502,0,0,0,,0,Centra,"MING AV","COURTLEIGH DR",261.00,W,N,G,-,N,,,,,,,,,,N,2,0,1,1,A,-,03,22350,,N,E,I,A,A,H,-,B,D,0,,,Y,,Y,,C,02,1,0,0,0,0,0,0,0,1,"- ","- ",35.337200164794922,-119.06304931640625,KERN,BAKERSFIELD,-119.06413269042969,35.337081909179688
81604720,2021,2021-10-25,1502,2021-05-29,1132,1322,,6,5,6,1502,0,0,0,,0,Metro,"BRUNDAGE LN","MADISON ST",0.00,,Y,A,-,N,,,,,,,,,,Y,1,1,2,2,A,-,12,21453,A,N,D,C,A,A,H,-,A,A,0,,,Y,,Y,,C,02,0,1,1,0,0,0,0,1,0,"- ","- ",35.353691101074219,-118.99391174316406,KERN,BAKERSFIELD,-118.99413299560547,35.353908538818359
81615733,2021,2021-11-04,1502,2021-11-02,1809,1359,,2,5,6,1502,0,0,0,,0,Centra,"CALLOWAY DR","WESTSIDE PKWY W ON FROM CALLOWAY DR",0.00,,Y,A,-,N,,,,,,,,,,N,2,0,1,2,A,-,11,21954,A,N,G,B,E,A,H,-,C,A,0,Y,,,,Y,Y,N,60,1,0,0,0,1,0,0,0,0,"- ","- ",35.363079071044922,-119.11614990234375,KERN,BAKERSFIELD,-119.11605834960938,35.361801147460938
81617837,2021,2021-11-08,1502,2021-10-31,1955,1222,,7,5,6,1502,0,0,0,,0,Centra,"OLD RIVER RD","CAMINO MEDIA",268.00,N,N,A,-,N,,,,,,,,,,Y,2,0,1,2,A,-,03,22350,,N,C,D,A,A,E,H,C,D,0,,,,,Y,,A,01,1,0,0,0,0,0,0,0,0,"- ","- ",35.344478607177734,-119.11508178710938,KERN,BAKERSFIELD,-119.11446380615234,35.345165252685547
81632786,2021,2021-11-23,1502,2021-11-12,1734,1362,,5,5,6,1502,0,0,0,,0,Hill,"GOLDEN STATE AV","Q ST",0.00,,Y,A,-,Y,,,204,,,,,,,N,2,0,1,2,A,-,05,21651,B,N,A,C,A,A,H,-,C,A,0,,,,,Y,,I,11,1,0,0,0,0,0,0,0,0,"- ","- ",35.382839202880859,-119.01061248779297,KERN,BAKERSFIELD,-119.01078796386719,35.382438659667969
81635446,2021,2021-11-26,1502,2021-11-20,1956,1336,,6,5,6,1502,0,0,0,,0,South,"HARRIS RD","PROSPECT PEAK WY",125.00,E,N,A,-,N,,,,,,,,,,Y,2,0,1,2,A,-,09,21801,A,N,D,C,A,A,H,-,C,D,0,,,Y,,Y,,A,01,1,0,0,0,0,0,0,0,1,"- ","- ",35.303848266601562,-119.11701202392578,KERN,BAKERSFIELD,-119.11639404296875,35.303436279296875
81641697,2021,2021-12-03,1502,2021-11-16,1747,1185,,2,5,6,1502,0,0,0,,0,Metro,"UNION AV","GROVE ST",66.00,N,N,A,-,Y,,,204,,,,,,,Y,1,1,6,11,A,-,03,22350,,F,C,C,A,A,H,-,C,D,0,,,,,Y,,D,22,0,1,5,0,0,0,0,0,0,"- ","- ",35.37744140625,-119.00298309326172,KERN,BAKERSFIELD,-119.00297546386719,35.37744140625
81641719,2021,2021-12-03,1502,2021-11-30,1641,1364,,2,5,6,1502,0,0,0,,0,Metro,"BEALE AV","PACIFIC ST",0.00,,Y,A,-,N,,,,,,,,,,Y,2,0,2,2,A,-,08,22100,B,N,D,C,A,A,H,-,B,A,0,,,,,Y,,A,01,1,0,1,0,0,0,0,0,0,"- ","- ",35.383689880371094,-118.98719787597656,KERN,BAKERSFIELD,-118.98725891113281,35.383399963378906
81645977,2021,2021-12-08,1502,2021-12-01,1850,1291,,3,5,6,1502,0,0,0,,0,North,"COFFEE RD","HAGEMAN RD",113.00,N,N,A,B,N,,,,,,,,,,Y,2,0,1,2,A,-,11,21954,A,N,G,B,D,A,H,-,C,D,0,Y,,,,Y,,N,60,1,0,0,0,1,0,0,0,0,"- ","- ",35.401378631591797,-119.09219360351562,KERN,BAKERSFIELD,-119.09233856201172,35.401779174804688
81649437,2021,2021-12-13,1502,2021-01-16,1810,1181,,6,5,6,1502,0,0,0,,0,Centra,"STOCKDALE HWY","VILLAGE LN",10.00,E,N,A,-,N,,,,,,,,,,N,1,1,0,2,A,-,12,21453,A,N,G,B,B,A,H,-,C,A,0,Y,,,,Y,,A,07,0,0,0,1,0,0,0,0,0,"- ","- ",35.353771209716797,-119.05824279785156,KERN,BAKERSFIELD,-119.05766296386719,35.354160308837891
81663020,2021,2021-12-28,1502,2021-12-11,1507,1362,,6,5,6,1502,0,0,0,,0,Valley,"GENEVA AV","CHESTER AV",0.00,,Y,A,-,N,,,,,,,,,,N,2,0,1,2,A,-,09,21804,A,N,H,G,A,A,H,-,A,A,0,,Y,,,Y,,L,04,1,0,0,0,0,0,1,0,0,"- ","- ",35.328010559082031,-119.0128173828125,KERN,BAKERSFIELD,-119.01194000244141,35.328842163085938
81665129,2021,2021-12-29,1502,2021-08-10,1636,1268,,2,5,6,1502,0,0,0,,0,Metro,"UNION AV","19TH ST",0.00,,Y,A,-,Y,,,204,,,,,,,N,1,1,0,2,A,-,12,21453,A,N,H,G,A,A,H,-,A,A,0,,Y,,,Y,,L,04,0,0,0,0,0,1,0,0,0,"- ","- ",35.376609802246094,-119.00299835205078,KERN,BAKERSFIELD,-119.00290679931641,35.376609802246094
81665138,2021,2021-12-29,1502,2021-12-28,1142,1185,,2,5,6,1502,0,0,0,,0,Metro,"Q ST","18TH ST",0.00,,Y,B,-,N,,,,,,,,,,N,2,0,1,2,A,-,10,21950,A,N,G,B,B,A,H,-,A,A,0,Y,,,,Y,,A,01,1,0,0,0,1,0,0,0,0,"- ","- ",35.375171661376953,-119.0101318359375,KERN,BAKERSFIELD,-119.0106201171875,35.375236511230469
8166835,2016,2017-04-01,1503,2016-12-05,1932,10164,1503,1,5,4,1503,0,0,0,,0,ALL,"LEXINGTON ST","8TH AV",0.00,,Y,A,-,N,,,,,,,,,,Y,1,1,0,2,A,-,10,21950,A,N,G,B,B,A,H,-,C,D,0,Y,,,,Y,,A,07,0,0,0,1,0,0,0,0,0,"- ","- ",,,KERN,DELANO,-119.24104987,35.767110019999997
8166840,2016,2017-03-28,1502,2016-09-04,1304,1181,,7,5,6,1502,0,0,0,,0,METRO,"18TH ST","CEDAR ST",10.00,E,N,A,-,N,,,,,,,,,,N,1,1,0,2,A,-,10,21950,A,N,G,B,B,A,H,-,A,D,0,Y,,,,Y,,A,01,0,0,0,1,0,0,0,0,0,"- ","- ",35.375399999999999,-119.03,KERN,BAKERSFIELD,-119.03047650000001,35.375309999999999
8166841,2016,2017-03-28,1502,2016-12-03,1320,1195,,6,5,6,1502,0,0,0,,0,METRO,"P ST","BRUNDAGE LN",0.00,,Y,A,-,N,,,,,,,,,,Y,1,1,2,3,A,-,12,21453,A,N,D,C,A,A,H,-,A,A,0,,,Y,,Y,Y,-,"- ",0,1,1,0,0,0,0,1,0,"- ","- ",35.353810000000003,-119.01167,KERN,BAKERSFIELD,-119.01189011,35.353880109999999
8166846,2016,2017-03-28,1502,2016-11-14,0435,1033,,1,5,6,1502,0,0,0,,0,,"GOLDEN STATE AV","Q ST",0.00,,Y,A,-,N,,,204,,,,,,,Y,1,1,1,3,A,-,01,23152,A,N,D,C,A,A,H,-,C,A,0,,,,Y,Y,Y,D,22,0,1,0,0,0,0,0,0,0,"- ","- ",35.382840000000002,-119.01061,KERN,BAKERSFIELD,-119.01078866,35.382440330000001
8166873,2016,2017-04-06,1509,2016-11-13,1809,983,W,7,5,3,1509,0,0,0,,0,001,"TUCKER RD","CONWAY AV",0.00,,Y,A,-,N,,,,,,,,,,N,1,1,0,2,A,-,00,21961,,N,G,B,D,A,H,-,C,-,0,Y,,,,Y,,N,60,0,0,0,1,0,0,0,0,0,"- ","- ",35.126559999999998,-118.46877000000001,KERN,TEHACHAPI,-118.46768009,35.128020079999999
8166877,2016,2017-04-06,1502,2016-11-19,1357,1212,,6,5,6,1502,0,0,0,,0,METRO,"O ST","21ST ST",0.00,,Y,A,-,N,,,,,,,,,,Y,1,1,0,2,A,-,09,21802,,N,H,G,A,A,H,-,A,A,0,,Y,,,Y,,A,07,0,0,0,0,0,1,0,0,0,"- ","- ",35.378050000000002,-119.0124,KERN,BAKERSFIELD,-119.01292005000001,35.378100009999997
8166882,2016,2017-04-07,1503,2016-07-02,0022,10159,1503,6,5,4,1503,0,0,0,,0,ALL,"BROWNING RD","GARCES HWY",578.00,S,N,A,-,N,,,,,,,,,,Y,1,2,0,1,A,-,03,22350,,N,E,I,A,A,H,-,D,D,0,,,,,Y,,A,01,0,0,0,0,0,0,0,0,0,"- ","- ",,,KERN,DELANO,-119.22322366,35.759863879999997
8166889,2016,2017-04-18,1502,2016-10-30,0839,1181,,7,5,6,1502,0,0,0,,0,NORTH,"CALLOWAY DR","NORIEGA RD",300.00,S,N,C,-,N,,,,,,,,,,N,1,1,0,1,A,-,01,23152,A,N,E,I,A,B,H,-,B,D,0,,,,,Y,Y,D,22,0,0,0,0,0,0,0,0,0,"- ","- ",35.405329999999999,-119.10988,KERN,BAKERSFIELD,-119.11006567,35.40453677
8166974,2016,2018-09-24,1502,2016-10-07,0629,1167,,5,5,6,1502,0,0,0,,0,METRO,"CALIFORNIA AV","BAKER ST",0.00,,Y,A,-,N,,,,,,,,,,N,1,1,0,2,A,-,11,21453,D,F,G,B,B,A,H,-,B,A,0,Y,,,,Y,Y,N,60,0,0,0,1,0,0,0,0,0,"- ","- ",35.368819999999999,-118.99609,KERN,BAKERSFIELD,-118.99587013,35.368420110000002
8167033,2017,2018-05-19,1502,2017-10-01,0250,1181,,7,5,6,1502,0,0,0,,0,CENTRA,"EISENHOWER AV","REAL RD",155.00,W,N,A,-,N,,,,,,,,,,N,1,1,0,1,A,-,03,22350,,N,F,A,A,A,H,-,C,D,0,,,Y,,Y,Y,C,02,0,0,0,0,0,0,0,1,0,"- ","- ",35.326839999999997,-119.04349000000001,KERN,BAKERSFIELD,-119.04390898,35.326650000000001
8167035,2017,2019-04-08,1502,2017-09-14,2016,1167,,4,5,6,1502,0,0,0,,0,HILL,"PANORAMA DR","HALEY ST",1750.00,E,N,A,-,N,,,,,,,,,,Y,1,1,1,2,A,-,08,22107,,N,D,C,A,A,H,-,C,D,0,,,Y,,Y,,A,01,1,0,0,0,0,0,0,1,1,"- ","- ",35.410339999999998,-118.97618,KERN,BAKERSFIELD,-118.97103429000001,35.411887839999999
8167170,2018,2018-06-06,1502,2018-01-26,1934,1167,,5,5,6,1502,0,0,0,,0,VALLEY,"WHITE LN","LETZRING LN",0.00,,Y,A,-,N,,,,,,,,,,Y,1,1,0,3,A,-,09,21802,A,F,B,C,A,A,H,-,E,A,0,,,Y,,Y,Y,A,01,0,0,0,0,0,0,0,1,0,"- ","- ",35.317680358886719,-119.02393341064453,KERN,BAKERSFIELD,-119.02369689941406,35.317600250244141
81671914,2022,2022-01-06,1502,2022-01-04,1749,P63,,2,5,6,1502,0,0,0,,0,HILL,"HALEY ST","WATER ST",161.00,S,N,A,-,N,,,,,,,,,,N,2,0,1,2,A,-,11,21954,A,N,G,B,D,A,H,-,C,D,0,Y,,,,Y,,N,60,1,0,0,0,1,0,0,0,0,"- ","- ",35.395919799804688,-118.97621917724609,KERN,BAKERSFIELD,-118.97634124755859,35.395248413085938
8167561,2017,2019-04-09,1502,2017-11-10,0955,1212,,5,5,6,1502,0,0,0,,0,,"CHESTER AV","RICHLAND ST",0.00,,Y,A,-,N,,,,,,,,,,Y,1,1,0,2,A,-,12,21453,A,N,D,D,A,A,H,-,A,A,0,,,Y,,Y,,C,02,0,0,0,0,0,0,0,1,0,"- ","- ",35.35295,-119.01871,KERN,BAKERSFIELD,-119.01894004,35.35297001
8167565,2017,2018-05-21,1502,2017-12-06,1324,1167,,3,5,6,1502,0,0,0,,0,CENTRA,"HARRIS RD","CALIFORNIA SPRING DR",30.00,E,N,A,-,N,,,,,,,,,,Y,1,1,2,3,A,-,09,21802,A,N,G,B,F,A,H,-,A,A,0,Y,,,,Y,,A,07,1,0,1,1,1,0,0,0,0,"- ","- ",35.303240000000002,-119.06823,KERN,BAKERSFIELD,-119.06790958000001,35.303259590000003
8167567,2017,2019-04-09,1502,2017-09-13,0120,1167,,3,5,6,1502,0,0,0,,0,METRO,"BRUNDAGE LN","NORTHRUP ST",92.00,E,N,A,-,N,,,,,,,,,,N,1,1,0,2,A,-,08,22107,,F,G,B,E,A,H,-,D,D,0,Y,,,,Y,,-,99,0,0,0,1,0,0,0,0,0,"- ","- ",35.353679999999997,-118.98947,KERN,BAKERSFIELD,-118.98939187000001,35.353940000000001
81678090,2022,2022-01-14,1502,2022-01-12,1552,P82,,3,5,6,1502,0,0,0,,0,NORTH,"SNOW RD","COFFEE RD",330.00,E,N,A,-,N,,,,,,,,,,N,2,0,1,1,B,-,22,,,N,F,A,A,A,H,-,A,D,0,,,Y,,Y,,C,02,1,0,0,0,0,0,0,0,1,"- ","- ",35.426830291748047,-119.09187316894531,KERN,BAKERSFIELD,-119.09113311767578,35.426959991455078
81679065,2022,2022-01-17,1502,2022-01-14,1837,1168,,5,5,6,1502,0,0,0,,0,METRO,"CHESTER AV","10TH ST",71.00,N,N,-,-,N,,,,,,,,,,N,2,0,1,2,A,-,11,21954,A,F,G,B,D,A,H,-,C,D,0,Y,,,,Y,Y,N,60,1,0,0,0,1,0,0,0,0,"- ","- ",35.365718841552734,-119.01930999755859,KERN,BAKERSFIELD,-119.01886749267578,35.366695404052734
81681424,2022,2022-01-20,1502,2022-01-15,0304,1359,,6,5,6,1502,0,0,0,,0,NORTH,"WESTSIDE PKWY E OFF TO MOHAWK ST","MOHAWK ST",0.00,,Y,E,-,N,,,,,,,,,,Y,2,0,1,1,A,-,03,22350,,N,E,I,A,B,H,-,C,A,0,,,,,Y,,A,01,1,0,0,0,0,0,0,0,0,"- ","- ",35.370048522949219,-119.06524658203125,KERN,BAKERSFIELD,-119.06600189208984,35.371349334716797
81685295,2022,2022-01-26,1502,2022-01-23,2248,1188,,7,5,6,1502,0,0,0,,0,NORTH,"CALLOWAY DR","HAGEMAN RD",848.00,N,N,A,-,N,,,,,,,,,,N,2,0,1,2,A,-,09,21453,C,F,D,C,A,A,H,-,C,A,0,,,,,Y,Y,M,94,1,0,0,0,0,0,0,0,0,"- ","- ",35.398078918457031,-119.10997009277344,KERN,BAKERSFIELD,-119.11000823974609,35.400348663330078
81689958,2021,2022-01-31,1503,2021-12-04,1456,10177,3011,6,5,4,1503,0,0,0,,0,,"800 CECIL AV","HIGH ST",60.00,E,-,A,-,N,,,,,,,,,,N,2,0,1,2,A,-,04,21703,,F,C,C,A,A,H,-,A,A,0,,,,,Y,,A,01,1,0,0,0,0,0,0,0,0,"- ","- ",35.775909423828125,-119.24890899658203,KERN,DELANO,-119.24911499023438,35.775909423828125
81714935,2022,2022-03-04,1502,2022-03-01,1440,1249,,2,5,6,1502,0,0,0,,0,METRO,"CALIFORNIA AV","R ST",103.00,W,N,A,-,N,,,,,,,,,,N,2,0,1,2,A,-,08,22107,,F,B,C,A,A,H,-,A,D,0,,,,,Y,,-,99,1,0,0,0,0,0,0,0,0,"- ","- ",35.368358612060547,-119.00908660888672,KERN,BAKERSFIELD,-119.00981140136719,35.368385314941406
81717309,2022,2022-03-08,1502,2022-03-05,1109,P94,,6,5,6,1502,0,0,0,,0,METRO,"BEALE AV","19TH ST",188.00,N,N,A,-,N,,,,,,,,,,Y,2,0,1,1,A,-,01,23152,F,N,E,I,A,A,H,-,A,D,0,,,,,Y,,D,22,1,0,0,0,0,0,0,0,0,"- ","- ",35.374340057373047,-118.99149322509766,KERN,BAKERSFIELD,-118.99078369140625,35.374248504638672