CASE_ID,ACCIDENT_YEAR,PROC_DATE,JURIS,COLLISION_DATE,COLLISION_TIME,OFFICER_ID,REPORTING_DISTRICT,DAY_OF_WEEK,CHP_SHIFT,POPULATION,CNTY_CITY_LOC,SPECIAL_COND,BEAT_TYPE,CHP_BEAT_TYPE,CITY_DIVISION_LAPD,CHP_BEAT_CLASS,BEAT_NUMBER,PRIMARY_RD,SECONDARY_RD,DISTANCE,DIRECTION,INTERSECTION,WEATHER_1,WEATHER_2,STATE_HWY_IND,CALTRANS_COUNTY,CALTRANS_DISTRICT,STATE_ROUTE,ROUTE_SUFFIX,POSTMILE_PREFIX,POSTMILE,LOCATION_TYPE,RAMP_INTERSECTION,SIDE_OF_HWY,TOW_AWAY,COLLISION_SEVERITY,NUMBER_KILLED,NUMBER_INJURED,PARTY_COUNT,PRIMARY_COLL_FACTOR,PCF_CODE_OF_VIOL,PCF_VIOL_CATEGORY,PCF_VIOLATION,PCF_VIOL_SUBSECTION,HIT_AND_RUN,TYPE_OF_COLLISION,MVIW,PED_ACTION,ROAD_SURFACE,ROAD_COND_1,ROAD_COND_2,LIGHTING,CONTROL_DEVICE,CHP_ROAD_TYPE,PEDESTRIAN_ACCIDENT,BICYCLE_ACCIDENT,MOTORCYCLE_ACCIDENT,TRUCK_ACCIDENT,NOT_PRIVATE_PROPERTY,ALCOHOL_INVOLVED,STWD_VEHTYPE_AT_FAULT,CHP_VEHTYPE_AT_FAULT,COUNT_SEVERE_INJ,COUNT_VISIBLE_INJ,COUNT_COMPLAINT_PAIN,COUNT_PED_KILLED,COUNT_PED_INJURED,COUNT_BICYCLIST_KILLED,COUNT_BICYCLIST_INJURED,COUNT_MC_KILLED,COUNT_MC_INJURED,PRIMARY_RAMP,SECONDARY_RAMP,LATITUDE,LONGITUDE,COUNTY,CITY,POINT_X,POINT_Y
81718339,2022,2022-03-09,1502,2022-02-23,2125,1188,,3,5,6,1502,0,0,0,,0,CENTRA,"REAL RD","PALM ST",8.00,S,N,A,-,N,,,,,,,,,,Y,2,0,2,1,A,-,08,22107,,N,E,I,A,A,H,-,C,A,0,,,,,Y,,A,01,1,1,0,0,0,0,0,0,0,"- ","- ",35.361530303955078,-119.04312133789062,KERN,BAKERSFIELD,-119.04342651367188,35.361297607421875
81723730,2022,2022-03-16,1502,2022-03-05,0215,1343,,6,5,6,1502,0,0,0,,0,METRO,"CALIFORNIA AV","CAMPUS WY",43.00,W,N,A,-,N,,,,,,,,,,Y,2,0,1,2,A,-,01,23152,A,N,B,C,A,A,H,-,C,D,0,,,,,Y,Y,D,22,1,0,0,0,0,0,0,0,0,"- ","- ",35.368640899658203,-119.02895355224609,KERN,BAKERSFIELD,-119.02950286865234,35.368648529052734
81730531,2022,2022-03-24,1502,2022-03-17,0343,1188,,4,5,6,1502,0,0,0,,0,VALLEY,"PACHECO RD","COTTONWOOD RD",93.00,W,N,A,-,N,,,,,,,,,,Y,2,0,1,2,A,-,01,23152,A,N,C,C,A,A,H,-,D,D,0,,,,,Y,Y,A,01,1,0,0,0,0,0,0,0,0,"- ","- ",35.310138702392578,-118.98574066162109,KERN,BAKERSFIELD,-118.9857177734375,35.310420989990234
81733469,2022,2022-03-25,1502,2022-03-24,2053,1168,,4,5,6,1502,0,0,0,,0,CENTRA,"AKERS RD","KENNEDY AV",53.00,N,N,A,-,N,,,,,,,,,,N,2,0,1,2,A,-,11,21956,A,N,G,B,E,A,H,-,C,D,0,Y,,,,Y,,N,60,1,0,0,0,1,0,0,0,0,"- ","- ",35.328910827636719,-119.04789733886719,KERN,BAKERSFIELD,-119.04781341552734,35.328826904296875
81735735,2021,2022-03-29,1502,2021-11-30,2100,1268,,2,5,6,1502,0,0,0,,0,VALLEY,"OLD YARD DR","UNION AV",927.00,E,N,A,-,N,,,,,,,,,,Y,1,1,2,1,A,-,03,22350,,N,E,I,A,A,H,-,C,D,0,,,,,Y,,A,01,2,0,0,0,0,0,0,0,0,"- ","- ",35.333038330078125,-119.0030517578125,KERN,BAKERSFIELD,-118.9998779296875,35.333198547363281
81735736,2022,2022-03-29,1502,2022-01-16,2035,P63,,7,5,6,1502,0,0,0,,0,VALLEY,"LOTUS LN","BRADSHAW ST",91.00,N,N,A,-,N,,,,,,,,,,N,1,1,0,2,A,-,11,21954,A,N,G,B,D,A,H,-,D,D,0,Y,,,,Y,Y,N,60,0,0,0,1,0,0,0,0,0,"- ","- ",35.334121704101562,-118.9898681640625,KERN,BAKERSFIELD,-118.98983764648438,35.334590911865234
8173587,2016,2017-03-06,1502,2016-11-05,2128,P63,,6,5,6,1502,0,0,0,,0,HILL,"GOLDEN STATE AV","Q ST",0.00,,Y,A,-,Y,KER,6,204,-,-,4.270,I,5,N,Y,2,0,1,2,A,-,09,21801,A,N,H,G,A,A,H,-,C,A,0,,Y,,,Y,,A,01,1,0,0,0,0,0,1,0,0,"- ","- ",35.382840000000002,-119.01061,KERN,BAKERSFIELD,-119.01049860000001,35.382313189999998
81736822,2022,2022-03-30,1502,2022-03-29,1119,1185,,2,5,6,1502,0,0,0,,0,METRO,"P ST","4TH ST",0.00,,Y,B,-,N,,,,,,,,,,Y,2,0,3,2,A,-,09,21801,A,N,D,C,A,A,H,-,A,A,0,,,,,Y,,A,01,1,0,2,0,0,0,0,0,0,"- ","- ",35.360698699951172,-119.01155090332031,KERN,BAKERSFIELD,-119.01186370849609,35.360782623291016
81737834,2022,2022-03-31,1502,2022-03-23,2000,1364,,3,5,6,1502,0,0,0,,0,CENTRA,"BUENA VISTA RD","ROTHERFIELD PL",0.00,,Y,A,-,N,,,,,,,,,,Y,2,0,1,2,A,-,17,24250,,N,D,C,A,A,H,-,D,A,0,,,Y,,Y,Y,C,03,1,0,0,0,0,0,0,0,1,"- ","- ",35.328781127929688,-119.12783050537109,KERN,BAKERSFIELD,-119.12802886962891,35.328277587890625
81743895,2021,2022-04-08,1502,2021-04-20,0350,1291,,2,5,6,1502,0,0,0,,0,NORTH,"JEWETTA AV","OLIVE DR",0.00,,Y,A,-,N,,,,,,,,,,Y,1,1,1,2,A,-,12,21453,A,N,D,D,A,A,H,-,C,A,0,,,,,Y,,A,07,0,0,1,0,0,0,0,0,0,"- ","- ",35.419868469238281,-119.12747192382812,KERN,BAKERSFIELD,-119.12783050537109,35.419715881347656
81743909,2022,2022-04-08,1502,2022-04-03,1905,P63,,7,5,6,1502,0,0,0,,0,SOUTH,"MACAU ST","HUGHES LN",0.00,,Y,A,-,N,,,,,,,,,,Y,2,0,2,1,A,-,01,23152,A,N,E,I,A,A,H,-,B,A,0,,,Y,,Y,Y,C,06,1,1,0,0,0,0,0,0,2,"- ","- ",35.277828216552734,-119.03082275390625,KERN,BAKERSFIELD,-119.03009796142578,35.277740478515625
81746873,2022,2022-04-13,1502,2022-04-12,1921,P63,,2,5,6,1502,0,0,0,,0,METRO,"UNION AV","9TH ST",70.00,S,N,A,-,Y,KER,,204,,,2.862,H,,R,N,2,0,1,2,A,-,11,21954,A,N,G,B,D,A,H,-,B,D,0,Y,,,,Y,,N,60,1,0,0,0,1,0,0,0,0,"- ","- ",35.365360260009766,-119.00257110595703,KERN,BAKERSFIELD,-119.00289916992188,35.365360260009766
81747730,2021,2022-04-14,1502,2021-07-05,0054,1225,,1,5,6,1502,0,0,0,,0,METRO,"4TH ST","R ST",152.00,E,N,A,-,N,,,,,,,,,,Y,1,1,1,3,A,-,11,21954,A,F,G,B,E,A,H,-,D,D,0,Y,,,,Y,,N,60,0,1,0,1,1,0,0,0,0,"- ","- ",35.360668182373047,-119.00921630859375,KERN,BAKERSFIELD,-119.00901794433594,35.360771179199219
81753505,2022,2022-04-21,1503,2022-03-29,1410,10107,2012,2,5,4,1503,0,0,0,,0,,"1500 BLOCK CECIL AV",NORWALK,0.00,,Y,A,-,N,,,,,,,,,,Y,2,0,1,1,A,-,03,22350,,N,H,A,A,A,H,-,A,D,0,,,Y,,Y,,C,03,1,0,0,0,0,0,0,0,1,"- ","- ",35.775650024414062,-119.23757171630859,KERN,DELANO,-119.24099731445312,35.775909423828125
8175378,2016,2016-11-30,1502,2016-11-16,1753,P59,,3,5,6,1502,0,0,0,,0,,"COTTONWOOD RD","WATTS DR",0.00,,Y,A,-,N,,,,,,,,,,N,2,0,2,3,A,-,10,21950,A,F,G,B,B,A,H,-,C,D,0,Y,,,,Y,,-,99,1,0,1,0,2,0,0,0,0,"- ","- ",35.331919999999997,-118.98551,KERN,BAKERSFIELD,-118.98546005999999,35.332190089999997
81754185,2022,2022-04-22,1502,2022-04-19,1747,P63,,2,5,6,1502,0,0,0,,0,METRO,"L ST","21ST ST",0.00,,Y,A,-,N,,,,,,,,,,Y,2,0,2,2,A,-,09,21801,A,N,D,C,A,A,H,-,A,A,0,,,,,Y,,A,01,1,0,1,0,0,0,0,0,0,"- ","- ",35.378089904785156,-119.01589202880859,KERN,BAKERSFIELD,-119.01641845703125,35.378108978271484
8175427,2016,2016-11-30,1502,2016-11-19,1451,1163,,6,5,6,1502,0,0,0,,0,HILL,"COLUMBUS ST","VASSAR ST",100.00,W,N,A,-,N,,,,,,,,,,Y,2,0,3,3,A,-,05,21651,A,N,A,C,A,A,H,-,A,A,0,,,,,Y,,A,01,1,0,2,0,0,0,0,0,0,"- ","- ",35.3977,-118.96541000000001,KERN,BAKERSFIELD,-118.96590508,35.397639239999997
81757389,2021,2022-04-27,1502,2021-08-31,2046,1188,,2,5,6,1502,0,0,0,,0,SOUTH,"TAFT HWY","MOUNTAIN RIDGE DR",895.00,E,N,A,-,Y,,,,,,,,,,Y,1,1,0,2,A,-,05,21460,A,N,G,B,E,A,H,-,D,D,0,Y,,,,Y,,A,01,0,0,0,1,0,0,0,0,0,"- ","- ",35.266979217529297,-119.06619262695312,KERN,BAKERSFIELD,-119.06255340576172,35.26702880859375
81760689,2022,2022-04-29,1502,2022-04-23,2316,1343,,6,5,6,1502,0,0,0,,0,NORTH,"CALLOWAY DR","OLIVE DR",0.00,,Y,A,-,N,,,,,,,,,,Y,2,0,3,2,A,-,01,23152,A,N,D,C,A,A,H,-,C,A,0,,,,,Y,Y,A,01,2,1,0,0,0,0,0,0,0,"- ","- ",35.412811279296875,-119.10977935791016,KERN,BAKERSFIELD,-119.11008453369141,35.412712097167969
81771291,2022,2022-05-13,1502,2022-05-07,2339,P17,,6,5,6,1502,0,0,0,,0,SOUTH,"HIGH PEAKS DR","BOX MEADOW AV",20.00,E,N,A,-,N,,,,,,,,,,N,2,0,1,1,A,-,03,22350,,N,F,A,A,A,H,-,C,D,0,,,Y,,Y,,C,02,1,0,0,0,0,0,0,0,1,"- ","- ",35.30072021484375,-119.07852935791016,KERN,BAKERSFIELD,-119.07820129394531,35.300651550292969
81780898,2022,2022-05-26,1502,2022-05-15,0444,1343,,7,5,6,1502,0,0,0,,0,VALLEY,"H ST","ISIL AV",91.00,N,N,A,-,N,,,,,,,,,,Y,2,0,1,2,A,-,11,21954,A,F,G,B,E,A,H,-,D,D,0,Y,,,,Y,,N,60,1,0,0,0,1,0,0,0,0,"- ","- ",35.304569244384766,-119.0216064453125,KERN,BAKERSFIELD,-119.02130126953125,35.3048095703125
81789443,2022,2022-06-06,1503,2022-05-06,1900,10118,4012,5,5,4,1503,0,0,0,,0,,"GARCES HWY",LEXINGTON,5.00,E,-,A,-,N,,,,,,,,,,N,2,0,1,2,A,-,10,21950,A,N,G,B,B,A,H,-,A,A,0,Y,,,,Y,Y,A,01,1,0,0,0,1,0,0,0,0,"- ","- ",35.761409759521484,-119.24079132080078,KERN,DELANO,-119.24079132080078,35.761409759521484
81799432,2022,2022-06-21,1502,2022-05-28,2041,1322,,6,5,6,1502,0,0,0,,0,HILL,"178 HWY","ALFRED HARRELL HWY",0.00,,Y,A,-,N,,,,,,,,,,Y,1,1,0,2,A,-,12,21453,A,F,D,C,A,A,H,-,C,A,0,,,,,Y,,D,22,0,0,0,0,0,0,0,0,0,"- ","- ",35.406951904296875,-118.85946655273438,KERN,BAKERSFIELD,-118.85966000000001,35.407550999999998
81799464,2022,2022-06-21,1502,2022-06-08,2130,1409,,3,5,6,1502,0,0,0,,0,NORTH,"COFFEE RD","HAGEMAN RD",0.00,,Y,A,-,N,,,,,,,,,,Y,2,0,1,2,A,-,09,21453,C,N,A,C,A,A,H,-,C,A,0,,,Y,,Y,,A,01,1,0,0,0,0,0,0,0,1,"- ","- ",35.401378631591797,-119.09219360351562,KERN,BAKERSFIELD,-119.09233856201172,35.401473999023438
8179997,2016,2017-02-07,1509,2016-11-21,1706,949,W,1,5,3,1509,0,0,0,,0,001,"RT 202","PUMP HOUSE DR",381.00,S,N,A,-,N,,,,,,,,,,N,2,0,1,1,A,-,03,22350,,N,E,J,A,B,H,-,B,D,0,,,,,Y,,A,01,1,0,0,0,0,0,0,0,0,"- ","- ",,,KERN,TEHACHAPI,,
81809371,2022,2022-07-04,1502,2022-06-30,2124,1347,,4,5,6,1502,0,0,0,,0,HILL,"24TH ST","OAK ST",10.00,E,N,A,-,N,,,,,,,,,,N,2,0,1,2,A,-,05,21650,1,N,D,G,A,A,H,-,C,A,0,,Y,,,Y,,L,04,1,0,0,0,0,0,1,0,0,"- ","- ",35.380550384521484,-119.03887176513672,KERN,BAKERSFIELD,-119.03853607177734,35.381187438964844
81810883,2022,2022-07-06,1502,2022-07-03,1619,1188,,7,5,6,1502,0,0,0,,0,SOUTH,"WHITE LN","AKERS RD",108.00,W,N,A,-,N,,,,,,,,,,Y,2,0,2,2,A,-,01,23152,A,N,C,C,A,A,H,-,A,A,0,,,,,Y,Y,A,07,1,0,1,0,0,0,0,0,0,"- ","- ",35.317520141601562,-119.04782867431641,KERN,BAKERSFIELD,-119.04817962646484,35.317668914794922
81814808,2022,2022-07-12,1502,2022-07-06,2358,1188,,3,5,6,1502,0,0,0,,0,METRO,"QUANTICO AV","BRUNDAGE LN",760.00,N,N,A,-,N,,,,,,,,,,N,2,0,1,2,A,-,11,21954,A,N,G,B,D,A,H,-,D,D,0,Y,,,,Y,,N,60,1,0,0,0,1,0,0,0,0,"- ","- ",35.352859497070312,-118.95928192138672,KERN,BAKERSFIELD,-118.95863342285156,35.356193542480469
81816882,2022,2022-07-14,1502,2022-07-05,0053,1359,,2,5,6,1502,0,0,0,,0,METRO,"CHESTER PL","P ST",200.00,W,N,A,-,N,,,,,,,,,,N,2,0,1,2,A,-,13,22515,A,N,G,B,E,A,H,-,D,D,0,Y,,,,Y,Y,A,01,1,0,0,0,1,0,0,0,0,"- ","- ",35.359748840332031,-119.01157379150391,KERN,BAKERSFIELD,-119.01252746582031,35.359821319580078
81823878,2022,2022-07-25,1502,2022-07-09,2325,1152,,6,5,6,1502,0,0,0,,0,HILL,"Q ST","34TH ST",0.00,,Y,A,-,N,,,,,,,,,,Y,2,0,1,3,A,-,08,22107,,N,B,C,A,A,H,-,C,A,0,,,Y,,Y,,A,01,1,0,0,0,0,0,0,0,1,"- ","- ",35.390979766845703,-119.01046752929688,KERN,BAKERSFIELD,-119.01054382324219,35.3905029296875
81830919,2022,2022-08-02,1502,2022-07-28,0843,1185,,4,5,6,1502,0,0,0,,0,METRO,"4TH ST","P ST",0.00,,Y,A,-,N,,,,,,,,,,Y,2,0,3,2,A,-,01,23152,A,N,D,D,A,A,H,-,A,A,0,,,,,Y,,A,07,1,1,1,0,0,0,0,0,0,"- ","- ",35.360698699951172,-119.01155090332031,KERN,BAKERSFIELD,-119.01186370849609,35.360782623291016
81835914,2021,2022-08-09,1502,2021-05-29,0659,1213,,6,5,6,1502,0,0,0,,0,HILL,"COLUMBUS ST","OSWELL ST",109.00,W,N,A,-,N,,,,,,,,,,Y,1,1,0,2,A,-,11,21954,A,N,G,B,D,A,H,-,A,D,0,Y,,,,Y,,N,60,0,0,0,1,0,0,0,0,0,"- ","- ",35.400581359863281,-118.95063781738281,KERN,BAKERSFIELD,-118.95113372802734,35.400390625
81837770,2022,2022-08-11,1502,2022-08-08,1833,P94,,1,5,6,1502,0,0,0,,0,HILL,"COLUMBUS ST","SAN DIMAS ST",0.00,,Y,A,-,N,,,,,,,,,,Y,2,0,1,1,A,-,03,22350,,N,E,I,A,A,H,-,A,A,0,,,,,Y,,A,07,1,0,0,0,0,0,0,0,0,"- ","- ",35.398239135742188,-119.00784301757812,KERN,BAKERSFIELD,-119.00801849365234,35.397781372070312
8183809,2016,2016-12-14,1508,2016-11-22,2155,107,5B,2,5,2,1508,0,0,0,,0,05B,"CALVIN ST","2ND ST",38.00,W,N,A,-,N,,,,,,,,,,Y,2,0,1,2,A,-,00,23104,B,F,B,C,A,A,H,-,C,D,0,,,Y,,Y,,D,22,1,0,0,0,0,0,0,0,1,"- ","- ",35.117359999999998,-119.45972999999999,KERN,TAFT,-119.45179767,35.145839219999999
81845902,2022,2022-08-22,1503,2022-08-02,0525,10100,2010,2,5,4,1503,0,0,0,,0,,"WEST CECIL AV",MELCHER,0.00,,Y,A,-,N,,,,,,,,,,Y,2,0,2,2,A,-,09,21801,A,N,D,C,A,A,H,-,B,D,0,,,,,Y,,A,01,1,1,0,0,0,0,0,0,0,"- ","- ",35.775859832763672,-119.27631378173828,KERN,DELANO,-119.27631378173828,35.775844573974609
8185905,2016,2016-12-16,1502,2016-11-25,2146,1153,,5,5,6,1502,0,0,0,,0,,"H ST","MING AV",7.00,N,N,A,-,N,,,,,,,,,,N,2,0,1,2,A,-,12,21453,A,N,G,B,B,A,H,-,C,A,0,Y,,,,Y,,A,08,1,0,0,0,1,0,0,0,0,"- ","- ",,,KERN,BAKERSFIELD,-119.02131,35.339459210000001
81863973,2022,2022-09-14,1502,2022-09-08,1317,P45,,4,5,6,1502,0,0,0,,0,SOUTH,"ASHE RD","SUNRISE CREST ST",0.00,,Y,A,-,N,,,,,,,,,,Y,2,0,3,2,A,-,12,21453,A,N,D,C,A,A,H,-,A,A,0,,,,,Y,Y,A,07,1,0,2,0,0,0,0,0,0,"- ","- ",35.297611236572266,-119.07476043701172,KERN,BAKERSFIELD,-119.07459259033203,35.297622680664062
81867507,2022,2022-09-19,1502,2022-09-11,0017,1152,,7,5,6,1502,0,0,0,,0,,"PLANZ RD","STINE RD",0.00,,Y,A,-,N,,,,,,,,,,N,2,0,1,2,A,-,00,23103,A,F,G,B,E,A,H,-,C,B,0,Y,,,,Y,Y,A,01,1,0,0,0,1,0,0,0,0,"- ","- ",35.324600219726562,-119.05767059326172,KERN,BAKERSFIELD,-119.05677795410156,35.325054168701172
81868508,2022,2022-09-20,1502,2022-09-13,2146,1225,,2,5,6,1502,0,0,0,,0,HILL,"Q ST","28TH ST",0.00,,Y,A,-,N,,,,,,,,,,N,2,0,1,2,A,-,11,21954,A,F,G,B,E,A,H,-,C,D,0,Y,,,,Y,,N,60,1,0,0,0,1,0,0,0,0,"- ","- ",35.385639190673828,-119.01055908203125,KERN,BAKERSFIELD,-119.01056671142578,35.385139465332031
81869369,2022,2022-09-20,1503,2022-08-25,1512,10185,2010,4,5,4,1503,0,0,0,,0,,"2000 BLK HIGH ST","21ST AVE",0.00,,Y,A,-,N,,,,,,,,,,N,2,0,1,2,B,-,22,,,N,E,J,A,A,H,-,A,D,0,,,,,Y,,A,01,1,0,0,0,0,0,0,0,0,"- ","- ",35.783599853515625,-119.25066375732422,KERN,DELANO,-119.25121307373047,35.784458160400391
81873439,2022,2022-09-26,1503,2022-09-16,2140,1091,5011,5,5,4,1503,0,0,0,,0,,"POND AVE","GARZOLI RD",0.00,,Y,A,-,N,,,,,,,,,,Y,2,0,2,2,A,-,01,23153,A,N,D,C,A,A,H,-,D,A,0,,,,,Y,Y,A,01,2,0,0,0,0,0,0,0,0,"- ","- ",35.717910766601562,-119.24082946777344,KERN,DELANO,-119.24085235595703,35.717922210693359
81877283,2022,2022-09-29,1503,2022-09-19,0142,1091,5010,1,5,4,1503,0,0,0,,0,,"GARCES HWY","DOVER ST",73.00,E,-,A,-,Y,,,,,,,,,,Y,2,0,1,1,A,-,08,22107,,N,H,E,A,A,H,-,C,A,0,,,,,Y,Y,A,01,1,0,0,0,0,0,0,0,0,"- ","- ",35.761219024658203,-119.25203704833984,KERN,DELANO,-119.25208282470703,35.761398315429688
81886944,2022,2022-10-11,1502,2022-09-11,2044,1322,,7,5,6,1502,0,0,0,,0,METRO,"P ST","6TH ST",274.00,N,N,B,-,N,,,,,,,,,,N,1,1,0,2,A,-,11,21954,A,F,G,B,D,A,H,-,D,D,0,Y,,,,Y,,N,60,0,0,0,1,0,0,0,0,0,"- ","- ",35.361839294433594,-119.01235198974609,KERN,BAKERSFIELD,-119.01183319091797,35.363430023193359
81893727,2022,2022-10-19,1502,2022-08-28,2120,1225,,7,5,6,1502,0,0,0,,0,HILL,"UNION AV","NILES ST",0.00,,Y,A,-,Y,,,,,,,,,,Y,1,1,3,2,A,-,01,23153,F,N,D,C,A,A,H,-,C,A,0,,,,,Y,,A,01,0,0,3,0,0,0,0,0,0,"- ","- ",35.384380340576172,-119.00287628173828,KERN,BAKERSFIELD,-119.00279998779297,35.383975982666016
81893729,2022,2022-10-19,1502,2022-09-17,2050,1213,,6,5,6,1502,0,0,0,,0,CENTRA,"STOCKDALE HWY","GOSFORD RD",0.00,,Y,A,-,N,,,,,,,,,,Y,1,1,0,2,A,-,09,21453,C,N,D,C,A,A,H,-,C,A,0,,,Y,,Y,,C,02,0,0,0,0,0,0,0,1,0,"- ","- ",35.354221343994141,-119.09284973144531,KERN,BAKERSFIELD,-119.09237670898438,35.354312896728516
81893731,2022,2022-10-19,1502,2022-10-10,1115,P17,,1,5,6,1502,0,0,0,,0,HILL,"PANORAMA DR","MOUNT VERNON AV",0.00,,Y,A,-,N,,,,,,,,,,Y,2,0,2,2,A,-,12,21453,A,N,D,C,A,A,H,-,A,A,0,,,,,Y,,-,"- ",1,0,1,0,0,0,0,0,0,"- ","- ",35.411529541015625,-118.96743011474609,KERN,BAKERSFIELD,-118.96755218505859,35.412769317626953
81907248,2022,2022-11-02,1502,2022-09-02,2143,1225,,5,5,6,1502,0,0,0,,0,METRO,"BRUNDAGE LN","U ST",189.00,W,N,A,-,N,,,,,,,,,,N,2,0,1,2,A,-,11,21954,A,F,G,B,E,A,H,-,C,D,0,Y,,,,Y,Y,N,60,1,0,0,0,1,0,0,0,0,"- ","- ",35.353790283203125,-119.00624084472656,KERN,BAKERSFIELD,-119.00707244873047,35.353908538818359
8191159,2016,2016-12-20,1502,2016-11-28,2116,1218,,1,5,6,1502,0,0,0,,0,CENTRA,"MING AV","REAL RD",350.00,W,N,B,-,N,,,,,,,,,,N,2,0,1,2,A,-,11,21956,A,N,G,B,E,B,H,-,C,D,0,Y,,,,Y,Y,N,60,1,0,0,0,1,0,0,0,0,"- ","- ",35.339689999999997,-119.04334,KERN,BAKERSFIELD,-119.04455203000001,35.339598379999998
81926358,2022,2022-11-25,1502,2022-08-12,2253,1347,,5,5,6,1502,0,0,0,,0,HILL,"MORNING DR","178E ON FR MORNING",0.00,,Y,A,-,N,,,,,,,,,,N,2,0,1,2,D,-,00,,,F,C,C,A,A,H,-,C,D,0,,,Y,,Y,,-,"- ",1,0,0,0,0,0,0,0,1,"- ","- ",35.395320892333984,-118.91306304931641,KERN,BAKERSFIELD,-118.91423797607422,35.376262664794922
81926765,2021,2022-11-28,1502,2021-10-27,2031,1291,,3,5,6,1502,0,0,0,,0,METRO,"BRUNDAGE LN","EYE ST",0.00,,Y,B,-,N,,,,,,,,,,Y,1,1,6,3,A,-,01,23152,B,N,D,C,A,A,H,-,C,A,0,,,,,Y,Y,A,01,1,0,5,0,0,0,0,0,0,"- ","- ",35.353988647460938,-119.01991271972656,KERN,BAKERSFIELD,-119.02013397216797,35.353996276855469
81926771,2022,2022-11-28,1502,2022-11-24,1009,P45,,4,5,6,1502,0,0,0,,0,SOUTH,"99 N OFF TO PANAMA RAMP","PANAMA LN",15.00,N,N,A,-,Y,,,,,,,,,,N,2,0,1,2,A,-,10,21950,A,F,G,B,B,A,H,-,A,A,0,Y,,,,Y,,-,99,1,0,0,0,1,0,0,0,0,"- ","- ",35.29595947265625,-119.02941131591797,KERN,BAKERSFIELD,,
81927937,2022,2022-11-28,1503,2022-11-25,2135,10137,1014,5,5,4,1503,0,0,0,,0,,"BROWNING ROAD","CARILLO AV",36.00,N,-,A,-,N,,,,,,,,,,Y,2,0,2,1,A,-,01,23153,,N,E,J,A,A,H,-,D,D,0,,,,,Y,Y,A,01,2,0,0,0,0,0,0,0,0,"- ","- ",35.729019165039062,-119.22318267822266,KERN,DELANO,-119.22315979003906,35.785568237304688
81932193,2022,2022-12-02,1502,2022-11-15,0437,1225,,2,5,6,1502,0,0,0,,0,SOUTH,"WIBLE RD","AUTO MALL DR",492.00,S,N,A,-,N,,,,,,,,,,Y,2,0,1,1,A,-,01,23152,A,N,E,I,A,A,H,-,C,D,0,,,,,Y,Y,D,22,1,0,0,0,0,0,0,0,0,"- ","- ",35.301200866699219,-119.03938293457031,KERN,BAKERSFIELD,-119.03890228271484,35.299690246582031
81940597,2022,2022-12-13,1502,2022-12-12,0756,P63,,1,5,6,1502,0,0,0,,0,CENTRA,"HALF MOON DR","DURANGO WY",11.00,N,N,A,-,N,,,,,,,,,,N,2,0,1,2,A,-,05,21650,1,N,H,G,A,A,H,-,A,A,0,,Y,,,Y,,L,04,1,0,0,0,0,0,1,0,0,"- ","- ",35.326519012451172,-119.08141326904297,KERN,BAKERSFIELD,-119.08152770996094,35.326469421386719
81941707,2022,2022-12-14,1502,2022-11-03,2045,1185,,4,5,6,1502,0,0,0,,0,METRO,"CHESTER AV","4TH ST",15.00,S,N,A,-,N,,,,,,,,,,N,1,1,0,2,A,-,11,21456,B,F,G,B,D,A,H,-,C,A,0,Y,,,,Y,,N,60,0,0,0,1,0,0,0,0,0,"- ","- ",35.36077880859375,-119.01856994628906,KERN,BAKERSFIELD,-119.01891326904297,35.360759735107422
81948818,2022,2022-12-22,1502,2022-10-16,0236,1322,,7,5,6,1502,0,0,0,,0,CENTRA,"WHITE LN","STINE RD",0.00,,Y,A,-,N,,,,,,,,,,Y,1,1,1,2,A,-,12,21453,A,N,D,C,A,A,H,-,C,A,0,,,,,Y,Y,-,"- ",0,0,1,0,0,0,0,0,0,"- ","- ",35.317939758300781,-119.05668640136719,KERN,BAKERSFIELD,-119.05677795410156,35.317996978759766
81948822,2022,2022-12-22,1502,2022-12-12,1813,1322,,1,5,6,1502,0,0,0,,0,SOUTH,"SPRING CREEK LP","MILL WHEEL DR",93.00,S,N,B,-,N,,,,,,,,,,Y,1,1,0,2,A,-,03,22350,,N,C,E,A,A,H,-,C,D,0,,,,,Y,Y,A,01,0,0,0,0,0,0,0,0,0,"- ","- ",35.307910919189453,-119.08029937744141,KERN,BAKERSFIELD,-119.07994842529297,35.30767822265625
81957371,2022,2023-01-02,1502,2022-12-30,0819,P45,,5,5,6,1502,0,0,0,,0,METRO,"F ST","24TH ST",0.00,,Y,B,-,N,,,,,,,,,,N,2,0,1,2,D,-,00,,,N,G,B,B,A,H,-,A,A,0,Y,,,,Y,,-,"- ",1,0,0,0,1,0,0,0,0,"- ","- ",35.381038665771484,-119.02291870117188,KERN,BAKERSFIELD,-119.02346038818359,35.381034851074219
81960519,2023,2023-01-05,1502,2023-01-03,1713,P63,,2,5,6,1502,0,0,0,,0,VALLEY,"LARSON LN","WILSON RD",0.00,,Y,A,-,N,,,,,,,,,,N,2,0,1,2,A,-,10,21950,A,N,G,B,B,A,H,-,C,A,0,Y,,,,Y,,D,22,1,0,0,0,1,0,0,0,0,"- ","- ",35.332351684570312,-119.03820037841797,KERN,BAKERSFIELD,-119.03815460205078,35.332199096679688
81966314,2023,2023-01-12,1502,2023-01-03,1523,P17,,2,5,6,1502,0,0,0,,0,METRO,"UNION AV","BRUNDAGE LN",18.00,N,N,A,-,N,,,,,,,,,,Y,2,0,2,2,A,-,09,21453,B,N,D,C,A,A,H,-,A,A,0,,,Y,,Y,,A,01,1,0,1,0,0,0,0,0,2,"- ","- ",35.353710174560547,-119.00276947021484,KERN,BAKERSFIELD,-119.00300598144531,35.353710174560547