CASE_ID,ACCIDENT_YEAR,PROC_DATE,JURIS,COLLISION_DATE,COLLISION_TIME,OFFICER_ID,REPORTING_DISTRICT,DAY_OF_WEEK,CHP_SHIFT,POPULATION,CNTY_CITY_LOC,SPECIAL_COND,BEAT_TYPE,CHP_BEAT_TYPE,CITY_DIVISION_LAPD,CHP_BEAT_CLASS,BEAT_NUMBER,PRIMARY_RD,SECONDARY_RD,DISTANCE,DIRECTION,INTERSECTION,WEATHER_1,WEATHER_2,STATE_HWY_IND,CALTRANS_COUNTY,CALTRANS_DISTRICT,STATE_ROUTE,ROUTE_SUFFIX,POSTMILE_PREFIX,POSTMILE,LOCATION_TYPE,RAMP_INTERSECTION,SIDE_OF_HWY,TOW_AWAY,COLLISION_SEVERITY,NUMBER_KILLED,NUMBER_INJURED,PARTY_COUNT,PRIMARY_COLL_FACTOR,PCF_CODE_OF_VIOL,PCF_VIOL_CATEGORY,PCF_VIOLATION,PCF_VIOL_SUBSECTION,HIT_AND_RUN,TYPE_OF_COLLISION,MVIW,PED_ACTION,ROAD_SURFACE,ROAD_COND_1,ROAD_COND_2,LIGHTING,CONTROL_DEVICE,CHP_ROAD_TYPE,PEDESTRIAN_ACCIDENT,BICYCLE_ACCIDENT,MOTORCYCLE_ACCIDENT,TRUCK_ACCIDENT,NOT_PRIVATE_PROPERTY,ALCOHOL_INVOLVED,STWD_VEHTYPE_AT_FAULT,CHP_VEHTYPE_AT_FAULT,COUNT_SEVERE_INJ,COUNT_VISIBLE_INJ,COUNT_COMPLAINT_PAIN,COUNT_PED_KILLED,COUNT_PED_INJURED,COUNT_BICYCLIST_KILLED,COUNT_BICYCLIST_INJURED,COUNT_MC_KILLED,COUNT_MC_INJURED,PRIMARY_RAMP,SECONDARY_RAMP,LATITUDE,LONGITUDE,COUNTY,CITY,POINT_X,POINT_Y
81972536,2022,2023-01-20,1502,2022-08-19,0516,1268,,5,5,6,1502,0,0,0,,0,METRO,"CALIFORNIA AV","N ST",0.00,,Y,A,-,N,,,,,,,,,,N,1,1,0,2,A,-,11,21453,D,N,G,B,B,A,H,-,C,A,0,Y,,,,Y,,N,60,0,0,0,1,0,0,0,0,0,"- ","- ",35.368408203125,-119.01373291015625,KERN,BAKERSFIELD,-119.01415252685547,35.368389129638672
81972546,2023,2023-01-20,1502,2023-01-17,"750 ",1149,,2,5,6,1502,0,0,0,,0,NORTH,"OLD FARM RD","MEZZADRO AV",0.00,,Y,B,-,N,,,,,,,,,,Y,2,0,1,2,A,-,09,21802,A,N,D,C,A,A,H,-,A,A,0,,,,,Y,,A,01,1,0,0,0,0,0,0,0,0,"- ","- ",35.425498962402344,-119.13623046875,KERN,BAKERSFIELD,-119.13658142089844,35.42523193359375
81977865,2023,2023-01-26,1502,2023-01-20,1450,1418,,5,5,6,1502,0,0,0,,0,HILL,"24TH ST","BEECH ST",30.00,W,N,A,-,N,,,,,,,,,,N,2,0,1,2,A,-,03,22350,,N,C,C,A,A,H,-,A,D,0,,,Y,,Y,,C,02,1,0,0,0,0,0,0,0,1,"- ","- ",35.381168365478516,-119.03455352783203,KERN,BAKERSFIELD,-119.03521728515625,35.38116455078125
81991317,2022,2023-02-10,1502,2022-08-04,2228,1338,,4,5,6,1502,0,0,0,,0,VALLEY,"UNION AV","58 W ON FR S UNION RAMP",0.00,,Y,A,-,Y,KER,,204,,R,0.076,H,,R,Y,1,1,0,1,A,-,01,23152,G,N,E,I,A,A,H,-,C,D,0,,,,,Y,Y,A,01,0,0,0,0,0,0,0,0,0,"- ","- ",35.353538513183594,-119.00276947021484,KERN,BAKERSFIELD,-119.00294494628906,35.353538513183594
81996731,2022,2023-02-17,1502,2022-09-10,2231,1418,,6,5,6,1502,0,0,0,,0,SOUTH,"STINE RD","COUNTRY PLACE LN",13.00,S,N,A,-,N,,,,,,,,,,Y,2,0,2,2,A,-,03,22350,,F,C,C,A,A,H,-,C,D,0,,,,,Y,,A,01,1,0,1,0,0,0,0,0,0,"- ","- ",35.309219360351562,-119.05680084228516,KERN,BAKERSFIELD,-119.05668640136719,35.309303283691406
82009640,2023,2023-03-06,1502,2023-03-02,1226,1223,,4,5,6,1502,0,0,0,,0,SOUTH,"HARRIS RD","STACEY ST",0.00,,Y,A,-,N,,,,,,,,,,Y,2,0,1,2,A,-,03,22350,,N,D,C,A,A,H,-,A,A,0,,,Y,,Y,,C,02,1,0,0,0,0,0,0,0,1,"- ","- ",35.303001403808594,-119.04981994628906,KERN,BAKERSFIELD,-119.04959106445312,35.303165435791016
82020029,2023,2023-03-16,1503,2023-02-23,1517,10193,3011,4,5,4,1503,0,0,0,,0,,"13TH AVE","JEFFERSON ST",0.00,,Y,A,-,N,,,,,,,,,,Y,2,0,1,2,A,-,09,21802,A,N,D,C,A,A,H,-,A,A,0,,,,,Y,,A,08,1,0,0,0,0,0,0,0,0,"- ","- ",35.773841857910156,-119.23995208740234,KERN,DELANO,-119.24523162841797,35.773181915283203
82021981,2023,2023-03-20,1502,2023-03-11,2330,1360,,6,5,6,1502,0,0,0,,0,METRO,"CHESTER AV","6TH ST",0.00,,Y,A,-,N,,,,,,,,,,N,2,0,1,2,A,-,17,21209,A,N,D,D,A,A,H,-,C,A,0,,,Y,,Y,,C,02,1,0,0,0,0,0,0,0,1,"- ","- ",35.362678527832031,-119.01853942871094,KERN,BAKERSFIELD,-119.01889038085938,35.362693786621094
82023148,2023,2023-03-21,1502,2023-01-27,1550,1322,,5,5,6,1502,0,0,0,,0,HILL,"Q ST","34TH ST",211.00,S,N,A,-,N,,,,,,,,,,Y,1,1,0,3,A,-,03,22350,,F,C,G,A,A,H,-,A,A,0,,Y,,,Y,,A,01,0,0,0,0,0,1,0,0,0,"- ","- ",35.390979766845703,-119.01046752929688,KERN,BAKERSFIELD,-119.01054382324219,35.389919281005859
82036194,2023,2023-04-04,1502,2023-03-29,1929,1450,,3,5,6,1502,0,0,0,,0,VALLEY,"PANAMA LN","FINCH WY",350.00,E,N,B,C,N,,,,,,,,,,N,2,0,1,2,A,-,11,21954,A,N,G,B,D,B,H,-,D,D,0,Y,,,,Y,,N,60,1,0,0,0,1,0,0,0,0,"- ","- ",35.295078277587891,-119.01717376708984,KERN,BAKERSFIELD,-119.01459503173828,35.295883178710938
82039191,2023,2023-04-07,1502,2023-03-31,1744,1347,,5,5,6,1502,0,0,0,,0,METRO,"BEALE AV","KENTUCKY ST (E)",0.00,,Y,A,-,N,,,,,,,,,,Y,2,0,4,2,A,-,12,22450,A,N,D,D,A,A,H,-,A,A,0,,,,,Y,,A,01,1,1,2,0,0,0,0,0,0,"- ","- ",35.378398895263672,-118.98902130126953,KERN,BAKERSFIELD,-118.98918151855469,35.378108978271484
8204733,2016,2017-02-13,1506,2016-08-21,0223,5977,43,7,5,4,1506,0,0,0,,0,,"S ALLEN ST","W RADAR AV",0.00,,N,F,-,N,,,,,,,,,,Y,2,0,6,1,A,-,03,22350,,F,A,I,A,A,H,-,C,A,0,,,,,Y,Y,D,22,6,0,0,0,0,0,0,0,0,"- ","- ",,,KERN,RIDGECREST,-117.68020007,35.61163002
82052341,2023,2023-04-25,1502,2023-04-15,2000,1476,,6,5,6,1502,0,0,0,,0,,"MADISON ST","NINA ST",720.00,S,N,A,-,N,,,,,,,,,,N,2,0,2,2,A,-,17,24250,,N,A,C,A,A,H,-,C,D,0,,,Y,,Y,Y,C,03,1,1,0,0,0,0,0,0,2,"- ","- ",35.336521148681641,-118.99423217773438,KERN,BAKERSFIELD,-118.9942626953125,35.334754943847656
82054340,2022,2023-04-27,1502,2022-08-11,2300,1181,,4,5,6,1502,0,0,0,,0,,"PANAMA LN","DR MARTIN LUTHER KING BLVD",2348.00,E,N,A,-,N,,,,,,,,,,N,1,1,0,2,A,-,11,21956,A,N,G,B,E,A,H,-,D,D,0,Y,,,,Y,,N,60,0,0,0,1,0,0,0,0,0,"- ","- ",35.295631408691406,-118.98587036132812,KERN,BAKERSFIELD,-118.97750091552734,35.295948028564453
8206468,2016,2017-01-18,1502,2016-12-23,0830,784,,5,5,6,1502,0,0,0,,0,,"WILSON RD","RODNEY ST",166.00,E,N,A,-,N,,,,,,,,,,N,2,0,4,2,A,-,08,22107,,N,D,C,A,A,H,-,A,D,0,,,,,Y,,A,08,1,2,1,0,0,0,0,0,0,"- ","- ",35.332070000000002,-119.00574,KERN,BAKERSFIELD,-119.00513423,35.332227179999997
82068366,2022,2023-05-15,1502,2022-09-27,2337,1188,,2,5,6,1502,0,0,0,,0,METRO,"UNION AV","4TH ST",34.00,S,N,A,-,Y,KER,,204,,,2.541,H,,R,N,1,1,1,2,A,-,11,21955,,N,G,B,D,A,H,-,C,A,0,Y,,,,Y,,N,60,0,0,1,1,0,0,0,0,0,"- ","- ",35.360618591308594,-119.00264739990234,KERN,BAKERSFIELD,-119.00291442871094,35.360622406005859
82068367,2022,2023-05-15,1502,2022-11-02,1831,1194,,3,5,6,1502,0,0,0,,0,VALLEY,"WILSON RD","H ST",241.00,E,N,A,-,N,,,,,,,,,,N,1,1,0,2,A,-,11,21954,A,N,G,B,D,B,H,-,B,D,0,Y,,,,Y,,N,60,0,0,0,1,0,0,0,0,0,"- ","- ",35.332180023193359,-119.021240234375,KERN,BAKERSFIELD,-119.02051544189453,35.332168579101562
82076002,2023,2023-05-24,1502,2023-05-17,1056,P94,,3,5,6,1502,0,0,0,,0,METRO,"Q ST","GOLDEN STATE AV",103.00,S,N,A,-,N,,,,,,,,,,N,2,0,1,2,A,-,11,21954,A,N,G,B,D,A,H,-,A,D,0,Y,,,,Y,,N,60,1,0,0,0,1,0,0,0,0,"- ","- ",35.382839202880859,-119.01061248779297,KERN,BAKERSFIELD,-119.01078796386719,35.382438659667969
82080255,2023,2023-05-29,1502,2023-05-18,1157,P99,,4,5,6,1502,0,0,0,,0,SOUTH,"DISTRICT BL","CONRAD LN",537.00,E,N,A,-,N,,,,,,,,,,N,2,0,1,2,A,-,09,21804,A,N,D,C,A,A,H,-,A,D,0,,,Y,,Y,,A,08,1,0,0,0,0,0,0,0,1,"- ","- ",35.313209533691406,-119.0811767578125,KERN,BAKERSFIELD,-119.07929992675781,35.3131103515625
82084184,2023,2023-06-02,1502,2023-06-01,1305,1185,,4,5,6,1502,0,0,0,,0,SOUTH,"HARRIS RD","GOSFORD RD",730.00,W,N,A,-,N,,,,,,,,,,Y,2,0,4,2,A,-,09,21804,A,N,D,C,A,A,H,-,A,A,0,,,,,Y,,A,01,1,1,2,0,0,0,0,0,0,"- ","- ",35.303260803222656,-119.09345245361328,KERN,BAKERSFIELD,-119.09468078613281,35.303398132324219
82099467,2022,2023-06-22,1502,2022-12-04,1904,1181,,7,5,6,1502,0,0,0,,0,,"WHITE LN","UNION AV",793.00,E,N,A,-,N,,,,,,,,,,N,1,1,0,2,A,-,11,21954,A,N,G,B,D,A,H,-,A,D,0,Y,,,,Y,,N,60,0,0,0,1,0,0,0,0,0,"- ","- ",35.316768646240234,-119.004150390625,KERN,BAKERSFIELD,-119.00033569335938,35.317672729492188
82099476,2023,2023-06-22,1502,2023-05-09,2155,1396,,2,5,6,1502,0,0,0,,0,CENTRA,"NEW STINE RD","GORHAM WY",310.00,N,N,B,-,N,,,,,,,,,,N,1,1,0,2,A,-,11,21954,A,N,G,B,D,A,H,-,C,B,0,Y,,,,Y,,N,60,0,0,0,1,0,0,0,0,0,"- ","- ",35.348098754882812,-119.06076812744141,KERN,BAKERSFIELD,-119.06108093261719,35.349029541015625
82099477,2023,2023-06-22,1502,2023-05-19,"15  ",1418,,5,5,6,1502,0,0,0,,0,NORTH,"HAGEMAN RD","MOHAWK ST",0.00,,Y,A,-,N,,,,,,,,,,Y,1,1,0,2,A,-,11,21954,A,N,G,B,D,A,H,-,A,A,0,Y,,,,Y,,N,60,0,0,0,1,0,0,0,0,0,"- ","- ",35.401199340820312,-119.06546020507812,KERN,BAKERSFIELD,-119.06548309326172,35.401508331298828
82107666,2023,2023-07-03,1502,2023-05-28,1118,1223,,7,5,6,1502,0,0,0,,0,HILL,"AIRPORT DR","GOLDEN STATE OFF TO AIRPORT RAMP",0.00,,Y,A,-,Y,,,,,,,,,,Y,1,1,0,2,A,-,12,21453,A,N,D,C,A,A,H,-,A,A,0,,,Y,,Y,,A,01,0,0,0,0,0,0,0,1,0,"- ","- ",35.402450561523438,-119.04074859619141,KERN,BAKERSFIELD,-119.04132080078125,35.402095794677734
82107690,2023,2023-07-03,1502,2023-02-12,"228 ",1223,,7,5,6,1502,0,0,0,,0,METRO,"TRUXTUN AV","BEALE AV (S)",50.00,W,N,A,-,N,,,,,,,,,,Y,1,1,1,1,A,-,03,22350,,N,E,I,A,A,H,-,C,D,0,,,,,Y,,A,01,1,0,0,0,0,0,0,0,0,"- ","- ",35.373680114746094,-118.99089050292969,KERN,BAKERSFIELD,-118.99153900146484,35.374050140380859
82114669,2023,2023-07-17,1502,2023-07-10,"620 ",P17,,1,5,6,1502,0,0,0,,0,CENTRA,"WILSON RD","SAN MARINO DR",60.00,W,N,A,-,N,,,,,,,,,,Y,2,0,2,2,A,-,01,23152,A,N,A,C,A,A,H,-,A,A,0,,,,,Y,Y,A,07,1,1,0,0,0,0,0,0,0,"- ","- ",35.332530975341797,-119.04946136474609,KERN,BAKERSFIELD,-119.04962158203125,35.332283020019531
82125021,2023,2023-07-25,1502,2023-07-16,1336,P94,,7,5,6,1502,0,0,0,,0,VALLEY,"MING AV","H ST",0.00,,Y,A,-,N,,,,,,,,,,Y,2,0,3,2,A,-,12,21453,A,N,D,C,A,A,H,-,A,A,0,,,,,Y,,A,01,1,0,2,0,0,0,0,0,0,"- ","- ",35.339450836181641,-119.02114105224609,KERN,BAKERSFIELD,-119.02130889892578,35.339435577392578
82130353,2022,2023-07-28,1502,2022-06-06,2119,1225,,1,5,6,1502,0,0,0,,0,VALLEY,"TAFT HWY","HEATHER MEADOWS DR",113.00,E,N,A,-,Y,,,,,,,,,,Y,1,1,1,2,A,-,05,21651,A,N,D,C,A,A,H,-,C,A,0,,,Y,,Y,,A,01,0,0,1,0,0,0,0,1,0,"- ","- ",35.266811370849609,-119.01393890380859,KERN,BAKERSFIELD,,
82133809,2023,2023-08-02,1502,2023-06-30,2052,1362,,5,5,6,1502,0,0,0,,0,HILL,"COLUMBUS ST","CHESTER AV",622.00,E,N,A,-,N,,,,,,,,,,N,2,0,1,2,A,-,17,21208,B,F,D,G,A,A,H,-,C,D,0,,Y,,,Y,,L,04,1,0,0,0,0,0,1,0,0,"- ","- ",35.398109436035156,-119.01790618896484,KERN,BAKERSFIELD,-119.01670837402344,35.398128509521484
82133812,2023,2023-08-02,1502,2023-07-24,"546 ",1400,,1,5,6,1502,0,0,0,,0,VALLEY,"PANAMA LN","H ST",10.00,W,N,A,-,N,,,,,,,,,,N,2,0,1,2,A,-,09,21453,B,N,G,B,B,A,H,-,B,A,0,Y,,,,Y,,A,01,1,0,0,0,1,0,0,0,0,"- ","- ",35.295108795166016,-119.02262878417969,KERN,BAKERSFIELD,-119.02134704589844,35.295879364013672
82140143,2023,2023-08-09,1503,2023-07-29,2029,10181,1011,6,5,4,1503,0,0,0,,0,,"20TH AV","KALIBO ST",15.00,N,-,A,-,N,,,,,,,,,,N,2,0,1,2,A,-,10,21950,A,N,G,B,B,A,H,-,D,D,0,Y,,,,Y,,A,01,1,0,0,0,1,0,0,0,0,"- ","- ",35.783168792724609,-119.24508666992188,KERN,DELANO,-119.24507904052734,35.783168792724609
82142693,2023,2023-08-14,1502,2023-08-06,"229 ",1309,,7,5,6,1502,0,0,0,,0,,"WIBLE RD","CATTLE DR",80.00,W,N,A,-,N,,,,,,,,,,N,2,0,1,1,A,-,01,23152,A,N,E,I,A,A,H,-,C,D,0,,,,,Y,Y,A,01,1,0,0,0,0,0,0,0,0,"- ","- ",35.311759948730469,-119.03925323486328,KERN,BAKERSFIELD,-119.03897857666016,35.311599731445312
82146028,2023,2023-08-17,1502,2023-04-08,1025,1185,,6,5,6,1502,0,0,0,,0,SOUTH,"SHEPARD ST","DISTRICT BL",329.00,N,N,A,-,N,,,,,,,,,,N,1,1,0,2,A,-,11,21954,A,N,G,B,D,A,H,-,A,D,0,Y,,,,Y,,N,60,0,0,0,1,0,0,0,0,0,"- ","- ",35.312900543212891,-119.05847930908203,KERN,BAKERSFIELD,-119.05841827392578,35.313922882080078
82148164,2023,2023-08-21,1502,2023-07-17,1852,1322,,1,5,6,1502,0,0,0,,0,HILL,"COLLEGE AV","MORNING DR",423.00,W,N,A,-,N,,,,,,,,,,N,1,1,0,1,A,-,01,23152,A,N,F,A,A,A,G,-,A,D,0,,,Y,,Y,Y,C,06,0,0,0,0,0,0,0,1,0,"- ","- ",35.383228302001953,-118.91423034667969,KERN,BAKERSFIELD,-118.91566467285156,35.383438110351562
82148167,2023,2023-08-21,1502,2023-05-10,1225,1359,,3,5,6,1502,0,0,0,,0,METRO,"UNION AV","9TH ST",38.00,N,N,A,-,Y,KER,,204," "," ",2.862,H,,R,N,2,0,1,2,A,-,11,21954,A,N,G,B,D,A,H,-,A,D,0,Y,,,,Y,,N,60,1,0,0,0,1,0,0,0,0,"- ","- ",35.365360260009766,-119.00257110595703,KERN,BAKERSFIELD,-119.00289916992188,35.365360260009766
82151987,2023,2023-08-24,1502,2023-08-15,2204,1334,,2,5,6,1502,0,0,0,,0,,"34TH ST","PANAMA ST",143.00,W,N,A,-,N,,,,,,,,,,N,2,0,1,2,A,-,11,21954,A,F,G,B,E,A,H,-,D,D,0,Y,,,,Y,,N,60,1,0,0,0,1,0,0,0,0,"- ","- ",35.3909912109375,-119.01170349121094,KERN,BAKERSFIELD,-119.01225280761719,35.390514373779297
82156894,2023,2023-08-29,1502,2023-08-23,2019,1322,,3,5,6,1502,0,0,0,,0,METRO,"CALIFORNIA AV","UNION AV",0.00,,Y,A,-,N,,,,,,,,,,Y,2,0,6,2,A,-,12,21453,A,F,D,C,A,A,H,-,B,A,0,,,,,Y,Y,A,01,2,3,1,0,0,0,0,0,0,"- ","- ",35.368278503417969,-119.00253295898438,KERN,BAKERSFIELD,-119.00300598144531,35.368362426757812
82161599,2023,2023-09-04,1502,2023-08-07,1747,1359,,1,5,6,1502,0,0,0,,0,METRO,"22ND ST","F ST",179.00,E,N,A,-,N,,,,,,,,,,Y,2,0,1,1,A,-,03,22350,,N,E,I,A,A,H,-,A,A,0,,,,,Y,,A,01,1,0,0,0,0,0,0,0,0,"- ","- ",35.379131317138672,-119.02295684814453,KERN,BAKERSFIELD,-119.02288055419922,35.379100799560547
82163052,2023,2023-09-06,1502,2023-07-24,2256,1225,,1,5,6,1502,0,0,0,,0,,"UNION AV","8TH ST (N)",0.00,,Y,A,-,Y,KER,,204," "," ",2.804,H,,R,Y,2,0,1,1,A,-,01,23152,A,N,E,I,A,A,H,-,C,A,0,,,,,Y,Y,A,07,1,0,0,0,0,0,0,0,0,"- ","- ",35.364398956298828,-119.00258636474609,KERN,BAKERSFIELD,-119.00289916992188,35.364402770996094
82168789,2023,2023-09-13,1502,2023-09-05,2011,P75,,2,5,6,1502,0,0,0,,0,METRO,"KENTUCKY ST","KERN ST",188.00,W,N,A,-,N,,,,,,,,,,N,2,0,1,2,A,-,11,21954,A,N,G,B,D,A,H,-,D,D,0,Y,,,,Y,,N,60,1,0,0,0,1,0,0,0,0,"- ","- ",35.378238677978516,-118.99401092529297,KERN,BAKERSFIELD,-118.99432373046875,35.379352569580078
82171663,2023,2023-09-18,1502,2023-08-17,2239,1223,,4,5,6,1502,0,0,0,,0,METRO,"CALIFORNIA AV","CHESTER AV",0.00,,Y,A,-,N,,,,,,,,,,Y,1,2,0,2,A,-,01,23152,A,N,D,C,A,A,H,-,C,A,0,,,,,Y,Y,D,22,0,0,0,0,0,0,0,0,0,"- ","- ",35.36846923828125,-119.01844024658203,KERN,BAKERSFIELD,-119.01892852783203,35.368396759033203
82173142,2023,2023-09-19,1502,2023-07-21,"10  ",1322,,5,5,6,1502,0,0,0,,0,SOUTH,"AKERS RD","PACHECO RD",0.00,,Y,A,-,N,,,,,,,,,,Y,1,1,2,2,A,-,12,21453,A,N,D,C,A,A,H,-,C,A,0,,,,,Y,,D,22,1,0,1,0,0,0,0,0,0,"- ","- ",35.310070037841797,-119.04792785644531,KERN,BAKERSFIELD,-119.04782104492188,35.31024169921875
82203126,2022,2023-10-19,1502,2022-09-05,1937,1188,,1,5,6,1502,0,0,0,,0,SOUTH,"STINE RD","PACHECO RD",378.00,N,N,A,-,N,,,,,,,,,,Y,1,1,2,3,A,-,01,23152,G,N,D,C,A,A,H,-,B,D,0,,,,,Y,Y,A,01,0,1,1,0,0,0,0,0,0,"- ","- ",35.310279846191406,-119.05679321289062,KERN,BAKERSFIELD,-119.05667877197266,35.311378479003906
82203136,2023,2023-10-19,1502,2023-08-14,"148 ",1322,,1,5,6,1502,0,0,0,,0,VALLEY,"PANAMA LN","S OWELL ST",1070.00,W,N,A,-,N,,,,,,,,,,Y,1,2,0,1,B,-,22,,,N,F,A,A,A,G,-,D,D,0,,,,,Y,,A,01,0,0,0,0,0,0,0,0,0,"- ","- ",35.301750183105469,-118.95365142822266,KERN,BAKERSFIELD,-118.95357513427734,35.295997619628906
82203138,2023,2023-10-19,1502,2023-08-17,1556,1213,,4,5,6,1502,0,0,0,,0,NORTH,"BRIMHALL RD","JEWETTA AV",0.00,,Y,A,-,N,,,,,,,,,,Y,2,0,1,2,A,-,11,21950,B,N,G,B,B,A,H,-,A,A,0,Y,,,,Y,,N,60,1,0,0,0,1,0,0,0,0,"- ","- ",35.369098663330078,-119.12835693359375,KERN,BAKERSFIELD,-119.12794494628906,35.368865966796875
82203208,2023,2023-10-20,1502,2023-09-21,2234,P63,,4,5,6,1502,0,0,0,,0,NORTH,"COFFEE RD","OLIVE DR",22.00,N,N,A,-,N,,,,,,,,,,Y,2,0,1,1,A,-,01,23152,A,N,E,I,A,A,H,-,C,A,0,,,,,Y,Y,A,01,1,0,0,0,0,0,0,0,0,"- ","- ",35.412281036376953,-119.092041015625,KERN,BAKERSFIELD,-119.09233856201172,35.412441253662109
82203227,2023,2023-10-20,1502,2023-09-22,"806 ",P88,,5,5,6,1502,0,0,0,,0,NORTH,"NORIEGA RD","OLD FARM RD",480.00,E,N,A,-,N,,,,,,,,,,Y,2,0,4,2,A,-,05,21460,A,N,A,C,A,A,H,-,A,D,0,,,,,Y,,A,01,1,3,0,0,0,0,0,0,0,"- ","- ",35.405460357666016,-119.13658905029297,KERN,BAKERSFIELD,-119.13510894775391,35.405170440673828
82203429,2023,2023-10-19,1502,2023-03-13,"616 ",1194,,1,5,6,1502,0,0,0,,0,SOUTH,"HARRIS RD","WIBLE RD",0.00,,Y,A,-,N,,,,,,,,,,Y,1,1,0,2,A,-,11,21456,B,N,G,B,B,A,H,-,B,A,0,Y,,,,Y,,N,60,0,0,0,1,0,0,0,0,0,"- ","- ",35.30255126953125,-119.04026031494141,KERN,BAKERSFIELD,-119.03904724121094,35.303138732910156
82203432,2023,2023-10-19,1502,2023-04-26,1035,1194,,3,5,6,1502,0,0,0,,0,NORTH,"ROSEDALE HWY","JET WY",0.00,,Y,A,-,Y,,,,,,,,,,Y,1,1,1,3,A,-,12,21453,A,N,D,C,A,A,H,-,A,A,0,,,Y,,Y,,D,22,1,0,0,0,0,0,0,1,1,"- ","- ",35.383220672607422,-119.08979797363281,KERN,BAKERSFIELD,-119.08954620361328,35.38348388671875
82203433,2023,2023-10-19,1502,2023-05-21,"110 ",1322,,7,5,6,1502,0,0,0,,0,HILL,"PANORAMA DR","HALEY ST",500.00,E,N,A,-,N,,,,,,,,,,Y,2,0,1,2,A,-,08,22107,,N,D,C,A,A,H,-,C,D,0,,,Y,,Y,,A,01,1,0,0,0,0,0,0,0,1,"- ","- ",35.41033935546875,-118.97618103027344,KERN,BAKERSFIELD,-118.97488403320312,35.410545349121094
82205527,2023,2023-10-23,1502,2023-10-14,1848,1314,,6,5,6,1502,0,0,0,,0,METRO,"KENTUCKY ST","ALTA VISTA DR",0.00,,Y,A,-,N,,,,,,,,,,N,2,0,1,2,A,-,05,21650,1,F,A,G,A,A,H,-,B,A,0,,Y,,,Y,,L,04,1,0,0,0,0,0,1,0,0,"- ","- ",35.380729675292969,-118.99842071533203,KERN,BAKERSFIELD,-118.99835205078125,35.380321502685547
82221074,2022,2023-10-27,1502,2022-06-01,1942,1338,,3,5,6,1502,0,0,0,,0,SOUTH,"SEASONS DR","WINTER CREST DR",75.00,E,N,A,-,N,,,,,,,,,,N,1,1,0,2,A,-,03,22350,,N,G,B,E,A,H,-,A,D,0,Y,,,,Y,,A,01,0,0,0,1,0,0,0,0,0,"- ","- ",35.298221588134766,-119.06331634521484,KERN,BAKERSFIELD,-119.06302642822266,35.298271179199219
82223494,2023,2023-10-31,1503,2023-10-06,1605,10167,4013,5,5,4,1503,0,0,0,,0,,"13TH AV","RANDOLPH ST",0.00,,Y,A,-,N,,,,,,,,,,N,2,0,1,3,D,-,00,,,N,D,C,A,A,H,-,A,D,0,,,,,Y,,-,"- ",1,0,0,0,0,0,0,0,0,"- ","- ",35.774028778076172,-119.23200988769531,KERN,DELANO,-119.23200225830078,35.7740478515625
82228489,2023,2023-11-06,1502,2023-07-30,2059,1185,,7,5,6,1502,0,0,0,,0,VALLEY,"PLANZ RD","BENTON ST",37.00,W,N,A,-,N,,,,,,,,,,N,2,0,2,3,A,-,05,21460,,F,H,G,A,A,H,-,C,D,0,,Y,,,Y,,-,99,2,0,0,0,0,0,2,0,0,"- ","- ",35.324989318847656,-119.02821350097656,KERN,BAKERSFIELD,-119.02821350097656,35.324932098388672
82228494,2023,2023-11-06,1502,2023-10-23,"628 ",1400,,1,5,6,1502,0,0,0,,0,METRO,"BRUNDAGE LN","CLYDE ST",149.00,E,N,C,-,N,,,,,,,,,,N,2,0,1,2,A,-,11,21954,A,N,G,B,D,B,H,-,C,D,0,Y,,,,Y,,N,60,1,0,0,0,1,0,0,0,0,"- ","- ",35.353679656982422,-118.98753356933594,KERN,BAKERSFIELD,-118.98728942871094,35.353961944580078
82233461,2023,2023-11-13,1502,2023-11-04,1200,1188,,6,5,6,1502,0,0,0,,0,VALLEY,"MING AV","M ST",356.00,E,N,A,-,N,,,,,,,,,,N,2,0,1,2,A,-,09,21801,A,N,D,C,A,A,H,-,A,D,0,,,Y,,Y,,A,07,1,0,0,0,0,0,0,0,1,"- ","- ",35.339401245117188,-119.01515197753906,KERN,BAKERSFIELD,-119.01399993896484,35.339469909667969
82236408,2023,2023-11-15,1502,2023-11-10,2014,1314,,5,5,6,1502,0,0,0,,0,CENTRA,"GOSFORD RD","ADDISON WY",51.00,E,N,A,-,N,,,,,,,,,,Y,2,0,2,2,A,-,01,23152,B,N,E,I,A,A,H,-,C,D,0,,,,,Y,Y,A,07,1,1,0,0,0,0,0,0,0,"- ","- ",35.338218688964844,-119.09194183349609,KERN,BAKERSFIELD,-119.09230804443359,35.338058471679688
82240194,2023,2023-11-20,1502,2023-11-10,2129,1450,,5,5,6,1502,0,0,0,,0,METRO,"KENTUCKY ST","WILLIAMS ST",44.00,E,N,A,-,N,,,,,,,,,,N,2,0,1,2,A,-,11,21954,A,N,G,B,E,A,H,-,C,D,0,Y,,,,Y,,N,60,1,0,0,0,1,0,0,0,0,"- ","- ",35.375759124755859,-118.97837829589844,KERN,BAKERSFIELD,-118.97812652587891,35.375484466552734
82259463,2023,2023-12-12,1502,2023-11-27,1840,1322,,1,5,6,1502,0,0,0,,0,VALLEY,"H ST","PACHECO RD",121.00,S,N,A,-,N,,,,,,,,,,N,2,0,1,2,A,-,11,21954,A,N,G,B,D,A,H,-,C,D,0,Y,,,,Y,Y,N,60,1,0,0,0,1,0,0,0,0,"- ","- ",35.310398101806641,-119.02153015136719,KERN,BAKERSFIELD,-119.02130889892578,35.31005859375