CASE_ID,ACCIDENT_YEAR,PROC_DATE,JURIS,COLLISION_DATE,COLLISION_TIME,OFFICER_ID,REPORTING_DISTRICT,DAY_OF_WEEK,CHP_SHIFT,POPULATION,CNTY_CITY_LOC,SPECIAL_COND,BEAT_TYPE,CHP_BEAT_TYPE,CITY_DIVISION_LAPD,CHP_BEAT_CLASS,BEAT_NUMBER,PRIMARY_RD,SECONDARY_RD,DISTANCE,DIRECTION,INTERSECTION,WEATHER_1,WEATHER_2,STATE_HWY_IND,CALTRANS_COUNTY,CALTRANS_DISTRICT,STATE_ROUTE,ROUTE_SUFFIX,POSTMILE_PREFIX,POSTMILE,LOCATION_TYPE,RAMP_INTERSECTION,SIDE_OF_HWY,TOW_AWAY,COLLISION_SEVERITY,NUMBER_KILLED,NUMBER_INJURED,PARTY_COUNT,PRIMARY_COLL_FACTOR,PCF_CODE_OF_VIOL,PCF_VIOL_CATEGORY,PCF_VIOLATION,PCF_VIOL_SUBSECTION,HIT_AND_RUN,TYPE_OF_COLLISION,MVIW,PED_ACTION,ROAD_SURFACE,ROAD_COND_1,ROAD_COND_2,LIGHTING,CONTROL_DEVICE,CHP_ROAD_TYPE,PEDESTRIAN_ACCIDENT,BICYCLE_ACCIDENT,MOTORCYCLE_ACCIDENT,TRUCK_ACCIDENT,NOT_PRIVATE_PROPERTY,ALCOHOL_INVOLVED,STWD_VEHTYPE_AT_FAULT,CHP_VEHTYPE_AT_FAULT,COUNT_SEVERE_INJ,COUNT_VISIBLE_INJ,COUNT_COMPLAINT_PAIN,COUNT_PED_KILLED,COUNT_PED_INJURED,COUNT_BICYCLIST_KILLED,COUNT_BICYCLIST_INJURED,COUNT_MC_KILLED,COUNT_MC_INJURED,PRIMARY_RAMP,SECONDARY_RAMP,LATITUDE,LONGITUDE,COUNTY,CITY,POINT_X,POINT_Y
82259471,2023,2023-12-12,1502,2023-01-10,1740,1225,,2,5,6,1502,0,0,0,,0,VALLEY,"S MT VERNON AV","PLANZ RD",1900.00,N,N,B,-,N,,,,,,,,,,Y,1,1,1,2,A,-,01,23152,F,N,A,C,A,A,H,-,D,D,0,,,,,Y,Y,A,01,0,1,0,0,0,0,0,0,0,"- ","- ",35.324619293212891,-118.96778869628906,KERN,BAKERSFIELD,-118.96765899658203,35.330268859863281
82275494,2022,2024-01-01,1502,2022-08-14,0442,1268,,7,5,6,1502,0,0,0,,0,METRO,"UNION AV","8TH ST (S)",0.00,,Y,A,-,Y,KER,,204,,,2.792,H,,R,N,1,1,0,2,A,-,11,21954,A,F,G,B,D,A,D,-,C,D,0,Y,,,,Y,,N,60,0,0,0,1,0,0,0,0,0,"- ","- ",35.364238739013672,-119.00258636474609,KERN,BAKERSFIELD,-119.00289916992188,35.364242553710938
82284488,2023,2024-01-11,1502,2023-12-02,1701,1185,,6,5,6,1502,0,0,0,,0,METRO,"DR MARTIN LUTHER KING JR BL","HOUSER ST",0.00,,Y,A,-,N,,,,,,,,,,N,1,1,0,2,A,-,10,21950,A,F,G,B,B,A,H,-,B,D,0,Y,,,,Y,,A,07,0,0,0,1,0,0,0,0,0,"- ","- ",35.362659454345703,-118.98551177978516,KERN,BAKERSFIELD,-118.98523712158203,35.362358093261719
82289943,2023,2024-01-18,1502,2023-12-14,"923 ",1188,,4,5,6,1502,0,0,0,,0,VALLEY,"HUGHES LN","WILSON RD",0.00,,Y,A,-,N,,,,,,,,,,Y,2,0,3,3,A,-,12,21453,A,N,D,C,B,A,H,-,A,A,0,Y,,,,Y,,A,08,1,0,2,0,1,0,0,0,0,"- ","- ",35.331508636474609,-119.03099060058594,KERN,BAKERSFIELD,-119.03007507324219,35.332199096679688
82294373,2023,2024-01-23,1502,2023-04-03,2259,1322,,1,5,6,1502,0,0,0,,0,METRO,"BRUNDAGE LN","INDUSTRIAL ST",364.00,E,N,A,-,N,,,,,,,,,,N,1,1,0,2,A,-,05,21202,A,F,A,G,A,A,H,-,D,D,0,,Y,,,Y,,L,04,0,0,0,0,0,1,0,0,0,"- ","- ",35.354228973388672,-118.97231292724609,KERN,BAKERSFIELD,-118.97071838378906,35.354045867919922
82295564,2023,2024-01-24,1502,2023-09-25,2248,1225,,1,5,6,1502,0,0,0,,0,METRO,"UNION AV","11TH ST",26.00,N,N,A,-,N,,,,,,,,,,N,1,1,0,2,A,-,11,21954,A,F,G,B,D,A,H,-,C,A,0,Y,,,,Y,Y,N,60,0,0,0,1,0,0,0,0,0,"- ","- ",35.367259979248047,-119.00254058837891,KERN,BAKERSFIELD,-119.00295257568359,35.367259979248047
82295566,2024,2024-01-24,1502,2024-01-21,1912,1322,,7,5,6,1502,0,0,0,,0,METRO,"UNION AV","8TH ST (N)",0.00,,Y,A,-,N,,,,,,,,,,Y,2,0,1,2,A,-,01,23152,B,F,D,C,A,A,H,-,C,A,0,,,,,Y,Y,A,07,1,0,0,0,0,0,0,0,0,"- ","- ",35.364398956298828,-119.00258636474609,KERN,BAKERSFIELD,-119.00287628173828,35.363971710205078
82297614,2024,2024-01-26,1502,2024-01-22,2238,1334,,1,5,6,1502,0,0,0,,0,,"MING AV","AKERS RD",0.00,,Y,C,-,N,,,,,,,,,,Y,2,0,1,2,A,-,01,23152,A,F,D,C,A,B,H,-,C,A,0,,,,,Y,Y,A,01,1,0,0,0,0,0,0,0,0,"- ","- ",35.339008331298828,-119.04862976074219,KERN,BAKERSFIELD,-119.04777526855469,35.339462280273438
82298576,2022,2024-01-29,1502,2022-01-30,0008,1213,,7,5,6,1502,0,0,0,,0,SOUTH,"BUENA VISTA RD","HARRIS RD",0.00,,Y,A,-,N,,,,,,,,,,Y,1,1,5,2,A,-,12,21453,A,N,D,C,A,A,H,-,D,A,0,,,,,Y,,-,"- ",0,1,4,0,0,0,0,0,0,"- ","- ",35.303981781005859,-119.12830352783203,KERN,BAKERSFIELD,-119.12808990478516,35.303417205810547
82298577,2023,2024-01-29,1502,2023-09-29,"137 ",1181,,5,5,6,1502,0,0,0,,0,,"ROBINSON ST","KENTUCKY ST",0.00,,Y,A,-,N,,,,,,,,,,N,1,1,0,1,A,-,03,22350,,N,E,I,A,A,H,-,C,D,0,,,Y,,Y,,C,02,0,0,0,0,0,0,0,1,0,"- ","- ",35.377288818359375,-118.98455047607422,KERN,BAKERSFIELD,-118.98445129394531,35.377002716064453
82298800,2024,2024-01-29,1502,2024-01-26,1745,P63,,5,5,6,1502,0,0,0,,0,VALLEY,"CHESTER AV","SYLVIA DR",0.00,,Y,A,-,N,,,,,,,,,,Y,2,0,1,2,A,-,17,24250,,N,D,C,A,A,H,-,D,A,0,,,Y,,Y,,C,02,1,0,0,0,0,0,0,0,1,"- ","- ",35.327510833740234,-119.01113128662109,KERN,BAKERSFIELD,-119.01109313964844,35.327556610107422
82307569,2023,2024-02-07,1502,2023-06-04,2306,1188,,7,5,6,1502,0,0,0,,0,METRO,"UNION AV","7TH ST",15.00,S,N,A,-,N,,,,,,,,,,N,1,1,1,3,A,-,11,21954,A,N,G,B,D,A,H,-,C,D,0,Y,,,,Y,,N,60,1,0,0,1,1,0,0,0,0,"- ","- ",35.363399505615234,-119.00260925292969,KERN,BAKERSFIELD,-119.00296783447266,35.3634033203125
82311256,2024,2024-02-12,1502,2024-02-09,1814,P63,,5,5,6,1502,0,0,0,,0,NORTH,"ROSEDALE HWY","CLAY PATRICK FARR WY",540.00,E,N,A,-,Y,,,,,,,,,,Y,2,0,1,2,A,-,03,22350,,N,B,C,A,A,H,-,C,D,0,,,Y,,Y,,A,07,1,0,0,0,0,0,0,0,1,"- ","- ",35.383369445800781,-119.10124969482422,KERN,BAKERSFIELD,-119.09922027587891,35.383537292480469
82313457,2022,2024-02-14,1502,2022-12-14,0610,1268,,3,5,6,1502,0,0,0,,0,NORTH,"BRIMHALL RD","ALLEN RD",0.00,,Y,A,-,N,,,,,,,,,,Y,1,1,0,2,A,-,11,21456,B,N,G,B,B,A,H,-,C,A,0,Y,,,,Y,,N,60,0,0,0,1,0,0,0,0,0,"- ","- ",35.369281768798828,-119.14594268798828,KERN,BAKERSFIELD,-119.14553070068359,35.368885040283203
82316861,2024,2024-02-19,1502,2024-02-14,1034,P82,,3,5,6,1502,0,0,0,,0,METRO,"CALIFORNIA AV","CHESTER AV",0.00,,Y,A,-,N,,,,,,,,,,Y,2,0,5,4,A,-,01,23152,F,N,D,D,A,A,H,-,A,A,0,,,,,Y,,D,22,2,0,3,0,0,0,0,0,0,"- ","- ",35.36846923828125,-119.01844024658203,KERN,BAKERSFIELD,-119.01892852783203,35.368396759033203
82319893,2024,2024-02-22,1502,2024-02-04,1642,1322,,7,5,6,1502,0,0,0,,0,HILL,"178 HWY","COMANCHE DR (W)",0.00,,Y,B,-,N,,,,,,,,,,Y,1,1,0,1,C,-,18,,,N,E,I,A,A,H,-,A,D,0,,,,,Y,,-,"- ",0,0,0,0,0,0,0,0,0,"- ","- ",35.406211853027344,-118.86186218261719,KERN,BAKERSFIELD,-118.859629,35.407614000000002
82327237,2024,2024-03-01,1502,2024-02-14,2336,1322,,3,5,6,1502,0,0,0,,0,HILL,"PALADINO DR","BOUNTIFUL HILLS DR",160.00,E,N,A,-,N,,,,,,,,,,Y,1,1,0,1,A,-,08,22107,,N,E,I,A,A,H,-,C,D,0,,,,,Y,,A,01,0,0,0,0,0,0,0,0,0,"- ","- ",35.412250518798828,-118.90093994140625,KERN,BAKERSFIELD,-118.90071105957031,35.412639617919922
82328544,2024,2024-03-04,1502,2024-02-20,1455,1181,,2,5,6,1502,0,0,0,,0,CENTRA,"STOCKDALE HWY","STINE RD",150.00,E,N,A,-,N,,,,,,,,,,N,2,0,3,4,A,-,01,23152,A,N,G,B,F,A,H,-,A,D,0,Y,,,,Y,Y,A,07,1,0,2,0,2,0,0,0,0,"- ","- ",35.354400634765625,-119.04759979248047,KERN,BAKERSFIELD,-119.04734039306641,35.354251861572266
82331980,2023,2024-03-07,1502,2023-04-18,"452 ",1225,,2,5,6,1502,0,0,0,,0,SOUTH,"PANAMA LN","WIBLE RD",0.00,,Y,A,-,N,,,,,,,,,,Y,1,1,0,1,A,-,01,23152,F,N,E,I,A,A,H,-,C,A,0,,,,,Y,,A,07,0,0,0,0,0,0,0,0,0,"- ","- ",35.295280456542969,-119.04035186767578,KERN,BAKERSFIELD,-119.03907012939453,35.295841217041016
82331994,2024,2024-03-07,1502,2024-03-06,"27  ",P63,,3,5,6,1502,0,0,0,,0,CENTRA,"WHITE LN","LIVERPOOL WY",500.00,W,N,A,-,N,,,,,,,,,,N,2,0,1,2,A,-,11,21954,A,N,G,B,E,A,H,-,C,D,0,Y,,,,Y,Y,N,60,1,0,0,0,1,0,0,0,0,"- ","- ",35.325759887695312,-119.1302490234375,KERN,BAKERSFIELD,-119.13202667236328,35.325183868408203
82345493,2023,2024-03-25,1502,2023-03-24,1855,1181,,5,5,6,1502,0,0,0,,0,,"4TH ST","V ST",8.00,W,N,A,-,N,,,,,,,,,,N,1,1,0,2,A,-,10,21950,A,N,G,B,B,A,H,-,B,A,0,Y,,,,Y,,A,01,0,0,0,1,0,0,0,0,0,"- ","- ",35.360618591308594,-119.00485229492188,KERN,BAKERSFIELD,-119.00518035888672,35.360752105712891
82345494,2024,2024-03-25,1502,2024-02-09,2308,1322,,5,5,6,1502,0,0,0,,0,VALLEY,"PLANZ RD","MC COURRY ST",232.00,E,N,A,-,N,,,,,,,,,,Y,1,2,3,3,A,-,01,23152,G,F,D,C,A,A,H,-,C,D,0,,,,,Y,,A,07,1,0,2,0,0,0,0,0,0,"- ","- ",35.324970245361328,-119.02626800537109,KERN,BAKERSFIELD,-119.02537536621094,35.324924468994141
82361668,2024,2024-04-11,1502,2024-04-09,1734,P63,,2,5,6,1502,0,0,0,,0,CENTRA,"STOCKDALE HWY","STINE RD",0.00,,Y,A,-,Y,,,,,,,,,,N,2,0,1,2,A,-,11,21950,B,N,G,B,B,A,H,-,B,D,0,Y,,,,Y,,N,60,1,0,0,0,1,0,0,0,0,"- ","- ",35.354400634765625,-119.04759979248047,KERN,BAKERSFIELD,-119.04784393310547,35.354251861572266
82365023,2024,2024-04-16,1502,2024-04-03,2033,1322,,3,5,6,1502,0,0,0,,0,CENTRA,"REAL RD","WILSON RD",0.00,,Y,A,-,N,,,,,,,,,,N,2,0,1,2,A,-,09,21801,A,N,D,G,A,A,H,-,C,A,0,,Y,,,Y,,A,07,1,0,0,0,0,0,1,0,0,"- ","- ",35.332431793212891,-119.04341888427734,KERN,BAKERSFIELD,-119.04338073730469,35.332237243652344
82369677,2024,2024-04-22,1502,2024-04-11,2151,1418,,4,5,6,1502,0,0,0,,0,NORTH,"STOCKDALE HWY","CALLOWAY DR",0.00,,Y,A,-,N,,,,,,,,,,N,2,0,1,4,A,-,12,21453,A,N,A,C,A,A,H,-,C,A,0,,,,,Y,,A,01,1,0,0,0,0,0,0,0,0,"- ","- ",35.353328704833984,-119.11544036865234,KERN,BAKERSFIELD,-119.11496734619141,35.353340148925781
82376869,2024,2024-04-29,1502,2024-04-15,"527 ",P17,,1,5,6,1502,0,0,0,,0,VALLEY,"BRUNDAGE LN","UNION AV",138.00,W,N,A,-,N,,,,,,,,,,N,2,0,1,2,A,-,11,21954,A,N,G,B,D,A,H,-,C,A,0,Y,,,,Y,,N,60,1,0,0,0,1,0,0,0,0,"- ","- ",35.353710174560547,-119.00276947021484,KERN,BAKERSFIELD,-119.00356292724609,35.353862762451172
82385519,2023,2024-05-09,1502,2023-08-03,1615,1418,,4,5,6,1502,0,0,0,,0,NORTH,"HAGEMAN RD","PATTON WY",40.00,W,N,A,-,N,,,,,,,,,,N,1,1,0,2,A,-,08,22107,,N,C,C,A,A,H,-,A,A,0,,,Y,,Y,,C,02,0,0,0,0,0,0,0,1,0,"- ","- ",35.401271820068359,-119.08326721191406,KERN,BAKERSFIELD,-119.08345031738281,35.401420593261719
82395771,2024,2024-05-22,1502,2024-05-13,1015,P17,,1,5,6,1502,0,0,0,,0,VALLEY,"WILSON RD","LARSON LN",0.00,,Y,A,-,N,,,,,,,,,,Y,2,0,2,2,A,-,09,21802,A,N,D,C,A,A,H,-,A,A,0,,,,,Y,,A,07,1,1,0,0,0,0,0,0,0,"- ","- ",35.332351684570312,-119.03820037841797,KERN,BAKERSFIELD,-119.03815460205078,35.332199096679688
82399520,2023,2024-05-28,1502,2023-03-24,1153,1338,,5,5,6,1502,0,0,0,,0,HILL,"ALFRED HARRELL HWY","PANORAMA DR",241.00,N,N,A,-,N,,,,,,,,,,Y,1,1,0,1,A,-,01,23152,A,N,E,I,A,A,H,-,C,D,0,,,,,Y,Y,A,01,0,0,0,0,0,0,0,0,0,"- ","- ",35.411529541015625,-118.96743011474609,KERN,BAKERSFIELD,-118.97977447509766,35.409950256347656
82400803,2024,2024-05-29,1502,2024-05-26,1734,P63,,7,5,6,1502,0,0,0,,0,CENTRA,"GOSFORD RD","WESTWOLD DR",650.00,S,N,A,-,N,,,,,,,,,,Y,2,0,1,1,A,-,08,22107,,N,F,A,A,A,H,-,A,D,0,,,Y,,Y,,C,02,1,0,0,0,0,0,0,0,1,"- ","- ",35.330360412597656,-119.09201812744141,KERN,BAKERSFIELD,-119.09226226806641,35.328407287597656
82403658,2024,2024-06-03,1502,2024-04-13,2220,1185,,6,5,6,1502,0,0,0,,0,CENTRA,"GOSFORD RD","LAURELGLEN BL (S)",0.00,,Y,A,-,N,,,,,,,,,,Y,2,0,2,2,A,-,09,21453,C,N,D,C,A,A,H,-,C,A,0,,,,,Y,,A,01,1,0,1,0,0,0,0,0,0,"- ","- ",35.325359344482422,-119.09207153320312,KERN,BAKERSFIELD,-119.09224700927734,35.325180053710938
82404146,2024,2024-06-03,1503,2024-05-18,1334,10182,,6,5,4,1503,0,0,0,,0,,"MATHEWS AV","MELCHER ROAD",13.00,E,-,A,-,N,,,,,,,,,,N,2,0,4,2,A,-,09,21802,A,N,D,D,A,A,H,-,A,A,0,,,,,Y,,A,01,2,2,0,0,0,0,0,0,0,"- ","- ",35.768608093261719,-119.27629852294922,KERN,DELANO,-119.27629089355469,35.768558502197266
82413562,2022,2024-06-13,1502,2022-10-19,0938,1268,,3,5,6,1502,0,0,0,,0,SOUTH,"DISTRICT BL","ASHE RD",0.00,,Y,A,-,N,,,,,,,,,,Y,1,1,1,3,A,-,01,23152,F,N,D,C,F,A,H,-,A,A,0,Y,,,,Y,,A,01,0,0,1,1,0,0,0,0,0,"- ","- ",35.313129425048828,-119.07450866699219,KERN,BAKERSFIELD,-119.07444763183594,35.313121795654297
82429498,2024,2024-07-03,1502,2024-06-29,2352,1362,,6,5,6,1502,0,0,0,,0,SOUTH,"PANAMA LN","WINDERMERE ST",763.00,W,N,A,-,N,,,,,,,,,,N,2,0,1,1,A,-,01,23152,A,N,E,I,A,A,H,-,D,D,0,,,,,Y,Y,A,07,1,0,0,0,0,0,0,0,0,"- ","- ",35.296810150146484,-119.13729858398438,KERN,BAKERSFIELD,-119.13956451416016,35.296241760253906
82433610,2023,2024-07-09,1502,2023-04-09,1734,1268,,7,5,6,1502,0,0,0,,0,VALLEY,"BALBOA DR","EMERY AV",27.00,S,N,A,-,N,,,,,,,,,,N,2,0,1,2,A,-,03,22350,,N,C,E,A,A,H,-,A,D,0,,,Y,,Y,,C,02,1,0,0,0,0,0,0,0,1,"- ","- ",35.320831298828125,-119.02130889892578,KERN,BAKERSFIELD,-119.02027130126953,35.321514129638672
82433614,2024,2024-07-09,1502,2024-06-09,1536,1362,,7,5,6,1502,0,0,0,,0,,"11TH ST","CHESTER AV",0.00,,Y,A,-,N,,,,,,,,,,N,1,1,0,2,A,-,12,22450,A,N,D,G,A,A,H,-,A,A,0,,Y,,,Y,,M,91,0,0,0,0,0,1,0,0,0,"- ","- ",35.367439270019531,-119.01846313476562,KERN,BAKERSFIELD,-119.01885986328125,35.367507934570312
8280666,2017,2017-01-26,1507,2017-01-06,1946,271,11,5,5,3,1507,0,0,0,,0,,"MARK AV","N SCHNAIDT",0.00,,Y,A,-,N,,,,,,,,,,Y,2,0,2,1,A,-,03,22350,,N,D,E,A,A,H,-,C,A,0,,,,,Y,,M,96,1,0,1,0,0,0,0,0,0,"- ","- ",35.503480000000003,-119.28716,KERN,SHAFTER,-119.28712993000001,35.50347009
8281056,2016,2017-01-17,1502,2016-10-24,2250,784,,1,5,6,1502,0,0,0,,0,,"H ST","TERRACE WY",164.00,N,N,B,-,N,,,,,,,,,,Y,2,0,2,3,A,-,03,22350,,N,C,E,A,A,H,-,C,D,0,,,,,Y,Y,A,01,2,0,0,0,0,0,0,0,0,"- ","- ",35.35033,-119.02101,KERN,BAKERSFIELD,-119.02136,35.350777739999998
8281268,2017,2017-01-27,1502,2017-01-09,1513,1181,,1,5,6,1502,0,0,0,,0,METRO,"CALIFORNIA AV","BAKER ST",10.00,E,N,A,B,N,,,,,,,,,,N,2,0,1,2,A,-,10,21950,A,N,G,B,B,A,H,-,A,A,0,Y,,,,Y,Y,E,22,1,0,0,0,1,0,0,0,0,"- ","- ",,,KERN,BAKERSFIELD,-118.99583665999999,35.368422670000001
8291734,2017,2017-02-28,1502,2017-02-14,1711,P63,,2,5,6,1502,0,0,0,,0,SOUTH,"STINE RD","NEW HORIZON BL",470.00,N,N,A,-,N,,,,,,,,,,N,2,0,1,2,A,-,05,21650,,N,H,G,A,A,H,-,B,D,0,,Y,,,Y,,L,04,1,0,0,0,0,0,1,0,0,"- ","- ",35.314,-119.05674,KERN,BAKERSFIELD,-119.05677514,35.315409680000002
8292866,2016,2017-04-11,1506,2016-12-30,0031,4188,11,5,5,4,1506,0,0,0,,0,,"N NORMA ST","LIGHT POLE 21712E",205.00,N,N,A,-,N,,,,,,,,,,Y,2,0,1,1,A,-,08,22107,,N,E,I,A,A,H,-,C,D,0,,,,,Y,,A,07,1,0,0,0,0,0,0,0,0,"- ","- ",,,KERN,RIDGECREST,,
8293008,2017,2017-02-03,1502,2017-01-12,0207,1261,,4,5,6,1502,0,0,0,,0,VALLEY,"SPRINGFIELD AV","WALTON DR",241.00,E,N,A,-,N,,,,,,,,,,N,2,0,2,2,A,-,01,23152,A,N,B,E,A,A,H,-,C,D,0,,,,,Y,Y,A,01,1,1,0,0,0,0,0,0,0,"- ","- ",35.303989999999999,-119.02782999999999,KERN,BAKERSFIELD,-119.02661424999999,35.303941909999999
8295723,2016,2017-02-09,1503,2016-12-10,1810,10130,1503,6,5,4,1503,0,0,0,,0,ALL,"CECIL AV","ALBANY ST",0.00,,Y,A,-,N,,,,,,,,,,Y,2,0,2,2,A,-,09,21801,A,N,D,C,A,A,H,-,A,A,0,,,,,Y,,A,07,1,0,1,0,0,0,0,0,0,"- ","- ",,,KERN,DELANO,-119.25849998,35.775900010000001
8301764,2017,2017-02-10,1502,2017-01-06,1015,965,,5,5,6,1502,0,0,0,,0,HILL,"PACIFIC ST","HALEY ST",0.00,,Y,A,-,N,,,,,,,,,,Y,2,0,2,1,A,-,08,22107,,N,E,I,A,A,H,-,A,D,0,,,,,Y,,A,01,1,0,1,0,0,0,0,0,0,"- ","- ",35.381779999999999,-118.97951999999999,KERN,BAKERSFIELD,-118.97949006,35.381540090000001
8302071,2017,2017-02-14,1508,2017-01-30,1711,107,2B,1,5,2,1508,0,0,0,,0,,"LASSEN AV","SHASTA ST",21.00,W,N,A,-,N,,,,,,,,,,N,2,0,1,1,A,-,08,22107,,N,E,J,A,A,H,-,A,D,0,,,Y,,Y,,C,02,1,0,0,0,0,0,0,0,1,"- ","- ",35.144010000000002,-119.4731,KERN,TAFT,-119.47297007,35.143973279999997
8308227,2017,2017-04-05,1502,2017-02-28,0709,1172,,2,5,6,1502,0,0,0,,0,HILL,"RT 178","RANCHERIA RD",14784.00,E,N,A,-,N,,,,,,,,,,Y,2,0,1,1,A,-,08,22107,,N,E,I,A,A,H,-,A,D,0,,,,,Y,,A,01,1,0,0,0,0,0,0,0,0,"- ","- ",35.415750000000003,-118.83108,KERN,BAKERSFIELD,-118.79321337,35.441625350000002
8310116,2017,2017-02-23,1502,2017-02-05,1254,P63,,7,5,6,1502,0,0,0,,0,METRO,"ALTA VISTA DR","MONTEREY ST",0.00,,Y,B,-,N,,,,,,,,,,N,2,0,1,2,A,-,09,21802,A,N,H,G,A,A,H,-,A,A,0,,Y,,,Y,,D,22,1,0,0,0,0,0,1,0,0,"- ","- ",35.382829999999998,-118.99764,KERN,BAKERSFIELD,-118.99760003999999,35.382430050000004
8321597,2017,2017-03-15,1508,2017-02-19,1949,110,3B,7,5,2,1508,0,0,0,,0,,"N 10TH ST","CENTER ST",0.00,,Y,C,-,N,,,,,,,,,,N,2,0,1,2,A,-,17,21663,,F,G,B,F,B,G,-,C,D,0,Y,,,,Y,,-,,1,0,0,0,1,0,0,0,0,"- ","- ",35.142890000000001,-119.46528000000001,KERN,TAFT,-119.46513994,35.142840030000002
8335546,2017,2017-04-17,1502,2017-03-30,0146,1185,,4,5,6,1502,0,0,0,,0,NORTH,"WESTSIDE PKWY","TRUXTUN AV",205.00,S,N,A,-,N,,,,,,,,,,Y,2,0,1,1,A,-,01,23152,A,N,E,I,A,A,H,-,C,D,0,,,Y,,Y,Y,C,02,1,0,0,0,0,0,0,0,1,"- ","- ",35.371960000000001,-119.05556,KERN,BAKERSFIELD,-119.05797063999999,35.369739619999997
8343025,2017,2017-04-11,1506,2017-03-12,1936,8216,53,7,5,4,1506,0,0,0,,0,,"S CHINA LAKE BL","LIGHT POLE 4177409E",25.00,N,N,A,-,N,,,,,,,,,,N,2,0,1,2,A,-,09,21804,A,F,H,G,A,A,H,-,C,A,0,,Y,,,Y,,A,01,1,0,0,0,0,0,1,0,0,"- ","- ",35.604059999999997,-117.67489999999999,KERN,RIDGECREST,,
8350189,2017,2017-04-21,1502,2017-04-03,0900,1177,,1,5,6,1502,0,0,0,,0,METRO,"MONTEREY ST","BAKER ST",0.00,,Y,A,-,N,,,,,,,,,,Y,2,0,1,2,A,-,12,21453,A,N,H,G,A,A,H,-,A,A,0,,Y,,,Y,,L,04,1,0,0,0,0,0,1,0,0,"- ","- ",,,KERN,BAKERSFIELD,-118.99141007999999,35.380970060000003
8376311,2017,2018-04-09,1502,2017-05-29,0459,1291,,1,5,6,1502,0,0,0,,0,SOUTH,"HOSKING AV","RT 99",0.00,,Y,A,-,Y,KER,6,99,-,-,17.699,R,4,N,Y,2,0,5,3,A,-,12,21453,A,N,D,C,A,A,H,-,B,A,0,,,,,Y,,A,07,2,0,3,0,0,0,0,0,0,"- ",SF,,,KERN,BAKERSFIELD,-119.02354686,35.269698470000002
8379517,2017,2017-08-08,1502,2017-06-12,1412,P45,,1,5,6,1502,0,0,0,,0,VALLEY,"SANDRA DR","FALCON AV",184.00,S,N,A,-,N,,,,,,,,,,N,2,0,3,2,A,-,03,22350,,F,A,C,A,A,H,-,A,D,0,,,,,Y,,A,01,1,0,2,0,0,0,0,0,0,"- ","- ",35.320790000000002,-119.01649,KERN,BAKERSFIELD,-119.01631999999999,35.32032512
8399924,2017,2017-07-07,1509,2017-06-15,1635,58029,,4,5,3,1509,0,0,0,,0,,"BEAR VALLEY RD","CUMBERLAND RD",0.00,,Y,A,-,N,,,,,,,,,,Y,2,0,1,2,A,-,09,21801,A,N,-,C,A,A,H,-,A,B,0,,,Y,,Y,,C,02,1,0,0,0,0,0,0,0,0,"- ","- ",35.152979999999999,-118.59,KERN,TEHACHAPI,-118.64470004,35.158960069999999
8404495,2017,2017-09-23,1502,2017-08-13,1804,1211,,7,5,6,1502,0,0,0,,0,METRO,"MONTEREY ST","ALTA VISTA DR",0.00,,Y,A,-,N,,,,,,,,,,Y,1,1,3,2,A,-,09,21802,A,N,D,C,A,A,H,-,A,A,0,,,,,Y,,A,01,0,1,2,0,0,0,0,0,0,"- ","- ",35.382829999999998,-118.99764,KERN,BAKERSFIELD,-118.99760003999999,35.382430050000004
8404665,2017,2018-05-25,1502,2017-09-03,0127,1185,,7,5,6,1502,0,0,0,,0,CENTRA,"WESTSIDE PKWY","COFFEE RD",2378.00,W,N,A,-,N,,,,,,,,,,Y,1,1,0,1,A,-,08,22107,,N,F,A,A,A,H,-,D,D,0,,,Y,,Y,,C,02,0,0,0,0,0,0,0,1,0,"- ","- ",,,KERN,BAKERSFIELD,-119.09771408,35.362512680000002
8404667,2017,2018-05-25,1502,2017-08-10,0945,1185,,4,5,6,1502,0,0,0,,0,CENTRA,"WESTSIDE PKWY","COFFEE RD",1498.00,W,N,A,-,N,,,,,,,,,,Y,1,1,0,1,A,-,08,22107,,N,E,I,A,A,H,-,A,D,0,,,,,Y,,D,22,0,0,0,0,0,0,0,0,0,"- ","- ",,,KERN,BAKERSFIELD,-119.0953188,35.363888729999999
8404680,2017,2019-04-09,1502,2017-05-17,1340,1167,,3,5,6,1502,0,0,0,,0,CENTRA,"PLANZ RD","STINE RD",0.00,,Y,A,-,N,,,,,,,,,,Y,1,1,0,1,A,-,08,22107,,N,E,I,A,A,H,-,A,A,0,,,,,Y,,A,01,0,0,0,0,0,0,0,0,0,"- ","- ",35.324919999999999,-119.05659,KERN,BAKERSFIELD,-119.05678011000001,35.325050019999999
8404682,2017,2019-04-09,1502,2017-02-26,0417,784,,7,5,6,1502,0,0,0,,0,CENTRA,"CALIFORNIA AV","EASTON DR",726.00,E,N,B,-,N,,,,,,,,,,Y,1,1,0,2,A,-,11,21954,A,N,G,B,E,A,H,-,C,D,0,Y,,,,Y,Y,N,60,0,0,0,1,0,0,0,0,0,"- ","- ",35.365949999999998,-119.05329999999999,KERN,BAKERSFIELD,-119.05164056,35.366797949999999
8404685,2017,2019-04-09,1502,2017-04-16,2100,1033,,7,5,6,1502,0,0,0,,0,,"CALLE LECHUGA","VIA CONTENTO",0.00,,Y,A,-,N,,,,,,,,,,Y,1,1,0,2,A,-,12,22450,A,N,D,C,A,A,H,-,C,A,0,,,Y,,Y,Y,C,02,0,0,0,0,0,0,0,1,0,"- ","- ",35.358910000000002,-119.16125,KERN,BAKERSFIELD,-119.16068989,35.358430089999999
8404689,2017,2019-04-09,1502,2017-07-06,2337,1181,,4,5,6,1502,0,0,0,,0,METRO,"UNION AV","EUREKA ST",17.00,N,N,A,-,Y,KER,6,204,-,-,3.510,H,-,N,N,1,1,0,2,A,-,01,23152,A,N,G,B,D,A,H,-,C,D,0,Y,,,,Y,Y,A,07,0,0,0,1,0,0,0,0,0,"- ","- ",35.375010000000003,-119.00303,KERN,BAKERSFIELD,-119.00291982,35.37454374