CASE_ID,ACCIDENT_YEAR,PROC_DATE,JURIS,COLLISION_DATE,COLLISION_TIME,OFFICER_ID,REPORTING_DISTRICT,DAY_OF_WEEK,CHP_SHIFT,POPULATION,CNTY_CITY_LOC,SPECIAL_COND,BEAT_TYPE,CHP_BEAT_TYPE,CITY_DIVISION_LAPD,CHP_BEAT_CLASS,BEAT_NUMBER,PRIMARY_RD,SECONDARY_RD,DISTANCE,DIRECTION,INTERSECTION,WEATHER_1,WEATHER_2,STATE_HWY_IND,CALTRANS_COUNTY,CALTRANS_DISTRICT,STATE_ROUTE,ROUTE_SUFFIX,POSTMILE_PREFIX,POSTMILE,LOCATION_TYPE,RAMP_INTERSECTION,SIDE_OF_HWY,TOW_AWAY,COLLISION_SEVERITY,NUMBER_KILLED,NUMBER_INJURED,PARTY_COUNT,PRIMARY_COLL_FACTOR,PCF_CODE_OF_VIOL,PCF_VIOL_CATEGORY,PCF_VIOLATION,PCF_VIOL_SUBSECTION,HIT_AND_RUN,TYPE_OF_COLLISION,MVIW,PED_ACTION,ROAD_SURFACE,ROAD_COND_1,ROAD_COND_2,LIGHTING,CONTROL_DEVICE,CHP_ROAD_TYPE,PEDESTRIAN_ACCIDENT,BICYCLE_ACCIDENT,MOTORCYCLE_ACCIDENT,TRUCK_ACCIDENT,NOT_PRIVATE_PROPERTY,ALCOHOL_INVOLVED,STWD_VEHTYPE_AT_FAULT,CHP_VEHTYPE_AT_FAULT,COUNT_SEVERE_INJ,COUNT_VISIBLE_INJ,COUNT_COMPLAINT_PAIN,COUNT_PED_KILLED,COUNT_PED_INJURED,COUNT_BICYCLIST_KILLED,COUNT_BICYCLIST_INJURED,COUNT_MC_KILLED,COUNT_MC_INJURED,PRIMARY_RAMP,SECONDARY_RAMP,LATITUDE,LONGITUDE,COUNTY,CITY,POINT_X,POINT_Y
8404698,2017,2018-06-04,1502,2017-03-07,0946,1195,,2,5,6,1502,0,0,0,,0,SOUTH,"ASHE RD","MCKEE RD",0.00,,Y,A,-,N,,,,,,,,,,N,1,1,0,2,A,-,10,21950,A,N,G,B,B,A,H,-,A,A,0,Y,,,,Y,,D,22,0,0,0,1,0,0,0,0,0,"- ","- ",35.274340000000002,-119.07498,KERN,BAKERSFIELD,-119.07451007,35.274250109999997
8404699,2017,2018-06-04,1502,2017-05-27,1213,1195,,6,5,6,1502,0,0,0,,0,SOUTH,"PANAMA LN","SUMMERFIELD DR",0.00,,Y,A,-,N,,,,,,,,,,Y,1,1,1,2,A,-,09,21802,A,N,D,C,A,A,H,-,A,A,0,,,,,Y,,D,22,0,1,0,0,0,0,0,0,0,"- ","- ",35.295769999999997,-119.05312000000001,KERN,BAKERSFIELD,-119.05280003,35.29594007
8404826,2018,2018-06-21,1502,2018-01-10,1258,1195,,3,5,6,1502,0,0,0,,0,METRO,"UNION AV","TRUXTON FRONTAGE AV",0.00,,Y,B,C,Y,KER,6,204,-,-,3.390,H,-,N,N,1,1,0,2,A,-,11,21954,A,N,G,B,D,B,H,-,A,D,0,Y,,,,Y,,N,60,0,0,0,1,0,0,0,0,0,"- ","- ",35.373008728027344,-119.00244903564453,KERN,BAKERSFIELD,-119.0029296875,35.372817993164062
8404937,2018,2020-05-22,1502,2018-01-28,1131,1177,,7,5,6,1502,0,0,0,,0,VALLEY,"MING AV","ANITA LN",50.00,E,N,A,-,N,,,,,,,,,,Y,1,1,3,3,A,-,08,22107,,N,A,D,A,A,H,-,A,D,0,,,,,Y,Y,A,01,3,0,0,0,0,0,0,0,0,"- ","- ",35.339488983154297,-119.02555084228516,KERN,BAKERSFIELD,-119.02542114257812,35.339431762695312
8413848,2017,2017-08-09,1503,2017-05-20,0358,0151,1503,6,5,4,1503,0,0,0,,0,ALL,"SAN JOSE AV","CECIL AV",28.00,S,N,A,-,N,,,,,,,,,,Y,2,0,1,1,A,-,01,23152,A,M,A,J,A,A,H,-,D,D,0,,,,,Y,Y,A,01,1,0,0,0,0,0,0,0,0,"- ","- ",,,KERN,DELANO,,
8419271,2017,2018-04-09,1500,2017-06-28,1532,202357,WA02,3,5,3,1510,0,0,0,,0,4401,"RT 43","KIMBERLINA AV",571.00,N,N,A,-,Y,KER,6,43,-,R,22.220,H,-,S,Y,2,0,1,1,A,-,08,22107,,N,F,I,A,A,H,-,A,D,0,,,,,Y,,D,22,1,0,0,0,0,0,0,0,0,"- ","- ",35.559429999999999,-119.33195000000001,KERN,WASCO,-119.33194334,35.55962778
8422770,2017,2017-08-07,1503,2017-06-25,1624,10100,1503,7,5,4,1503,0,0,0,,0,ALL,"CECIL AV","HIETT AV",46.00,W,N,A,-,N,,,,,,,,,,Y,2,0,2,2,A,-,03,22350,,N,D,C,A,A,H,-,A,A,0,,,,,Y,,A,01,1,0,1,0,0,0,0,0,0,"- ","- ",,,KERN,DELANO,-119.26757490999999,35.775860000000002
8424650,2017,2018-05-09,1507,2017-07-31,1355,267,17,1,5,3,1507,0,0,0,,0,,"EAST LERDO HWY","CENTRAL VALLEY HWY",55.00,W,N,A,-,Y,KER,6,43,-,-,16.550,I,6,S,N,2,0,1,2,A,-,09,21804,A,N,D,G,A,A,H,-,A,D,0,,Y,,,Y,,D,22,1,0,0,0,0,0,1,0,0,"- ","- ",35.499850000000002,-119.27038,KERN,SHAFTER,-119.27055034,35.499891390000002
84359295,2024,2024-08-19,1502,2024-06-17,"335 ",1225,,1,5,6,1502,0,0,0,,0,,"UNION AV","OLD YARD DR",841.00,N,N,A,-,N,,,,,,,,,,N,1,1,1,2,A,-,11,21954,A,N,G,B,D,A,H,-,D,D,0,Y,,,,Y,Y,N,60,0,1,0,1,0,0,0,0,0,"- ","- ",35.333038330078125,-119.0030517578125,KERN,BAKERSFIELD,-119.00298309326172,35.335494995117188
84374474,2024,2024-08-29,1502,2024-08-27,2018,P63,,2,5,6,1502,0,0,0,,0,HILL,"MOUNT VERNON AV","FLOWER ST",0.00,,Y,A,-,N,,,,,,,,,,Y,2,0,1,2,A,-,08,22100,B,N,D,C,A,A,H,-,C,A,0,,,Y,,Y,,C,02,1,0,0,0,0,0,0,0,1,"- ","- ",35.381088256835938,-118.96748352050781,KERN,BAKERSFIELD,-118.96753692626953,35.380970001220703
84392630,2024,2024-09-13,1502,2024-09-10,2149,P63,,2,5,6,1502,0,0,0,,0,HILL,"PANORAMA DR","HALEY ST",0.00,,Y,A,-,N,,,,,,,,,,Y,2,0,2,2,A,-,01,23152,A,N,D,D,A,A,H,-,C,A,0,,,,,Y,Y,D,22,1,0,1,0,0,0,0,0,0,"- ","- ",35.41033935546875,-118.97618103027344,KERN,BAKERSFIELD,-118.97647857666016,35.410140991210938
84398350,2024,2024-09-18,1502,2024-08-11,2203,1322,,7,5,6,1502,0,0,0,,0,METRO,"CALIFORNIA AV","TULARE ST (E)",0.00,,Y,A,-,N,,,,,,,,,,Y,1,1,0,2,A,-,09,21801,A,N,D,G,A,A,H,-,C,A,0,,Y,,,Y,,L,04,0,0,0,0,0,1,0,0,0,"- ","- ",35.367488861083984,-118.99967956542969,KERN,BAKERSFIELD,-118.99977874755859,35.368381500244141
8440072,2017,2017-09-07,1502,2017-08-12,2147,P82,,6,5,6,1502,0,0,0,,0,NORTH,"CALLOWAY DR","ROSEDALE HWY",0.00,,Y,A,-,N,,,,,,,,,,Y,2,0,3,3,A,-,09,21453,C,N,D,C,A,A,H,-,C,A,0,,,,,Y,,A,07,1,1,1,0,0,0,0,0,0,"- ","- ",35.383479999999999,-119.11011999999999,KERN,BAKERSFIELD,-119.10995006,35.383540019999998
8441126,2017,2017-09-14,1502,2017-08-26,0201,1077,,6,5,6,1502,0,0,0,,0,CENTRA,"MING AV","GOSFORD RD",25.00,W,N,A,-,N,,,,,,,,,,N,2,0,3,3,A,-,01,23153,,N,C,C,A,A,H,-,C,A,0,,,,,Y,Y,D,22,1,0,2,0,0,0,0,0,0,"- ","- ",35.3399,-119.09192,KERN,BAKERSFIELD,-119.09241372,35.339829999999999
84417330,2024,2024-10-03,1502,2024-09-26,1331,P45,,4,5,6,1502,0,0,0,,0,METRO,"BRUNDAGE LN","DR MARTIN LUTHER KING JR BL",0.00,,Y,A,-,N,,,,,,,,,,N,2,0,1,2,A,-,12,21453,A,N,D,C,A,A,H,-,A,A,0,,,Y,,Y,,C,02,1,0,0,0,0,0,0,0,1,"- ","- ",35.353668212890625,-118.98503875732422,KERN,BAKERSFIELD,-118.98527526855469,35.353961944580078
8442387,2017,2017-08-29,1503,2017-07-28,0729,10143,1503,5,5,4,1503,0,0,0,,0,ALL,"ALBANY ST","BELMONT ST",10.00,E,N,A,-,N,,,,,,,,,,N,2,0,1,2,A,-,09,21800,A,N,D,G,A,A,H,-,A,A,0,,Y,,,Y,,A,01,1,0,0,0,0,0,1,0,0,"- ","- ",,,KERN,DELANO,,
84429069,2024,2024-10-14,1502,2024-09-13,2322,1528,,5,5,6,1502,0,0,0,,0,,"MONTEREY ST","HALEY ST",214.00,E,N,A,-,N,,,,,,,,,,N,2,0,1,2,A,-,11,21954,A,N,G,B,D,A,H,-,C,D,0,Y,,,,Y,,N,60,1,0,0,0,1,0,0,0,0,"- ","- ",35.378620147705078,-118.98068237304688,KERN,BAKERSFIELD,-118.97993469238281,35.378208160400391
84432539,2024,2024-10-16,1502,2024-05-06,"620 ",1268,,1,5,6,1502,0,0,0,,0,NORTH,"ZERKER RD","SNOW RD",0.00,,Y,A,-,Y,,,,,,,,,,Y,2,0,2,2,A,-,01,23152,A,N,A,C,A,A,H,-,B,D,0,,,,,Y,Y,A,01,1,1,0,0,0,0,0,0,0,"- ","- ",35.427318572998047,-119.14508819580078,KERN,BAKERSFIELD,,
84441517,2024,2024-10-23,1502,2024-03-14,1953,1343,,4,5,6,1502,0,0,0,,0,VALLEY,"COTTONWOOD RD","PACHECO RD",59.00,N,N,A,-,N,,,,,,,,,,Y,1,1,0,2,A,-,11,21954,A,N,G,B,D,A,H,-,D,D,0,Y,,,,Y,Y,N,60,0,0,0,1,0,0,0,0,0,"- ","- ",35.310138702392578,-118.98574066162109,KERN,BAKERSFIELD,-118.98541259765625,35.310420989990234
84443389,2024,2024-10-24,1502,2024-08-17,2201,P82,,6,5,6,1502,0,0,0,,0,CENTRA,"PLANZ RD","MOUNTAIN VIEW ST",15.00,W,N,A,-,N,,,,,,,,,,N,2,0,1,2,A,-,11,21955,,M,G,B,E,A,H,-,C,D,0,Y,,,,Y,,N,60,1,0,0,0,1,0,0,0,0,"- ","- ",35.325149536132812,-119.04208374023438,KERN,BAKERSFIELD,-119.04199981689453,35.324958801269531
84456194,2024,2024-11-04,1502,2024-08-18,2351,1322,,7,5,6,1502,0,0,0,,0,VALLEY,"CHESTER AV","SANDRA DR",0.00,,Y,A,-,N,,,,,,,,,,Y,1,1,0,2,A,-,11,21954,A,N,G,B,D,A,H,-,C,D,0,Y,,,,Y,Y,N,60,0,0,0,1,0,0,0,0,0,"- ","- ",35.329231262207031,-119.01223754882812,KERN,BAKERSFIELD,-119.01219940185547,35.329257965087891
84468967,2024,2024-11-28,1502,2024-11-09,1838,1314,,6,5,6,1502,0,0,0,,0,CENTRA,"PLANZ RD","AKERS RD",98.00,W,N,A,-,N,,,,,,,,,,Y,2,0,4,2,A,-,01,23152,A,N,B,C,A,A,H,-,C,A,0,,,,,Y,Y,A,01,1,0,3,0,0,0,0,0,0,"- ","- ",35.324790954589844,-119.04773712158203,KERN,BAKERSFIELD,-119.04814147949219,35.325008392333984
84476377,2024,2024-11-20,1502,2024-02-20,"434 ",1225,,2,5,6,1502,0,0,0,,0,CENTRA,"OLD RIVER RD","WHITE OAK DR",770.00,N,N,B,-,N,,,,,,,,,,Y,1,1,1,1,A,-,01,23152,A,N,E,I,A,B,H,-,C,D,0,,,,,Y,Y,A,01,0,1,0,0,0,0,0,0,0,"- ","- ",35.334800720214844,-119.11396026611328,KERN,BAKERSFIELD,-119.11404418945312,35.336692810058594
84481555,2024,2024-11-25,1502,2024-09-22,"23  ",P99,,7,5,6,1502,0,0,0,,0,METRO,"CHESTER AV","CALIFORNIA AV",63.00,S,N,A,-,N,,,,,,,,,,N,2,0,1,2,A,-,11,21954,A,N,G,B,D,A,H,-,C,D,0,Y,,,,Y,,N,60,1,0,0,0,1,0,0,0,0,"- ","- ",35.36846923828125,-119.01844024658203,KERN,BAKERSFIELD,-119.01892852783203,35.368228912353516
84488189,2024,2024-12-02,1502,2024-11-28,1941,P45,,4,5,6,1502,0,0,0,,0,VALLEY,"UNION AV","CHESTER AV",400.00,N,N,A,-,N,,,,,,,,,,N,2,0,1,2,A,-,11,21954,A,F,G,B,D,A,H,-,D,D,0,Y,,,,Y,,N,60,1,0,0,0,1,0,0,0,0,"- ","- ",35.318260192871094,-119.00325012207031,KERN,BAKERSFIELD,-119.00312042236328,35.319877624511719
8448958,2017,2017-09-21,1501,2017-05-07,2031,940,18,7,5,3,1501,0,0,0,,0,002,"WALNUT DR","DURHAM ST",315.00,S,N,A,-,N,,,,,,,,,,N,2,0,1,2,A,-,03,22350,,F,A,G,A,A,H,-,C,D,0,,Y,,,Y,,A,01,1,0,0,0,0,0,1,0,0,"- ","- ",35.213009999999997,-118.82235,KERN,ARVIN,-118.83758061,35.198185809999998
84499528,2024,2024-12-13,1502,2024-12-03,2132,1408,,2,5,6,1502,0,0,0,,0,VALLEY,"BRUNDAGE LN","DR MARTIN LUTHER KING JR BL",12.00,E,N,A,-,N,,,,,,,,,,N,2,0,2,3,A,-,10,21950,A,F,G,B,B,A,H,-,C,A,0,Y,,,,Y,,-,99,1,0,1,0,2,0,0,0,0,"- ","- ",35.353668212890625,-118.98503875732422,KERN,BAKERSFIELD,-118.98523712158203,35.353958129882812
84499535,2024,2024-12-13,1502,2024-03-12,"641 ",1343,,2,5,6,1502,0,0,0,,0,CENTRA,"GOSFORD RD","FICUS DR",328.00,N,N,A,-,N,,,,,,,,,,Y,1,1,1,2,A,-,08,22107,,N,A,D,A,A,H,-,B,D,0,,,,,Y,,D,22,1,0,0,0,0,0,0,0,0,"- ","- ",35.320209503173828,-119.09214019775391,KERN,BAKERSFIELD,-119.09224700927734,35.320938110351562
84504408,2023,2024-12-16,1502,2023-12-27,1719,1343,,3,5,6,1502,0,0,0,,0,METRO,"BAKER ST","DOLORES ST",10.00,N,N,A,-,N,,,,,,,,,,N,2,0,1,2,A,-,11,21954,A,F,G,B,D,A,H,-,B,D,0,Y,,,,Y,,N,60,1,0,0,0,1,0,0,0,0,"- ","- ",35.371990203857422,-118.99491119384766,KERN,BAKERSFIELD,-118.99474334716797,35.371654510498047
84504413,2024,2024-12-16,1502,2024-10-16,1344,1225,,3,5,6,1502,0,0,0,,0,METRO,"HOLTBY RD","BANK ST",0.00,,Y,A,-,N,,,,,,,,,,N,1,1,0,2,A,-,10,21950,A,N,G,B,B,A,H,-,A,A,0,Y,,,,Y,,A,01,0,0,0,1,0,0,0,0,0,"- ","- ",35.358020782470703,-119.02680969238281,KERN,BAKERSFIELD,-119.02707672119141,35.357948303222656
84504438,2024,2024-12-16,1502,2024-12-04,1259,P45,,3,5,6,1502,0,0,0,,0,METRO,"KENTUCKY ST","KING ST",0.00,,Y,A,-,N,,,,,,,,,,N,2,0,1,2,A,-,09,21801,A,N,H,G,A,A,H,-,A,A,0,,Y,,,Y,,D,22,1,0,0,0,0,0,1,0,0,"- ","- ",35.378818511962891,-118.99070739746094,KERN,BAKERSFIELD,-118.99060821533203,35.378452301025391
84515964,2024,2024-12-25,1502,2024-12-15,"112 ",1528,,7,5,6,1502,0,0,0,,0,,"CALIFORNIA AV","REAL RD",77.00,W,N,A,-,N,,,,,,,,,,Y,2,0,1,2,A,-,05,21651,A,N,A,C,A,A,H,-,C,D,0,,,,,Y,,A,08,1,0,0,0,0,0,0,0,0,"- ","- ",35.368129730224609,-119.04299926757812,KERN,BAKERSFIELD,-119.04360198974609,35.367820739746094
84517549,2024,2024-12-27,1502,2024-12-09,"34  ",1442,,1,5,6,1502,0,0,0,,0,METRO,"24TH ST","CHESTER AV",0.00,,Y,A,-,N,,,,,,,,,,N,2,0,2,2,A,-,12,21453,A,N,D,C,A,A,H,-,C,A,0,,,,,Y,,-,"- ",1,0,1,0,0,0,0,0,0,"- ","- ",35.3809814453125,-119.01821899414062,KERN,BAKERSFIELD,-119.01885223388672,35.381008148193359
84517559,2024,2024-12-27,1502,2024-12-24,2024,1528,,2,5,6,1502,0,0,0,,0,,"OLD RIVER RD","TAFT HWY",144.00,N,N,A,-,N,,,,,,,,,,N,2,0,2,2,A,-,01,23152,A,N,A,C,A,B,F,-,D,D,0,,,,,Y,Y,A,01,1,1,0,0,0,0,0,0,0,"- ","- ",35.267509460449219,-119.11045837402344,KERN,BAKERSFIELD,-119.10999298095703,35.267562866210938
84526150,2024,2025-01-06,1502,2024-12-09,2118,1185,,1,5,6,1502,0,0,0,,0,METRO,"UNION AV","2ND ST",195.00,N,N,A,-,Y,KER,,204," "," ",2.270,H,,R,N,1,1,0,3,A,-,11,21954,A,F,G,B,D,A,H,-,C,D,0,Y,,,,Y,Y,N,60,0,0,0,1,0,0,0,0,0,"- ","- ",35.356788635253906,-119.00272369384766,KERN,BAKERSFIELD,-119.0029296875,35.356792449951172
84542689,2025,2025-01-20,1502,2025-01-09,1554,P45,,4,5,6,1502,0,0,0,,0,METRO,"TULARE ST","MONTEREY ST",0.00,,Y,A,-,N,,,,,,,,,,N,2,0,4,3,A,-,12,22450,A,N,D,C,A,A,H,-,A,A,0,,,,,Y,,A,01,1,0,3,0,0,0,0,0,0,"- ","- ",35.382068634033203,-118.99455261230469,KERN,BAKERSFIELD,-118.9945068359375,35.381690979003906
84567003,2025,2025-02-06,1502,2025-02-05,"759 ",P88,,3,5,6,1502,0,0,0,,0,HILL,"MORNING DR","COLLEGE AVE",13.00,S,N,C,-,N,,,,,,,,,,N,2,0,1,2,A,-,17,2815,,N,G,B,B,B,H,-,A,D,0,Y,,,,Y,,D,22,1,0,0,0,1,0,0,0,0,"- ","- ",35.383228302001953,-118.91423034667969,KERN,BAKERSFIELD,-118.91425323486328,35.383396148681641
84581079,2024,2025-02-17,1502,2024-02-21,2129,1225,,3,5,6,1502,0,0,0,,0,HILL,"COLUMBUS ST","RICE ST",16.00,W,N,B,-,N,,,,,,,,,,N,1,1,0,2,A,-,10,21950,A,F,G,B,B,A,H,-,C,D,0,Y,,,,Y,,-,99,0,0,0,1,0,0,0,0,0,"- ","- ",35.397701263427734,-118.96420288085938,KERN,BAKERSFIELD,-118.96440124511719,35.397529602050781
84581081,2024,2025-02-17,1502,2024-03-29,"211 ",1225,,5,5,6,1502,0,0,0,,0,VALLEY,"UNION AV","HOSKING AV",520.00,N,N,A,-,N,,,,,,,,,,N,1,1,0,2,A,-,11,21954,A,F,G,B,E,A,H,-,D,D,0,Y,,,,Y,,N,60,0,0,0,1,0,0,0,0,0,"- ","- ",35.281219482421875,-119.00373077392578,KERN,BAKERSFIELD,-119.00314331054688,35.282794952392578
84584781,2025,2025-02-20,1502,2025-02-14,1622,P45,,5,5,6,1502,0,0,0,,0,METRO,"H ST","18TH ST",0.00,,Y,A,B,N,,,,,,,,,,N,2,0,1,2,A,-,17,21451,A,N,D,C,A,A,H,-,A,A,0,,,Y,,Y,,A,07,1,0,0,0,0,0,0,0,1,"- ","- ",35.375289916992188,-119.02069854736328,KERN,BAKERSFIELD,-119.02120208740234,35.375293731689453
84596850,2025,2025-03-05,1502,2025-03-01,"26  ",1028,,6,5,6,1502,0,0,0,,0,HILL,"26TH ST","GOLDEN STATE AVE",0.00,,Y,A,-,Y,,,,,,,,,,N,2,0,1,2,A,-,11,21950,B,F,G,B,D,A,H,-,C,D,0,Y,,,,Y,,N,60,1,0,0,0,1,0,0,0,0,"- ","- ",35.382038116455078,-119.01199340820312,KERN,BAKERSFIELD,-119.01194000244141,35.382888793945312
84598141,2025,2025-03-06,1502,2025-02-27,"703 ",P99,,4,5,6,1502,0,0,0,,0,CENTRA,"OLD RIVER RD","WHITE LN",250.00,N,N,A,-,N,,,,,,,,,,Y,2,0,1,1,A,-,01,23152,F,N,E,I,A,A,H,-,A,D,0,,,,,Y,,A,01,1,0,0,0,0,0,0,0,0,"- ","- ",35.325531005859375,-119.10923004150391,KERN,BAKERSFIELD,-119.10944366455078,35.3258056640625
84647594,2025,2025-04-14,1502,2025-03-19,"723 ",1418,,3,5,6,1502,0,0,0,,0,VALLEY,"WILSON RD","HUGHES LN",58.00,W,N,A,-,N,,,,,,,,,,Y,1,1,1,3,A,-,03,22350,,N,C,C,A,A,H,-,A,A,0,,,,,Y,,A,07,0,0,1,0,0,0,0,0,0,"- ","- ",35.332279205322266,-119.03012084960938,KERN,BAKERSFIELD,-119.03026580810547,35.332199096679688
8465654,2018,2020-05-26,1502,2018-06-13,0555,1212,,3,5,6,1502,0,0,0,,0,VALLEY,"WILSON RD","WIBLE RD",0.00,,Y,A,-,N,,,,,,,,,,Y,1,1,1,3,A,-,12,21453,A,N,D,C,A,A,H,-,A,A,0,,,,,Y,Y,A,01,0,1,0,0,0,0,0,0,0,"- ","- ",35.332359313964844,-119.03898620605469,KERN,BAKERSFIELD,-119.03897857666016,35.332199096679688
8465674,2018,2019-03-18,1502,2018-11-24,2219,1195,,6,5,6,1502,0,0,0,,0,CENTRA,"WESTSIDE PKWY","TRUXTUN AV",142.00,W,N,A,-,N,,,,,,,,,,Y,1,1,0,2,A,-,01,23152,G,N,C,E,A,A,D,-,C,A,0,,,,,Y,Y,D,22,0,0,0,0,0,0,0,0,0,"- ","- ",35.370529174804688,-119.05812835693359,KERN,BAKERSFIELD,-119.05646514892578,35.371566772460938
8465692,2018,2019-03-21,1502,2018-11-19,2035,993,,1,5,6,1502,0,0,0,,0,METRO,"RT 204","3RD ST",132.00,N,N,B,-,Y,KER,6,204,-,-,2.450,H,-,S,Y,1,1,0,2,A,-,11,21954,A,N,G,B,D,A,H,-,C,D,0,Y,,,,Y,,N,60,0,0,0,1,0,0,0,0,0,"- ","- ",35.358688354492188,-119.00269317626953,KERN,BAKERSFIELD,-119.00298309326172,35.359355926513672
84657741,2025,2025-04-22,1502,2025-04-21,1723,P63,,1,5,6,1502,0,0,0,,0,METRO,"MONTEREY ST","WILLIAMS ST",100.00,W,N,A,-,N,,,,,,,,,,N,2,0,1,1,A,-,03,22350,,N,F,A,A,A,H,-,A,D,0,,Y,,,Y,,L,04,1,0,0,0,0,0,1,0,0,"- ","- ",35.377861022949219,-118.97760009765625,KERN,BAKERSFIELD,-118.97782897949219,35.377704620361328
8465979,2019,2019-08-02,1511,2019-06-03,1206,53303,2,1,5,2,1511,0,0,0,,0,00A,"NEURALIA RD","EDISON POLE #2110521E",153.00,S,N,A,-,N,,,,,,,,,,Y,1,1,1,2,A,-,06,21750,A,N,C,C,A,A,H,-,A,D,0,,,Y,Y,Y,,G,27,0,1,0,0,0,0,0,1,0,"- ","- ",35.125869750976562,-117.98555755615234,KERN,"CALIFORNIA CITY",,
84665597,2025,2025-04-28,1502,2025-04-19,1834,P45,,6,5,6,1502,0,0,0,,0,HILL,"BERNARD ST","NEW MARKET WAY",0.00,,Y,A,-,N,,,,,,,,,,Y,2,0,3,2,A,-,01,23152,G,N,D,C,A,A,H,-,A,A,0,,,,,Y,,A,01,2,0,1,0,0,0,0,0,0,"- ","- ",35.392139434814453,-118.95738220214844,KERN,BAKERSFIELD,-118.95755767822266,35.392112731933594
84672602,2025,2025-05-02,1502,2025-04-16,1411,1451,,3,5,6,1502,0,0,0,,0,METRO,"BAKER ST","EUREKA ST",0.00,,Y,A,-,N,,,,,,,,,,N,2,0,1,2,A,-,17,21663,,F,G,B,F,A,H,-,A,D,0,Y,,,,Y,,A,07,1,0,0,0,1,0,0,0,0,"- ","- ",35.373050689697266,-118.99452972412109,KERN,BAKERSFIELD,-118.99436187744141,35.372673034667969
84675619,2025,2025-05-05,1503,2025-02-01,"855 ",10198,,6,5,4,1503,0,0,0,,0,,"WOOLLOMES AV","S. HIGH STREET",35.00,N,-,A,-,N,,,,,,,,,,N,2,0,1,2,D,-,00,,,N,G,B,B,A,H,-,A,A,0,Y,,,,Y,,-,"- ",1,0,0,0,1,0,0,0,0,"- ","- ",35.746891021728516,-119.2430419921875,KERN,DELANO,-119.24305725097656,35.746879577636719
84677878,2024,2025-05-07,1502,2024-05-18,2043,1314,,6,5,6,1502,0,0,0,,0,NORTH,"HAGEMAN RD","KEMPTON PARK WY",82.00,E,N,A,-,N,,,,,,,,,,N,1,1,0,2,A,-,11,21954,A,N,G,B,E,A,H,-,C,D,0,Y,,,,Y,Y,N,60,0,0,0,1,0,0,0,0,0,"- ","- ",35.398090362548828,-119.11453247070312,KERN,BAKERSFIELD,-119.11508178710938,35.397991180419922
84691169,2025,2025-05-19,1502,2025-05-13,"730 ",P88,,2,5,6,1502,0,0,0,,0,HILL,"MT VERNON AVE","CHURCH AVE",0.00,,Y,A,-,N,,,,,,,,,,N,2,0,1,1,A,-,03,22350,,N,F,A,A,A,H,-,A,D,0,,,Y,,Y,,C,02,1,0,0,0,0,0,0,0,1,"- ","- ",35.410659790039062,-118.96729278564453,KERN,BAKERSFIELD,-118.96753692626953,35.410507202148438
84710656,2025,2025-06-03,1503,2025-05-18,1730,10210,,7,5,4,1503,0,0,0,,0,,".700 GLENWOOD ST","S CURBLINE OF 8TH AVENUE",4.00,N,-,A,-,N,,,,,,,,,,N,2,0,1,2,A,-,10,21950,A,F,G,B,D,A,H,-,B,D,0,Y,,,,Y,Y,-,"- ",1,0,0,0,1,0,0,0,0,"- ","- ",35.765869140625,-119.24942016601562,KERN,DELANO,-119.24809265136719,35.766021728515625
84713918,2025,2025-06-05,1502,2025-06-02,2107,P63,,1,5,6,1502,0,0,0,,0,SOUTH,"HONEYSUCKLE AVE","BEGONIA CT",86.00,S,N,A,-,N,,,,,,,,,,N,2,0,1,1,A,-,03,22350,,N,H,A,A,A,H,-,C,D,0,,,,,Y,,A,07,1,0,0,0,0,0,0,0,0,"- ","- ",35.300510406494141,-119.04530334472656,KERN,BAKERSFIELD,-119.04505157470703,35.300502777099609
84721055,2025,2025-06-11,1502,2025-02-25,2251,1528,,2,5,6,1502,0,0,0,,0,,"UNION AVE","9TH ST",0.00,,Y,A,-,N,,,,,,,,,,N,1,1,0,2,A,-,11,21954,A,N,G,B,D,A,H,-,C,D,0,Y,,,,Y,,N,60,0,0,0,1,0,0,0,0,0,"- ","- ",35.364589691162109,-119.00341033935547,KERN,BAKERSFIELD,-119.00286865234375,35.365489959716797
84735085,2024,2025-06-23,1502,2024-09-26,"5   ",1225,,4,5,6,1502,0,0,0,,0,NORTH,"SEVENTH STANDARD RD","RUDD AV",1221.00,W,N,A,-,N,,,,,,,,,,Y,1,1,0,2,A,-,16,24002,A,N,C,C,A,A,H,-,D,D,0,,,,,Y,,A,01,0,0,0,0,0,0,0,0,0,"- ","- ",35.441558837890625,-119.17636108398438,KERN,BAKERSFIELD,-119.17612457275391,35.441581726074219
84736756,2025,2025-06-24,1502,2025-06-01,1517,1181,,7,5,6,1502,0,0,0,,0,NORTH,"TRUXTUN TO 58 W RAMP","TRUXTUN AVE",685.00,W,N,A,-,Y,,,,,,,,,,N,2,0,1,1,A,-,08,22107,,N,E,I,A,A,H,-,A,D,0,,,,,Y,,A,01,1,0,0,0,0,0,0,0,0,"- ","- ",35.371959686279297,-119.05555725097656,KERN,BAKERSFIELD,-119.00515747070312,35.373203277587891
84742937,2025,2025-06-30,1502,2025-05-04,2242,1185,,7,5,6,1502,0,0,0,,0,CENTRA,"WHITE LN","SHEPARD ST",42.00,E,N,A,-,N,,,,,,,,,,N,2,0,1,2,A,-,11,21954,A,F,G,B,D,A,H,-,C,D,0,Y,,,,Y,Y,N,60,1,0,0,0,1,0,0,0,0,"- ","- ",35.317981719970703,-119.05841064453125,KERN,BAKERSFIELD,-119.05825805664062,35.318027496337891
8475055,2017,2017-11-28,1502,2017-10-11,0956,1181,,3,5,6,1502,0,0,0,,0,VALLEY,"H ST","PLANZ RD",1.00,S,N,A,-,N,,,,,,,,,,N,2,0,1,2,A,-,12,21453,A,N,H,G,A,A,H,-,A,D,0,,Y,,,Y,,L,04,1,0,0,0,0,0,1,0,0,"- ","- ",35.324919999999999,-119.02133000000001,KERN,BAKERSFIELD,-119.02134995999999,35.32489726