CASE_ID,ACCIDENT_YEAR,PROC_DATE,JURIS,COLLISION_DATE,COLLISION_TIME,OFFICER_ID,REPORTING_DISTRICT,DAY_OF_WEEK,CHP_SHIFT,POPULATION,CNTY_CITY_LOC,SPECIAL_COND,BEAT_TYPE,CHP_BEAT_TYPE,CITY_DIVISION_LAPD,CHP_BEAT_CLASS,BEAT_NUMBER,PRIMARY_RD,SECONDARY_RD,DISTANCE,DIRECTION,INTERSECTION,WEATHER_1,WEATHER_2,STATE_HWY_IND,CALTRANS_COUNTY,CALTRANS_DISTRICT,STATE_ROUTE,ROUTE_SUFFIX,POSTMILE_PREFIX,POSTMILE,LOCATION_TYPE,RAMP_INTERSECTION,SIDE_OF_HWY,TOW_AWAY,COLLISION_SEVERITY,NUMBER_KILLED,NUMBER_INJURED,PARTY_COUNT,PRIMARY_COLL_FACTOR,PCF_CODE_OF_VIOL,PCF_VIOL_CATEGORY,PCF_VIOLATION,PCF_VIOL_SUBSECTION,HIT_AND_RUN,TYPE_OF_COLLISION,MVIW,PED_ACTION,ROAD_SURFACE,ROAD_COND_1,ROAD_COND_2,LIGHTING,CONTROL_DEVICE,CHP_ROAD_TYPE,PEDESTRIAN_ACCIDENT,BICYCLE_ACCIDENT,MOTORCYCLE_ACCIDENT,TRUCK_ACCIDENT,NOT_PRIVATE_PROPERTY,ALCOHOL_INVOLVED,STWD_VEHTYPE_AT_FAULT,CHP_VEHTYPE_AT_FAULT,COUNT_SEVERE_INJ,COUNT_VISIBLE_INJ,COUNT_COMPLAINT_PAIN,COUNT_PED_KILLED,COUNT_PED_INJURED,COUNT_BICYCLIST_KILLED,COUNT_BICYCLIST_INJURED,COUNT_MC_KILLED,COUNT_MC_INJURED,PRIMARY_RAMP,SECONDARY_RAMP,LATITUDE,LONGITUDE,COUNTY,CITY,POINT_X,POINT_Y
84825660,2024,2025-09-02,1502,2024-10-27,"458 ",1418,,7,5,6,1502,0,0,0,,0,SOUTH,"PANAMA LN","WINDERMERE ST",18216.00,W,N,A,-,N,,,,,,,,,,N,2,0,1,2,A,-,11,21954,A,N,G,B,D,A,H,-,D,D,0,Y,,,,Y,Y,N,60,1,0,0,0,1,0,0,0,0,"- ","- ",35.296489715576172,-119.13838958740234,KERN,BAKERSFIELD,-119.19798278808594,35.296131134033203
84833590,2025,2025-09-08,1502,2025-05-10,2050,1343,,6,5,6,1502,0,0,0,,0,VALLEY,"HUGHES LN","HOLDEN WAY",0.00,,Y,A,-,N,,,,,,,,,,Y,1,1,3,2,A,-,03,22350,,N,D,C,A,A,H,-,C,A,0,,,,,Y,,A,01,2,1,0,0,0,0,0,0,0,"- ","- ",35.336269378662109,-119.03005981445312,KERN,BAKERSFIELD,-119.03007507324219,35.336177825927734
8483831,2017,2017-11-07,1511,2017-10-28,2157,53060,4,6,5,2,1511,0,0,0,,0,00A,"RUDNICK BL","CONKLIN BL",94.00,E,N,A,-,N,,,,,,,,,,N,2,0,1,1,A,-,03,38305,,N,E,I,A,A,H,-,D,D,0,,,Y,,Y,Y,C,02,1,0,0,0,0,0,0,0,1,"- ","- ",35.139560000000003,-117.95535,KERN,"CALIFORNIA CITY",-117.94994652,35.169630789999999
8488409,2017,2017-12-07,1502,2017-11-01,1716,P45,,3,5,6,1502,0,0,0,,0,SOUTH,"PACHECO RD","GREENMORE LN",121.00,E,N,A,-,N,,,,,,,,,,N,2,0,3,3,A,-,08,22107,,N,D,C,A,A,H,-,A,D,0,,,Y,,Y,,A,01,1,0,2,0,0,0,0,0,1,"- ","- ",35.310119999999998,-119.05127,KERN,BAKERSFIELD,-119.05073498,35.31027512
8489553,2017,2018-07-03,1508,2017-10-14,1924,111,6B,6,5,2,1508,0,0,0,,0,,"RT 33","HOVEY HILLS RD",0.00,,Y,A,-,Y,KER,6,33,-,-,15.228,H,-,S,Y,2,0,1,1,A,-,03,22350,,N,E,J,A,A,H,-,D,D,0,,,,,Y,Y,A,01,1,0,0,0,0,0,0,0,0,"- ","- ",35.102490000000003,-119.41719999999999,KERN,TAFT,-119.41957975,35.104885869999997
8500655,2017,2017-12-12,1507,2017-11-06,0555,269,,1,5,3,1507,0,0,0,,0,100,"SANTA FE WY","BNSF RAILWAY CROSSING #928102K",148.00,S,N,A,-,N,,,,,,,,,,Y,2,0,2,3,A,-,03,22350,,N,C,C,A,A,H,-,B,A,0,,,,,Y,,D,22,1,0,1,0,0,0,0,0,0,"- ","- ",35.470680000000002,-119.2346,KERN,SHAFTER,,
8512390,2017,2018-01-11,1502,2017-12-02,0315,1293,,6,5,6,1502,0,0,0,,0,NORTH,"NORRIS RD","CALLOWAY DR",22.00,W,N,A,-,N,,,,,,,,,,Y,2,0,2,1,A,-,01,23152,A,N,E,I,A,A,H,-,C,A,0,,,,,Y,Y,A,01,1,0,1,0,0,0,0,0,0,"- ","- ",35.419829999999997,-119.10969,KERN,BAKERSFIELD,-119.11008880999999,35.41981827
8518152,2017,2017-12-20,1507,2017-12-01,0700,274,18,5,5,3,1507,0,0,0,,0,,"LERDO HIGHWAY","PINE ST",0.00,,Y,A,-,N,,,,,,,,,,Y,2,0,2,2,A,-,09,21802,A,N,D,C,A,A,H,-,A,A,0,,,,,Y,,A,01,2,0,0,0,0,0,0,0,0,"- ","- ",35.499809999999997,-119.26278000000001,KERN,SHAFTER,-119.26275987,35.499900080000003
8524373,2017,2019-04-10,1511,2017-12-15,1028,53069,3,5,5,2,1511,0,0,0,,0,00A,"CALIFORNIA CITY BL","ISABELLA BL",58.00,W,N,A,-,N,,,,,,,,,,Y,1,1,2,2,A,-,08,22100,A,N,C,C,A,A,H,-,A,A,0,,,,,Y,,A,07,1,1,0,0,0,0,0,0,0,"- ","- ",35.125700000000002,-117.99459,KERN,"CALIFORNIA CITY",-117.99506230999999,35.125579360000003
8541205,2018,2018-02-26,1509,2018-01-01,0500,933,W,1,5,3,1509,0,0,0,,0,001,"W TEHACHAPI BL","TUCKER RD",0.00,,Y,A,-,N,,,,,,,,,,Y,2,0,6,2,A,-,12,21453,A,N,D,C,A,A,H,-,C,A,0,,,,,Y,,A,07,2,3,1,0,0,0,0,0,0,"- ","- ",35.139930725097656,-118.46848297119141,KERN,TEHACHAPI,-118.46729278564453,35.131771087646484
8589519,2018,2018-04-09,1502,2018-03-27,0702,P63,,2,5,6,1502,0,0,0,,0,NORTH,"CALLOWAY DR","MEACHAM RD",104.00,N,N,A,-,N,,,,,,,,,,Y,2,0,3,5,A,-,03,22350,,F,C,C,A,A,H,-,A,D,0,,,,,Y,,D,22,2,0,1,0,0,0,0,0,0,"- ","- ",35.390750885009766,-119.11003875732422,KERN,BAKERSFIELD,-119.11005401611328,35.391025543212891
8596185,2018,2018-04-16,1502,2018-03-20,2354,1258,,2,5,6,1502,0,0,0,,0,CENTRA,"STOCKDALE HWY","COFFEE RD",0.00,,Y,C,-,N,,,,,,,,,,Y,2,0,3,3,A,-,12,21453,A,N,D,C,A,B,H,-,C,A,0,,,,,Y,Y,A,01,1,0,2,0,0,0,0,0,0,"- ","- ",35.354541778564453,-119.09178161621094,KERN,BAKERSFIELD,-119.09237670898438,35.354461669921875
8596237,2018,2018-04-16,1502,2018-03-30,1258,1181,,5,5,6,1502,0,0,0,,0,NORTH,"MEACHAM RD","CALLOWAY DR",0.00,,Y,A,-,N,,,,,,,,,,Y,2,0,2,2,A,-,12,21453,A,N,D,C,A,A,H,-,A,A,0,,,,,Y,,A,01,1,1,0,0,0,0,0,0,0,"- ","- ",35.390750885009766,-119.11003875732422,KERN,BAKERSFIELD,-119.11006164550781,35.390739440917969
8606820,2018,2018-05-08,1508,2018-04-01,0046,31,6B,7,5,2,1508,0,0,0,,0,06B,"GARDNER FIELD RD","INDUSTRIAL WY",1056.00,E,N,A,-,N,,,,,,,,,,Y,2,0,2,2,A,-,01,23153,A,N,A,C,A,A,H,-,C,D,0,,,,,Y,,A,08,1,1,0,0,0,0,0,0,0,"- ","- ",35.117321014404297,-119.45961761474609,KERN,TAFT,-119.43614196777344,35.136928558349609
8608315,2018,2018-04-30,1502,2018-04-16,1606,1211,,1,5,6,1502,0,0,0,,0,VALLEY,"WILSON RD","CHESTER AV",119.00,W,N,A,-,N,,,,,,,,,,Y,2,0,4,2,A,-,09,21804,A,N,D,C,A,A,H,-,A,D,0,,,,,Y,,A,01,1,1,2,0,0,0,0,0,0,"- ","- ",35.331230163574219,-119.01409912109375,KERN,BAKERSFIELD,-119.0145263671875,35.332191467285156
8609427,2018,2018-05-03,1502,2018-04-13,0549,1077,,5,5,6,1502,0,0,0,,0,METRO,"CALIFORNIA AV","PINE ST",120.00,E,N,A,-,N,,,,,,,,,,N,2,0,1,2,A,-,11,21954,A,N,G,B,D,A,H,-,D,D,0,Y,,,,Y,,N,60,1,0,0,0,1,0,0,0,0,"- ","- ",35.368671417236328,-119.03128051757812,KERN,BAKERSFIELD,-119.03126525878906,35.368663787841797
8610714,2018,2018-05-07,1502,2018-03-03,0211,1181,,6,5,6,1502,0,0,0,,0,NORTH,"COFFEE RD","OLIVE DR",0.00,,Y,C,-,N,,,,,,,,,,Y,2,0,2,2,A,-,12,21453,A,N,D,C,A,B,H,-,C,A,0,,,,,Y,,A,01,1,0,1,0,0,0,0,0,0,"- ","- ",35.412281036376953,-119.092041015625,KERN,BAKERSFIELD,-119.09233856201172,35.412509918212891
8610794,2018,2018-05-23,1501,2018-01-18,1510,027,12,4,5,3,1501,0,0,0,,0,001,"BEAR MOUNTAIN BL","BEAR MOUNTAIN BL 800",0.00,,-,A,-,N,,,,,,,,,,N,2,0,1,2,A,-,07,21658,A,N,A,G,A,A,H,-,A,D,0,,Y,,,Y,,L,04,1,0,0,0,0,0,1,0,0,"- ","- ",35.210300445556641,-118.83139038085938,KERN,ARVIN,-118.831309,35.209139
8613610,2018,2018-04-27,1507,2018-03-31,0450,272,,6,5,3,1507,0,0,0,,0,,"EAST LERDO HWY","ZERKER RD",0.00,,Y,A,-,N,,,,,,,,,,Y,2,0,2,2,A,-,12,21453,A,N,B,C,A,A,H,-,C,A,0,,,,,Y,,A,01,2,0,0,0,0,0,0,0,0,"- ","- ",35.499668121337891,-119.17015838623047,KERN,SHAFTER,-119.17018890380859,35.499801635742188
8618855,2018,2018-05-23,1507,2018-05-06,0830,277,18,7,5,3,1507,0,0,0,,0,,"EAST LERDO HWY","S BEECH AV",0.00,,Y,A,-,N,,,,,,,,,,Y,2,0,3,2,A,-,01,23153,B,N,D,E,A,A,H,-,A,A,0,,,,,Y,Y,A,01,3,0,0,0,0,0,0,0,0,"- ","- ",35.499919891357422,-119.260498046875,KERN,SHAFTER,-119.26052093505859,35.499870300292969
8619205,2018,2018-05-18,1507,2018-04-23,1244,255,100,1,5,3,1507,0,0,0,,0,,"EAST LERDO HWY","CALLOWAY CANAL",0.00,,Y,A,-,N,,,,,,,,,,N,2,0,2,2,A,-,05,21651,A,N,D,C,A,A,H,-,A,D,0,,,,,Y,,A,01,1,1,0,0,0,0,0,0,0,"- ","- ",35.500511169433594,-119.27178192138672,KERN,SHAFTER,-119.153237,35.499609
8639669,2018,2018-06-25,1502,2018-05-29,2330,1249,,2,5,6,1502,0,0,0,,0,METRO,"OAK ST","DRACENA ST",176.00,S,N,A,-,N,,,,,,,,,,Y,2,0,1,2,A,-,11,21954,A,N,G,B,D,A,H,-,C,D,0,Y,,,,Y,,N,60,1,0,0,0,1,0,0,0,0,"- ","- ",35.363380432128906,-119.0384521484375,KERN,BAKERSFIELD,-119.03883361816406,35.362728118896484
8639752,2018,2018-06-28,1507,2018-06-11,1423,270,100,1,5,3,1507,0,0,0,,0,,"SEVENTH STANDARD RD","ZACHARY AV",0.00,,Y,A,-,N,,,,,,,,,,Y,2,0,1,2,D,-,00,,,N,D,C,A,A,H,-,A,A,0,,,,,Y,,-,"- ",1,0,0,0,0,0,0,0,0,"- ","- ",35.441600799560547,-119.18952941894531,KERN,SHAFTER,-119.18978118896484,35.441741943359375
8647396,2018,2018-07-10,1502,2018-06-15,2108,1293,,5,5,6,1502,0,0,0,,0,CENTRA,"WHITE LN","CERNAN WY",109.00,E,N,A,-,N,,,,,,,,,,Y,2,0,2,5,A,-,01,23152,A,N,C,C,A,A,H,-,C,A,0,,,,,Y,Y,A,01,1,0,1,0,0,0,0,0,0,"- ","- ",35.318378448486328,-119.08949279785156,KERN,BAKERSFIELD,-119.08911895751953,35.318309783935547
8648028,2018,2018-07-25,1502,2018-03-13,1543,1177,,2,5,6,1502,0,0,0,,0,HILL,"MORNING DR","COLLEGE AV",596.00,N,N,B,-,N,,,,,,,,,,Y,1,1,1,1,A,-,08,22107,,N,H,A,A,A,H,-,A,D,0,,,,,Y,,A,07,0,1,0,0,0,0,0,0,0,"- ","- ",35.383228302001953,-118.91423034667969,KERN,BAKERSFIELD,-118.914306640625,35.385063171386719
8648029,2018,2020-05-26,1502,2018-03-06,1827,1282,,2,5,6,1502,0,0,0,,0,METRO,"UNION AV","10TH ST",130.00,N,N,A,-,N,,,204,,,,,,,N,1,1,0,2,A,-,11,21954,A,N,G,B,D,A,H,-,C,D,0,Y,,,,Y,Y,N,60,0,0,0,1,0,0,0,0,0,"- ","- ",35.366310119628906,-119.0025634765625,KERN,BAKERSFIELD,-119.00296020507812,35.366310119628906
8654477,2018,2018-07-13,1502,2018-06-28,1547,P53,,4,5,6,1502,0,0,0,,0,METRO,"MONTEREY ST","BROWN ST",10.00,W,N,A,-,N,,,,,,,,,,Y,2,0,4,4,A,-,01,23152,A,N,G,B,F,A,H,-,A,A,0,Y,,,,Y,,A,01,1,2,1,0,3,0,0,0,0,"- ","- ",,,KERN,BAKERSFIELD,-118.9791259765625,35.377986907958984
8661182,2018,2018-07-16,1502,2018-07-02,1601,1195,,1,5,6,1502,0,0,0,,0,VALLEY,"MING AV","H ST",0.00,,Y,A,-,N,,,,,,,,,,N,2,0,1,2,A,-,12,21453,A,N,H,G,A,A,H,-,A,A,0,,Y,,,Y,,L,04,1,0,0,0,0,0,1,0,0,"- ","- ",35.339450836181641,-119.02114105224609,KERN,BAKERSFIELD,-119.02130889892578,35.339439392089844
8665817,2018,2019-03-01,1502,2018-07-17,0633,1283,,2,5,6,1502,0,0,0,,0,METRO,"WILLIAMS ST","POTOMAC AV",0.00,,Y,A,-,N,,,,,,,,,,N,1,1,0,2,A,-,09,21802,A,N,H,G,A,A,H,-,A,A,0,,Y,,,Y,,L,04,0,0,0,0,0,1,0,0,0,"- ","- ",35.365161895751953,-118.98165130615234,KERN,BAKERSFIELD,-118.98139190673828,35.364891052246094
8676886,2018,2018-10-25,1508,2018-07-09,0406,53,6B,1,5,2,1508,0,0,0,,0,,"RT 33","PETROLEUM CLUB RD",450.00,N,N,A,-,Y,KER,6,33,-,-,17.650,H,-,S,Y,2,0,1,1,A,-,08,22107,,N,F,A,A,A,H,-,D,D,0,,,,,Y,,A,07,1,0,0,0,0,0,0,0,0,"- ","- ",35.131591796875,-119.44554138183594,KERN,TAFT,-119.44625854492188,35.132305145263672
8683753,2018,2018-08-28,1502,2018-08-12,0021,1293,,7,5,6,1502,0,0,0,,0,METRO,"WILKINS ST","OWENS ST",82.00,W,N,A,-,N,,,,,,,,,,N,2,0,1,2,A,-,08,22107,,N,G,B,E,A,H,-,C,D,0,Y,,,,Y,,-,99,1,0,0,0,1,0,0,0,0,"- ","- ",35.355499267578125,-118.99054718017578,KERN,BAKERSFIELD,-118.99108123779297,35.355739593505859
8683926,2018,2018-09-04,1511,2018-06-30,1918,53069,5,6,5,2,1511,0,0,0,,0,00A,"REDWOOD BL","92ND ST",263.00,E,N,A,-,N,,,,,,,,,,Y,2,0,2,1,A,-,17,21663,,N,E,I,A,A,C,E,A,D,0,,,,,Y,Y,A,42,2,0,0,0,0,0,0,0,0,"- ","- ",35.111400604248047,-117.96392822265625,KERN,"CALIFORNIA CITY",-117.96306610107422,35.111495971679688
8684469,2018,2018-09-18,1502,2018-05-30,2107,1181,,3,5,6,1502,0,0,0,,0,CENTRA,"STOCKDALE HWY","RIO BRAVO DR",8.00,E,N,A,-,N,,,,,,,,,,N,2,0,1,2,A,-,17,21208,A,N,H,G,A,A,H,-,C,A,0,,Y,,,Y,,L,04,1,0,0,0,0,0,1,0,0,"- ","- ",35.354240417480469,-119.06880187988281,KERN,BAKERSFIELD,-119.06923675537109,35.354469299316406
8684643,2018,2018-09-14,1502,2018-08-14,1722,1181,,2,5,6,1502,0,0,0,,0,SOUTH,"HARRIS RD","BEACH ROSE DR",28.00,E,N,A,-,N,,,,,,,,,,N,2,0,1,2,A,-,11,21954,A,N,G,B,D,A,H,-,A,D,0,Y,,,,Y,,N,60,1,0,0,0,1,0,0,0,0,"- ","- ",35.303699493408203,-119.10356903076172,KERN,BAKERSFIELD,-119.10325622558594,35.303428649902344
8693505,2018,2018-10-09,1502,2018-08-22,0810,1211,,3,5,6,1502,0,0,0,,0,SOUTH,"AKERS RD","OLD CASTLE AV",4.00,N,N,A,-,N,,,,,,,,,,N,2,0,1,2,A,-,11,21950,B,N,G,B,B,A,H,-,A,A,0,Y,,,,Y,,N,60,1,0,0,0,1,0,0,0,0,"- ","- ",35.277988433837891,-119.04834747314453,KERN,BAKERSFIELD,-119.04782104492188,35.278190612792969
8696083,2018,2018-10-23,1502,2018-08-24,0554,1291,,5,5,6,1502,0,0,0,,0,METRO,"UNION AV","2ND ST",0.00,,Y,A,-,Y,KER,6,204,-,-,2.280,I,5,N,Y,2,0,4,2,A,-,01,23153,A,N,A,C,A,A,H,-,B,D,0,,,,,Y,Y,A,07,1,0,3,0,0,0,0,0,0,"- ","- ",35.356788635253906,-119.00272369384766,KERN,BAKERSFIELD,-119.00299072265625,35.356914520263672
8696146,2018,2018-10-23,1502,2018-08-28,1224,P45,,2,5,6,1502,0,0,0,,0,SOUTH,"WHITE LN","RT 99",0.00,,Y,A,-,Y,KER,6,99,-,-,21.237,R,4,S,N,2,0,1,3,A,-,12,21453,A,N,D,C,A,A,A,-,A,A,0,,,Y,,Y,,C,02,1,0,0,0,0,0,0,0,1,"- ",SF,35.317829132080078,-119.03795623779297,KERN,BAKERSFIELD,-119.03695678710938,35.319873809814453
8700523,2018,2018-12-27,1502,2018-09-03,1915,1181,,1,5,6,1502,0,0,0,,0,METRO,"UNION AV","8TH ST",8.00,S,N,A,-,Y,KER,6,204,-,-,2.805,I,5,S,N,2,0,1,2,A,-,05,21650,1,N,H,G,A,A,H,-,A,A,0,,Y,,,Y,,L,04,1,0,0,0,0,0,1,0,0,"- ","- ",35.364238739013672,-119.00258636474609,KERN,BAKERSFIELD,-119.00296020507812,35.364433288574219
8700741,2018,2018-12-27,1507,2018-09-11,1549,271,18,2,5,3,1507,0,0,0,,0,,"CENTRAL VALLEY HWY","CENTRAL VALLEY HWY 600",0.00,,Y,A,-,Y,KER,6,43,-,-,16.240,H,-,S,Y,2,0,1,1,C,-,18,,,N,E,I,A,A,H,-,A,D,0,,,,,Y,,-,"- ",1,0,0,0,0,0,0,0,0,"- ","- ",35.490699768066406,-119.25908660888672,KERN,SHAFTER,-119.26640319824219,35.496669769287109
8705200,2018,2018-10-09,1502,2018-09-13,0837,P65,,4,5,6,1502,0,0,0,,0,CENTRA,"MING AV","STINE RD",0.00,,Y,A,-,N,,,,,,,,,,Y,2,0,2,2,A,-,12,21453,A,N,D,C,A,A,H,-,A,A,0,,,,,Y,,A,01,1,0,1,0,0,0,0,0,0,"- ","- ",35.339820861816406,-119.05039978027344,KERN,BAKERSFIELD,-119.05048370361328,35.339481353759766
8707495,2018,2018-10-16,1502,2018-09-29,1028,1195,,6,5,6,1502,0,0,0,,0,METRO,"KERN ST","MONTEREY ST",71.00,N,N,A,-,N,,,,,,,,,,N,2,0,1,2,A,-,21,22106,,F,G,B,E,A,H,-,A,D,0,Y,,,,Y,,-,99,1,0,0,0,1,0,0,0,0,"- ","- ",35.381690979003906,-118.99301910400391,KERN,BAKERSFIELD,-118.99290466308594,35.381507873535156
8714354,2018,2018-10-23,1502,2018-09-23,2009,1258,,7,5,6,1502,0,0,0,,0,METRO,"F ST","19TH ST",72.00,N,N,A,-,N,,,,,,,,,,N,2,0,1,2,A,-,11,21950,B,N,G,B,E,A,F,-,C,D,0,Y,,,,Y,,N,60,1,0,0,0,1,0,0,0,0,"- ","- ",35.376270294189453,-119.02300262451172,KERN,BAKERSFIELD,-119.02348327636719,35.376445770263672
8733077,2018,2019-01-22,1502,2018-10-24,0605,1195,,3,5,6,1502,0,0,0,,0,HILL,"RT 178","CANTERIA DR",0.00,,Y,A,-,Y,KER,6,178,-,T,9.040,H,-,W,Y,2,0,1,1,A,-,08,22107,,N,E,I,A,A,H,-,C,A,0,,,,,Y,,A,01,1,0,0,0,0,0,0,0,0,"- ","- ",35.397621154785156,-118.88951110839844,KERN,BAKERSFIELD,-118.88996887207031,35.398056030273438
8737104,2018,2019-01-16,1506,2018-10-16,2024,7181,21,2,5,4,1506,0,0,0,,0,,"NORTH CHINA LAKE BL","W HOWELL AV",230.00,S,N,A,-,Y,KER,6,178,-,-,101.690,H,-,W,N,2,0,3,2,A,-,08,22107,,N,D,C,A,A,H,-,C,D,0,,,,,Y,,A,71,1,2,0,0,0,0,0,0,0,"- ","- ",35.634609222412109,-117.66970825195312,KERN,RIDGECREST,-117.66976165771484,35.635665893554688
8742053,2018,2018-11-29,1507,2018-11-11,0303,274,29,7,5,3,1507,0,0,0,,0,,"ZERKER RD","FRIANT KERN CANAL",782.00,N,N,A,-,N,,,,,,,,,,Y,2,0,1,1,A,-,01,23152,B,N,E,J,A,A,H,-,D,D,0,,,,,Y,Y,A,01,1,0,0,0,0,0,0,0,0,"- ","- ",35.499668121337891,-119.17015838623047,KERN,SHAFTER,-119.15327453613281,35.476341247558594
8758857,2018,2018-12-21,1502,2018-11-19,1723,P63,,1,5,6,1502,0,0,0,,0,METRO,"H ST","10TH ST",10.00,S,N,A,-,N,,,,,,,,,,N,2,0,1,2,A,-,10,21950,A,N,G,B,B,A,D,-,C,A,0,Y,,,,Y,,A,01,1,0,0,0,1,0,0,0,0,"- ","- ",35.366508483886719,-119.02082824707031,KERN,BAKERSFIELD,-119.021240234375,35.366481781005859
8760031,2018,2019-01-11,1502,2018-11-27,1759,1291,,2,5,6,1502,0,0,0,,0,VALLEY,"MING AV","WIBLE RD",79.00,E,N,A,-,N,,,99,,,,,,,N,2,0,1,2,A,-,11,21954,A,N,G,B,D,A,H,-,C,D,0,Y,,,,Y,,N,60,1,0,0,0,1,0,0,0,0,"- ","- ",35.339618682861328,-119.03890228271484,KERN,BAKERSFIELD,-119.03946685791016,35.339622497558594
8762740,2018,2018-12-28,1502,2018-12-04,1630,P63,,2,5,6,1502,0,0,0,,0,METRO,"ROBINSON ST","S LAKE ST",20.00,S,N,A,G,N,,,,,,,,,,N,2,0,1,1,A,-,03,22350,,N,F,A,A,A,H,-,B,D,0,,,Y,,Y,,C,02,1,0,0,0,0,0,0,0,1,"- ","- ",35.378261566162109,-118.98417663574219,KERN,BAKERSFIELD,-118.98410034179688,35.377918243408203
8766460,2018,2019-12-06,1502,2018-12-15,0617,1195,,6,5,6,1502,0,0,0,,0,NORTH,"7TH STANDARD RD","CALLOWAY DR",0.00,,Y,A,-,N,,,,,,,,,,Y,1,1,2,3,A,-,12,21453,A,N,D,C,A,A,H,-,C,A,0,,,,,Y,,A,07,0,2,0,0,0,0,0,0,0,"- ","- ",35.441001892089844,-119.10929870605469,KERN,BAKERSFIELD,-119.10993194580078,35.441299438476562
8772261,2018,2019-01-10,1502,2018-10-10,2304,1167,,3,5,6,1502,0,0,0,,0,METRO,"BRUNDAGE LN","P ST",290.00,E,N,A,-,N,,,,,,,,,,Y,2,0,1,2,A,-,11,21954,A,F,G,B,D,A,H,-,C,D,0,Y,,,,Y,,N,60,1,0,0,0,1,0,0,0,0,"- ","- ",35.353809356689453,-119.01167297363281,KERN,BAKERSFIELD,-119.01091766357422,35.353878021240234
8772370,2018,2019-01-12,1502,2018-12-20,1653,P82,,4,5,6,1502,0,0,0,,0,SOUTH,"WIBLE RD","HOSKING AV",45.00,N,N,A,-,N,,,,,,,,,,Y,2,0,3,2,A,-,03,22350,,N,C,C,A,A,H,-,C,A,0,,,,,Y,,A,07,1,0,2,0,0,0,0,0,0,"- ","- ",35.281108856201172,-119.03945159912109,KERN,BAKERSFIELD,-119.03897857666016,35.281513214111328
8778769,2018,2019-02-02,1502,2018-07-02,2237,1241,,1,5,6,1502,0,0,0,,0,VALLEY,"SAN MATEO DR","CALLE DEL SOL ST",166.00,W,N,A,-,N,,,,,,,,,,N,2,0,2,1,C,-,18,,,N,E,I,A,A,H,-,C,D,0,,,Y,,Y,,-,"- ",1,1,0,0,0,0,0,0,2,"- ","- ",33.349441528320312,-118.94191741943359,KERN,BAKERSFIELD,-118.94206237792969,35.349472045898438
8779582,2018,2019-02-06,1502,2018-12-27,1722,1188,,4,5,6,1502,0,0,0,,0,HILL,"RT 178","CANTERIA DR",2000.00,W,N,A,-,Y,KER,6,178,-,R,8.860,H,-,E,Y,2,0,1,1,A,-,08,22107,,N,E,I,A,A,H,-,D,D,0,,,,,Y,,A,08,1,0,0,0,0,0,0,0,0,"- ","- ",35.397621154785156,-118.88951110839844,KERN,BAKERSFIELD,-118.89030456542969,35.398025512695312
8790423,2018,2019-01-31,1506,2018-12-07,1736,1781,29,5,5,4,1506,0,0,0,,0,,"LA MIRAGE ST","FRENCH AV",65.00,S,N,A,-,N,,,,,,,,,,N,2,0,1,2,A,-,10,21950,C,F,G,B,E,A,H,-,D,D,0,Y,,,,Y,,-,99,1,0,0,0,1,0,0,0,0,"- ","- ",35.628299713134766,-117.66755676269531,KERN,RIDGECREST,-117.66474914550781,35.628425598144531
8792615,2019,2019-02-19,1502,2019-01-24,1617,1181,,4,5,6,1502,0,0,0,,0,METRO,"CHESTER AV","9TH ST",0.00,,Y,A,-,N,,,,,,,,,,N,2,0,1,3,A,-,09,21802,A,N,D,C,C,A,H,-,A,A,0,Y,,,,Y,Y,-,99,1,0,0,0,1,0,0,0,0,"- ","- ",35.36553955078125,-119.01849365234375,KERN,BAKERSFIELD,-119.01886749267578,35.365550994873047
8805466,2019,2019-03-05,1506,2019-02-03,2038,8216,34,7,5,4,1506,0,0,0,,0,,"W UPJOHN AV","S ACACIA AV",0.00,,Y,A,-,N,,,,,,,,,,Y,2,0,1,2,A,-,01,23153,A,N,C,E,A,A,H,-,C,D,0,,,,,Y,Y,A,01,1,0,0,0,0,0,0,0,0,"- ","- ",35.615219116210938,-117.68956756591797,KERN,RIDGECREST,-117.68955993652344,35.615211486816406
8806432,2019,2019-03-08,1502,2019-02-20,2237,1188,,3,5,6,1502,0,0,0,,0,NORTH,"CALLOWAY DR","LAUREL PARK AV",660.00,S,N,C,-,N,,,,,,,,,,N,2,0,1,2,A,-,11,21954,A,N,G,B,D,B,H,-,C,D,0,Y,,,,Y,,N,60,1,0,0,0,1,0,0,0,0,"- ","- ",35.403480529785156,-119.10990142822266,KERN,BAKERSFIELD,-119.11000823974609,35.401649475097656
8808416,2019,2021-05-20,1511,2019-07-17,1329,53082,3,3,5,2,1511,0,0,0,,0,00A,"CALIFORNIA CITY BL","VIVIAN DR",0.00,,Y,A,-,N,,,,,,,,,,Y,1,1,1,2,A,-,08,22107,,N,D,C,A,A,H,-,A,D,0,,,,,Y,Y,A,01,0,0,1,0,0,0,0,0,0,"- ","- ",35.125949859619141,-118.00579071044922,KERN,"CALIFORNIA CITY",-118.00582885742188,35.125728607177734
8821267,2019,2019-04-25,1507,2019-03-11,1220,274,100,1,5,3,1507,0,0,0,,0,,"CHERRY AV","SANTA FE WY",0.00,,Y,A,-,N,,,,,,,,,,Y,2,0,2,2,A,-,09,21802,A,N,D,C,A,A,H,-,A,A,0,,,,,Y,,-,,1,1,0,0,0,0,0,0,0,"- ","- ",35.477588653564453,-119.24302673339844,KERN,SHAFTER,-119.24305725097656,35.477611541748047