CASE_ID,ACCIDENT_YEAR,PROC_DATE,JURIS,COLLISION_DATE,COLLISION_TIME,OFFICER_ID,REPORTING_DISTRICT,DAY_OF_WEEK,CHP_SHIFT,POPULATION,CNTY_CITY_LOC,SPECIAL_COND,BEAT_TYPE,CHP_BEAT_TYPE,CITY_DIVISION_LAPD,CHP_BEAT_CLASS,BEAT_NUMBER,PRIMARY_RD,SECONDARY_RD,DISTANCE,DIRECTION,INTERSECTION,WEATHER_1,WEATHER_2,STATE_HWY_IND,CALTRANS_COUNTY,CALTRANS_DISTRICT,STATE_ROUTE,ROUTE_SUFFIX,POSTMILE_PREFIX,POSTMILE,LOCATION_TYPE,RAMP_INTERSECTION,SIDE_OF_HWY,TOW_AWAY,COLLISION_SEVERITY,NUMBER_KILLED,NUMBER_INJURED,PARTY_COUNT,PRIMARY_COLL_FACTOR,PCF_CODE_OF_VIOL,PCF_VIOL_CATEGORY,PCF_VIOLATION,PCF_VIOL_SUBSECTION,HIT_AND_RUN,TYPE_OF_COLLISION,MVIW,PED_ACTION,ROAD_SURFACE,ROAD_COND_1,ROAD_COND_2,LIGHTING,CONTROL_DEVICE,CHP_ROAD_TYPE,PEDESTRIAN_ACCIDENT,BICYCLE_ACCIDENT,MOTORCYCLE_ACCIDENT,TRUCK_ACCIDENT,NOT_PRIVATE_PROPERTY,ALCOHOL_INVOLVED,STWD_VEHTYPE_AT_FAULT,CHP_VEHTYPE_AT_FAULT,COUNT_SEVERE_INJ,COUNT_VISIBLE_INJ,COUNT_COMPLAINT_PAIN,COUNT_PED_KILLED,COUNT_PED_INJURED,COUNT_BICYCLIST_KILLED,COUNT_BICYCLIST_INJURED,COUNT_MC_KILLED,COUNT_MC_INJURED,PRIMARY_RAMP,SECONDARY_RAMP,LATITUDE,LONGITUDE,COUNTY,CITY,POINT_X,POINT_Y
8821978,2018,2019-03-28,1502,2018-09-14,2209,1177,,5,5,6,1502,0,0,0,,0,METRO,"TRUXTUN AV","ROBINSON ST",1.00,E,N,A,-,N,,,,,,,,,,N,2,0,4,5,A,-,11,21954,A,F,G,B,D,A,H,-,C,D,0,Y,,,,Y,Y,N,60,2,1,1,0,4,0,0,0,0,"- ","- ",35.373519897460938,-118.98593902587891,KERN,BAKERSFIELD,-118.98577880859375,35.373241424560547
8826058,2019,2019-03-22,1506,2019-02-26,0005,6068,39,2,5,4,1506,0,0,0,,0,,"S RICHMOND RD","UPJOHN AV",445.00,N,N,A,-,N,,,,,,,,,,Y,2,0,1,2,A,-,01,23152,A,N,C,C,A,A,H,-,D,D,0,,,Y,,Y,Y,C,02,1,0,0,0,0,0,0,0,1,"- ","- ",35.617568969726562,-117.64855194091797,KERN,RIDGECREST,-117.64816284179688,35.616527557373047
8826632,2019,2019-05-09,1502,2019-03-19,2022,1195,,2,5,6,1502,0,0,0,,0,VALLEY,"WIBLE RD","WILSON RD",6.00,N,N,A,-,N,,,,,,,,,,N,2,0,1,2,A,-,11,21456,B,N,G,B,B,A,H,-,C,A,0,Y,,,,Y,Y,N,60,1,0,0,0,1,0,0,0,0,"- ","- ",35.332359313964844,-119.03898620605469,KERN,BAKERSFIELD,-119.03897857666016,35.332218170166016
8840677,2019,2019-04-19,1502,2019-04-03,1256,1149,,3,5,6,1502,0,0,0,,0,METRO,"BRUNDAGE LN","HOUCHIN RD",73.00,W,N,B,-,N,,,,,,,,,,N,2,0,2,3,A,-,11,21954,A,N,G,B,D,A,H,-,A,D,0,Y,,,,Y,,N,60,1,0,1,0,2,0,0,0,0,"- ","- ",35.353981018066406,-119.02317810058594,KERN,BAKERSFIELD,-119.02361297607422,35.353981018066406
8848236,2019,2019-05-02,1502,2019-04-13,2226,1223,,6,5,6,1502,0,0,0,,0,SOUTH,"HOSKING AV","ASPEN CREEK DR",17.00,E,N,A,-,N,,,,,,,,,,Y,2,0,2,3,A,-,01,23152,A,N,D,C,A,A,H,-,C,D,0,,,Y,,Y,Y,D,22,1,1,0,0,0,0,0,0,2,"- ","- ",35.280998229980469,-119.04199981689453,KERN,BAKERSFIELD,-119.04203033447266,35.281398773193359
8852752,2019,2019-05-10,1502,2019-04-26,2227,1268,,5,5,6,1502,0,0,0,,0,VALLEY,"PANAMA LN","FINCH WY",111.00,E,N,A,-,N,,,,,,,,,,N,2,0,1,2,A,-,01,23152,A,N,C,E,A,A,H,-,C,D,0,,,Y,,Y,Y,C,02,1,0,0,0,0,0,0,0,1,"- ","- ",35.295841217041016,-119.01625823974609,KERN,BAKERSFIELD,-119.01539611816406,35.295883178710938
8858391,2019,2019-05-29,1502,2019-05-10,0005,1153,,5,5,6,1502,0,0,0,,0,VALLEY,"HOSKING AV","ZERMATT ST",106.00,E,N,B,C,N,,,,,,,,,,Y,2,0,1,2,A,-,01,23152,A,N,A,C,A,B,H,-,C,D,0,,,,,Y,Y,D,22,1,0,0,0,0,0,0,0,0,"- ","- ",35.281318664550781,-119.01802062988281,KERN,BAKERSFIELD,-119.01698303222656,35.281364440917969
8868065,2019,2019-05-29,1507,2019-05-13,1543,270,27,1,5,3,1507,0,0,0,,0,,"EAST LERDO HWY","ZERKER RD",546.00,E,N,A,-,N,,,,,,,,,,Y,2,0,1,2,A,-,08,22107,,N,H,A,A,A,H,-,A,D,0,,,Y,,Y,,C,02,1,0,0,0,0,0,0,0,1,"- ","- ",35.499980926513672,-119.16098022460938,KERN,SHAFTER,-119.16835784912109,35.499790191650391
8873980,2019,2019-06-13,1506,2019-04-16,2125,8216,34,2,5,4,1506,0,0,0,,0,,"W UPJOHN AV","VISTA ST",0.00,,Y,A,-,N,,,,,,,,,,Y,2,0,1,4,A,-,01,23152,A,N,A,E,A,A,H,-,C,D,0,,,,,Y,Y,A,01,1,0,0,0,0,0,0,0,0,"- ","- ",35.614940643310547,-117.69194030761719,KERN,RIDGECREST,-117.69319152832031,35.615211486816406
8902661,2019,2019-08-22,1509,2019-07-14,1225,949,E,7,5,3,1509,0,0,0,,0,,"DENNISON RD","EAST VALLEY BL",0.00,,Y,A,-,N,,,,,,,,,,Y,2,0,1,2,A,-,03,22350,,N,C,C,A,A,H,-,A,A,0,,,Y,,Y,,D,22,1,0,0,0,0,0,0,0,1,"- ","- ",35.124259948730469,-118.43211364746094,KERN,TEHACHAPI,-118.43215942382812,35.1243896484375
8903328,2019,2019-08-26,1515,2019-07-05,1232,58031,B,5,5,1,1515,0,0,0,,0,,"BEAR VALLEY RD","DEERTRAIL DR",2042.00,E,N,A,-,N,,,,,,,,,,N,2,0,1,2,A,-,03,22350,,N,H,I,A,A,H,-,A,D,0,,,Y,,Y,,C,02,1,0,0,0,0,0,0,0,1,"- ","- ",35.147270202636719,-118.57602691650391,KERN,"BEAR VALLEY SPRINGS",-118.63687896728516,35.169570922851562
8910940,2020,2020-04-13,1507,2020-02-21,1535,259,10,5,5,3,1507,0,0,0,,0,,"W TULARE AV","W TULARE AV 600",0.00,,N,A,-,N,,,,,,,,,,Y,1,1,3,1,C,-,18,,,N,E,J,A,A,H,-,A,D,0,,,,,Y,,-,"- ",1,1,1,0,0,0,0,0,0,"- ","- ",35.507129669189453,-119.29602813720703,KERN,SHAFTER,,
8911008,2019,2021-06-02,1511,2019-12-30,1628,53016,,1,5,2,1511,0,0,0,,0,,"LINCOLN BL","S COLUMBIA RD",0.00,,Y,A,-,N,,,,,,,,,,Y,1,1,1,2,A,-,09,21800,A,N,D,C,A,A,B,-,B,D,0,,,Y,,Y,Y,C,06,0,1,0,0,0,0,0,1,0,"- ","- ",,,KERN,"CALIFORNIA CITY",-117.79109191894531,35.184741973876953
8911083,2019,2021-05-25,1502,2019-02-05,1030,1149,,2,5,6,1502,0,0,0,,0,NORTH,"RT 58","CALLOWAY DR",10.00,W,N,A,-,N,,,58,,,,,,,N,1,1,0,2,A,-,10,21950,A,N,G,B,B,A,H,-,A,A,0,Y,,,,Y,,D,22,0,0,0,1,0,0,0,0,0,"- ","- ",35.383480072021484,-119.11012268066406,KERN,BAKERSFIELD,-119.11012268066406,35.383457183837891
8911084,2019,2021-05-25,1502,2019-04-25,2117,1033,,4,5,6,1502,0,0,0,,0,NORTH,"RT 58","DEAN AV",318.00,E,N,A,-,N,,,58,,,,,,,N,1,1,0,2,A,-,11,21954,A,N,G,B,D,A,H,-,C,A,0,Y,,,Y,Y,Y,N,60,0,0,0,1,0,0,0,0,0,"- ","- ",35.383548736572266,-119.11727142333984,KERN,BAKERSFIELD,-119.11727142333984,35.383476257324219
8911101,2019,2020-05-19,1502,2019-12-08,1516,1326,,7,5,6,1502,0,0,0,,0,SOUTH,"PANAMA LN","GIBBS DR",216.00,E,N,C,-,N,,,,,,,,,,Y,1,1,6,2,A,-,08,22107,,N,A,C,A,B,H,-,B,D,0,,,,,Y,,A,07,0,5,1,0,0,0,0,0,0,"- ","- ",35.295509338378906,-119.06417083740234,KERN,BAKERSFIELD,-119.06203460693359,35.295871734619141
8911105,2019,2020-06-04,1502,2019-02-01,1806,1212,,5,5,6,1502,0,0,0,,0,METRO,"H ST","CHERRY ST",10.00,N,N,C,-,N,,,,,,,,,,Y,1,1,0,2,A,-,11,21954,A,N,G,B,D,B,H,-,C,D,0,Y,,,,Y,Y,N,60,0,0,0,1,0,0,0,0,0,"- ","- ",35.364040374755859,-119.02088165283203,KERN,BAKERSFIELD,-119.02124786376953,35.364055633544922
8911341,2020,2022-06-11,1511,2020-04-19,1641,53301,,7,5,2,1511,0,0,0,,0,00A,"RANDSBURG MOJAVE RD","140TH ST",61.00,S,-,A,-,N,,,,,,,,,,Y,1,1,0,2,A,-,09,21801,A,N,D,C,A,A,G,-,A,D,0,,,Y,,Y,,A,01,0,0,0,0,0,0,0,1,0,"- ","- ",35.183040618896484,-117.87843322753906,KERN,"CALIFORNIA CITY",-117.88003540039062,35.181282043457031
8911634,2020,2022-06-11,1511,2020-06-04,1755,53316,5,4,5,2,1511,0,0,0,,0,00A,"REDWOOD BL","98TH ST",0.00,,Y,A,-,N,,,,,,,,,,Y,1,1,0,2,A,-,08,22107,,N,D,C,A,A,H,-,A,D,0,,,,,Y,,-,,0,0,0,0,0,0,0,0,0,"- ","- ",35.111289978027344,-117.955322265625,KERN,"CALIFORNIA CITY",-117.953266,35.111330000000002
8911906,2019,2021-03-19,1502,2019-03-14,1026,1212,,4,5,6,1502,0,0,0,,0,METRO,"UNION AV","17TH ST",52.00,S,N,A,-,N,,,204,,,,,,,Y,1,1,0,2,A,-,09,21801,A,N,C,C,A,A,H,-,A,D,0,,,Y,,Y,,A,01,0,0,0,0,0,0,0,1,0,"- ","- ",35.374691009521484,-119.00302886962891,KERN,BAKERSFIELD,-119.00292205810547,35.374691009521484
8939100,2019,2021-05-28,1500,2019-08-23,2056,202381,"WA 02",5,5,3,1510,0,0,0,,0,4401,"RT 46","CENTRAL AV",0.00,,Y,A,-,Y,KER,6,46,-,-,49.490,H,-,E,Y,1,1,0,2,A,-,03,22350,,N,C,C,A,A,H,-,C,A,0,,,,Y,Y,Y,D,22,0,0,0,0,0,0,0,0,0,"- ","- ",,,KERN,WASCO,-119.35868835449219,35.601543426513672
8939133,2018,2020-05-22,1502,2018-10-29,1852,1033,,1,5,6,1502,0,0,0,,0,METRO,"TRUXTUN AV","BROWN ST",30.00,W,N,A,-,N,,,,,,,,,,N,1,1,0,2,A,-,11,21954,A,F,G,B,D,A,H,-,C,A,0,Y,,,,Y,,N,60,0,0,0,1,0,0,0,0,0,"- ","- ",35.373409271240234,-118.98092651367188,KERN,BAKERSFIELD,-118.98088836669922,35.373165130615234
8939329,2019,2021-05-20,1508,2019-07-23,0537,136,3B,2,5,2,1508,0,0,0,,0,,"RT 33","4TH ST",0.00,,Y,A,-,Y,KER,6,33,-,-,18.630,I,5,S,N,1,1,0,2,A,-,11,21950,B,N,G,B,D,A,H,-,C,A,0,Y,,,,Y,,N,60,0,0,0,1,0,0,0,0,0,"- ","- ",35.124221801757812,-119.45673370361328,KERN,TAFT,-119.45673370361328,35.142234802246094
8939623,2020,2020-02-19,1506,2020-01-11,1040,3618,30,6,5,4,1506,0,0,0,,0,,"CHAMBERS ST","COTTONWOOD DR",280.00,N,N,A,-,N,,,,,,,,,,N,1,1,1,1,A,-,21,22106,,N,G,B,A,A,H,-,A,D,0,,,,,Y,,D,22,0,1,0,0,0,0,0,0,0,"- ","- ",,,KERN,RIDGECREST,-117.65428161621094,35.623794555664062
8946537,2018,2019-10-09,1503,2018-06-01,1240,10159,6010,5,5,4,1503,0,0,0,,0,,"WOOLLOMES AV","BELMONT ST",16.00,S,N,A,-,N,,,,,,,,,,Y,2,0,1,2,A,-,12,22450,A,N,D,C,A,A,H,-,A,A,0,,,,Y,Y,,A,01,1,0,0,0,0,0,0,0,0,"- ","- ",35.746898651123047,-119.24958038330078,KERN,DELANO,-119.25503540039062,35.746849060058594
8962104,2019,2019-10-23,1501,2019-09-17,1321,989,3,2,5,3,1501,0,0,0,,0,001,"N HILL ST","BEAR MOUNTAIN BL",0.00,,Y,A,-,N,,,,,,,,,,N,2,0,3,3,A,-,12,21453,A,N,H,C,F,A,H,-,A,A,0,Y,,,,Y,,I,12,1,1,1,0,1,0,0,0,0,"- ","- ",35.209159851074219,-118.83094787597656,KERN,ARVIN,-118.83095,35.209139999999998
8968250,2019,2019-11-20,1509,2019-10-24,1139,942,W,4,5,3,1509,0,0,0,,0,,"S CURRY ST","W F ST",0.00,,Y,A,-,N,,,,,,,,,,Y,2,0,1,2,A,-,09,21802,A,N,D,C,A,A,H,-,A,A,0,,,,,Y,,D,22,1,0,0,0,0,0,0,0,0,"- ","- ",35.131240844726562,-118.44933319091797,KERN,TEHACHAPI,-118.44933319091797,35.131248474121094
8989481,2018,2019-11-26,1503,2018-12-21,1910,10165,6010,5,5,4,1503,0,0,0,,0,,"GARZOLI AV","GORZOLI AVE 11000",0.00,,N,A,-,N,,,,,,,,,,Y,2,0,1,2,A,-,05,21202,A,N,H,G,A,A,H,-,C,D,0,,Y,,,Y,,A,01,1,0,0,0,0,0,1,0,0,"- ","- ",35.743900299072266,-119.24823760986328,KERN,DELANO,-119.241778,35.739468000000002
8989513,2018,2019-11-26,1503,2018-10-26,2300,10159,,5,5,4,1503,0,0,0,,0,,"HIETT AV","FRANCISCAN PLAZA",700.00,N,N,A,-,N,,,,,,,,,,N,2,0,1,2,A,-,"- ",,,N,H,A,F,A,H,-,C,D,0,Y,,,,Y,,A,07,1,0,0,0,1,0,0,0,0,"- ","- ",35.772560119628906,-119.26873779296875,KERN,DELANO,-119.26741790771484,35.773830413818359
8993949,2019,2020-01-13,1507,2019-11-21,0110,285,27,4,5,3,1507,0,0,0,,0,,"LERDO HWY","CHERRY AV",4224.00,E,N,C,-,N,,,,,,,,,,Y,2,0,1,1,A,-,08,22107,,N,E,J,A,B,H,-,D,A,0,,,,,Y,,A,01,1,0,0,0,0,0,0,0,0,"- ","- ",35.499858856201172,-119.24275207519531,KERN,SHAFTER,-119.22857666015625,35.49981689453125
90009678,2015,2015-10-19,9430,2015-08-10,1515,013402,,1,2,9,1500,0,1,1,,2,053,"I-5 S/B","#4 TURN THROUGH",15.00,S,N,A,-,Y,,,5,,,,,,S,Y,2,0,2,1,A,-,08,22107,,N,E,I,A,A,H,-,A,D,0,,,,,Y,,A,07,2,0,0,0,0,0,0,0,0,"- ","- ",34.902940000000001,-118.92319999999999,KERN,UNINCORPORATED,-118.9232794,34.90292161
90010786,2015,2015-10-19,9420,2015-08-15,1710,019316,,6,2,9,1500,0,3,5,,2,510,"STRADLEY AVENUE","SCHUSTER ROAD",0.00,,Y,A,-,N,,,,,,,,,,Y,2,0,2,2,A,-,12,22450,A,N,D,C,A,A,H,-,A,A,0,,,,,Y,Y,D,22,1,1,0,0,0,0,0,0,0,"- ","- ",35.73236,-119.25834999999999,KERN,UNINCORPORATED,-119.25832991999999,35.732280029999998
90011144,2015,2015-10-19,9420,2015-08-19,0230,018445,,3,3,9,1500,0,3,5,,2,672,"E. PACHECO ROAD","COTTONWOOD ROAD",0.00,,Y,A,-,N,,,,,,,,,,Y,2,0,3,1,A,-,01,23152,A,N,F,A,A,A,H,-,D,D,0,,,,,Y,Y,A,01,2,1,0,0,0,0,0,0,0,"- ","- ",35.31062,-118.985,KERN,UNINCORPORATED,-118.98541013000001,35.310420069999999
90012297,2015,2015-10-19,9426,2015-08-27,0655,018853,,4,1,9,1500,0,1,1,,2,500,"I-5 N/B","TWISSELMAN RD",800.00,S,N,A,-,Y,,,5,,,,,,N,Y,2,0,2,1,A,-,08,22107,,N,F,A,A,A,H,-,A,D,0,,,,,Y,,A,01,1,1,0,0,0,0,0,0,0,"- ","- ",35.73048,-119.7372,KERN,UNINCORPORATED,-119.73774679,35.730072280000002
90014945,2015,2015-12-09,9420,2015-08-29,2000,019903,,6,2,9,1500,0,2,4,,1,072,"NILES STREET E/B","TATE STREET",0.00,,Y,A,-,N,,,,,,,,,,Y,2,0,1,2,A,-,12,22450,A,N,D,G,A,A,H,-,D,A,0,,Y,,,Y,,L,04,1,0,0,0,0,0,1,0,0,"- ","- ",35.375860000000003,-118.94756,KERN,UNINCORPORATED,-118.94748010000001,35.37593004
90014988,2015,2015-10-19,9420,2015-08-22,1140,019459,,6,1,9,1500,0,2,4,,1,075,"SOUTH UNION AVENUE","SOUTH CHESTER AVE",0.00,,Y,A,-,N,,,,,,,,,,Y,2,0,1,2,A,-,09,21801,A,N,D,C,A,A,H,-,A,D,0,,,Y,,Y,,A,01,1,0,0,0,0,0,0,0,1,"- ","- ",35.318570000000001,-119.00305,KERN,UNINCORPORATED,-119.00313009,35.318780019999998
90015018,2015,2015-10-19,9420,2015-08-26,1630,016691,,3,2,9,1500,0,3,5,,2,060,"CASTAIC AVE","SCOFIELD DR",596.00,W,N,A,-,N,,,,,,,,,,N,2,0,1,2,C,-,18,,,N,G,B,D,A,H,-,A,D,0,Y,,,,Y,,-,"- ",1,0,0,0,1,0,0,0,0,"- ","- ",35.418869999999998,-119.04625,KERN,UNINCORPORATED,-119.0475778,35.418890179999998
90016053,2015,2015-10-19,9420,2015-09-05,0454,019442,,6,3,9,1500,0,3,5,,2,040,"GRANITE RD.","ROUND MOUNTAIN RD.",1584.00,S,N,A,-,N,,,,,,,,,,Y,2,0,1,1,A,-,01,23152,A,N,E,I,A,A,H,-,D,D,0,,,,,Y,Y,D,22,1,0,0,0,0,0,0,0,0,"- ","- ",35.528860000000002,-118.96651,KERN,UNINCORPORATED,-118.96647204999999,35.528935490000002
90017650,2015,2016-10-07,9426,2015-09-12,1530,018610,,6,2,9,1500,0,1,3,,1,118,SR-119,"DUSTIN ACRES RD",1584.00,E,N,B,-,Y,,,119,,,,,,,Y,1,1,3,2,A,-,03,22350,,N,C,C,A,A,H,-,A,D,0,,,,,Y,,A,07,0,1,2,0,0,0,0,0,0,"- ","- ",35.22025,-119.38917000000001,KERN,UNINCORPORATED,-119.38920453999999,35.220301489999997
90018192,2015,2015-10-19,9426,2015-09-04,0705,016828,,5,1,9,1500,0,1,3,,1,167,SR-166,"THE AQUEDUCT",711.00,W,N,A,-,Y,,,166,,,,,,,Y,2,0,3,3,A,-,08,22107,,N,B,C,A,A,H,-,A,D,0,,,,Y,Y,,D,22,2,0,1,0,0,0,0,0,0,"- ","- ",35.058999999999997,-119.09443,KERN,UNINCORPORATED,-119.09442995000001,35.058988569999997
90018307,2015,2015-10-19,9420,2015-09-09,1535,018643,,3,2,9,1500,0,3,5,,2,030,"CALIENTE CREEK ROAD","CALIENTE BODFISH ROAD",45936.00,E,N,A,-,N,,,,,,,,,,N,2,0,1,1,C,-,18,,,N,H,H,A,A,H,-,A,D,0,,,Y,,Y,,-,"- ",1,0,0,0,0,0,0,0,1,"- ","- ",35.304180000000002,-118.45959000000001,KERN,UNINCORPORATED,-118.58374000000001,35.304810000000003
90019233,2015,2015-10-19,9420,2015-09-06,0230,019845,,7,3,4,1503,0,1,3,,2,091,"SR-99 (S/B) TO CECIL AVENUE","CECIL AVENUE",630.00,N,N,A,-,Y,,,99,,,,R,,,Y,2,0,3,1,A,-,01,23152,A,N,E,I,A,A,H,-,C,D,0,,,,,Y,Y,A,01,1,0,2,0,0,0,0,0,0,"- ","- ",35.777830000000002,-119.25338000000001,KERN,DELANO,-119.25338000000001,35.777830000000002
90025068,2015,2015-10-19,9420,2015-09-23,0446,018117,,3,3,6,1502,0,1,3,,2,093,"SR-99 S/B","PALM AVENUE",47.00,S,N,A,-,Y,,,,,,,,,,Y,2,0,2,3,A,-,01,23152,A,N,C,C,A,A,H,-,C,D,0,,,,,Y,Y,A,07,1,1,0,0,0,0,0,0,0,"- ","- ",,,KERN,BAKERSFIELD,-119.03960671,35.361191490000003
90026435,2015,2015-10-19,9420,2015-09-17,1950,019856,,4,2,9,1500,0,2,4,,1,075,"SOUTH UNION AVENUE","WHITE LANE",0.00,,Y,A,-,N,,,,,,,,,,Y,2,0,1,2,A,-,12,21453,A,N,D,C,A,A,H,-,C,A,0,,,Y,,Y,,C,02,1,0,0,0,0,0,0,0,1,"- ","- ",35.317700000000002,-119.00306,KERN,UNINCORPORATED,-119.00313005,35.317750109999999
90028607,2015,2015-10-19,9430,2015-10-02,1000,016050,,5,1,9,1500,0,1,1,,2,054,"I-5 (N/B) TO LAVAL RD. (EAST)","LAVAL RD.",764.00,S,N,B,-,Y,,,5,,,,R,,,Y,2,0,1,1,A,-,08,22107,,N,F,A,A,A,H,-,A,D,0,,,Y,,Y,,C,02,1,0,0,0,0,0,0,0,1,"- ","- ",34.985320000000002,-118.94443,KERN,UNINCORPORATED,-118.94443,34.985320000000002
90029365,2015,2015-10-19,9420,2015-09-27,0855,019140,,7,1,9,1500,0,2,4,,1,052,"GOLDEN STATE HIGHWAY","SR-99 S/B OVERCROSSING",121.00,N,N,A,-,N,,,,,,,,,,Y,2,0,1,1,A,-,08,22107,,N,E,I,A,A,H,-,A,D,0,,,,,Y,,D,22,1,0,0,0,0,0,0,0,0,"- ","- ",35.421779999999998,-119.06135999999999,KERN,UNINCORPORATED,-119.06151652,35.421848730000001
90034974,2015,2015-10-20,9830,2015-10-10,0409,012724,9830,6,3,9,1500,0,1,3,,1,040,"SR-14 S/B","SIERRA HWY",0.00,,Y,A,-,Y,,,14,,,,,,S,Y,2,0,2,1,A,-,03,22350,,N,E,I,A,A,H,-,C,A,0,,,,,Y,,A,01,1,0,1,0,0,0,0,0,0,"- ","- ",35.066499999999998,-118.17837,KERN,UNINCORPORATED,-118.17829933,35.066514159999997
90036001,2015,2015-10-22,9420,2015-10-18,1937,019459,,7,2,9,1500,0,2,4,,1,051,"NORTH CHESTER AVENUE","ARVIN STREET",186.00,N,N,A,-,N,,,,,,,,,,Y,2,0,2,3,A,-,11,21954,A,N,G,B,D,A,H,-,D,D,0,Y,,,,Y,Y,N,60,2,0,0,0,2,0,0,0,0,"- ","- ",35.423490000000001,-119.02115000000001,KERN,UNINCORPORATED,-119.02128999999999,35.423710370000002
90036125,2015,2015-10-22,9426,2015-09-24,1620,018633,,4,2,9,1500,0,3,5,,2,087,"COPUS RD","OLD RIVER RD",26400.00,W,N,A,-,N,,,,,,,,,,Y,2,0,4,1,A,-,08,22107,,N,E,I,A,A,H,-,A,D,0,,,,,Y,,A,01,1,3,0,0,0,0,0,0,0,"- ","- ",35.094110000000001,-119.20144999999999,KERN,UNINCORPORATED,-119.19806635,35.094003100000002
90037797,2015,2015-10-26,9420,2015-10-18,0035,019903,,7,3,9,1500,0,2,4,,1,072,"NILES ST","OSWELL ST",210.00,E,N,A,-,N,,,,,,,,,,Y,2,0,3,1,A,-,01,23152,A,N,E,I,A,A,H,-,C,A,0,,,,,Y,Y,A,01,2,0,1,0,0,0,0,0,0,"- ","- ",35.375779999999999,-118.94889000000001,KERN,UNINCORPORATED,-118.94911657999999,35.375977710000001
90038444,2015,2015-10-26,9830,2015-10-09,0347,015252,,5,3,9,1500,0,1,2,,1,054,"US HIGHWAY 395","GARLOCK ROAD",652.00,N,N,A,-,Y,,,395,,,,,,,Y,2,0,3,2,A,-,01,23152,E,N,A,C,A,A,H,-,D,D,0,,,,Y,Y,,A,07,1,2,0,0,0,0,0,0,0,"- ","- ",35.43526,-117.67104,KERN,UNINCORPORATED,-117.67108851,35.435287590000002
90039060,2015,2015-10-27,9426,2015-10-11,2500,016780,,7,4,9,1500,0,3,5,,2,082,"MAIN DRAIN ROAD","SNOW ROAD",528.00,S,N,A,-,N,,,,,,,,,,Y,1,1,0,1,A,-,08,22107,,N,F,A,A,A,H,-,D,D,0,,,,,Y,,A,01,0,0,0,0,0,0,0,0,0,"- ","- ",35.42597,-119.53232,KERN,UNINCORPORATED,-119.53214441,35.425777709999998
90039322,2015,2015-11-17,9420,2015-10-16,1535,017253,,5,2,9,1500,0,1,3,,1,650,"SR-65 (PORTERVILLE HIGHWAY)",SR-155,5808.00,S,N,A,-,Y,,,65,,,,,,,Y,1,1,2,2,A,-,05,21460,A,N,A,C,A,A,H,-,A,D,0,,,,,Y,,A,07,0,1,1,0,0,0,0,0,0,"- ","- ",35.745010000000001,-119.05462,KERN,UNINCORPORATED,-119.05466237,35.745034740000001
90041889,2015,2015-10-30,9420,2015-09-11,1640,019461,,5,2,9,1500,0,1,3,,1,650,SR-65,"FAMOSO RD.",13200.00,S,N,A,-,Y,,,65,,,,,,,Y,2,0,1,2,A,-,03,22350,,N,D,C,A,A,H,-,A,D,0,,,,,Y,,A,07,1,0,0,0,0,0,0,0,0,"- ","- ",35.568890000000003,-119.08794,KERN,UNINCORPORATED,-119.08796814,35.568890209999999
90046641,2015,2015-11-09,9420,2015-11-04,1722,016691,,3,2,9,1500,0,1,3,,1,583,"SR-58 (ROSEDALE HWY)","NORD RD",0.00,,Y,A,-,Y,,,58,,,,,,,Y,2,0,2,2,A,-,09,21802,A,N,D,C,A,A,H,-,D,A,0,,,,,Y,,D,22,1,0,1,0,0,0,0,0,0,"- ","- ",35.383839999999999,-119.19896,KERN,UNINCORPORATED,-119.19896016,35.383474
90049948,2015,2015-11-12,9420,2015-11-04,1915,017256,,3,2,9,1500,0,2,4,,1,072,"E. BRUNDAGE LN",SR-184,0.00,,Y,A,-,Y,,,,,,,,,,Y,2,0,6,2,A,-,09,21801,A,N,A,C,A,A,H,-,C,A,0,,,,Y,Y,,G,25,1,2,3,0,0,0,0,0,0,"- ","- ",35.353490000000001,-118.91493,KERN,UNINCORPORATED,,
90056933,2015,2015-11-23,9420,2015-11-07,1855,019868,,6,2,9,1500,0,1,3,,2,430,SR-43,"GARCES HWY",0.00,,Y,A,-,Y,,,43,,,,,,,Y,2,0,7,2,A,-,12,22450,A,N,D,C,A,A,H,-,D,A,0,,,,,Y,,A,01,2,1,4,0,0,0,0,0,0,"- ","- ",35.761180000000003,-119.3443,KERN,UNINCORPORATED,-119.34439584,35.761147010000002
90056943,2015,2015-11-23,9420,2015-11-08,1130,018555,,7,1,9,1500,0,3,5,,2,671,"PANAMA LANE","INO MADERA STREET",0.00,,Y,A,-,N,,,,,,,,,,Y,2,0,2,2,A,-,09,21804,A,N,D,C,A,A,H,-,A,D,0,,,,,Y,,A,01,1,0,1,0,0,0,0,0,0,"- ","- ",35.295940000000002,-118.9376,KERN,UNINCORPORATED,-118.93763007,35.296010039999999
90062014,2015,2015-11-30,9830,2015-11-30,0530,014986,,1,3,9,1500,0,1,3,,1,015,SR-202,"SCHOUT RD.",2640.00,W,N,A,-,Y,,,202,,,,,,,Y,2,0,1,1,A,-,08,22107,,N,E,I,A,A,H,-,D,D,0,,,,,Y,,A,01,1,0,0,0,0,0,0,0,0,"- ","- ",35.111510000000003,-118.51227,KERN,UNINCORPORATED,-118.51229683,35.111599869999999
90062662,2015,2015-12-01,9420,2015-11-15,2345,018813,,7,3,9,1500,0,3,5,,2,672,"BUENA VISTA BLVD","VINELAND RD.",1506.00,W,N,B,-,N,,,,,,,,,,Y,2,0,1,1,A,-,08,22107,,N,E,A,A,A,H,-,D,D,0,,,,,Y,Y,A,01,1,0,0,0,0,0,0,0,0,"- ","- ",35.237870000000001,-118.90105,KERN,UNINCORPORATED,-118.90123629999999,35.237890870000001