CASE_ID,ACCIDENT_YEAR,PROC_DATE,JURIS,COLLISION_DATE,COLLISION_TIME,OFFICER_ID,REPORTING_DISTRICT,DAY_OF_WEEK,CHP_SHIFT,POPULATION,CNTY_CITY_LOC,SPECIAL_COND,BEAT_TYPE,CHP_BEAT_TYPE,CITY_DIVISION_LAPD,CHP_BEAT_CLASS,BEAT_NUMBER,PRIMARY_RD,SECONDARY_RD,DISTANCE,DIRECTION,INTERSECTION,WEATHER_1,WEATHER_2,STATE_HWY_IND,CALTRANS_COUNTY,CALTRANS_DISTRICT,STATE_ROUTE,ROUTE_SUFFIX,POSTMILE_PREFIX,POSTMILE,LOCATION_TYPE,RAMP_INTERSECTION,SIDE_OF_HWY,TOW_AWAY,COLLISION_SEVERITY,NUMBER_KILLED,NUMBER_INJURED,PARTY_COUNT,PRIMARY_COLL_FACTOR,PCF_CODE_OF_VIOL,PCF_VIOL_CATEGORY,PCF_VIOLATION,PCF_VIOL_SUBSECTION,HIT_AND_RUN,TYPE_OF_COLLISION,MVIW,PED_ACTION,ROAD_SURFACE,ROAD_COND_1,ROAD_COND_2,LIGHTING,CONTROL_DEVICE,CHP_ROAD_TYPE,PEDESTRIAN_ACCIDENT,BICYCLE_ACCIDENT,MOTORCYCLE_ACCIDENT,TRUCK_ACCIDENT,NOT_PRIVATE_PROPERTY,ALCOHOL_INVOLVED,STWD_VEHTYPE_AT_FAULT,CHP_VEHTYPE_AT_FAULT,COUNT_SEVERE_INJ,COUNT_VISIBLE_INJ,COUNT_COMPLAINT_PAIN,COUNT_PED_KILLED,COUNT_PED_INJURED,COUNT_BICYCLIST_KILLED,COUNT_BICYCLIST_INJURED,COUNT_MC_KILLED,COUNT_MC_INJURED,PRIMARY_RAMP,SECONDARY_RAMP,LATITUDE,LONGITUDE,COUNTY,CITY,POINT_X,POINT_Y
90064401,2015,2015-12-03,9420,2015-11-25,0200,018117,,3,3,9,1500,0,1,3,,2,177,"SR-178 W/B","CALL BOX 178-173",5808.00,E,N,B,-,Y,,,,,,,,,,Y,2,0,3,1,A,-,03,22350,,N,E,I,A,B,H,-,D,D,0,,,,,Y,,A,01,1,0,2,0,0,0,0,0,0,"- ","- ",,,KERN,UNINCORPORATED,,
90067703,2015,2015-12-08,9430,2015-12-02,2026,018266,,3,2,9,1500,0,2,4,,1,021,"FRAZIER MOUNTAIN PARK RD","FRAZIER MOUNTAIN PARK FRONTAGE RD",1056.00,W,N,A,-,N,,,,,,,,,,Y,2,0,1,1,A,-,08,22107,,N,E,I,A,A,H,-,D,A,0,,,,,Y,,A,01,1,0,0,0,0,0,0,0,0,"- ","- ",34.817979999999999,-118.89416,KERN,UNINCORPORATED,-119.00447,34.819470000000003
90069268,2015,2015-12-10,9420,2015-11-22,2138,019531,,7,2,6,1502,0,1,3,,2,092,"SR-99, N/B","BRUNDAGE LANE",300.00,N,N,A,-,Y,,,99,,,,,,N,Y,2,0,1,1,A,-,01,23152,A,N,E,I,A,A,H,-,C,D,0,,,,,Y,Y,A,07,1,0,0,0,0,0,0,0,0,"- ","- ",35.356110000000001,-119.03937000000001,KERN,BAKERSFIELD,-119.03934938,35.356109320000002
90072112,2015,2015-12-14,9420,2015-11-27,1740,016973,,5,2,9,1500,0,3,5,,2,672,"MADISON ST.","CASA LOMA DR.",190.00,N,N,A,-,N,,,,,,,,,,N,2,0,1,2,A,-,08,22107,,F,B,E,A,A,H,-,D,D,0,,,,,Y,,E,22,1,0,0,0,0,0,0,0,0,"- ","- ",35.340110000000003,-118.99432,KERN,UNINCORPORATED,-118.99425401000001,35.339971310000003
90078852,2015,2015-12-21,9420,2015-12-14,0215,017972,,1,3,9,1500,0,3,5,,2,672,"DI GIORGIO RD","EDISON RD",1450.00,W,N,B,-,N,,,,,,,,,,Y,2,0,1,1,A,-,01,23152,A,N,F,A,A,A,H,-,D,D,0,,,,,Y,Y,A,01,1,0,0,0,0,0,0,0,0,"- ","- ",35.252569999999999,-118.88315,KERN,UNINCORPORATED,-118.8832398,35.252537160000003
90080086,2015,2015-12-22,9420,2015-10-30,0800,013672,,5,1,9,1500,0,1,3,,2,091,"SR-99 S/B (GOLDEN STATE HIGHWAY)","LERDO HIGHWAY",9504.00,N,N,A,-,Y,,,,,,,,,,Y,1,1,0,2,A,-,07,21658,A,N,E,I,A,A,H,-,A,D,0,,,,,Y,,A,01,0,0,0,0,0,0,0,0,0,"- ","- ",35.481110000000001,-119.4008,KERN,UNINCORPORATED,,
90080093,2015,2015-12-22,9420,2015-11-06,2348,017560,,5,3,9,1500,0,1,3,,2,096,"SR-99 N/B (GOLDEN STATE HIGHWAY)","CURNOW ROAD",3000.00,S,N,A,-,Y,,,99,,,,,,N,Y,1,1,0,2,A,-,11,21954,A,N,G,B,E,A,H,-,D,D,0,Y,,,,Y,,N,60,0,0,0,1,0,0,0,0,0,"- ","- ",35.251170000000002,-119.01860000000001,KERN,UNINCORPORATED,-119.01862912999999,35.251162399999998
90080757,2015,2015-12-23,9420,2015-12-12,1143,018307,,6,1,9,1500,0,3,5,,2,550,"MERLE HAGGARD DRIVE","INDUSTRY PARKWAY DRIVE",0.00,,Y,A,-,N,,,,,,,,,,Y,2,0,1,3,A,-,12,21453,A,N,B,C,A,A,H,-,A,A,0,,,Y,,Y,,C,02,1,0,0,0,0,0,0,0,1,"- ","- ",35.441270000000003,-119.07868999999999,KERN,UNINCORPORATED,-119.0786899,35.441330030000003
90083155,2015,2015-12-28,9830,2015-10-10,2500,018758,,6,4,9,1500,0,1,3,,1,015,"STATE ROUTE 202","SAGE LN",98.00,W,N,A,-,Y,,,202,,,,,,,N,1,1,0,2,A,-,08,22107,,F,G,B,F,A,H,-,D,D,0,Y,,,,Y,Y,D,22,0,0,0,1,0,0,0,0,0,"- ","- ",35.124380000000002,-118.47901,KERN,UNINCORPORATED,-118.47901121,35.124291720000002
90083785,2015,2015-12-29,9420,2015-12-08,1820,019856,,2,2,9,1500,0,3,5,,2,070,"STERLING ROAD","PIONEER DRIVE",0.00,,Y,A,-,N,,,,,,,,,,Y,2,0,5,2,A,-,12,22450,A,N,D,C,A,A,H,-,D,A,0,,,,,Y,,A,01,1,1,3,0,0,0,0,0,0,"- ","- ",35.36871,-118.94085,KERN,UNINCORPORATED,-118.94086012,35.368700070000003
90088162,2015,2016-01-05,9426,2015-08-27,0450,018633,,4,3,9,1500,0,1,3,,1,461,SR-46,"GUN CLUB ROAD",2270.00,W,N,A,-,Y,,,46,,,,,,,Y,1,3,1,3,A,-,05,21650,,N,B,C,A,A,H,-,D,D,0,,,,,Y,,A,01,1,0,0,0,0,0,0,0,0,"- ","- ",35.600999999999999,-119.51685999999999,KERN,UNINCORPORATED,-119.51685951,35.601071939999997
90092163,2015,2016-01-11,9830,2015-12-18,1800,017645,,5,2,9,1500,0,1,3,,1,052,"SR-178 E/B","STRECKER ST",0.00,,Y,A,-,Y,,,178,,,,,,E,N,2,0,2,3,A,-,09,21802,A,N,D,C,A,A,H,-,D,A,0,,,,,Y,,D,22,1,0,1,0,0,0,0,0,0,"- ","- ",35.651919999999997,-117.67668,KERN,UNINCORPORATED,-117.67668058,35.651611580000001
90092307,2015,2016-01-11,9420,2015-12-31,0057,019442,,4,3,9,1500,0,1,3,,2,091,"SR-99 S/B",SR-46,4752.00,N,N,A,-,Y,,,99,,,,,,S,Y,2,0,1,2,A,-,03,22350,,N,C,C,A,A,H,-,D,D,0,,,,,Y,,A,01,1,0,0,0,0,0,0,0,0,"- ","- ",35.626890000000003,-119.21532000000001,KERN,UNINCORPORATED,-119.21534602,35.62688386
90099304,2015,2016-01-20,9830,2015-12-31,1545,018758,,4,2,9,1500,0,1,3,,2,043,"SR-58 E/B",SR-14,4963.00,W,N,A,-,Y,,,58,,,,,,E,Y,2,0,3,2,A,-,01,23152,A,N,C,C,A,A,H,-,A,D,0,,,,,Y,Y,A,01,2,1,0,0,0,0,0,0,0,"- ","- ",35.102429999999998,-118.15268,KERN,UNINCORPORATED,-118.15267085000001,35.10244977
90099393,2015,2016-01-21,9420,2015-12-26,1227,018307,,6,1,9,1500,0,3,5,,2,050,"MERLE HAGGARD DRIVE","PINE MEADOW DRIVE",284.00,W,N,A,-,N,,,,,,,,,,Y,1,1,1,3,A,-,05,21650,,N,B,C,A,A,H,-,A,D,0,,,,Y,Y,,A,07,0,0,1,0,0,0,0,0,0,"- ","- ",35.441200000000002,-119.0363,KERN,UNINCORPORATED,-119.03606951,35.44112037
90102495,2015,2016-01-26,9830,2015-11-15,1755,017834,,7,2,9,1500,0,3,5,,2,005,"GARLOCK ROAD",US-395,36960.00,W,N,C,G,N,,,,,,,,,,Y,1,1,0,1,A,-,08,22107,,N,F,A,A,B,H,-,D,D,0,,,,,Y,Y,D,22,0,0,0,0,0,0,0,0,0,"- ","- ",35.408389999999997,-117.78578,KERN,UNINCORPORATED,-117.78561834,35.408886260000003
90110264,2016,2016-02-05,9426,2016-01-29,2100,018919,,5,2,9,1500,0,1,3,,1,118,SR-119,"GOLF COURSE ROAD",3696.00,E,N,A,-,Y,,,,,,,,,,Y,2,0,3,2,A,-,08,22107,,N,A,C,A,A,H,-,D,D,0,,,,,Y,,A,07,2,1,0,0,0,0,0,0,0,"- ","- ",,,KERN,UNINCORPORATED,-119.36113503999999,35.238005319999999
90112070,2016,2016-02-09,9420,2016-01-21,1750,016969,,4,2,9,1500,0,3,5,,2,671,"MOUTAIN VIEW RD.","VINELAND RD.",879.00,W,N,A,-,N,,,,,,,,,,Y,2,0,1,1,C,-,18,,,N,D,H,A,A,H,-,D,D,0,,,Y,,Y,,-,"- ",1,0,0,0,0,0,0,0,1,"- ","- ",,,KERN,UNINCORPORATED,-118.89928080999999,35.281623359999998
9011239,2019,2020-06-11,1500,2019-07-22,1819,202297,WA-02,1,5,3,1510,0,0,0,,0,4401,"RT 46","PALM AV",0.00,,Y,A,-,Y,KER,6,46,-,-,50.020,I,5,W,Y,2,0,1,3,A,-,12,21453,A,N,H,C,A,A,H,-,A,A,0,,,,,Y,,D,22,1,0,0,0,0,0,0,0,0,"- ","- ",,,KERN,WASCO,-119.34928894042969,35.601558685302734
90112884,2016,2016-02-10,9426,2016-01-30,2015,018919,,6,2,9,1500,0,1,3,,1,167,SR-166,"BRAKE CHECK AREA",3168.00,E,N,E,-,Y,,,,,,,,,,Y,2,0,1,1,A,-,08,22107,,N,E,I,A,B,H,-,D,D,0,,,,,Y,Y,A,01,1,0,0,0,0,0,0,0,0,"- ","- ",34.984760000000001,-119.43393,KERN,UNINCORPORATED,,
90113620,2016,2016-02-11,9420,2016-01-22,1745,019723,,5,2,9,1500,0,3,5,,2,672,"EAST PANAMA LANE","SOUTH FAIRFAX ROAD",850.00,W,N,A,-,N,,,,,,,,,,Y,1,1,0,2,A,-,11,21954,A,N,G,B,D,A,H,-,D,D,0,Y,,,,Y,Y,N,60,0,0,0,1,0,0,0,0,0,"- ","- ",35.296019999999999,-118.93644999999999,KERN,UNINCORPORATED,-118.93490464999999,35.296000249999999
90114108,2015,2016-02-12,9420,2015-12-26,2326,018445,,6,3,9,1500,0,1,3,,2,092,"SR-99 NORTHBOUND (GOLDEN STATE HIGHWAY)","BUCK OWENS BOULEVARD",1056.00,S,N,A,-,Y,,,99,,,,,,N,Y,1,1,0,1,A,-,01,23152,A,N,F,A,A,A,H,-,D,D,0,,,,,Y,Y,A,01,0,0,0,0,0,0,0,0,0,"- ","- ",35.394779999999997,-119.04452000000001,KERN,UNINCORPORATED,-119.04458495999999,35.394777980000001
90114136,2015,2016-02-12,9420,2015-12-30,1225,014811,,3,1,9,1500,0,3,5,,2,630,"GOSFORD ROAD","COBB ROAD",330.00,N,N,A,-,N,,,,,,,,,,Y,2,0,2,1,A,-,08,22107,,N,E,I,A,A,H,-,A,D,0,,,,,Y,,A,01,1,1,0,0,0,0,0,0,0,"- ","- ",35.244750000000003,-119.5291,KERN,UNINCORPORATED,-119.09214507999999,35.246175549999997
90119479,2016,2016-03-03,9420,2016-02-12,0215,019316,,5,3,9,1500,0,1,3,,2,584,"SR-58 E/B",SR-184,185.00,W,N,A,-,Y,,,58,,,,,,E,N,1,1,0,2,A,-,11,21954,A,N,G,B,D,A,H,-,D,D,0,Y,,,Y,Y,,N,60,0,0,0,1,0,0,0,0,0,"- ","- ",35.352139999999999,-118.91459999999999,KERN,UNINCORPORATED,-118.9145989,35.352164799999997
90121488,2015,2016-02-23,9426,2015-11-26,0355,016780,,4,3,9,1500,0,1,1,,2,502,"I-5 N/B",SR-46,6864.00,S,N,A,-,Y,,,5,,,,,,N,Y,1,2,6,5,A,-,03,22350,,N,C,C,A,A,D,-,D,D,0,,,,,Y,,A,01,0,2,4,0,0,0,0,0,0,"- ","- ",35.600290000000001,-119.63988000000001,KERN,UNINCORPORATED,-119.63988044,35.600289580000002
90121502,2016,2016-02-23,9420,2016-02-13,2355,019649,,6,3,6,1502,0,1,3,,2,586,"SR-58 E/B","TOWERLINE RD",1056.00,W,N,A,-,Y,,,,,,,,,,Y,2,0,6,1,A,-,03,22350,,N,E,J,A,A,H,-,C,D,0,,,,,Y,,A,07,2,1,3,0,0,0,0,0,0,"- ","- ",35.194929999999999,-118.48390000000001,KERN,BAKERSFIELD,,
90122271,2016,2016-02-23,9430,2016-02-18,0833,017105,,4,1,9,1500,0,1,3,,2,090,"SR-99 S/B","I-5 OVERCROSSING",3215.00,N,N,A,-,Y,,,99,,,,,,S,Y,2,0,1,2,A,-,03,22350,,N,C,C,A,A,H,-,A,D,0,,,,Y,Y,,A,01,1,0,0,0,0,0,0,0,0,"- ","- ",35.028419999999997,-118.95868,KERN,UNINCORPORATED,-118.95876207000001,35.028393989999998
90122897,2016,2016-02-24,9426,2016-02-21,0740,015548,,7,1,9,1500,0,1,1,,2,504,"I-5 S/B",SR-223,5280.00,S,N,B,-,Y,,,5,,,,,,S,Y,2,0,2,1,A,-,08,22107,,N,F,A,A,A,H,-,A,D,0,,,,,Y,,A,01,1,1,0,0,0,0,0,0,0,"- ","- ",35.198039999999999,-119.15142,KERN,UNINCORPORATED,-119.15137846,35.19808553
90126212,2016,2016-03-01,9420,2016-02-14,0200,017146,,7,3,9,1500,0,3,5,,2,310,"BURLANDO RD.","KERNVILLE BLVD.",50.00,W,N,A,-,N,,,,,,,,,,N,2,0,2,3,A,-,08,22107,,F,G,B,F,A,H,-,D,D,0,Y,,,,Y,,A,01,1,0,1,0,2,0,0,0,0,"- ","- ",35.753680000000003,-118.42552000000001,KERN,UNINCORPORATED,-118.42567459,35.754022249999998
90127740,2016,2016-03-02,9420,2016-02-28,1400,019513,,7,2,9,1500,0,3,5,,2,030,"WALKER BASIN ROAD","PAMELA STREET",7920.00,E,N,A,-,N,,,,,,,,,,N,2,0,1,1,A,-,03,22350,,N,E,J,A,A,A,-,A,D,0,,,Y,,Y,,C,02,1,0,0,0,0,0,0,0,1,"- ","- ",35.3992,-118.46765000000001,KERN,UNINCORPORATED,-118.46694816,35.399155190000002
90130829,2016,2016-03-07,9420,2016-02-27,1102,018807,,6,1,9,1500,0,3,5,,2,030,"CALIENTE BODFISH ROAD","BENA ROAD",5280.00,E,N,A,-,N,,,,,,,,,,Y,2,0,1,1,A,-,03,22350,,N,F,A,A,A,H,-,A,D,0,,,Y,,Y,,C,02,1,0,0,0,0,0,0,0,1,"- ","- ",35.280679999999997,-118.68012,KERN,UNINCORPORATED,-118.67491674999999,35.281558650000001
90131309,2016,2016-03-08,9830,2016-03-01,2100,019716,,2,2,9,1500,0,3,5,,2,003,"BACKUS RD","TEHACHAPI WILLOW SPRINGS RD",4224.00,E,N,A,-,N,,,,,,,,,,Y,2,0,2,1,A,-,08,22107,,N,F,A,A,A,H,-,D,D,0,,,Y,,Y,,C,02,1,1,0,0,0,0,0,0,2,"- ","- ",34.948239999999998,-118.27842,KERN,UNINCORPORATED,-118.27810585,34.948215380000001
90134120,2016,2016-03-10,9420,2016-03-08,2009,017256,,2,2,9,1500,0,2,4,,1,052,"ROBERTS LN","N. CHESTER AVE",86.00,W,N,A,-,N,,,,,,,,,,N,2,0,1,2,A,-,11,21954,A,N,G,B,D,A,H,-,C,D,0,Y,,,,Y,,N,60,1,0,0,0,1,0,0,0,0,"- ","- ",35.408670000000001,-119.02127,KERN,UNINCORPORATED,-119.02136824,35.408639999999998
90135735,2016,2016-03-14,9830,2016-03-03,0525,019367,,4,3,9,1500,0,1,3,,2,012,"SR-58 W/B","TEHACHAPI WILLOW SPRINGS RD",5280.00,E,N,A,-,Y,,,58,,,,,,W,Y,2,0,2,2,A,-,03,22350,,N,C,C,A,A,H,-,D,D,0,,,,Y,Y,,A,01,1,0,1,0,0,0,0,0,0,"- ","- ",35.117179999999998,-118.38500999999999,KERN,UNINCORPORATED,-118.38498751,35.117264409999997
90137168,2016,2016-03-15,9426,2016-03-10,1558,017321,,4,2,9,1500,0,1,3,,1,167,SR-166,"SHORT ROAD",4752.00,W,N,A,-,Y,,,166,,,,,,,Y,2,0,2,2,A,-,05,21650,,N,A,C,A,A,H,-,A,D,0,,,,,Y,,A,01,2,0,0,0,0,0,0,0,0,"- ","- ",35.058320000000002,-119.37873999999999,KERN,UNINCORPORATED,-119.37874024,35.058262229999997
90137502,2016,2016-05-31,9420,2016-01-17,1959,019856,,7,2,9,1500,0,1,3,,2,587,"STATE ROUTE 58 WESTBOUND","TOWERLINE ROAD",2850.00,E,N,B,-,Y,,,58,,,,,,W,Y,1,1,2,2,A,-,01,23152,A,N,C,C,A,A,H,-,D,D,0,,,,,Y,Y,A,07,0,0,2,0,0,0,0,0,0,"- ","- ",35.321129999999997,-118.79361,KERN,UNINCORPORATED,-118.79364993999999,35.321083729999998
90138207,2016,2016-03-16,9420,2016-03-12,1930,020093,,6,2,9,1500,0,1,3,,2,094,"SR-99 N/B (GOLDEN STATE HIGHWAY)","SR-119 (TAFT HIGHWAY)",2112.00,N,N,A,-,Y,,,,,,,,,,Y,2,0,2,1,A,-,01,23152,A,N,E,I,A,A,H,-,C,D,0,,,,,Y,Y,A,01,2,0,0,0,0,0,0,0,0,"- ","- ",35.272500000000001,-119.0243,KERN,UNINCORPORATED,,
90140455,2016,2016-03-21,9420,2016-03-08,2300,017243,,2,3,9,1500,0,3,5,,2,060,"PATTON WAY","HOOPER WAY",10.00,S,N,A,-,N,,,,,,,,,,N,2,0,1,2,A,-,03,22350,,F,G,B,B,A,H,-,C,D,0,Y,,,,Y,,-,99,1,0,0,0,1,0,0,0,0,"- ","- ",35.409399999999998,-119.08337,KERN,UNINCORPORATED,-119.08334951000001,35.409392560000001
90141877,2016,2016-03-23,9426,2016-03-12,1745,019723,,6,2,9,1500,0,3,5,,2,082,"7TH STANDARD RD","WASCO WAY",0.00,,Y,A,-,N,,,,,,,,,,Y,2,0,2,2,A,-,09,21801,A,N,D,C,A,A,H,-,B,D,0,,,Y,,Y,,A,07,1,1,0,0,0,0,0,0,2,"- ","- ",35.442270000000001,-119.45891,KERN,UNINCORPORATED,-119.46118989999999,35.442360000000001
90145081,2016,2016-03-28,9420,2016-03-17,1550,019461,,4,2,9,1500,0,1,3,,2,584,"SR-58 E/B","WASHINGTON ST.",544.00,W,N,A,-,Y,,,58,,,,,,E,Y,2,0,1,1,A,-,07,21658,A,N,E,I,A,A,H,-,A,D,0,,,,,Y,,A,01,1,0,0,0,0,0,0,0,0,"- ","- ",35.352330000000002,-118.97775,KERN,UNINCORPORATED,-118.97775016999999,35.352288940000001
90146422,2016,2016-03-28,9420,2016-03-18,0109,019442,,5,3,9,1500,0,1,3,,2,093,"SR-99 S/B","NORRIS RD.",3168.00,N,N,A,-,Y,,,99,,,,,,S,N,2,0,1,2,C,-,18,,,N,E,J,F,A,C,-,C,D,0,Y,,,,Y,,-,"- ",1,0,0,0,1,0,0,0,0,"- ","- ",35.426340000000003,-119.06797,KERN,UNINCORPORATED,-119.06759507,35.427034050000003
90147035,2016,2016-05-31,9420,2016-02-27,1430,020163,,6,2,9,1500,0,3,5,,2,040,"ALFRED HARRELL HIGHWAY","LILY DRIVE",1584.00,W,N,A,-,N,,,,,,,,,,Y,1,1,0,1,A,-,01,23152,A,N,F,A,A,A,H,-,A,D,0,,,,,Y,Y,A,01,0,0,0,0,0,0,0,0,0,"- ","- ",35.445900000000002,-118.92186,KERN,UNINCORPORATED,-118.92701626,35.446314489999999
90148506,2016,2016-03-31,9426,2016-03-22,1100,015548,,2,1,9,1500,0,1,1,,2,502,"I-5 S/B","ROWLEE ROAD",8448.00,N,N,A,-,Y,,,5,,,,,,S,Y,2,0,1,1,A,-,08,22107,,N,F,A,A,A,H,-,A,D,0,,,,,Y,,D,22,1,0,0,0,0,0,0,0,0,"- ","- ",35.47072,-119.49607,KERN,UNINCORPORATED,-119.49613368999999,35.470632190000003
90151810,2016,2016-04-06,9420,2016-03-30,1545,016973,,3,2,9,1500,0,1,3,,2,092,"SR-99 N/B","OLIVE DR.",276.00,N,N,A,-,Y,,,,,,,,,,Y,2,0,4,3,A,-,03,22350,,N,C,C,A,A,H,-,A,D,0,,,,,Y,,A,07,1,1,2,0,0,0,0,0,0,"- ","- ",,,KERN,UNINCORPORATED,-119.0554976,35.41293641
90153113,2016,2016-04-07,9420,2016-04-02,1410,019466,,6,2,9,1500,0,1,3,,2,178,SR-178,"MOBILE DRIVE",6864.00,W,N,A,-,Y,,,178,,,,,,,N,2,0,1,1,A,-,08,22107,,N,H,A,A,A,H,-,A,D,0,,,Y,,Y,,C,02,1,0,0,0,0,0,0,0,1,"- ","- ",35.649239999999999,-118.42783,KERN,UNINCORPORATED,-118.4278604,35.649192630000002
90161167,2016,2016-04-19,9420,2016-03-27,0947,017576,,7,1,9,1500,0,1,3,,2,096,"STATE ROUTE 99, NORTHBOUND","HOUGHTON ROAD",1056.00,N,N,A,-,Y,,,,,,,,,,Y,1,1,0,1,A,-,08,22107,,N,E,I,A,A,H,-,A,D,0,,,,,Y,,A,01,0,0,0,0,0,0,0,0,0,"- ","- ",35.310609999999997,-119.03437,KERN,UNINCORPORATED,-119.01585064,35.240393109999999
90163231,2016,2016-04-22,9420,2016-03-22,2048,019856,,2,2,9,1500,0,3,5,,2,610,"SOUTH CHESTER AVENUE","DORIAN DRIVE",81.00,N,N,A,-,N,,,,,,,,,,Y,1,1,0,2,A,-,11,21954,A,N,G,B,D,A,H,-,D,D,0,Y,,,,Y,,N,60,0,0,0,1,0,0,0,0,0,"- ","- ",35.33126,-119.01336999999999,KERN,UNINCORPORATED,-119.01343842,35.331135760000002
90164433,2016,2016-04-25,9420,2016-04-16,0130,019903,,6,3,9,1500,0,1,3,,2,094,"SR-99 N/B","WHITE LANE",350.00,S,N,A,-,Y,,,,,,,,,,Y,2,0,2,2,A,-,08,22107,,N,B,C,A,A,H,-,D,D,0,,,,,Y,,A,07,1,1,0,0,0,0,0,0,0,"- ","- ",35.31561,-119.03537,KERN,UNINCORPORATED,-119.03606000000001,35.317619999999998
90164882,2016,2016-04-25,9420,2016-03-17,0010,019903,,4,3,9,1500,0,2,4,,1,075,"SOUTH UNION AVENUE","REXLAND DRIVE",117.00,N,N,A,-,N,,,,,,,,,,Y,1,1,0,2,A,-,08,22107,,N,D,E,A,A,H,-,C,D,0,,,Y,,Y,,C,02,0,0,0,0,0,0,0,1,0,"- ","- ",35.309010000000001,-119.00293000000001,KERN,UNINCORPORATED,-119.00313,35.308931039999997
90167690,2016,2016-04-28,9420,2016-03-27,2245,015466,,7,3,9,1500,0,3,5,,2,030,"KERN RIVER CANYON ROAD",SR-178,26.00,E,N,A,-,N,,,,,,,,,,Y,2,0,1,1,A,-,08,22107,,N,E,I,A,A,H,-,C,D,0,,,,,Y,,A,01,1,0,0,0,0,0,0,0,0,"- ","- ",35.319279999999999,-118.3793,KERN,UNINCORPORATED,-118.63224851,35.532074530000003
90172048,2016,2016-05-03,9426,2016-04-25,0900,015548,,1,1,9,1500,0,1,3,,2,331,SR-33,"CLOUD AVENUE",270.00,S,N,A,-,Y,,,,,,,,,,Y,2,0,1,2,A,-,08,22107,,N,D,C,A,A,H,-,A,A,0,,,,Y,Y,,D,22,1,0,0,0,0,0,0,0,0,"- ","- ",35.236519999999999,-119.58978999999999,KERN,UNINCORPORATED,-119.59493670000001,35.247160489999999
90173060,2016,2016-05-04,9420,2016-04-30,1045,018445,,6,1,9,1500,0,2,4,,1,072,"DESCANSO STREET","NILES STREET",0.00,,Y,A,-,N,,,,,,,,,,N,2,0,1,1,A,-,08,22107,,N,F,A,A,A,H,-,A,D,0,,Y,,,Y,,L,04,1,0,0,0,0,0,1,0,0,"- ","- ",35.375799999999998,-118.95433,KERN,UNINCORPORATED,-118.95412012,35.375860070000002
90175363,2016,2016-09-12,9420,2016-04-10,2352,020782,,7,3,9,1500,0,3,5,,2,510,"FAMOSO PORTERVILLE HIGHWAY","WOOLLOMES AVENUE",25.00,S,N,B,-,N,,,,,,,,,,Y,1,1,0,1,A,-,01,23152,A,N,E,I,A,A,H,-,D,D,0,,,,,Y,Y,A,07,0,0,0,0,0,0,0,0,0,"- ","- ",35.764429999999997,-119.14212000000001,KERN,UNINCORPORATED,-119.141665,35.746992499999998
90175679,2016,2016-05-09,9420,2016-04-24,1515,015466,,7,2,9,1500,0,3,5,,2,320,"KEYESVILLE ROAD",SR-155,21120.00,W,N,B,-,N,,,,,,,,,,Y,2,0,1,2,D,-,00,,,N,B,C,A,A,H,-,A,D,0,,,Y,,Y,,-,"- ",1,0,0,0,0,0,0,0,1,"- ","- ",35.618270000000003,-118.5213,KERN,UNINCORPORATED,-118.520906,35.618326670000002
90181377,2016,2016-05-17,9420,2016-05-05,1700,018805,,4,2,4,1503,0,1,3,,2,090,"SR-99 N/B","8TH STREET",297.00,S,N,B,-,Y,,,99,,,,,,N,Y,2,0,3,2,A,-,01,23152,A,N,C,C,A,A,H,-,A,D,0,,,,,Y,Y,D,22,1,2,0,0,0,0,0,0,0,"- ","- ",35.764679999999998,-119.2497,KERN,DELANO,-119.24974309,35.764669920000003
90182292,2016,2016-05-18,9420,2016-05-13,1020,018068,,5,1,9,1500,0,3,5,,2,672,"S. CHESTER AVE","S. M ST",5.00,N,N,A,-,N,,,,,,,,,,N,2,0,1,2,A,-,10,21950,A,N,G,B,B,A,H,-,A,A,0,Y,,,,Y,,A,01,1,0,0,0,1,0,0,0,0,"- ","- ",35.335439999999998,-119.01631,KERN,UNINCORPORATED,-119.01545781999999,35.33442213
90183593,2016,2016-05-20,9420,2016-05-15,0455,020040,,7,3,9,1500,0,2,4,,1,071,"MOUNT VERNON AVENUE","VIRGINIA AVENUE",0.00,,Y,B,-,N,,,,,,,,,,Y,2,0,3,2,A,-,01,23152,A,N,D,C,A,A,H,-,C,A,0,,,,,Y,Y,A,01,1,2,0,0,0,0,0,0,0,"- ","- ",35.361400000000003,-118.96747000000001,KERN,UNINCORPORATED,-118.96760011000001,35.361320030000002
90186935,2016,2016-05-25,9420,2016-05-23,0420,019351,,1,3,9,1500,0,3,5,,2,672,"E. BRUNDAGE LN.","MICHIGAN ST.",63.00,E,N,A,-,N,,,,,,,,,,Y,2,0,1,2,A,-,01,23152,E,F,G,B,E,A,H,-,D,D,0,Y,,,,Y,,A,01,1,0,0,0,1,0,0,0,0,"- ","- ",35.354349999999997,-118.91840999999999,KERN,UNINCORPORATED,-118.92104902,35.354341609999999
90189677,2016,2016-05-31,9420,2016-05-25,1415,015255,,3,2,9,1500,0,3,5,,2,540,"POND ROAD","MAGNOLIA AVENUE",1584.00,W,N,A,-,N,,,,,,,,,,Y,2,0,1,1,A,-,08,22107,,N,E,I,A,A,H,-,A,D,0,,,,,Y,,A,07,1,0,0,0,0,0,0,0,0,"- ","- ",35.719589999999997,-119.35812,KERN,UNINCORPORATED,-119.37126082,35.71761729
90191329,2016,2016-05-31,9830,2016-05-20,2255,017645,,5,3,9,1500,0,2,4,,1,026,"BUSINESS 58 EAST","E. PROTEUS ROAD",925.00,W,N,A,-,N,,,,,,,,,,Y,2,0,2,1,A,-,01,23152,A,N,E,I,A,A,H,-,D,D,0,,,,,Y,Y,A,01,1,1,0,0,0,0,0,0,0,"- ","- ",35.259999999999998,-118.648,KERN,UNINCORPORATED,-118.11425686,35.03485817