CASE_ID,ACCIDENT_YEAR,PROC_DATE,JURIS,COLLISION_DATE,COLLISION_TIME,OFFICER_ID,REPORTING_DISTRICT,DAY_OF_WEEK,CHP_SHIFT,POPULATION,CNTY_CITY_LOC,SPECIAL_COND,BEAT_TYPE,CHP_BEAT_TYPE,CITY_DIVISION_LAPD,CHP_BEAT_CLASS,BEAT_NUMBER,PRIMARY_RD,SECONDARY_RD,DISTANCE,DIRECTION,INTERSECTION,WEATHER_1,WEATHER_2,STATE_HWY_IND,CALTRANS_COUNTY,CALTRANS_DISTRICT,STATE_ROUTE,ROUTE_SUFFIX,POSTMILE_PREFIX,POSTMILE,LOCATION_TYPE,RAMP_INTERSECTION,SIDE_OF_HWY,TOW_AWAY,COLLISION_SEVERITY,NUMBER_KILLED,NUMBER_INJURED,PARTY_COUNT,PRIMARY_COLL_FACTOR,PCF_CODE_OF_VIOL,PCF_VIOL_CATEGORY,PCF_VIOLATION,PCF_VIOL_SUBSECTION,HIT_AND_RUN,TYPE_OF_COLLISION,MVIW,PED_ACTION,ROAD_SURFACE,ROAD_COND_1,ROAD_COND_2,LIGHTING,CONTROL_DEVICE,CHP_ROAD_TYPE,PEDESTRIAN_ACCIDENT,BICYCLE_ACCIDENT,MOTORCYCLE_ACCIDENT,TRUCK_ACCIDENT,NOT_PRIVATE_PROPERTY,ALCOHOL_INVOLVED,STWD_VEHTYPE_AT_FAULT,CHP_VEHTYPE_AT_FAULT,COUNT_SEVERE_INJ,COUNT_VISIBLE_INJ,COUNT_COMPLAINT_PAIN,COUNT_PED_KILLED,COUNT_PED_INJURED,COUNT_BICYCLIST_KILLED,COUNT_BICYCLIST_INJURED,COUNT_MC_KILLED,COUNT_MC_INJURED,PRIMARY_RAMP,SECONDARY_RAMP,LATITUDE,LONGITUDE,COUNTY,CITY,POINT_X,POINT_Y
90192457,2015,2016-06-01,9420,2015-12-17,1005,018030,,4,1,9,1500,0,1,3,,2,585,"SR-58 WESTBOUND","FAIRFAX RD",663.00,E,N,A,-,Y,,,58,,,,,,W,Y,2,0,5,3,A,-,03,22350,,N,E,J,A,A,G,-,A,D,0,,,,,Y,,A,01,1,0,4,0,0,0,0,0,0,"- ","- ",35.352460000000001,-118.92945,KERN,UNINCORPORATED,-118.92945011,35.352484009999998
90196210,2016,2016-06-07,9420,2016-05-29,2345,019686,,7,3,9,1500,0,3,5,,2,550,"SCARONI AVE.","RIVERSIDE ST.",0.00,,Y,A,-,N,,,,,,,,,,N,2,0,1,1,D,-,00,,,N,E,I,A,A,H,-,D,D,0,,,,,Y,Y,-,"- ",1,0,0,0,0,0,0,0,0,"- ","- ",35.485419999999998,-119.31408,KERN,UNINCORPORATED,-119.31408994,35.485430020000003
90197182,2016,2016-06-08,9430,2016-05-10,2347,016750,,2,3,9,1500,0,1,3,,1,066,SR-166,SR-99,5280.00,W,N,A,-,Y,,,166,,,,,,,Y,1,1,1,1,A,-,08,22107,,N,E,I,A,A,H,-,D,D,0,,,,,Y,,A,01,1,0,0,0,0,0,0,0,0,"- ","- ",35.059530000000002,-118.9867,KERN,UNINCORPORATED,-118.98669927,35.059364000000002
90200739,2016,2016-06-14,9420,2016-06-11,0455,019963,,6,3,9,1500,0,3,5,,2,672,"RANCHO DRIVE (1700 BLOCK)","TEJON PARK DRIVE",2640.00,N,N,A,-,N,,,,,,,,,,Y,2,0,3,2,A,-,01,23152,A,N,A,C,A,A,H,-,B,D,0,,,,,Y,Y,D,22,1,1,1,0,0,0,0,0,0,"- ","- ",35.1248,-118.85007,KERN,UNINCORPORATED,-118.85065959000001,35.12938312
90205409,2016,2016-06-20,9430,2016-06-01,2500,018397,,3,4,9,1500,0,2,4,,1,023,"MT. PINOS ROAD","SEYMOUR CANYON ROAD",1056.00,E,N,A,-,N,,,,,,,,,,Y,2,0,1,1,A,-,03,22350,,N,F,A,A,A,H,-,D,D,0,,,,,Y,,A,01,1,0,0,0,0,0,0,0,0,"- ","- ",34.815359999999998,-119.09738,KERN,UNINCORPORATED,-119.09739,34.812869999999997
90208783,2016,2016-06-24,9420,2016-06-19,0540,019351,,7,3,9,1500,0,3,5,,2,070,"KENTUCKY ST.","WILLIAMS ST.",1630.00,E,N,A,-,N,,,,,,,,,,Y,2,0,1,2,A,-,01,23152,A,N,C,C,A,A,H,-,A,D,0,,,,,Y,Y,A,01,1,0,0,0,0,0,0,0,0,"- ","- ",35.374220000000001,-118.97324,KERN,UNINCORPORATED,-118.97303149,35.374258429999998
90215684,2016,2016-07-05,9430,2016-06-17,2232,018631,,5,3,9,1500,0,1,1,,2,052,"I-5 N/B","FT. TEJON RD. O/C",2263.00,S,N,A,-,Y,,,5,,,,,,N,Y,2,0,1,1,A,-,03,22350,,N,E,I,A,A,H,-,D,D,0,,,,,Y,,A,01,1,0,0,0,0,0,0,0,0,"- ","- ",34.872050000000002,-118.88912000000001,KERN,UNINCORPORATED,-118.88919328999999,34.871975650000003
9021601,2019,2020-02-05,1507,2019-12-30,0616,283,6,1,5,3,1507,0,0,0,,0,,"CENTRAL VALLEY HWY","TULARE AV",0.00,,Y,A,-,N,,,43,,,,,,,Y,2,0,4,2,A,-,09,21802,A,N,D,C,A,A,H,-,C,A,0,,,,,Y,,A,08,1,2,1,0,0,0,0,0,0,"- ","- ",35.507259368896484,-119.28000640869141,KERN,SHAFTER,-119.27977752685547,35.507545471191406
90216679,2016,2016-07-06,9420,2016-06-22,2140,016828,,3,2,9,1500,0,3,5,,2,510,"CECIL AVE","DRIVER ROAD",0.00,,Y,A,-,N,,,,,,,,,,Y,2,0,1,1,A,-,08,22107,,N,E,I,A,A,H,-,D,A,0,,,,,Y,,A,01,1,0,0,0,0,0,0,0,0,"- ","- ",35.775869999999998,-119.20529000000001,KERN,UNINCORPORATED,-119.20529996,35.775850069999997
90218209,2016,2016-08-23,9420,2016-07-02,1430,020501,,6,2,9,1500,0,3,5,,2,530,"POPLAR AVE","RIVERSIDE ST",0.00,,Y,A,-,N,,,,,,,,,,Y,2,0,3,2,A,-,01,23152,A,N,D,C,A,A,H,-,A,A,0,,,,,Y,Y,A,01,1,2,0,0,0,0,0,0,0,"- ","- ",35.485410000000002,-119.29627000000001,KERN,UNINCORPORATED,-119.29627997,35.48541007
90220994,2016,2016-07-12,9830,2016-06-20,1227,019271,,1,1,9,1500,0,1,3,,2,030,"STATE ROUTE 14 SOUTHBOUND","BACKUS ROAD",2640.00,S,N,A,-,Y,,,14,,,,,,S,Y,1,1,4,1,A,-,08,22107,,N,F,A,A,A,H,-,A,D,0,,,,,Y,,A,07,0,4,0,0,0,0,0,0,0,"- ","- ",34.942869999999999,-118.16215,KERN,UNINCORPORATED,-118.16204574,34.9428622
90221818,2016,2016-07-13,9426,2016-06-21,0705,014794,,2,1,9,1500,0,1,1,,2,506,"I-5 S/B",SR-223,7656.00,S,N,A,-,Y,,,5,,,,,,S,Y,1,1,3,1,A,-,08,22107,,N,F,A,A,A,H,-,A,D,0,,,,,Y,,A,07,1,0,2,0,0,0,0,0,0,"- ","- ",35.19323,-119.14613,KERN,UNINCORPORATED,-119.14609209,35.193272139999998
90227158,2016,2016-07-21,9420,2016-06-06,2500,015466,,1,4,9,1500,0,1,3,,2,155,"STATE ROUTE 155","STUDDARD ROAD",4224.00,W,N,A,-,Y,,,155,,,,,,,Y,1,1,0,1,A,-,03,22350,,N,E,I,A,A,H,-,A,D,0,,,,,Y,,M,47,0,0,0,0,0,0,0,0,0,"- ","- ",35.721690000000002,-118.51012,KERN,UNINCORPORATED,-118.51012,35.721724020000003
90235304,2016,2016-08-02,9420,2016-07-26,2215,018116,,2,3,9,1500,0,2,4,,1,052,"NORRIS ROAD",SR-99,23.00,N,N,A,-,Y,,,,,,,,,,Y,2,0,2,2,A,-,01,23152,A,N,B,C,A,A,H,-,C,D,0,,,Y,,Y,Y,C,02,1,1,0,0,0,0,0,0,1,"- ","- ",35.42136,-119.06083,KERN,UNINCORPORATED,-119.06082000000001,35.421340000000001
90235598,2016,2016-09-02,9420,2016-07-03,1640,019856,,7,2,9,1500,0,3,5,,2,040,"ALFRED HARRELL HIGHWAY","GOODMANVILLE ROAD",52.00,E,N,A,-,N,,,,,,,,,,Y,1,2,2,1,A,-,01,23152,A,N,E,I,A,A,H,-,A,D,0,,,,,Y,,A,01,1,1,0,0,0,0,0,0,0,"- ","- ",35.43609,-118.93195,KERN,UNINCORPORATED,-118.93276,35.436039999999998
90241827,2016,2016-08-10,9420,2016-08-05,1550,019868,,5,2,9,1500,0,1,3,,1,650,SR-65,"SHERWOOD AVE",536.00,S,N,A,-,Y,,,65,,,,,,,Y,2,0,4,2,A,-,06,21751,,N,A,C,A,A,H,-,A,D,0,,,,,Y,,A,01,2,1,1,0,0,0,0,0,0,"- ","- ",35.659199999999998,-119.07742,KERN,UNINCORPORATED,-119.07758581,35.659242319999997
90243166,2016,2016-09-12,9420,2016-07-20,2152,019963,,3,2,9,1500,0,1,3,,2,097,"STATE ROUTE 99 SOUTHBOUND","STATE ROUTE 223",5333.00,S,N,A,-,Y,,,,,,,,,,Y,1,1,3,2,A,-,01,23152,A,N,C,E,A,A,H,-,C,D,0,,,,,Y,Y,A,01,1,2,0,0,0,0,0,0,0,"- ","- ",35.33182,-119.03953,KERN,UNINCORPORATED,,
90243503,2016,2016-08-12,9420,2016-07-30,1900,020784,,6,2,9,1500,0,3,5,,2,070,"CENTER ST.","WEBSTER ST.",602.00,E,N,A,-,N,,,,,,,,,,Y,2,0,3,3,A,-,01,23152,A,M,C,C,A,A,H,-,C,D,0,,,,,Y,Y,A,01,1,1,1,0,0,0,0,0,0,"- ","- ",35.372169999999997,-118.96491,KERN,UNINCORPORATED,-118.96103338,35.37220902
90246922,2016,2016-08-17,9420,2016-08-03,1905,020304,,3,2,9,1500,0,1,3,,2,155,"STATE ROUTE 155","PASCOE LANE",500.00,E,N,A,-,Y,,,155,,,,,,,N,2,0,1,1,A,-,03,22350,,N,F,A,A,A,B,-,A,D,0,,,Y,,Y,,C,02,1,0,0,0,0,0,0,0,1,"- ","- ",35.72701,-118.70117999999999,KERN,UNINCORPORATED,-118.70116707,35.727028300000001
90250670,2016,2016-08-23,9426,2016-02-20,0056,018023,,6,3,9,1500,0,1,1,,2,504,"I-5 N/B",SR-119,5808.00,N,N,A,-,Y,,,5,,,,,,N,Y,2,0,1,2,A,-,03,22350,,N,C,C,A,A,H,-,D,D,0,,,,,Y,,A,01,1,0,0,0,0,0,0,0,0,"- ","- ",35.279260000000001,-119.23739,KERN,UNINCORPORATED,-119.23734119,35.279311909999997
9025259,2019,2020-01-31,1506,2019-12-11,1500,3618,37,3,5,4,1506,0,0,0,,0,,"S CHINA LAKE BL","EAST CALIFORNIA AV",0.00,,Y,A,-,N,,,,,,,,,,N,2,0,1,2,A,-,05,21202,A,N,A,C,A,A,H,-,A,A,0,,Y,,,Y,,L,04,1,0,0,0,0,0,0,0,0,"- ","- ",35.620689392089844,-117.66988372802734,KERN,RIDGECREST,-117.66996765136719,35.620700836181641
90255463,2016,2016-08-29,9420,2016-08-17,1509,019353,,3,2,9,1500,0,3,5,,2,070,"COLLEGE AVENUE","BURTON WAY",0.00,,Y,A,-,N,,,,,,,,,,N,2,0,1,2,A,-,05,21650,,N,D,G,A,A,H,-,A,D,0,,Y,,,Y,,L,04,1,0,0,0,0,0,1,0,0,"- ","- ",35.383029999999998,-118.95717,KERN,UNINCORPORATED,-118.95716002,35.383080059999998
90257875,2016,2016-08-31,9830,2016-08-26,1430,014518,,5,2,9,1500,0,1,3,,1,020,"SR-14 (SIERRA HIGHWAY)","OAK CREEK ROAD",1056.00,N,N,A,-,Y,,,14,,,,,,,Y,2,0,1,3,A,-,08,22107,,N,E,I,A,A,H,-,A,A,0,,,,,Y,,A,01,1,0,0,0,0,0,0,0,0,"- ","- ",35.06212,-118.17663,KERN,UNINCORPORATED,-118.17674277,35.062083790000003
90264625,2016,2016-09-20,9420,2016-08-02,1020,015261,,2,1,9,1500,0,3,5,,2,530,"MERLE HAGGARD DRIVE","GOLDEN STATE HIGHWAY",0.00,,Y,A,-,N,,,,,,,,,,Y,1,1,2,2,A,-,01,23152,A,N,D,C,A,A,H,-,A,A,0,,,,,Y,Y,A,01,2,0,0,0,0,0,0,0,0,"- ","- ",35.441510000000001,-119.08714999999999,KERN,UNINCORPORATED,-119.08665990999999,35.441280030000001
90266521,2016,2016-11-21,9430,2016-07-07,0500,018627,,4,3,9,1500,0,1,1,,2,055,"I-5 S/B (GOLDEN STATE FREEWAY)","SABODAN ROAD OVERCROSSING",2078.00,S,N,A,-,Y,,,,,,,,,,Y,1,1,1,5,A,-,08,22107,,N,G,B,E,A,H,-,D,D,0,Y,,,Y,Y,,G,25,0,1,0,1,1,0,0,0,0,"- ","- ",35.183199999999999,-118.58244999999999,KERN,UNINCORPORATED,,
90267756,2016,2016-11-07,9420,2016-08-27,1630,019856,,6,2,9,1500,0,3,5,,2,672,"COMANCHE DRIVE","MULLER ROAD",0.00,,Y,A,-,N,,,,,,,,,,Y,1,1,0,2,A,-,01,23152,F,N,B,C,A,A,H,-,A,D,0,,,,,Y,Y,A,01,0,0,0,0,0,0,0,0,0,"- ","- ",35.32555,-118.84309,KERN,UNINCORPORATED,-118.84310003,35.325540070000002
90267885,2016,2016-09-14,9420,2016-09-09,2040,017560,,5,2,9,1500,0,3,5,,2,040,"GOODMAN STREET","N. KERN STREET",145.00,E,N,A,-,N,,,,,,,,,,N,2,0,1,2,A,-,11,21954,A,F,G,B,D,A,H,-,C,D,0,Y,,,,Y,,N,60,1,0,0,0,1,0,0,0,0,"- ","- ",35.392319999999998,-118.98864,KERN,UNINCORPORATED,-118.98869414000001,35.392323019999999
90268745,2016,2016-09-15,9420,2016-09-09,1800,019868,,5,2,9,1500,0,3,5,,2,070,"OREGON ST","VIRGINIA ST",85.00,E,N,A,-,N,,,,,,,,,,N,2,0,1,2,A,-,03,22350,,F,G,B,E,A,H,-,A,D,0,Y,,,,Y,,A,01,1,0,0,0,1,0,0,0,0,"- ","- ",35.390940000000001,-118.94967,KERN,UNINCORPORATED,-118.97491672,35.37929441
90270138,2016,2016-09-19,9426,2016-05-15,1612,017321,,7,2,9,1500,0,1,3,,1,332,SR-33,"HUDSON RANCH ROAD",0.00,,Y,A,-,Y,,,33,,,,,,,Y,1,1,1,2,A,-,09,21802,A,N,D,C,A,A,H,-,A,A,0,,,Y,,Y,,A,01,1,0,0,0,0,0,0,1,0,"- ","- ",34.960990000000002,-119.44753,KERN,UNINCORPORATED,-119.44752319,34.960985729999997
90270673,2016,2016-09-19,9420,2016-08-21,1425,019903,,7,2,6,1502,0,1,3,,1,176,"STATE ROUTE 178 W/B","BERNARD STREET O/C",54.00,E,N,A,-,Y,,,,,,,,,,Y,1,1,0,1,A,-,08,22107,,N,E,I,A,A,H,-,A,D,0,,,,,Y,,A,07,0,0,0,0,0,0,0,0,0,"- ","- ",35.390180000000001,-118.98059000000001,KERN,BAKERSFIELD,-118.98091807,35.39004139
90275505,2016,2016-09-26,9830,2016-09-15,1830,019367,,4,2,9,1500,0,1,3,,1,015,"STATE ROUTE 202","SAGE LANE",334.00,W,N,A,-,Y,,,,,,,,,,N,2,0,1,2,A,-,03,22350,,N,C,G,A,A,H,-,A,A,0,,Y,,,Y,,A,08,1,0,0,0,0,0,1,0,0,"- ","- ",35.726999999999997,-118.2848,KERN,UNINCORPORATED,-118.47987499,35.124320009999998
90279187,2016,2016-09-29,9420,2016-09-24,0915,019466,,6,1,9,1500,0,1,3,,2,155,SR-155,"RANCHERIA ROAD",7920.00,W,N,A,-,Y,,,155,,,,,,,N,2,0,2,2,A,-,05,21460,A,N,H,G,A,A,H,-,A,D,0,,Y,Y,,Y,,L,04,1,1,0,0,0,0,1,0,1,"- ","- ",35.74577,-118.56268,KERN,UNINCORPORATED,-118.56262839999999,35.74567279
90283341,2016,2017-04-17,9430,2016-09-07,1540,018397,,3,2,9,1500,0,2,4,,1,024,"MIL POTRERO HWY","WARD DRIVE",1584.00,W,N,A,-,N,,,,,,,,,,Y,1,1,1,2,A,-,03,22350,,N,A,C,A,A,H,-,A,D,0,,,,,Y,,D,22,0,0,1,0,0,0,0,0,0,"- ","- ",34.851460000000003,-119.14333000000001,KERN,UNINCORPORATED,-119.14359238,34.8512263
90286514,2016,2016-10-07,9420,2016-09-30,0510,018932,,5,3,9,1500,0,1,3,,1,650,SR-65,SR-155,5280.00,N,N,A,-,Y,,,65,,,,,,,Y,2,0,4,1,A,-,08,22107,,N,F,A,A,A,H,-,D,D,0,,,,,Y,,A,07,1,1,2,0,0,0,0,0,0,"- ","- ",35.778970000000001,-119.05341,KERN,UNINCORPORATED,-119.05335943999999,35.778970319999999
90287861,2016,2016-10-10,9420,2016-09-02,0700,019856,,5,1,9,1500,0,2,4,,1,052,"NORRIS ROAD (1500 BLOCK)","MELODY LANE",90.00,W,N,A,-,N,,,,,,,,,,Y,1,1,0,2,A,-,09,21801,A,N,D,C,A,A,H,-,B,D,0,,,Y,Y,Y,,C,02,0,0,0,0,0,0,0,1,0,"- ","- ",35.419600000000003,-119.05202,KERN,UNINCORPORATED,-119.05221169000001,35.419611119999999
90288893,2016,2016-10-11,9420,2016-08-15,1455,017146,,1,2,9,1500,0,1,3,,2,178,"STATE ROUTE 178 WESTBOUND","DELONEGHA ROAD.",7392.00,E,N,A,-,Y,,,178,,,,,,W,Y,1,3,1,2,A,-,05,21651,A,N,A,C,A,A,H,-,A,D,0,,,,,Y,,D,22,1,0,0,0,0,0,0,0,0,"- ","- ",35.558770000000003,-118.60015,KERN,UNINCORPORATED,-118.60012261999999,35.558814480000002
90290110,2016,2016-10-28,9420,2016-09-10,2100,019185,,6,2,9,1500,0,2,4,,2,074,"PANAMA ROAD","FAIRFAX ROAD",8501.00,W,N,A,-,N,,,,,,,,,,Y,1,1,4,5,A,-,01,23152,A,N,B,C,A,A,H,-,D,D,0,,,,,Y,Y,D,22,2,1,1,0,0,0,0,0,0,"- ","- ",35.266910000000003,-118.96057999999999,KERN,UNINCORPORATED,-118.96056994,35.266910009999997
90291976,2016,2016-10-14,9420,2016-10-09,1345,016153,,7,1,9,1500,0,3,5,,2,050,"WOODROW AVE.","SHELDON ST.",88.00,E,N,A,-,N,,,,,,,,,,Y,2,0,1,2,A,-,05,21650,,N,D,C,A,A,H,-,A,D,0,,,Y,,Y,,C,02,1,0,0,0,0,0,0,0,1,"- ","- ",35.416499999999999,-119.0491,KERN,UNINCORPORATED,-119.04921504000001,35.416367770000001
90294933,2016,2016-10-18,9426,2016-10-13,1315,014850,,4,1,9,1500,0,1,3,,1,460,SR-46,"ANNETTE ROAD",2640.00,W,N,A,-,Y,,,46,,,,,,,Y,2,0,1,1,A,-,08,22107,,N,F,A,A,A,H,-,A,D,0,,,,,Y,,A,07,1,0,0,0,0,0,0,0,0,"- ","- ",35.704560000000001,-120.15139000000001,KERN,UNINCORPORATED,-120.15157845,35.704164409999997
90297032,2016,2016-10-20,9420,2016-10-19,1435,016973,,3,2,9,1500,0,3,5,,2,610,"CALLOWAY DR.","SLIKKER DR.",0.00,,Y,A,-,N,,,,,,,,,,Y,2,0,3,2,A,-,01,23152,A,N,A,C,A,A,H,-,A,A,0,,,,,Y,Y,A,01,2,0,1,0,0,0,0,0,0,"- ","- ",35.37332,-119.11004,KERN,UNINCORPORATED,-119.11010004000001,35.373290070000003
90298022,2016,2016-10-21,9426,2016-02-20,0057,018023,,6,3,9,1500,0,1,1,,2,504,"I-5 N/B",SR-119,5914.00,N,N,A,-,Y,,,5,,,,,,N,Y,1,1,1,2,A,-,03,22350,,N,D,C,A,A,H,-,D,D,0,,,,,Y,,A,01,0,0,1,0,0,0,0,0,0,"- ","- ",35.279510000000002,-119.23765,KERN,UNINCORPORATED,-119.23760396,35.279558969999997
90299134,2016,2016-10-24,9420,2016-10-14,0515,019901,,5,3,9,1500,0,1,3,,1,184,"SR-184 (WEEDPATCH HWY)","HERMOSA RD.",475.00,N,N,A,-,Y,,,184,,,,,,,Y,2,0,3,2,A,-,01,23152,A,N,A,C,A,A,H,-,D,D,0,,,,,Y,Y,A,01,3,0,0,0,0,0,0,0,0,"- ","- ",35.312060000000002,-118.91433000000001,KERN,UNINCORPORATED,-118.91432266,35.312060000000002
90301771,2016,2016-10-31,9430,2016-10-13,1600,015185,,4,2,9,1500,0,3,5,,2,004,"RANCHO ROAD","SEBASTIAN ROAD",0.00,,Y,A,-,N,,,,,,,,,,Y,2,0,1,2,A,-,05,21460,C,N,D,C,A,A,H,-,A,D,0,,,,,Y,,A,01,1,0,0,0,0,0,0,0,0,"- ","- ",35.045380000000002,-118.84658,KERN,UNINCORPORATED,-118.84661,35.045400110000003
90308763,2016,2016-11-07,9420,2016-09-09,0136,015977,,5,3,6,1502,0,1,3,,1,583,"STATE ROUTE 58 (ROSEDALE HIGHWAY)","MOHAWK STREET",0.00,,Y,A,-,Y,,,58,,,,,,,Y,1,2,0,4,A,-,01,23152,A,N,A,C,A,A,H,-,C,A,0,,,,,Y,Y,A,01,0,0,0,0,0,0,0,0,0,"- ","- ",35.383319999999998,-119.06529999999999,KERN,BAKERSFIELD,-119.06529998000001,35.383325990000003
90313211,2016,2016-12-07,9420,2016-09-24,1750,019829,,6,2,9,1500,0,3,5,,2,671,"DI GIORGIO ROAD","MYRTLE AVENUE",150.00,W,N,A,-,N,,,,,,,,,,Y,1,1,0,3,A,-,09,21802,A,F,C,C,A,A,H,-,A,A,0,,,,Y,Y,Y,D,22,0,0,0,0,0,0,0,0,0,"- ","- ",35.252459999999999,-118.91005,KERN,UNINCORPORATED,-118.91031171,35.25242669
90313318,2016,2016-11-07,9420,2016-10-26,0835,014811,,3,1,9,1500,0,3,5,,2,672,"MULLER ROAD",SR-184,2692.00,W,N,A,-,N,,,,,,,,,,Y,2,0,3,1,A,-,03,22350,,N,H,A,A,A,H,-,A,D,0,,,,,Y,,A,01,1,2,0,0,0,0,0,0,0,"- ","- ",35.191319999999997,-118.55334999999999,KERN,UNINCORPORATED,-118.92335683,35.325206180000002
90313639,2016,2016-12-15,9420,2016-10-26,0644,016767,,3,1,9,1500,0,1,3,,1,184,"SR-184 (MORNING DRIVE)","EUCALYPTUS DRIVE",7.00,S,N,A,-,Y,,,184,,,,,,,N,2,0,1,2,A,-,10,21950,A,F,G,B,B,A,H,-,C,D,0,Y,,,,Y,,D,22,1,0,0,0,1,0,0,0,0,"- ","- ",35.365250000000003,-118.9143,KERN,UNINCORPORATED,-118.91424664,35.365249929999997
90314426,2016,2016-11-08,9420,2016-11-02,1130,014811,,3,1,9,1500,0,1,3,,2,090,"SR-99 N/B",SR-223,2177.00,S,N,A,-,Y,,,,,,,,,,Y,2,0,2,1,A,-,08,22107,,N,E,I,A,A,H,-,A,D,0,,,,,Y,,D,22,1,1,0,0,0,0,0,0,0,"- ","- ",35.12706,-119.03144,KERN,UNINCORPORATED,,
90318587,2016,2016-11-14,9830,2016-11-05,0208,017645,,6,3,9,1500,0,1,3,,2,030,"S/B SR-14","DAWN RD",2112.00,N,N,A,-,Y,,,14,,,,,,,Y,2,0,1,1,A,-,01,23152,A,N,F,A,A,A,H,-,D,D,0,,,,,Y,Y,A,07,1,0,0,0,0,0,0,0,0,"- ","- ",34.914700000000003,-118.16421,KERN,UNINCORPORATED,-118.16418989,34.914698569999999
90319394,2016,2016-11-15,9420,2016-10-08,0110,019686,,6,3,9,1500,0,2,4,,1,075,"SOUTH UNION AVENUE","GRAY COURT",629.00,S,N,A,-,N,,,,,,,,,,Y,1,1,2,1,A,-,08,22107,,N,E,I,A,A,H,-,D,D,0,,,,,Y,,A,01,0,1,1,0,0,0,0,0,0,"- ","- ",35.200090000000003,-119.00319,KERN,UNINCORPORATED,-119.00337312000001,35.200288280000002
90319412,2016,2016-11-15,9420,2016-11-08,0045,020784,,2,3,9,1500,0,2,4,,1,071,"LAKE AVE.","DESCANSO AVE.",256.00,E,N,A,-,N,,,,,,,,,,Y,2,0,1,2,A,-,08,22107,,N,B,J,A,A,H,-,D,D,0,,,Y,,Y,,C,02,1,0,0,0,0,0,0,0,1,"- ","- ",35.374119999999998,-118.95355000000001,KERN,UNINCORPORATED,-118.95328241,35.374070000000003
90320637,2016,2016-11-16,9830,2016-10-19,2330,018857,,3,3,9,1500,0,1,3,,2,012,"STATE ROUTE 58 WESTBOUND","TEHACHAPI WILLOW SPRINGS ROAD",6336.00,E,N,A,-,Y,,,58,,,,,,W,Y,1,1,0,2,A,-,08,22107,,N,A,C,A,A,H,-,D,D,0,,,,Y,Y,,A,01,0,0,0,0,0,0,0,0,0,"- ","- ",35.11533,-118.37569999999999,KERN,UNINCORPORATED,-118.37569951,35.115344980000003
90328887,2016,2016-11-23,9830,2016-10-08,1640,021137,,6,2,9,1500,0,1,3,,1,051,"STATE ROUTE 178","STATE ROUTE 14",36960.00,W,N,A,-,Y,,,178,,,,,,,Y,1,2,2,2,A,-,05,21460,A,N,A,C,A,A,H,-,A,D,0,,,Y,,Y,,C,02,0,1,1,0,0,0,0,2,0,"- ","- ",35.653230000000001,-118.00911000000001,KERN,UNINCORPORATED,-118.00915655999999,35.653183439999999
90331606,2016,2016-11-29,9420,2016-11-07,0246,018117,,1,3,9,1500,0,3,5,,2,050,"W. DAY AVE","MCCRAY ST",106.00,E,N,A,-,N,,,,,,,,,,Y,2,0,1,2,A,-,06,21755,,N,B,C,A,A,H,-,C,D,0,,,Y,,Y,Y,C,02,1,0,0,0,0,0,0,0,1,"- ","- ",35.435279999999999,-119.02979000000001,KERN,UNINCORPORATED,-119.02979462,35.435198049999997
90333134,2016,2016-11-30,9420,2016-11-26,2110,018117,,6,2,9,1500,0,1,3,,1,583,"SR-58 ROSEDALE HIGHWAY WESTBOUND","ALLEN ROAD",45.00,E,N,B,-,Y,,,58,,,,,,W,Y,2,0,4,3,A,-,01,23152,A,F,C,C,A,B,H,-,C,A,0,,,,,Y,Y,A,01,1,0,3,0,0,0,0,0,0,"- ","- ",35.383629999999997,-119.14512000000001,KERN,UNINCORPORATED,-119.14512021,35.383558520000001
90333707,2016,2016-11-30,9420,2016-11-24,1300,015255,,4,1,6,1502,0,1,3,,1,176,"SR178 E/B","FAIRFAX ROAD",2006.00,W,N,A,-,Y,,,178,,,,,,E,Y,2,0,2,2,A,-,01,23153,A,F,C,C,A,A,H,-,A,D,0,,,,,Y,,A,07,1,1,0,0,0,0,0,0,0,"- ","- ",35.39629,-118.93671000000001,KERN,BAKERSFIELD,-118.93671028,35.396360549999997
90334826,2016,2016-12-01,9420,2016-11-18,2145,018607,,5,2,9,1500,0,2,4,,1,072,"NILES ST.","CRESTMONT DR.",0.00,,Y,A,-,N,,,,,,,,,,Y,2,0,1,2,A,-,12,21453,A,N,D,C,A,A,H,-,C,A,0,,,,,Y,,A,01,1,0,0,0,0,0,0,0,0,"- ","- ",35.223300000000002,-118.5714,KERN,UNINCORPORATED,-118.95412004000001,35.376110109999999
90339248,2016,2016-12-07,9830,2016-10-27,0006,021137,,4,3,9,1500,0,1,3,,1,050,"STATE ROUTE 14","STATE ROUTE 178 WEST",7920.00,S,N,A,-,Y,,,14,,,,,,,Y,1,1,1,2,A,-,05,21460,C,N,A,C,A,A,H,-,C,D,0,,,,Y,Y,,A,01,0,1,0,0,0,0,0,0,0,"- ","- ",35.581949999999999,-117.91236000000001,KERN,UNINCORPORATED,-117.91231378000001,35.581929010000003
90343982,2016,2017-01-30,9830,2016-11-18,2030,016971,,5,2,9,1500,0,1,3,,1,022,"STATE ROUTE 58","BORAX ROAD",6864.00,E,N,A,-,Y,,,58,,,,,,,Y,1,1,1,2,A,-,03,22350,,N,C,C,A,A,H,-,D,D,0,,,,Y,Y,,G,26,1,0,0,0,0,0,0,0,0,"- ","- ",35.006500000000003,-117.68114,KERN,UNINCORPORATED,-117.6811397,35.006549069999998