CASE_ID,ACCIDENT_YEAR,PROC_DATE,JURIS,COLLISION_DATE,COLLISION_TIME,OFFICER_ID,REPORTING_DISTRICT,DAY_OF_WEEK,CHP_SHIFT,POPULATION,CNTY_CITY_LOC,SPECIAL_COND,BEAT_TYPE,CHP_BEAT_TYPE,CITY_DIVISION_LAPD,CHP_BEAT_CLASS,BEAT_NUMBER,PRIMARY_RD,SECONDARY_RD,DISTANCE,DIRECTION,INTERSECTION,WEATHER_1,WEATHER_2,STATE_HWY_IND,CALTRANS_COUNTY,CALTRANS_DISTRICT,STATE_ROUTE,ROUTE_SUFFIX,POSTMILE_PREFIX,POSTMILE,LOCATION_TYPE,RAMP_INTERSECTION,SIDE_OF_HWY,TOW_AWAY,COLLISION_SEVERITY,NUMBER_KILLED,NUMBER_INJURED,PARTY_COUNT,PRIMARY_COLL_FACTOR,PCF_CODE_OF_VIOL,PCF_VIOL_CATEGORY,PCF_VIOLATION,PCF_VIOL_SUBSECTION,HIT_AND_RUN,TYPE_OF_COLLISION,MVIW,PED_ACTION,ROAD_SURFACE,ROAD_COND_1,ROAD_COND_2,LIGHTING,CONTROL_DEVICE,CHP_ROAD_TYPE,PEDESTRIAN_ACCIDENT,BICYCLE_ACCIDENT,MOTORCYCLE_ACCIDENT,TRUCK_ACCIDENT,NOT_PRIVATE_PROPERTY,ALCOHOL_INVOLVED,STWD_VEHTYPE_AT_FAULT,CHP_VEHTYPE_AT_FAULT,COUNT_SEVERE_INJ,COUNT_VISIBLE_INJ,COUNT_COMPLAINT_PAIN,COUNT_PED_KILLED,COUNT_PED_INJURED,COUNT_BICYCLIST_KILLED,COUNT_BICYCLIST_INJURED,COUNT_MC_KILLED,COUNT_MC_INJURED,PRIMARY_RAMP,SECONDARY_RAMP,LATITUDE,LONGITUDE,COUNTY,CITY,POINT_X,POINT_Y
90349815,2016,2016-12-20,9426,2016-12-04,0538,016921,,7,3,9,1500,0,3,5,,2,085,"HOLLOWAY ROAD","TWISSELMAN ROAD",0.00,,Y,A,-,N,,,,,,,,,,Y,1,1,1,1,A,-,12,22450,A,N,E,I,A,A,H,-,D,A,0,,,,,Y,,A,01,1,0,0,0,0,0,0,0,0,"- ","- ",35.73115,-119.85272999999999,KERN,UNINCORPORATED,-119.85271994999999,35.731050089999997
90353021,2016,2016-12-27,9420,2016-12-11,1520,019868,,7,2,9,1500,0,1,3,,2,091,"SR-99 S/B","MERCED AVE",2000.00,S,N,B,-,Y,,,99,,,,,,S,Y,2,0,2,1,A,-,08,22107,,N,E,I,A,A,H,-,A,D,0,,,,,Y,,A,07,1,0,1,0,0,0,0,0,0,"- ","- ",35.524479999999997,-119.18810999999999,KERN,UNINCORPORATED,-119.18799857,35.524536230000002
90356141,2016,2016-12-28,9420,2016-12-20,1232,018608,,2,1,9,1500,0,2,4,,1,064,"OLIVE DRIVE","STATE ROAD",196.00,W,N,A,-,N,,,,,,,,,,Y,2,0,1,1,A,-,03,22350,,N,E,I,A,A,H,-,A,D,0,,,,,Y,,A,01,1,0,0,0,0,0,0,0,0,"- ","- ",35.412460000000003,-119.05355,KERN,UNINCORPORATED,-119.05346688,35.412381580000002
90356735,2016,2016-12-28,9420,2016-11-12,1800,019868,,6,2,9,1500,0,3,5,,2,040,"RIVER ROAD","LILY DRIVE",13.00,E,N,A,-,N,,,,,,,,,,Y,1,1,0,1,A,-,08,22107,,N,E,I,A,A,H,-,D,D,0,,,,,Y,Y,A,01,0,0,0,0,0,0,0,0,0,"- ","- ",35.44603,-118.92176000000001,KERN,UNINCORPORATED,-118.92183065,35.445900770000002
90357950,2016,2016-12-29,9830,2016-12-22,2325,021137,,4,3,9,1500,0,3,5,,2,005,"BROWN ROAD","LORENE AVE",72.00,N,N,A,-,N,,,,,,,,,,Y,2,0,1,1,A,-,01,23152,A,N,E,I,A,A,H,-,D,D,0,,,,,Y,Y,A,01,1,0,0,0,0,0,0,0,0,"- ","- ",35.706800000000001,-117.83034000000001,KERN,UNINCORPORATED,-117.83030893999999,35.707043519999999
90359724,2016,2017-01-03,9420,2016-12-09,1310,018030,,5,1,9,1500,0,3,5,,2,050,"EL TEJON AVENUE","HURRLE STREET",24.00,W,N,A,-,N,,,,,,,,,,N,1,1,0,2,A,-,05,21650,,N,A,C,A,A,H,-,A,D,0,,,Y,,Y,,C,02,0,0,0,0,0,0,0,1,0,"- ","- ",35.4178,-119.02798,KERN,UNINCORPORATED,-119.02789045,35.418210000000002
90366146,2017,2017-01-10,9426,2017-01-01,0525,018610,,7,3,9,1500,0,3,5,,2,081,"BASIC SCHOOL RD","GARDNER FIELD RD",0.00,,Y,A,-,N,,,,,,,,,,Y,2,0,1,1,A,-,01,23152,A,N,E,I,A,B,H,-,B,A,0,,,,,Y,Y,A,01,1,0,0,0,0,0,0,0,0,"- ","- ",35.101280000000003,-119.31406,KERN,UNINCORPORATED,-119.31405723,35.101215760000002
90369677,2016,2017-03-02,9420,2016-12-31,1800,019856,,6,2,9,1500,0,1,3,,2,177,"SR-178 W/B","MOUTH OF CANYON",13200.00,E,N,B,C,Y,,,178,,,,,,W,Y,2,0,1,1,A,-,08,22107,,N,F,A,A,B,H,-,D,D,0,,,,,Y,,A,07,1,0,0,0,0,0,0,0,0,"- ","- ",35.478610000000003,-118.73556000000001,KERN,UNINCORPORATED,-118.7355998,35.479023929999997
90369778,2017,2017-04-03,9830,2017-01-05,1930,019367,,4,2,9,1500,0,1,3,,1,040,"STATE ROUTE 14","STATE ROUTE 58",528.00,N,N,C,-,Y,,,14,,,,,,,Y,2,0,1,2,A,-,03,22350,,N,C,C,A,B,H,-,D,D,0,,,,,Y,,A,01,1,0,0,0,0,0,0,0,0,"- ","- ",35.1008,-118.1427,KERN,UNINCORPORATED,-118.14281210999999,35.100889600000002
90371585,2017,2017-01-18,9420,2017-01-16,2045,019649,,1,2,9,1500,0,3,5,,2,672,"N. RANCHO DR.","MILLUX RD",590.00,S,N,A,-,N,,,,,,,,,,Y,2,0,1,1,A,-,03,22350,,N,E,J,A,B,F,-,D,D,0,,,,,Y,,A,07,1,0,0,0,0,0,0,0,0,"- ","- ",35.17821,-118.85093000000001,KERN,UNINCORPORATED,-118.8510175,35.178221309999998
9037166,2019,2020-02-20,1511,2019-12-11,1915,53068,,3,5,2,1511,0,0,0,,0,,"NEURALIA RD","EDISON POLE 2110532E",48.00,S,N,A,-,N,,,,,,,,,,Y,2,0,1,3,A,-,05,21650,,N,B,C,A,A,H,-,D,D,0,,,,,Y,,D,23,1,0,0,0,0,0,0,0,0,"- ","- ",35.175498962402344,-117.98580169677734,KERN,"CALIFORNIA CITY",,
90372985,2017,2017-01-19,9420,2017-01-11,0550,019466,,3,3,9,1500,0,2,4,,2,031,"LAKE ISABELLA BLVD.","NUGGET AVENUE",20.00,S,N,B,C,N,,,,,,,,,,N,2,0,1,2,A,-,11,21954,A,N,G,B,D,B,H,-,C,D,0,Y,,,,Y,,N,60,1,0,0,0,1,0,0,0,0,"- ","- ",35.626539999999999,-118.47445,KERN,UNINCORPORATED,-118.47406556,35.626616640000002
90378632,2017,2017-02-24,9420,2017-01-17,0300,015977,,2,3,9,1500,0,1,3,,2,092,"SR-99 N/B","OLIVE DR",2112.00,S,N,A,-,Y,,,99,,,,,,N,Y,2,0,1,1,A,-,01,23152,A,N,E,I,A,A,H,-,D,D,0,,,,,Y,Y,A,01,1,0,0,0,0,0,0,0,0,"- ","- ",35.404209999999999,-119.04613999999999,KERN,UNINCORPORATED,-119.04615505,35.404199419999998
90378738,2016,2017-01-26,9420,2016-12-09,1825,020782,,5,2,9,1500,0,3,5,,2,610,"BELLE TERRACE","WAYNE DRIVE",99.00,E,N,B,-,N,,,,,,,,,,N,1,1,0,2,A,-,11,21954,A,F,G,B,D,A,H,-,D,D,0,Y,,,,Y,,N,60,0,0,0,1,0,0,0,0,0,"- ","- ",35.346629999999998,-119.02215,KERN,UNINCORPORATED,-119.02216845,35.346688950000001
90381642,2016,2017-01-30,9420,2016-12-10,2300,020040,,6,3,9,1500,0,2,4,,1,072,"EDISON HIGHWAY","MOUNT VERNON AVENUE",56.00,E,N,A,-,N,,,,,,,,,,N,1,1,0,2,A,-,11,21954,A,N,G,B,D,A,H,-,C,D,0,Y,,,,Y,,N,60,0,0,0,1,0,0,0,0,0,"- ","- ",35.37115,-118.96738999999999,KERN,UNINCORPORATED,-118.96741023,35.371056119999999
90382925,2016,2017-01-31,9426,2016-12-29,1604,016953,,4,2,9,1500,0,1,3,,2,331,"STATE ROUTE 33","HENRY ROAD",1137.00,S,N,A,-,Y,,,33,,,,,,,Y,1,1,0,1,A,-,08,22107,,N,E,I,A,A,H,-,A,D,0,,,Y,,Y,,C,02,0,0,0,0,0,0,0,1,0,"- ","- ",35.171309999999998,-119.51416,KERN,UNINCORPORATED,-119.51433681,35.171071240000003
90383758,2016,2017-02-01,9426,2016-11-27,0117,019723,,7,3,9,1500,0,1,3,,1,461,"STATE ROUTE 46","MAIN DRAIN RD",781.00,E,N,B,-,Y,,,46,,,,,,,Y,1,1,1,2,A,-,05,21650,,N,A,C,A,B,H,-,D,D,0,,,,,Y,,A,07,1,0,0,0,0,0,0,0,0,"- ","- ",35.616039999999998,-119.61536,KERN,UNINCORPORATED,-119.61536008,35.616030700000003
90386839,2017,2017-02-06,9420,2017-01-31,1750,017256,,2,2,9,1500,0,3,5,,2,050,"HOWARD AVE","LINDA VISTA DR",0.00,,Y,A,-,N,,,,,,,,,,N,2,0,1,2,A,-,08,22107,,N,D,C,A,A,H,-,B,D,0,,,Y,,Y,,A,07,1,0,0,0,0,0,0,0,1,"- ","- ",35.42136,-119.02352,KERN,UNINCORPORATED,-119.02341004,35.421330040000001
90393778,2017,2017-02-15,9830,2017-01-26,0352,012724,,4,3,9,1500,0,2,4,,1,034,"ROSAMOND BLVD","STATE ROUTE 14",166.00,W,N,A,-,N,,,,,,,,,,Y,1,1,0,1,A,-,08,22107,,N,E,I,A,A,H,-,D,D,0,,,,,Y,,A,01,0,0,0,0,0,0,0,0,0,"- ","- ",34.864649999999997,-118.17180999999999,KERN,UNINCORPORATED,-118.172482,34.864258049999997
90397794,2017,2017-03-21,9420,2017-02-13,1545,016978,,1,2,9,1500,0,1,3,,2,223,"STATE ROUTE 223","PROGRESS ROAD",531.00,E,N,A,-,Y,,,223,,,,,,,Y,1,1,2,1,A,-,08,22107,,N,E,I,A,A,H,-,A,D,0,,,,,Y,,D,22,1,1,0,0,0,0,0,0,0,"- ","- ",35.208939999999998,-119.09931,KERN,UNINCORPORATED,-119.09931017,35.208856509999997
90398363,2017,2017-02-22,9430,2017-02-09,1625,017153,,4,2,9,1500,0,2,4,,1,023,"CUDDY VALLEY RD","LOCKWOOD VALLEY RD",4224.00,W,N,A,-,N,,,,,,,,,,Y,2,0,1,1,A,-,01,23152,A,N,E,I,A,A,H,-,A,D,0,,,,,Y,Y,A,01,1,0,0,0,0,0,0,0,0,"- ","- ",34.825679999999998,-119.0147,KERN,UNINCORPORATED,-119.01380539,34.825475220000001
90400560,2017,2017-02-27,9830,2017-02-13,1843,014565,,1,2,9,1500,0,2,4,,1,034,"ROSAMOND BLVD E/B","LINCOLN ST.",365.00,W,N,A,-,N,,,,,,,,,,N,2,0,1,2,A,-,11,21954,A,N,G,B,D,A,H,-,D,D,0,Y,,,,Y,Y,N,60,1,0,0,0,1,0,0,0,0,"- ","- ",34.864289999999997,-118.16193,KERN,UNINCORPORATED,-118.16175423999999,34.864429999999999
90401450,2016,2017-02-28,9430,2016-12-19,2500,018627,,1,4,9,1500,0,3,5,,2,004,"WHEELER RIDGE ROAD","SANTA ELENA DRIVE",2640.00,N,N,A,-,Y,,,,,,,,,,Y,1,1,0,1,A,-,01,23152,E,N,E,I,A,A,H,-,D,D,0,,,,,Y,,D,22,0,0,0,0,0,0,0,0,0,"- ","- ",34.999760000000002,-118.94327,KERN,UNINCORPORATED,-118.94346562,35.002797430000001
90403987,2017,2017-03-03,9426,2017-01-02,1259,019723,,1,1,9,1500,0,1,3,,1,332,"STATE ROUTE 33","HUDSON RANCH ROAD",0.00,,Y,B,-,Y,,,33,,,,,,,Y,1,1,2,2,A,-,09,21802,A,N,D,C,A,A,H,-,A,D,0,,,,,Y,,A,07,2,0,0,0,0,0,0,0,0,"- ","- ",34.960970000000003,-119.44758,KERN,UNINCORPORATED,-119.44754631000001,34.960948870000003
90406302,2017,2017-03-06,9420,2017-02-24,2225,020093,,5,3,9,1500,0,1,3,,2,096,"SR-99 N/B","SANDRINI RD",2640.00,N,N,B,-,Y,,,99,,,,,,N,Y,2,0,1,1,A,-,08,22107,,N,F,A,A,A,H,-,C,D,0,,,,,Y,,A,01,1,0,0,0,0,0,0,0,0,"- ","- ",35.1295,-118.99039999999999,KERN,UNINCORPORATED,-118.99046244,35.1294805
90409134,2017,2017-03-09,9420,2017-03-04,0844,016767,,6,1,9,1500,0,1,3,,2,091,"SR-99 S/B","ELMO HIGHWAY O/C",2640.00,N,N,A,-,Y,,,99,,,,,,S,Y,2,0,1,1,A,-,01,23152,A,N,E,I,A,A,H,-,A,D,0,,,,,Y,Y,A,01,1,0,0,0,0,0,0,0,0,"- ","- ",35.696179999999998,-119.23174,KERN,UNINCORPORATED,-119.23151771000001,35.6962318
90410867,2017,2017-04-05,9420,2017-02-09,0200,012768,,4,3,9,1500,0,3,5,,2,040,"ROUND MOUNTAIN ROAD","GRANITE ROAD",13728.00,E,N,B,-,N,,,,,,,,,,Y,1,1,1,1,A,-,01,23152,F,N,E,I,A,A,H,-,D,D,0,,,,,Y,,D,22,0,1,0,0,0,0,0,0,0,"- ","- ",35.305959999999999,-118.55244999999999,KERN,UNINCORPORATED,-118.92650346000001,35.516848080000003
90421307,2017,2018-11-28,9830,2017-03-09,1000,021137,,4,1,9,1500,0,1,3,,1,052,SR14,SR178,0.00,,Y,A,-,Y,,,14,,,,,,,Y,1,1,1,2,A,-,09,21802,A,N,D,C,A,A,H,-,A,A,0,,,,,Y,,A,01,1,0,0,0,0,0,0,0,0,"- ","- ",35.639659999999999,-117.88364,KERN,UNINCORPORATED,-117.88351509,35.639594000000002
90425107,2017,2017-03-31,9426,2017-03-22,1421,015472,,3,2,9,1500,0,3,5,,2,087,"OLD RIVER RD.","I-5 S/B TO OLD RIVER RD.",365.00,N,N,B,C,N,,,,,,,,,,Y,2,0,2,2,A,-,03,22350,,N,D,C,A,B,H,-,A,A,0,,,,Y,Y,,F,26,1,0,1,0,0,0,0,0,0,"- ","- ",35.160899999999998,-119.1109,KERN,UNINCORPORATED,-119.11076009,35.161276710000003
90426829,2017,2017-04-04,9420,2017-02-24,1340,019353,,5,1,9,1500,0,1,3,,2,093,"SR-99 S/B","OLIVE DRIVE O/C",1478.00,N,N,A,-,Y,,,99,,,,,,S,Y,1,1,0,2,A,-,11,21954,A,N,G,B,D,A,H,-,A,D,0,Y,,,,Y,,N,60,0,0,0,1,0,0,0,0,0,"- ","- ",35.415379999999999,-119.05849000000001,KERN,UNINCORPORATED,-119.05855033,35.415322310000001
90426867,2017,2017-04-04,9420,2017-01-05,1337,019531,,4,1,9,1500,0,1,3,,2,588,"STATE ROUTE 58, EASTBOUND","STATE ROUTE 223",888.00,W,N,E,-,Y,,,58,,,,,,E,Y,1,1,3,3,A,-,03,22350,,N,C,C,A,B,H,-,A,D,0,,,,Y,Y,,A,08,1,0,2,0,0,0,0,0,0,"- ","- ",35.264719999999997,-118.66154,KERN,UNINCORPORATED,-118.66153961000001,35.264721489999999
90426873,2017,2017-04-05,9420,2017-03-02,2354,020163,,4,3,9,1500,0,3,5,,2,672,"SOUTH COMANCHE DRIVE","EAST PANAMA LANE",0.00,,Y,A,-,N,,,,,,,,,,Y,1,3,0,2,A,-,01,23152,A,N,D,C,A,A,H,-,D,A,0,,,,,Y,Y,D,22,0,0,0,0,0,0,0,0,0,"- ","- ",35.296439999999997,-118.84289,KERN,UNINCORPORATED,-118.84293008,35.296420019999999
90429145,2017,2017-04-06,9420,2017-04-02,0157,020093,,7,3,9,1500,0,3,5,,2,672,"BENA RD","CALIENTE BODFISH RD",12144.00,W,N,A,-,N,,,,,,,,,,Y,2,0,1,1,A,-,08,22107,,N,E,I,A,A,H,-,D,D,0,,,,,Y,,A,01,1,0,0,0,0,0,0,0,0,"- ","- ",35.301600000000001,-118.6925,KERN,UNINCORPORATED,-118.69246424000001,35.301835269999998
90434340,2017,2017-04-14,9420,2017-03-29,0659,017576,,3,1,9,1500,0,1,3,,2,584,"STATE ROUTE 58, EASTBOUND","STATE ROUTE 184",94.00,W,N,A,-,Y,,,58,,,,,,E,Y,1,1,2,1,A,-,08,22107,,N,E,I,A,A,H,-,B,D,0,,,,,Y,,A,01,0,1,1,0,0,0,0,0,0,"- ","- ",35.352209999999999,-118.91476,KERN,UNINCORPORATED,-118.91476169000001,35.352172039999999
90439683,2017,2017-04-21,9420,2017-04-14,1714,019856,,5,2,9,1500,0,3,5,,2,050,"OLYMPIC DR (2700 BLOCK)","CHARLESTON DR",139.00,S,N,A,-,N,,,,,,,,,,N,2,0,1,2,A,-,03,22350,,N,F,A,A,A,H,-,A,D,0,,,Y,,Y,,C,02,1,0,0,0,0,0,0,0,1,"- ","- ",35.431069999999998,-119.01784000000001,KERN,UNINCORPORATED,-119.01788207,35.431015600000002
90440328,2017,2017-04-24,9420,2017-04-12,2202,017243,,3,3,9,1500,0,1,3,,2,204,"SR-204 N/B","AIRPORT DR.",1009.00,S,N,A,-,Y,,,204,,,,,,N,Y,2,0,1,3,C,-,18,,,N,G,B,E,A,H,-,D,D,0,Y,,,,Y,,-,"- ",1,0,0,0,1,0,0,0,0,"- ","- ",35.40063,-119.03839000000001,KERN,UNINCORPORATED,-119.03836812,35.400674129999999
90442211,2017,2017-04-26,9420,2017-04-15,2254,019311,,6,3,9,1500,0,1,3,,2,223,SR-223,"ASHE RD",0.00,,Y,A,-,Y,,,,,,,,,,Y,2,0,3,2,A,-,01,23152,A,N,D,C,A,A,H,-,D,A,0,,,,Y,Y,Y,A,01,2,1,0,0,0,0,0,0,0,"- ","- ",35.123190000000001,-119.53231,KERN,UNINCORPORATED,,
90442241,2017,2017-04-26,9426,2017-04-17,0125,016579,,1,3,9,1500,0,1,1,,2,502,"I-5 S/B","7TH STANDARD RD",8976.00,S,N,A,-,Y,,,5,,,,,,S,Y,2,0,12,4,A,-,08,22107,,N,C,E,E,A,H,-,D,D,0,Y,,,,Y,,A,01,2,1,9,0,2,0,0,0,0,"- ","- ",35.425559999999997,-119.43414,KERN,UNINCORPORATED,-119.43411826000001,35.425589909999999
90443759,2017,2017-04-27,9830,2017-02-01,1215,019872,,3,1,9,1500,0,3,5,,2,003,"ASTORIA AVENUE","45TH STREET WEST",0.00,,Y,A,-,N,,,,,,,,,,Y,1,1,1,1,B,-,22,,,N,E,I,A,A,H,-,A,D,0,,,,,Y,,A,42,0,1,0,0,0,0,0,0,0,"- ","- ",34.8551,-118.2111,KERN,UNINCORPORATED,-118.21152001,34.856460009999999
90446058,2017,2017-05-01,9420,2017-04-13,2135,019140,,4,2,6,1502,0,1,3,,2,091,"STATE ROUTE 99 N/B","7TH STANDARD O/C",6864.00,N,N,A,-,Y,,,,,,,,,,Y,2,0,1,1,A,-,03,22350,,N,F,A,A,A,H,-,D,D,0,,,,,Y,,A,01,1,0,0,0,0,0,0,0,0,"- ","- ",35.453060000000001,-119.10218999999999,KERN,BAKERSFIELD,,
90447759,2017,2017-05-02,9420,2017-04-27,2020,016691,,4,2,9,1500,0,2,4,,1,052,"ROBERTS LN","N. CHESTER AVE",340.00,W,N,A,-,N,,,,,,,,,,Y,2,0,2,4,A,-,03,22350,,N,C,C,A,A,H,-,C,D,0,,,Y,,Y,,C,02,1,0,1,0,0,0,0,0,1,"- ","- ",35.408720000000002,-119.02231999999999,KERN,UNINCORPORATED,-119.02221953999999,35.408639999999998
90448051,2017,2017-05-03,9420,2017-04-26,0720,015259,,3,1,9,1500,0,3,5,,2,671,"TOWER LINE ROAD","BUENA VISTA BOULEVARD",0.00,,Y,B,-,N,,,,,,,,,,Y,2,0,2,2,A,-,09,21802,A,N,D,C,A,A,H,-,A,A,0,,,,Y,Y,,D,22,1,1,0,0,0,0,0,0,0,"- ","- ",35.238280000000003,-118.80643000000001,KERN,UNINCORPORATED,-118.80668009999999,35.23837005
90448412,2017,2017-05-03,9420,2017-04-30,1320,018807,,7,1,9,1500,0,1,3,,2,177,SR-178,"PG&E POWERHOUSE",16896.00,W,N,A,-,Y,,,178,,,,,,,Y,2,0,1,1,A,-,08,22107,,N,F,A,A,A,H,-,A,D,0,,,Y,,Y,,C,02,1,0,0,0,0,0,0,0,1,"- ","- ",35.4756,-118.723,KERN,UNINCORPORATED,-118.72299895,35.475631
90449245,2017,2017-08-29,9830,2017-02-08,1540,014565,,3,2,9,1500,0,2,4,,1,032,"SIERRA HIGHWAY","PATTERSON RD",1584.00,N,N,A,-,N,,,,,,,,,,Y,1,1,3,2,A,-,01,23152,F,N,A,C,A,A,H,-,A,D,0,,,,Y,Y,,A,01,2,0,1,0,0,0,0,0,0,"- ","- ",34.84046,-118.15928,KERN,UNINCORPORATED,-118.1591004,34.839635790000003
90453443,2017,2017-05-10,9420,2017-04-28,0430,017829,,5,3,9,1500,0,3,5,,2,060,"7TH STANDARD ROAD","POPLAR AVENUE",0.00,,Y,A,-,N,,,,,,,,,,Y,2,0,1,1,A,-,12,22450,A,N,E,I,A,A,H,-,D,D,0,,,,,Y,,A,01,1,0,0,0,0,0,0,0,0,"- ","- ",35.441389999999998,-119.29669,KERN,UNINCORPORATED,-119.29668995999999,35.441820079999999
90454694,2017,2017-05-12,9426,2017-03-19,0602,016804,,7,1,9,1500,0,1,3,,1,460,"STATE ROUTE 46","WARREN STREET",3168.00,W,N,A,-,Y,,,46,,,,,,,Y,1,1,3,2,A,-,05,21650,,N,A,C,A,A,H,-,D,D,0,,,,,Y,,A,01,1,0,2,0,0,0,0,0,0,"- ","- ",35.616019999999999,-119.66974999999999,KERN,UNINCORPORATED,-119.66975046,35.616082749999997
90455841,2017,2017-05-15,9830,2017-05-06,0315,019872,,6,3,9,1500,0,3,5,,2,001,"TEHACHAPI WILLOW SPRINGS RD","HIGHLINE RD",15840.00,S,N,A,-,N,,,,,,,,,,Y,2,0,1,1,A,-,08,22107,,N,F,A,A,A,H,-,D,D,0,,,,,Y,,A,01,1,0,0,0,0,0,0,0,0,"- ","- ",35.086399999999998,-118.39518,KERN,UNINCORPORATED,-118.39531116000001,35.067189429999999
90456485,2017,2017-05-16,9420,2017-03-31,2230,020040,,5,3,9,1500,0,2,4,,1,072,"NILES STREET","VIRGINIA STREET",61.00,E,N,A,-,N,,,,,,,,,,N,1,1,0,2,A,-,11,21950,B,F,G,B,B,A,H,-,C,A,0,Y,,,,Y,,N,60,0,0,0,1,0,0,0,0,0,"- ","- ",35.378239999999998,-118.97554,KERN,UNINCORPORATED,-118.97536354,35.378263920000002
90456674,2017,2017-05-16,9420,2017-05-14,2130,017146,,7,2,9,1500,0,3,5,,2,320,"BODFISH CANYON RD","LAKE ISABELLA BLVD.",3696.00,E,N,A,-,N,,,,,,,,,,Y,2,0,2,2,A,-,01,23152,A,N,A,C,A,A,H,-,D,D,0,,,,,Y,Y,A,01,1,1,0,0,0,0,0,0,0,"- ","- ",35.589419999999997,-118.48220000000001,KERN,UNINCORPORATED,-118.48300187,35.589581699999997
90462451,2017,2017-05-24,9430,2017-03-01,2258,016388,,3,3,9,1500,0,1,1,,2,054,"I-5 S/B (GOLDEN STATE FREEWAY)","WHEELER RIDGE O/C",1258.00,N,N,A,-,Y,,,5,,,,,,S,Y,1,1,0,1,A,-,01,23152,A,N,E,I,A,A,H,-,D,D,0,,,,,Y,Y,D,22,0,0,0,0,0,0,0,0,0,"- ","- ",34.989649999999997,-118.94655,KERN,UNINCORPORATED,-118.94651601,34.989660389999997
90467012,2017,2017-05-30,9830,2017-05-23,1335,014565,,2,1,9,1500,0,2,4,,1,042,"BUSINESS 58 NORTH","ARROYO AVE.",211.00,S,N,A,-,Y,,,,,,,,,,Y,2,0,3,1,A,-,08,22107,,N,E,I,A,A,H,-,A,D,0,,,,,Y,,A,01,1,2,0,0,0,0,0,0,0,"- ","- ",35.067480000000003,-118.17838,KERN,UNINCORPORATED,,
90467059,2017,2017-05-30,9420,2017-05-18,2250,020163,,4,3,9,1500,0,3,5,,2,530,"KIMBERLINA ROAD","POPLAR AVENUE",2798.00,W,N,A,-,N,,,,,,,,,,Y,2,0,1,1,A,-,08,22107,,N,F,I,A,A,H,-,D,D,0,,,,,Y,,A,01,1,0,0,0,0,0,0,0,0,"- ","- ",35.558129999999998,-119.30549999999999,KERN,UNINCORPORATED,-119.30466701,35.558088499999997
90468110,2017,2017-05-31,9420,2017-05-22,1555,015896,,1,2,9,1500,0,3,5,,2,530,"KIMBERLINA RD","POPLAR AVE",0.00,,Y,A,-,N,,,,,,,,,,Y,2,0,2,2,A,-,09,21802,A,N,D,C,A,A,H,-,A,A,0,,,,,Y,,A,01,1,0,1,0,0,0,0,0,0,"- ","- ",35.558,-119.29519999999999,KERN,UNINCORPORATED,-119.29526992,35.558140100000003
90473563,2017,2017-06-08,9420,2017-06-01,0415,016828,,4,3,9,1500,0,1,3,,2,204,"SR-204 N/B","AIRPORT DR",1584.00,S,N,A,-,Y,,,204,,,,,,N,Y,2,0,1,1,A,-,01,23152,F,N,E,I,A,A,H,-,D,D,0,,,,,Y,,A,01,1,0,0,0,0,0,0,0,0,"- ","- ",35.397210000000001,-119.03274999999999,KERN,UNINCORPORATED,-119.03284932,35.39707868
90473972,2017,2017-09-20,9426,2017-05-28,0530,019723,,7,3,9,1500,0,1,1,,2,504,"I-5 S/B",SR-58,2640.00,S,N,A,-,Y,,,5,,,,,,S,Y,2,0,2,1,A,-,08,22107,,N,E,I,A,A,H,-,B,D,0,,,,,Y,,A,01,1,0,1,0,0,0,0,0,0,"- ","- ",35.391649999999998,-119.38829,KERN,UNINCORPORATED,-119.38807901,35.391939899999997
90474520,2017,2017-06-09,9420,2017-04-21,0205,019901,,5,3,9,1500,0,1,3,,1,462,"STATE ROUTE 46","ROOT AVENUE",1056.00,W,N,A,-,Y,,,46,,,,,,,Y,1,1,0,2,A,-,01,23152,A,N,C,C,A,A,H,-,D,D,0,,,,Y,Y,Y,A,01,0,0,0,0,0,0,0,0,0,"- ","- ",35.601689999999998,-119.31592999999999,KERN,UNINCORPORATED,-119.31592955000001,35.60158345
90479330,2017,2017-06-15,9420,2017-04-14,0100,016229,,5,3,9,1500,0,3,5,,2,040,"FAIRFAX ROAD","ALFRED HARRELL HIGHWAY",5.00,S,N,A,-,N,,,,,,,,,,Y,1,1,0,1,A,-,08,22107,,N,E,I,A,A,H,-,D,A,0,,,,,Y,,A,07,0,0,0,0,0,0,0,0,0,"- ","- ",35.421610000000001,-118.94880000000001,KERN,UNINCORPORATED,-118.95031851,35.423190009999999
90481541,2017,2017-06-20,9420,2017-06-15,1859,019868,,4,2,9,1500,0,3,5,,2,070,"BLOSSOM ST","ROSEWOOD ST",140.00,N,N,A,-,N,,,,,,,,,,N,2,0,1,2,A,-,03,22350,,F,G,B,D,A,H,-,A,D,0,Y,,,,Y,,A,01,1,0,0,0,1,0,0,0,0,"- ","- ",35.37323,-118.93088,KERN,UNINCORPORATED,-118.93077,35.372814120000001
90482784,2017,2017-06-21,9426,2017-06-19,1430,017581,,1,2,9,1500,0,3,5,,2,085,"KECKS RD",SR-46,36960.00,N,N,A,-,N,,,,,,,,,,Y,2,0,1,2,A,-,05,21460,A,N,B,C,A,A,H,-,A,D,0,,,,,Y,,D,22,1,0,0,0,0,0,0,0,0,"- ","- ",35.725169999999999,-119.99652,KERN,UNINCORPORATED,-119.99543822,35.725941779999999
90483971,2017,2017-06-22,9420,2017-04-09,2000,021547,,7,2,9,1500,0,1,3,,2,178,"STATE ROUTE 178","OLD ISABELLA ROAD",1584.00,W,N,A,-,Y,,,178,,,,,,,Y,1,1,1,1,A,-,01,23152,A,N,E,I,A,A,H,-,D,D,0,,,,,Y,Y,A,07,0,1,0,0,0,0,0,0,0,"- ","- ",35.646700000000003,-118.45959999999999,KERN,UNINCORPORATED,-118.45906304,35.646232120000001