CASE_ID,ACCIDENT_YEAR,PROC_DATE,JURIS,COLLISION_DATE,COLLISION_TIME,OFFICER_ID,REPORTING_DISTRICT,DAY_OF_WEEK,CHP_SHIFT,POPULATION,CNTY_CITY_LOC,SPECIAL_COND,BEAT_TYPE,CHP_BEAT_TYPE,CITY_DIVISION_LAPD,CHP_BEAT_CLASS,BEAT_NUMBER,PRIMARY_RD,SECONDARY_RD,DISTANCE,DIRECTION,INTERSECTION,WEATHER_1,WEATHER_2,STATE_HWY_IND,CALTRANS_COUNTY,CALTRANS_DISTRICT,STATE_ROUTE,ROUTE_SUFFIX,POSTMILE_PREFIX,POSTMILE,LOCATION_TYPE,RAMP_INTERSECTION,SIDE_OF_HWY,TOW_AWAY,COLLISION_SEVERITY,NUMBER_KILLED,NUMBER_INJURED,PARTY_COUNT,PRIMARY_COLL_FACTOR,PCF_CODE_OF_VIOL,PCF_VIOL_CATEGORY,PCF_VIOLATION,PCF_VIOL_SUBSECTION,HIT_AND_RUN,TYPE_OF_COLLISION,MVIW,PED_ACTION,ROAD_SURFACE,ROAD_COND_1,ROAD_COND_2,LIGHTING,CONTROL_DEVICE,CHP_ROAD_TYPE,PEDESTRIAN_ACCIDENT,BICYCLE_ACCIDENT,MOTORCYCLE_ACCIDENT,TRUCK_ACCIDENT,NOT_PRIVATE_PROPERTY,ALCOHOL_INVOLVED,STWD_VEHTYPE_AT_FAULT,CHP_VEHTYPE_AT_FAULT,COUNT_SEVERE_INJ,COUNT_VISIBLE_INJ,COUNT_COMPLAINT_PAIN,COUNT_PED_KILLED,COUNT_PED_INJURED,COUNT_BICYCLIST_KILLED,COUNT_BICYCLIST_INJURED,COUNT_MC_KILLED,COUNT_MC_INJURED,PRIMARY_RAMP,SECONDARY_RAMP,LATITUDE,LONGITUDE,COUNTY,CITY,POINT_X,POINT_Y
90486266,2017,2017-06-23,9420,2017-06-08,2215,017972,,4,3,9,1500,0,3,5,,2,672,"EAST CASA LOMA DRIVE","POGOSOSO STREET",0.00,,Y,B,-,N,,,,,,,,,,N,2,0,1,2,A,-,11,21954,A,F,G,B,E,A,H,-,C,D,0,Y,,,,Y,,N,60,1,0,0,0,1,0,0,0,0,"- ","- ",35.339449999999999,-118.9986,KERN,UNINCORPORATED,-118.99863008,35.339460029999998
90490172,2017,2017-06-28,9426,2017-06-23,1245,016162,,5,1,9,1500,0,1,1,,2,502,"I-5 N/B",SR-46,2112.00,S,N,A,-,Y,,,5,,,,,,N,Y,2,0,2,2,A,-,03,22350,,N,C,C,A,A,H,-,A,D,0,,,,,Y,,A,01,1,0,1,0,0,0,0,0,0,"- ","- ",35.61139,-119.64936,KERN,UNINCORPORATED,-119.64941709999999,35.611347809999998
90496797,2017,2017-07-10,9420,2017-06-23,1305,19459,,5,1,9,1500,0,2,S,,2,901,"COUNTY LINE ROAD","MELCHER ROAD",538.00,E,N,A,-,N,,,,,,,,,,Y,2,0,1,1,A,-,08,22107,,N,E,I,A,A,H,-,A,D,0,,,,,Y,,D,22,1,0,0,0,0,0,0,0,0,"- ","- ",35.790320000000001,-119.27574,KERN,UNINCORPORATED,-119.27454788,35.790394419999998
90496967,2017,2017-07-10,9420,2017-07-02,1500,019442,,7,2,9,1500,0,1,3,,2,090,"SR-99 N/B","KIMBERLINA RD.",1584.00,S,N,A,-,Y,,,99,,,,,,N,Y,2,0,4,1,A,-,08,22107,,N,E,I,A,A,H,-,A,D,0,,,,,Y,,A,01,1,1,2,0,0,0,0,0,0,"- ","- ",35.553759999999997,-119.19669,KERN,UNINCORPORATED,-119.19680978,35.55374904
90498915,2017,2017-07-12,9430,2017-07-02,1330,017187,,7,1,9,1500,0,3,5,,2,002,"FS 9N09 (QUATAL CANYON ROAD)","HUDSON RANCH ROAD",4224.00,W,N,A,-,N,,,,,,,,,,N,2,0,1,1,B,-,22,,,N,F,A,A,A,H,-,A,A,0,,,Y,,Y,,C,02,1,0,0,0,0,0,0,0,1,"- ","- ",34.858339999999998,-119.23721,KERN,UNINCORPORATED,-119.23721,34.858339999999998
90502553,2017,2017-09-14,9420,2017-07-02,2345,020484,,7,3,9,1500,0,2,4,,2,074,"TAFT HIGHWAY","LA JOLLA ST.",300.00,E,N,A,-,Y,,,,,,,,,,Y,2,0,1,1,A,-,08,22107,,N,E,I,A,A,H,-,C,D,0,,,,,Y,,A,01,1,0,0,0,0,0,0,0,0,"- ","- ",35.266750000000002,-119.01651,KERN,UNINCORPORATED,-119.01570644,35.266824339999999
90504113,2017,2017-07-19,9426,2017-07-11,1920,019896,,2,2,9,1500,0,1,1,,2,500,"I-5 S/B","TWISSELMAN RD",5060.00,N,N,A,-,Y,,,5,,,,,,S,Y,2,0,1,2,A,-,03,22350,,N,C,C,A,A,D,-,B,D,0,,,,Y,Y,,D,22,1,0,0,0,0,0,0,0,0,"- ","- ",35.745199999999997,-119.74932,KERN,UNINCORPORATED,-119.74941651,35.745128020000003
90504180,2017,2017-07-19,9420,2017-06-26,2355,020782,,1,3,9,1500,0,1,3,,2,090,"STATE ROUTE 99, NORTHBOUND","7TH STANDARD ROAD",11616.00,N,N,A,-,Y,,,99,,,,,,N,Y,1,1,0,2,A,-,11,21954,A,N,G,B,E,A,H,-,D,D,0,Y,,,,Y,,N,60,0,0,0,1,0,0,0,0,0,"- ","- ",35.464190000000002,-119.11733,KERN,UNINCORPORATED,-119.11727872,35.464258049999998
90505215,2017,2017-07-20,9430,2017-07-15,0703,018416,,6,1,9,1500,0,2,4,,1,023,"CUDDY VALLEY ROAD","IVINS DR",4224.00,W,N,A,-,N,,,,,,,,,,Y,2,0,1,1,A,-,08,22107,,N,E,I,A,A,H,-,A,D,0,,,,,Y,,A,01,1,0,0,0,0,0,0,0,0,"- ","- ",34.825369999999999,-119.01362,KERN,UNINCORPORATED,-119.01550091,34.825841390000001
90506809,2017,2017-07-24,9830,2017-07-13,0435,019615,,4,3,9,1500,0,1,3,,1,022,SR-58,"TWENTY MULE TEAM RD",6336.00,W,N,A,-,Y,,,58,,,,,,,Y,2,0,2,1,A,-,08,22107,,N,F,A,A,A,H,-,D,D,0,,,,,Y,,A,01,1,0,1,0,0,0,0,0,0,"- ","- ",35.002789999999997,-117.78257000000001,KERN,UNINCORPORATED,-117.78257676,35.002692690000003
90507404,2017,2017-09-14,9420,2017-06-24,1500,019856,,6,2,9,1500,0,1,3,,2,589,"STATE ROUTE 58","STATE ROUTE 223",11088.00,W,N,A,-,Y,,,58,,,,,,,Y,1,1,3,1,A,-,08,22107,,N,E,I,A,A,H,-,A,D,0,,,,,Y,,A,01,1,2,0,0,0,0,0,0,0,"- ","- ",35.278230000000001,-118.71982,KERN,UNINCORPORATED,-118.71982699,35.278187180000003
90508338,2017,2017-07-25,9426,2017-07-16,2005,019723,,7,2,9,1500,0,1,1,,2,500,"I-5 S/B","TWISSELMAN RD",1584.00,N,N,A,-,Y,,,5,,,,,,S,Y,2,0,4,1,A,-,08,22107,,N,F,A,A,A,H,-,B,D,0,,,,,Y,,D,22,1,2,1,0,0,0,0,0,0,"- ","- ",35.741100000000003,-119.74639999999999,KERN,UNINCORPORATED,-119.74640811,35.74109395
90510142,2017,2017-07-27,9420,2017-07-18,1513,018607,,2,2,9,1500,0,1,3,,1,462,"SR-46 W/B",LATERAL,33.00,E,N,A,-,Y,,,46,,,,,,W,Y,2,0,1,2,A,-,08,22107,,N,A,C,A,A,H,-,A,A,0,,,,Y,Y,,A,01,1,0,0,0,0,0,0,0,0,"- ","- ",35.601900000000001,-119.2192,KERN,UNINCORPORATED,-119.21920029,35.601975260000003
90512730,2017,2017-07-31,9420,2017-07-22,1500,019442,,6,2,9,1500,0,2,4,,1,051,"AIRPORT DR.","NORRIS RD.",490.00,N,N,A,-,N,,,,,,,,,,Y,2,0,1,2,A,-,08,22107,,N,C,E,A,A,H,-,A,D,0,,,,,Y,,A,07,1,0,0,0,0,0,0,0,0,"- ","- ",35.420929999999998,-119.0389,KERN,UNINCORPORATED,-119.03918048,35.420909649999999
90513091,2017,2017-07-31,9830,2017-07-22,0235,019400,,6,3,9,1500,0,3,5,,2,005,"CHINA LAKE BLVD","MULE TRAIN RD",385.00,S,N,A,-,N,,,,,,,,,,Y,2,0,1,1,A,-,08,22107,,N,F,A,A,A,H,-,D,D,0,,,Y,,Y,,C,02,1,0,0,0,0,0,0,0,1,"- ","- ",35.572069999999997,-117.71396,KERN,UNINCORPORATED,-117.71386353,35.571462359999998
90529486,2017,2017-08-23,9420,2017-08-14,1137,015259,,1,1,9,1500,0,2,4,,2,074,"EAST PANAMA ROAD","SOUTH UNION AVENUE",0.00,,Y,A,-,N,,,,,,,,,,Y,2,0,6,4,A,-,12,21453,A,N,D,C,A,A,H,-,A,A,0,,,,Y,Y,,A,07,3,0,3,0,0,0,0,0,0,"- ","- ",35.266919999999999,-119.0029,KERN,UNINCORPORATED,-119.00298002,35.26685011
90535181,2016,2017-09-14,9420,2016-06-27,0454,019531,,1,3,9,1500,0,1,3,,2,584,"STATE ROUTE 58 EASTBOUND (E/B)","SOUTH OSWELL STREET",1979.00,W,N,A,-,Y,,,,,,,,,,Y,1,1,0,2,A,-,11,21954,A,N,G,B,E,A,H,-,D,D,0,Y,,,,Y,,N,60,0,0,0,1,0,0,0,0,0,"- ","- ",35.352260000000001,-118.95556000000001,KERN,UNINCORPORATED,,
90536321,2017,2017-08-29,9420,2017-08-19,0501,019686,,6,3,9,1500,0,3,5,,2,520,"FAMOSO-PORTERVILLE HWY","WHISLER ROAD",120.00,N,N,A,-,N,,,,,,,,,,Y,2,0,1,1,A,-,01,23152,A,N,E,I,A,A,H,-,D,D,0,,,,,Y,Y,A,01,1,0,0,0,0,0,0,0,0,"- ","- ",35.645449999999997,-119.19625000000001,KERN,UNINCORPORATED,-119.20034354000001,35.64560591
90537345,2017,2017-08-30,9430,2017-08-18,1800,020504,,5,2,9,1500,0,3,5,,2,002,"EDMONSTON PUMPING PLANT RD","CALIFORNIA AQUEDUCT",636.00,W,N,A,-,N,,,,,,,,,,Y,2,0,1,1,A,-,08,22107,,N,E,J,A,A,H,-,A,D,0,,,,,Y,,A,01,1,0,0,0,0,0,0,0,0,"- ","- ",34.937139999999999,-118.87007,KERN,UNINCORPORATED,-118.87012660000001,34.937093019999999
90540461,2017,2017-09-05,9426,2017-08-27,1014,016921,,7,1,9,1500,0,1,1,,2,504,"I-5 S/B",SR-43,433.00,S,N,A,-,Y,,,5,,,,,,S,Y,2,0,6,1,A,-,08,22107,,N,F,A,A,A,H,-,A,D,0,,,,,Y,,A,07,3,1,2,0,0,0,0,0,0,"- ","- ",35.291879999999999,-119.25132000000001,KERN,UNINCORPORATED,-119.25127562999999,35.291926490000002
90540768,2017,2017-09-05,9420,2017-08-31,0320,018135,,4,3,9,1500,0,2,4,,1,051,"N. CHESTER AVENUE","FERGUSON AVENUE",0.00,,Y,A,-,N,,,,,,,,,,Y,2,0,3,2,A,-,12,21457,A,N,D,C,A,A,H,-,C,A,0,,,,,Y,,A,01,1,1,1,0,0,0,0,0,0,"- ","- ",35.415759999999999,-119.0211,KERN,UNINCORPORATED,-119.02122006,35.415610030000003
90545536,2017,2017-09-14,9830,2017-09-06,2033,021137,,3,2,9,1500,0,3,5,,2,005,"GARLOCK RD","REDROCK RANDSBURG RD",300.00,E,N,A,-,N,,,,,,,,,,Y,2,0,1,1,A,-,08,22107,,N,F,A,A,A,H,-,D,D,0,,,Y,,Y,,C,02,1,0,0,0,0,0,0,0,1,"- ","- ",35.392960000000002,-117.79783,KERN,UNINCORPORATED,-117.79754552999999,35.393047029999998
90549684,2017,2017-09-18,9420,2017-09-06,0055,019963,,3,3,6,1502,0,1,3,,2,095,"SR-99 S/B","WHITE LANE",1370.00,N,N,A,-,Y,,,99,,,,,,S,Y,2,0,2,2,A,-,03,22350,,N,C,C,A,A,D,-,C,D,0,,,,Y,Y,,G,25,1,0,1,0,0,0,0,0,0,"- ","- ",35.322180000000003,-119.03755,KERN,BAKERSFIELD,-119.03756193,35.32217687
90550754,2017,2017-09-19,9420,2017-07-22,2300,020093,,6,3,9,1500,0,3,5,,2,630,"COPUS ROAD","STATE ROUTE 99",8290.00,W,N,A,-,N,,,,,,,,,,Y,1,1,0,1,A,-,01,23152,A,N,E,I,A,A,H,-,D,D,0,,,,,Y,Y,A,01,0,0,0,0,0,0,0,0,0,"- ","- ",35.095300000000002,-119.0063,KERN,UNINCORPORATED,-119.0071513,35.09528152
90552262,2017,2017-09-20,9420,2017-09-14,2300,016767,,4,3,9,1500,0,3,5,,2,510,"POND ROAD","GARZOLI AVENUE",100.00,W,N,A,-,N,,,,,,,,,,Y,2,0,1,1,A,-,08,22107,,N,F,A,A,A,H,-,D,D,0,,,Y,,Y,,C,02,1,0,0,0,0,0,0,0,1,"- ","- ",35.674349999999997,-119.17458999999999,KERN,UNINCORPORATED,-119.24117569000001,35.717890820000001
90552549,2017,2017-09-20,9420,2017-09-19,2300,021769,,2,3,6,1502,0,1,3,,2,092,"SR-99 S/B","TRUXTUN AVE",920.00,N,N,A,-,Y,,,99,,,,,,S,Y,2,0,2,2,A,-,01,23152,A,N,B,C,A,A,H,-,C,D,0,,,,Y,Y,Y,D,22,1,1,0,0,0,0,0,0,0,"- ","- ",35.376170000000002,-119.04465,KERN,BAKERSFIELD,-119.04453488999999,35.376177239999997
90562176,2017,2017-10-03,9420,2017-07-28,2225,019351,,5,3,9,1500,0,3,5,,2,672,"BRECKENRIDGE ROAD","COMANCHE DRIVE",23232.00,E,N,A,-,N,,,,,,,,,,Y,1,1,1,1,A,-,03,22350,,N,E,I,A,A,H,-,D,D,0,,,,,Y,,A,01,1,0,0,0,0,0,0,0,0,"- ","- ",35.402250000000002,-118.78784,KERN,UNINCORPORATED,-118.7900911,35.40271431
90562581,2017,2017-10-04,9420,2017-09-24,0445,020040,,7,3,9,1500,0,2,4,,2,074,"PANAMA ROAD","SOUTH FAIRFAX ROAD",0.00,,Y,A,-,N,,,,,,,,,,Y,2,0,3,2,A,-,01,23152,A,N,D,C,A,A,H,-,D,A,0,,,,Y,Y,Y,A,01,1,1,1,0,0,0,0,0,0,"- ","- ",35.266919999999999,-118.93231,KERN,UNINCORPORATED,-118.93213009,35.266970090000001
90562741,2017,2017-10-09,9420,2017-09-18,1640,018643,,1,2,9,1500,1,2,4,,2,074,"COMANCHE DRIVE","PANAMA ROAD",0.00,,Y,A,-,N,,,,,,,,,,Y,2,0,2,3,A,-,09,21801,A,N,A,C,A,A,H,-,A,D,0,,,,,Y,,A,01,1,1,0,0,0,0,0,0,0,"- ","- ",35.267319999999998,-118.84284,KERN,UNINCORPORATED,-118.84278003,35.267330049999998
90569026,2017,2017-10-12,9420,2017-10-09,1245,015259,,1,1,9,1500,0,3,5,,2,671,"BUENA VISTA BOULEVARD","COMANCHE DRIVE",1300.00,E,N,A,-,N,,,,,,,,,,Y,2,0,1,1,A,-,08,22107,,N,E,I,A,A,H,-,A,D,0,,,,,Y,,D,22,1,0,0,0,0,0,0,0,0,"- ","- ",35.238199999999999,-118.83862000000001,KERN,UNINCORPORATED,-118.8381928,35.238147169999998
90570374,2017,2017-10-13,9430,2017-10-07,1625,018567,,6,2,9,1500,0,1,1,,2,052,"I-5 N/B (GOLDEN STATE FWY)","LEBEC SERVICE RD. O/C",7367.00,N,N,A,-,Y,,,5,,,,,,N,Y,2,0,1,1,A,-,07,21658,A,N,E,I,A,A,H,-,A,D,0,,,,,Y,Y,A,01,1,0,0,0,0,0,0,0,0,"- ","- ",34.85698,-118.87537,KERN,UNINCORPORATED,-118.87544239,34.856928439999997
90573053,2017,2017-10-18,9420,2017-10-17,1737,018607,,2,2,9,1500,0,3,5,,2,671,"FIELD STREET","GEORGETOWN AVENUE",0.00,,Y,A,-,N,,,,,,,,,,Y,2,0,1,2,A,-,09,21800,A,N,D,C,A,A,H,-,A,D,0,,,Y,,Y,,C,02,1,0,0,0,0,0,0,0,1,"- ","- ",35.153739999999999,-118.54599,KERN,UNINCORPORATED,-118.91660007,35.251030100000001
90573091,2017,2017-10-18,9426,2017-09-26,1538,015472,,2,2,9,1500,0,1,3,,2,581,SR-58,"REWARD RD",22704.00,W,N,A,-,Y,,,58,,,,,,,Y,2,0,1,1,A,-,03,22350,,N,F,A,A,A,H,-,A,A,0,,,,,Y,,J,49,1,0,0,0,0,0,0,0,0,"- ","- ",35.333500000000001,-119.7753,KERN,UNINCORPORATED,-119.77529814,35.333475100000001
90573343,2017,2017-10-18,9420,2017-10-10,1455,018607,,2,2,9,1500,0,3,5,,2,530,"FRESNO ST.","SCARONI AVE",0.00,,Y,A,-,N,,,,,,,,,,Y,2,0,1,2,A,-,12,22450,A,N,D,C,A,A,H,-,A,A,0,,,,,Y,,A,01,1,0,0,0,0,0,0,0,0,"- ","- ",35.305199999999999,-119.1849,KERN,UNINCORPORATED,-119.31364996000001,35.514450060000001
90573967,2017,2017-10-19,9420,2017-10-06,0045,016828,,5,3,9,1500,0,1,3,,1,583,"SR-58 (ROSEDALE HIGHWAY)","GIBSON STREET",114.00,W,N,A,-,Y,,,58,,,,,,,Y,2,0,1,2,A,-,03,22350,,N,C,C,A,A,H,-,C,A,0,,,,Y,Y,,A,01,1,0,0,0,0,0,0,0,0,"- ","- ",35.383279999999999,-119.05231999999999,KERN,UNINCORPORATED,-119.05231997999999,35.383285569999998
90574814,2017,2017-10-20,9420,2017-09-17,1835,019868,,7,2,9,1500,0,2,4,,1,072,"EDISON HIGHWAY","OSWELL STREET NORTH",0.00,,Y,A,-,N,,,,,,,,,,Y,1,2,3,2,A,-,12,21453,A,N,D,C,A,A,H,-,A,A,0,,,,,Y,,A,01,1,1,1,0,0,0,0,0,0,"- ","- ",35.366799999999998,-118.94964,KERN,UNINCORPORATED,-118.95018005999999,35.366990020000003
90576600,2017,2017-10-23,9420,2017-10-13,1400,019856,,5,2,9,1500,0,3,5,,2,672,"MING AVENUE (600 BLOCK)","SUNSHINE AVENUE",160.00,E,N,A,-,N,,,,,,,,,,N,2,0,1,2,A,-,21,22106,,F,G,B,F,A,H,-,A,D,0,Y,,,,Y,,A,01,1,0,0,0,1,0,0,0,0,"- ","- ",35.339419999999997,-119.00894,KERN,UNINCORPORATED,-119.00911421000001,35.339489999999998
90580881,2017,2017-10-27,9420,2017-08-26,2130,019311,,6,2,9,1500,0,2,4,,1,075,"SOUTH UNION AVENUE","ADAMS STREET",20.00,S,N,A,-,N,,,,,,,,,,Y,1,1,1,2,A,-,01,23152,G,F,E,I,A,A,H,-,C,D,0,,,Y,,Y,Y,A,08,0,1,0,0,0,0,0,1,0,"- ","- ",35.343449999999997,-119.00305,KERN,UNINCORPORATED,-119.00311000000001,35.343555119999998
90582572,2017,2017-10-30,9420,2017-10-21,2500,020163,,6,4,9,1500,0,3,5,,2,672,"E. BELLE TERRACE","COTTONWOOD RD.",20.00,W,N,A,-,N,,,,,,,,,,N,2,0,1,2,A,-,03,22350,,F,G,B,D,A,H,-,C,A,0,Y,,,,Y,Y,-,99,1,0,0,0,1,0,0,0,0,"- ","- ",35.346679999999999,-118.98557,KERN,UNINCORPORATED,-118.98551698,35.346699549999997
90585668,2017,2017-11-02,9830,2017-10-30,0635,015252,,1,1,9,1500,0,1,2,,1,053,"US HIGHWAY 395","CHINA LAKE BOULEVARD",5280.00,N,N,A,-,Y,,,395,,,,,,,Y,2,0,6,1,A,-,08,22107,,N,F,A,A,A,H,-,D,D,0,,,,,Y,,A,01,1,5,0,0,0,0,0,0,0,"- ","- ",35.562750000000001,-117.72381,KERN,UNINCORPORATED,-117.72382924,35.562733360000003
90586147,2017,2017-11-02,9430,2017-10-28,0700,016050,,6,1,9,1500,0,3,5,,2,004,"LEGRAY RD.","WHEELER RIDGE RD.",0.00,,Y,A,-,N,,,,,,,,,,Y,2,0,1,2,A,-,09,21802,A,N,D,C,A,A,H,-,B,A,0,,,Y,,Y,,D,22,1,0,0,0,0,0,0,0,1,"- ","- ",35.030799999999999,-118.92646999999999,KERN,UNINCORPORATED,-118.92646003999999,35.03088004
90586757,2017,2017-11-03,9426,2017-10-30,0400,014716,,1,3,9,1500,0,3,5,,2,085,"LOST HILLS RD.","LERDO HWY.",10560.00,N,N,A,-,N,,,,,,,,,,Y,2,0,1,1,A,-,08,22107,,N,F,A,A,A,H,-,D,D,0,,,,,Y,,D,22,1,0,0,0,0,0,0,0,0,"- ","- ",35.528829999999999,-119.68989000000001,KERN,UNINCORPORATED,-119.68971826000001,35.528139590000002
90589553,2017,2017-11-07,9420,2017-10-31,1205,018807,,2,1,9,1500,0,1,3,,1,583,"SR-58(ROSEDALE HIGHWAY)","JENKINS ROAD",0.00,,Y,A,-,Y,,,58,,,,,,,Y,2,0,2,2,A,-,12,21453,A,N,D,C,A,A,H,-,A,A,0,,,,,Y,,A,01,1,1,0,0,0,0,0,0,0,"- ","- ",35.383499999999998,-119.1544,KERN,UNINCORPORATED,-119.15440001,35.383508550000002
90591062,2017,2017-11-09,9420,2017-11-03,1325,019856,,5,1,9,1500,0,2,4,,1,075,"SOUTH UNION AVENUE (1000 BLOCK)","EAST BELLE TERRACE",455.00,S,N,A,-,N,,,,,,,,,,N,2,0,1,2,A,-,05,21650,,N,D,G,A,A,H,-,A,D,0,,Y,,,Y,,L,04,1,0,0,0,0,0,1,0,0,"- ","- ",35.344999999999999,-119.00305,KERN,UNINCORPORATED,-119.00293808000001,35.34545155
90591551,2017,2017-11-09,9830,2017-11-07,1430,017146,,2,2,9,1500,0,3,5,,2,006,"GARLOCK RD.","GOLER RD",21120.00,W,N,A,-,N,,,,,,,,,,Y,2,0,2,1,A,-,08,22107,,N,F,A,A,A,H,-,A,D,0,,,,,Y,,D,22,2,0,0,0,0,0,0,0,0,"- ","- ",35.41827,-117.75954,KERN,UNINCORPORATED,-117.75904257000001,35.41824819
90592831,2017,2017-11-13,9420,2017-09-13,0635,015261,,3,1,9,1500,0,3,5,,2,520,"POND ROAD","DRIVER ROAD",0.00,,Y,A,-,N,,,,,,,,,,Y,1,1,2,2,A,-,09,21802,A,N,D,C,A,A,H,-,A,A,0,,,,Y,Y,,A,01,1,0,1,0,0,0,0,0,0,"- ","- ",35.717790000000001,-119.20508,KERN,UNINCORPORATED,-119.20505994,35.717820099999997
90594099,2017,2017-11-14,9426,2017-11-06,0255,017230,,1,3,9,1500,0,1,1,,2,502,"I-5 N/B","MERCED AVE",4224.00,N,N,A,-,Y,,,5,,,,,,N,Y,2,0,2,2,A,-,03,22350,,N,C,C,A,A,H,-,D,D,0,,,,,Y,,D,22,1,0,1,0,0,0,0,0,0,"- ","- ",35.536099999999998,-119.57402,KERN,UNINCORPORATED,-119.57394179000001,35.536185230000001
90595532,2017,2017-11-16,9420,2017-10-06,0342,018932,,5,3,9,1500,0,2,4,,1,064,"OLIVE DRIVE","SANDALWOOD STREET",20.00,W,N,A,-,N,,,,,,,,,,N,1,1,0,2,A,-,11,21954,A,N,G,B,D,A,H,-,D,D,0,Y,,,,Y,Y,N,60,0,0,0,1,0,0,0,0,0,"- ","- ",35.412300000000002,-119.0665,KERN,UNINCORPORATED,-119.06643704,35.412320000000001
90596512,2017,2017-11-17,9420,2017-10-30,1820,015255,,1,2,9,1500,0,3,5,,2,070,"FLOWER STREET","GAGE STREET",3.00,E,N,A,-,N,,,,,,,,,,Y,1,1,0,2,A,-,10,21950,A,N,G,B,B,A,H,-,B,D,0,Y,,,,Y,,A,07,0,0,0,1,0,0,0,0,0,"- ","- ",35.384770000000003,-118.98325,KERN,UNINCORPORATED,-118.9833503,35.384727839999996
90598235,2017,2017-11-20,9426,2017-11-15,1226,016921,,3,1,9,1500,0,1,3,,1,461,SR-46,"ROWLEE ROAD",31.00,W,N,A,-,Y,,,46,,,,,,,Y,2,0,3,2,A,-,05,21460,C,N,A,C,A,A,H,-,A,D,0,,,,,Y,,D,22,1,2,0,0,0,0,0,0,0,"- ","- ",35.601100000000002,-119.47355,KERN,UNINCORPORATED,-119.47355001,35.601106909999999
90598581,2017,2017-11-20,9420,2017-11-06,1029,018117,,1,1,9,1500,0,3,5,,2,050,"BELLE AVE","DATE ST",0.00,,Y,A,-,N,,,,,,,,,,Y,2,0,1,2,A,-,05,21752,D,N,D,C,A,A,H,-,A,D,0,,,Y,,Y,,C,02,1,0,0,0,0,0,0,0,1,"- ","- ",35.410449999999997,-119.03111,KERN,UNINCORPORATED,-119.03109000000001,35.410450089999998
90599909,2017,2017-11-21,9420,2017-10-29,2500,015259,,7,4,9,1500,0,3,5,,2,672,"DI GIORGIO ROAD","TEJON HIGHWAY",2261.00,E,N,A,-,N,,,,,,,,,,Y,1,1,0,1,A,-,08,22107,,N,F,A,A,A,H,-,D,D,0,,,,,Y,,D,22,0,0,0,0,0,0,0,0,0,"- ","- ",35.252859999999998,-118.81834000000001,KERN,UNINCORPORATED,-118.81714895,35.252829910000003
90602418,2017,2017-11-27,9420,2017-11-16,1750,016969,,4,2,9,1500,0,2,4,,1,077,"S. FAIRFAX RD","MOUNTAIN VIEW RD",716.00,N,N,B,-,N,,,,,,,,,,Y,2,0,3,2,A,-,01,23152,A,N,A,C,A,A,H,-,D,D,0,,,,,Y,Y,A,01,2,1,0,0,0,0,0,0,0,"- ","- ",35.283569999999997,-118.93214999999999,KERN,UNINCORPORATED,-118.93209459000001,35.283464520000003
90603750,2017,2017-11-28,9420,2017-10-19,1455,016973,,4,2,9,1500,0,3,5,,2,060,"GOLDEN STATE HIGHWAY","SNOW ROAD",0.00,,Y,A,-,N,,,,,,,,,,Y,1,1,1,2,A,-,09,21802,A,N,D,C,A,A,H,-,A,A,0,,,,Y,Y,,D,22,0,0,1,0,0,0,0,0,0,"- ","- ",35.426000000000002,-119.06828,KERN,UNINCORPORATED,-119.06827013,35.427010019999997
90605743,2017,2017-11-30,9420,2017-11-11,2220,019903,,6,3,9,1500,0,3,5,,2,070,"PIONEER DRIVE","DENISON LANE",0.00,,Y,A,-,N,,,,,,,,,,N,2,0,1,2,A,-,03,22350,,F,G,B,E,A,H,-,C,D,0,Y,,,,Y,,A,08,1,0,0,0,1,0,0,0,0,"- ","- ",35.36889,-118.92144,KERN,UNINCORPORATED,-118.92147009999999,35.368870020000003
90609002,2017,2017-12-04,9420,2017-11-25,0049,019686,,6,3,9,1500,0,1,3,,2,091,"SR-99 S/B","COUNTY LINE ROAD",815.00,S,N,A,-,Y,,,99,,,,,,S,Y,2,0,2,1,A,-,01,23152,A,N,E,I,A,A,H,-,D,D,0,,,,,Y,Y,A,01,1,1,0,0,0,0,0,0,0,"- ","- ",35.789110000000001,-119.25059,KERN,UNINCORPORATED,-119.25047642,35.789133870000001
90610264,2017,2017-12-05,9426,2017-11-22,2246,014716,,3,3,9,1500,0,1,3,,1,460,SR-46,"LOST HILLS RD.",1056.00,E,N,A,-,Y,,,46,,,,,,,Y,2,0,1,3,A,-,01,23152,A,N,A,C,A,A,H,-,D,D,0,,,,Y,Y,Y,D,22,1,0,0,0,0,0,0,0,0,"- ","- ",35.615929999999999,-119.68478,KERN,UNINCORPORATED,-119.68478029000001,35.615977749999999
90610404,2017,2017-12-05,9426,2017-11-30,1640,019896,,4,2,9,1500,0,3,5,,2,085,"KECKS RD","TWISSELMAN RD",7920.00,W,N,A,-,N,,,,,,,,,,N,2,0,2,1,A,-,03,22350,,N,F,A,A,A,H,-,D,D,0,,,,Y,Y,,G,26,1,1,0,0,0,0,0,0,0,"- ","- ",35.725099999999998,-119.99709,KERN,UNINCORPORATED,-119.9970546,35.725110000000001
90612137,2017,2017-12-07,9420,2017-12-01,0030,019903,,5,3,6,1502,0,1,3,,1,176,"SR-178 E/B","HALEY STREET",200.00,W,N,A,-,Y,,,178,,,,,,E,Y,2,0,2,2,A,-,03,22350,,N,C,C,A,A,H,-,C,D,0,,,,,Y,,A,07,1,0,1,0,0,0,0,0,0,"- ","- ",35.391530000000003,-118.97766,KERN,BAKERSFIELD,-118.97766253,35.391536469999998