CASE_ID,ACCIDENT_YEAR,PROC_DATE,JURIS,COLLISION_DATE,COLLISION_TIME,OFFICER_ID,REPORTING_DISTRICT,DAY_OF_WEEK,CHP_SHIFT,POPULATION,CNTY_CITY_LOC,SPECIAL_COND,BEAT_TYPE,CHP_BEAT_TYPE,CITY_DIVISION_LAPD,CHP_BEAT_CLASS,BEAT_NUMBER,PRIMARY_RD,SECONDARY_RD,DISTANCE,DIRECTION,INTERSECTION,WEATHER_1,WEATHER_2,STATE_HWY_IND,CALTRANS_COUNTY,CALTRANS_DISTRICT,STATE_ROUTE,ROUTE_SUFFIX,POSTMILE_PREFIX,POSTMILE,LOCATION_TYPE,RAMP_INTERSECTION,SIDE_OF_HWY,TOW_AWAY,COLLISION_SEVERITY,NUMBER_KILLED,NUMBER_INJURED,PARTY_COUNT,PRIMARY_COLL_FACTOR,PCF_CODE_OF_VIOL,PCF_VIOL_CATEGORY,PCF_VIOLATION,PCF_VIOL_SUBSECTION,HIT_AND_RUN,TYPE_OF_COLLISION,MVIW,PED_ACTION,ROAD_SURFACE,ROAD_COND_1,ROAD_COND_2,LIGHTING,CONTROL_DEVICE,CHP_ROAD_TYPE,PEDESTRIAN_ACCIDENT,BICYCLE_ACCIDENT,MOTORCYCLE_ACCIDENT,TRUCK_ACCIDENT,NOT_PRIVATE_PROPERTY,ALCOHOL_INVOLVED,STWD_VEHTYPE_AT_FAULT,CHP_VEHTYPE_AT_FAULT,COUNT_SEVERE_INJ,COUNT_VISIBLE_INJ,COUNT_COMPLAINT_PAIN,COUNT_PED_KILLED,COUNT_PED_INJURED,COUNT_BICYCLIST_KILLED,COUNT_BICYCLIST_INJURED,COUNT_MC_KILLED,COUNT_MC_INJURED,PRIMARY_RAMP,SECONDARY_RAMP,LATITUDE,LONGITUDE,COUNTY,CITY,POINT_X,POINT_Y
90612637,2017,2017-12-07,9420,2017-11-29,0845,016767,,3,1,9,1500,0,2,4,,1,052,"ROBERTS LANE","N. CHESTER AVENUE",245.00,W,N,A,-,N,,,,,,,,,,Y,2,0,1,2,A,-,09,21801,A,N,D,C,A,A,H,-,A,D,0,,,Y,,Y,,A,07,1,0,0,0,0,0,0,0,1,"- ","- ",35.408580000000001,-119.02172,KERN,UNINCORPORATED,-119.02190114,35.408639999999998
90613156,2017,2017-12-08,9426,2017-10-26,2052,017281,,4,2,9,1500,0,3,5,,2,086,"7TH STANDARD RD.","TRACY AVE.",4752.00,E,N,A,-,N,,,,,,,,,,Y,1,4,1,2,A,-,08,22107,,N,A,C,A,A,H,-,D,D,0,,,,,Y,,D,22,1,0,0,0,0,0,0,0,0,"- ","- ",35.44218,-119.39409000000001,KERN,UNINCORPORATED,-119.39554212,35.442168520000003
90615076,2017,2017-12-12,9420,2017-11-28,2100,016828,,2,2,9,1500,0,3,5,,2,520,"WILDWOOD RD",SR-46,350.00,N,N,A,-,N,,,,,,,,,,Y,2,0,1,1,A,-,08,22107,,F,F,A,A,A,H,-,D,D,0,,,,,Y,,A,07,1,0,0,0,0,0,0,0,0,"- ","- ",35.603200000000001,-119.43821,KERN,UNINCORPORATED,-119.43807551,35.602400580000001
90616193,2017,2017-12-13,9420,2017-12-02,2137,019649,,6,2,9,1500,0,3,5,,2,050,"MERLE HAGGARD DR.","MCCRAY ST.",0.00,,Y,A,-,N,,,,,,,,,,Y,2,0,1,3,A,-,09,21453,C,N,D,C,A,A,H,-,C,D,0,,,Y,,Y,,C,02,1,0,0,0,0,0,0,0,1,"- ","- ",35.441130000000001,-119.02988000000001,KERN,UNINCORPORATED,-119.02981988000001,35.441150030000003
90617436,2017,2017-12-14,9420,2017-12-01,2125,018932,,5,2,9,1500,0,1,3,,2,177,SR-178,"DEMOCRAT ROAD",25872.00,W,N,A,-,Y,,,178,,,,,,,Y,2,0,1,1,A,-,03,22350,,N,E,I,A,A,H,-,D,D,0,,,,,Y,,D,22,1,0,0,0,0,0,0,0,0,"- ","- ",35.483699999999999,-118.71129999999999,KERN,UNINCORPORATED,-118.71142793999999,35.483751169999998
90618092,2017,2017-12-15,9420,2017-12-07,1620,019459,,4,2,9,1500,0,2,4,,1,051,"EAST ROBERTS LANE","FRONTIER DRIVE",45.00,E,N,A,-,N,,,,,,,,,,Y,2,0,1,1,C,-,18,,,N,E,I,A,A,H,-,A,D,0,,,Y,,Y,,-,"- ",1,0,0,0,0,0,0,0,1,"- ","- ",35.408639999999998,-119.01602,KERN,UNINCORPORATED,-119.01624055000001,35.40869661
90625472,2017,2017-12-22,9420,2017-12-20,2035,019185,,3,2,9,1500,0,3,5,,2,672,"COMANCHE DRIVE","BRECKENRIDGE ROAD",329.00,S,N,B,-,N,,,,,,,,,,Y,2,0,1,1,A,-,01,23152,A,N,E,I,A,B,H,-,D,D,0,,,,,Y,Y,A,01,1,0,0,0,0,0,0,0,0,"- ","- ",35.373719999999999,-118.84356,KERN,UNINCORPORATED,-118.84358392,35.373461749999997
90629551,2017,2018-01-03,9426,2017-10-14,1545,017321,,6,2,9,1500,0,3,5,,2,087,"OLD RIVER ROAD","COPUS ROAD",8448.00,N,N,A,-,N,,,,,,,,,,Y,1,1,2,1,A,-,08,22107,,N,F,A,A,A,H,-,A,D,0,,,,,Y,,A,07,1,1,0,0,0,0,0,0,0,"- ","- ",35.119700000000002,-119.10980000000001,KERN,UNINCORPORATED,-119.10970931999999,35.117705299999997
90630782,2017,2018-01-02,9420,2017-12-21,0025,020040,,4,3,6,1502,0,1,3,,2,093,"SR-99 S/B","SR-58 (ROSEDALE HWY.)",1056.00,N,N,A,-,Y,,,99,,,,,,S,Y,2,0,1,2,A,-,03,22350,,N,C,C,A,A,H,-,C,D,0,,,Y,,Y,,A,01,1,0,0,0,0,0,0,0,1,"- ","- ",35.385649999999998,-119.04473,KERN,BAKERSFIELD,-119.04465872999999,35.385649690000001
90631348,2017,2018-01-02,9830,2017-12-27,1420,021870,,3,2,9,1500,0,1,3,,2,010,"SR-58 E/B","BROOME RD",1690.00,W,N,A,-,Y,,,58,,,,,,E,Y,2,0,1,1,A,-,01,23152,A,N,E,I,A,A,H,-,A,D,0,,,,,Y,Y,A,07,1,0,0,0,0,0,0,0,0,"- ","- ",35.202530000000003,-118.52809999999999,KERN,UNINCORPORATED,-118.52806022,35.202621479999998
90631380,2017,2018-01-02,9420,2017-12-25,1850,020634,,1,2,9,1500,0,2,4,,1,051,"N. CHESTER AVE","CHINA GRADE LOOP",325.00,N,N,A,-,N,,,,,,,,,,N,2,0,1,1,A,-,03,22350,,N,F,A,A,A,H,-,C,D,0,,,Y,,Y,,C,02,1,0,0,0,0,0,0,0,1,"- ","- ",35.427689999999998,-119.02136,KERN,UNINCORPORATED,-119.02119433,35.427611679999998
90631461,2017,2018-01-02,9420,2017-12-22,1230,016926,,5,1,9,1500,0,1,3,,1,184,SR-184,"WILSON ROAD",0.00,,Y,A,-,N,,,184,,,,,,,Y,2,0,4,2,A,-,09,21802,A,N,D,C,A,A,H,-,A,A,0,,,,,Y,,A,01,1,2,1,0,0,0,0,0,0,"- ","- ",35.332450000000001,-118.91437000000001,KERN,UNINCORPORATED,-118.91429862,35.332449840000002
90631912,2017,2018-01-03,9830,2017-12-21,0156,012724,,4,3,9,1500,0,3,5,,2,004,"NEURALIA RD","PHILLIPS RD",1056.00,N,N,A,-,N,,,,,,,,,,Y,2,0,1,1,A,-,01,23152,A,N,F,A,A,A,H,-,D,D,0,,,,,Y,Y,D,22,1,0,0,0,0,0,0,0,0,"- ","- ",35.203940000000003,-117.98581,KERN,UNINCORPORATED,-117.98583537,35.201664860000001
90635099,2017,2018-01-23,9420,2017-12-04,0730,018626,,1,1,9,1500,0,1,3,,2,223,"STATE ROUTE 223","STATE ROUTE 58",11616.00,W,N,A,-,Y,,,223,,,,,,,Y,1,1,1,2,A,-,01,23152,F,N,A,C,A,B,H,-,A,D,0,,,,,Y,,A,01,1,0,0,0,0,0,0,0,0,"- ","- ",35.244309999999999,-118.67928000000001,KERN,UNINCORPORATED,-118.6792719,35.24429481
90637232,2018,2018-01-10,9426,2018-01-04,1033,016921,,4,1,9,1500,0,1,1,,2,502,"I-5 S/B","LERDO HIGHWAY",5280.00,S,N,A,-,Y,,,5,,,,,,S,Y,2,0,1,1,A,-,08,22107,,N,E,I,A,A,H,-,A,D,0,,,,,Y,,A,01,1,0,0,0,0,0,0,0,0,"- ","- ",35.489219665527344,-119.52100372314453,KERN,UNINCORPORATED,-119.52126312255859,35.488857269287109
90651988,2018,2018-02-02,9420,2018-01-26,1905,021788,,5,2,9,1500,0,1,3,,2,155,SR-155,"AIRFORCE WAY",1223.00,E,N,A,-,Y,,,155,,,,,,,Y,1,1,0,1,A,-,08,22107,,N,F,A,A,A,H,-,D,D,0,,,,,Y,,A,01,0,0,0,0,0,0,0,0,0,"- ","- ",35.663051605224609,-118.47145843505859,KERN,UNINCORPORATED,-118.47156524658203,35.663139343261719
90654623,2017,2018-02-06,9420,2017-12-22,1435,016973,,5,2,9,1500,0,1,3,,1,583,"STATE ROUTE 58 (ROSEDALE HIGHWAY)","PATTON WAY",335.00,W,N,A,-,Y,,,58,,,,,,,Y,1,1,0,2,A,-,09,21804,A,N,D,C,A,A,H,-,A,D,0,,,Y,,Y,Y,D,22,0,0,0,0,0,0,0,1,0,"- ","- ",35.383319999999998,-119.08471,KERN,UNINCORPORATED,-119.08470982,35.383382709999999
90654795,2018,2018-02-05,9420,2018-02-04,2105,020093,,7,2,9,1500,0,2,4,,1,071,"OSWELL ST","NILES ST",130.00,S,N,A,-,N,,,,,,,,,,Y,2,0,2,1,A,-,01,23152,A,N,E,I,A,A,H,-,C,D,0,,,,,Y,Y,A,01,1,1,0,0,0,0,0,0,0,"- ","- ",35.375461578369141,-118.94983673095703,KERN,UNINCORPORATED,-118.94980621337891,35.375614166259766
90655082,2018,2018-02-05,9830,2018-01-25,1150,019977,,4,1,9,1500,0,1,3,,1,022,"SR-58 E/B","CLAYMINE RD",13200.00,E,N,A,-,Y,,,58,,,,,,E,Y,2,0,3,1,A,-,08,22107,,N,F,A,A,A,H,-,A,D,0,,,,,Y,,A,01,1,1,1,0,0,0,0,0,0,"- ","- ",35.003700256347656,-117.79325866699219,KERN,UNINCORPORATED,-117.79328155517578,35.003433227539062
90655321,2018,2018-02-05,9420,2018-02-02,0718,016973,,5,1,9,1500,0,1,3,,1,583,"SR-58 (ROSEDALE HWY.)","RUDD RD.",1000.00,E,N,A,-,Y,,,58,,,,,,,Y,2,0,1,1,A,-,08,22107,,N,F,A,A,A,H,-,A,D,0,,,,,Y,,D,22,1,0,0,0,0,0,0,0,0,"- ","- ",35.383598327636719,-119.17424774169922,KERN,UNINCORPORATED,-119.17424774169922,35.383491516113281
90655726,2018,2018-02-06,9420,2018-02-03,1305,020782,,6,1,9,1500,0,2,4,,1,075,"S. UNION AVENUE","AMADOR AVE",40.00,S,N,A,-,N,,,,,,,,,,N,2,0,1,2,A,-,11,21954,A,N,G,B,D,A,H,-,A,D,0,Y,,,,Y,,N,60,1,0,0,0,1,0,0,0,0,"- ","- ",35.342868804931641,-119.00308227539062,KERN,UNINCORPORATED,-119.00311279296875,35.342979431152344
90657373,2018,2018-02-08,9420,2018-02-03,1355,018445,,6,1,9,1500,0,3,5,,2,040,"GRANITE ROAD","POSO FLAT ROAD",5808.00,N,N,A,-,N,,,,,,,,,,Y,2,0,1,1,A,-,03,22350,,N,F,A,A,A,H,-,A,D,0,,,Y,,Y,,C,02,1,0,0,0,0,0,0,0,1,"- ","- ",35.638690948486328,-118.78558349609375,KERN,UNINCORPORATED,-118.79598236083984,35.64459228515625
90657702,2017,2018-02-08,9420,2017-11-22,2240,018932,,3,3,9,1500,0,2,4,,1,051,"MANOR STREET S/B FROM EAST ROBERTS LANE","EAST ROBERTS LANE",107.00,S,N,A,-,N,,,,,,,,,,Y,1,1,1,1,A,-,01,23152,A,N,E,I,A,A,H,-,D,D,0,,,,,Y,Y,A,01,1,0,0,0,0,0,0,0,0,"- ","- ",35.409799999999997,-119.012,KERN,UNINCORPORATED,-119.01226588999999,35.410289740000003
90658117,2018,2018-02-09,9420,2018-02-02,2055,021788,,5,2,9,1500,0,1,3,,2,155,SR-155,"AIRFORCE WAY",2400.00,E,N,A,-,Y,,,155,,,,,,,Y,2,0,1,1,A,-,08,22107,,N,E,J,A,A,H,-,D,D,0,,,,,Y,,D,22,1,0,0,0,0,0,0,0,0,"- ","- ",35.667041778564453,-118.47116851806641,KERN,UNINCORPORATED,-118.47138214111328,35.667129516601562
90658680,2018,2018-02-09,9426,2018-02-02,1634,018023,,5,2,9,1500,0,1,1,,2,504,"I-5 N/B","BUENA VISTA CANAL",562.00,N,N,A,-,Y,,,5,,,,,,N,Y,2,0,5,2,A,-,01,23152,F,N,C,C,A,A,H,-,A,D,0,,,,Y,Y,,D,22,2,3,0,0,0,0,0,0,0,"- ","- ",35.239189147949219,-119.19455718994141,KERN,UNINCORPORATED,-119.19458770751953,35.239162445068359
90662614,2017,2018-02-22,9830,2017-11-26,2350,020167,,7,3,9,1500,0,1,3,,1,021,"STATE ROUTE 58 WESTBOUND","BUSINESS ROUTE 58 EAST",3696.00,E,N,A,-,Y,,,58,,,,,,W,N,1,1,0,2,A,-,11,21956,A,N,G,B,E,A,H,-,D,D,0,Y,,,,Y,,N,60,0,0,0,1,0,0,0,0,0,"- ","- ",35.031680000000001,-118.09683,KERN,UNINCORPORATED,-118.09683467000001,35.031667110000001
90662948,2018,2018-02-16,9420,2018-02-13,1650,018643,,2,2,9,1500,0,2,4,,1,072,"EDISON HIGHWAY","EXCHANGE STREET",0.00,,Y,A,-,N,,,,,,,,,,Y,2,0,1,2,A,-,09,21802,A,N,D,C,A,A,H,-,A,D,0,,,,,Y,,D,22,1,0,0,0,0,0,0,0,0,"- ","- ",35.370498657226562,-118.96517944335938,KERN,UNINCORPORATED,-118.96511077880859,35.370510101318359
90666443,2018,2018-02-22,9420,2018-02-18,1805,020501,,7,2,9,1500,0,2,4,,1,071,"MT. VERNON AVE","LAKE ST",40.00,S,N,A,-,N,,,,,,,,,,N,2,0,1,2,A,-,11,21954,A,N,G,B,D,A,H,-,C,D,0,Y,,,,Y,,N,60,1,0,0,0,1,0,0,0,0,"- ","- ",35.374031066894531,-118.96762847900391,KERN,UNINCORPORATED,-118.96759033203125,35.373908996582031
90668467,2018,2018-02-23,9430,2018-01-09,1703,018721,,2,2,9,1500,0,1,1,,2,055,"I-5 N/B (GOLDEN STATE FREEWAY)","SABODAN STREET",18.00,S,N,A,-,Y,,,5,,,,,,N,Y,1,1,1,1,A,-,08,22107,,N,E,I,A,B,H,-,B,D,0,,,,,Y,,A,07,1,0,0,0,0,0,0,0,0,"- ","- ",35.036109924316406,-118.97609710693359,KERN,UNINCORPORATED,-118.97608184814453,35.036128997802734
90668742,2018,2018-02-26,9420,2018-02-17,0405,020634,,6,3,6,1502,0,1,3,,2,585,"SR-58, WB TO S. UNION AVE.","S. UNION AVE",450.00,E,N,A,-,Y,,,58,,,,R,,W,Y,2,0,1,1,A,-,08,22107,,N,E,I,A,A,H,-,C,D,0,,,,,Y,,A,01,1,0,0,0,0,0,0,0,0,"- ","- ",35.352798461914062,-119.00150299072266,KERN,BAKERSFIELD,-119.00150299072266,35.352798461914062
90668743,2018,2018-03-08,9420,2018-02-17,1925,019459,,6,2,9,1500,0,1,3,,2,431,SR-43,"SULLIVAN ROAD",0.00,,Y,A,-,Y,,,43,,,,,,,Y,2,0,1,2,A,-,12,22450,A,N,D,C,A,A,H,-,D,D,0,,,,Y,Y,,D,22,1,0,0,0,0,0,0,0,0,"- ","- ",35.412609100341797,-119.25196838378906,KERN,UNINCORPORATED,-119.25198364257812,35.412609100341797
90671485,2018,2018-02-28,9420,2018-02-19,1930,015896,,1,2,9,1500,0,3,5,,2,060,"COFFEE RD","NORRIS RD",200.00,N,N,A,-,N,,,,,,,,,,Y,2,0,1,2,A,-,01,23152,A,N,C,C,A,A,H,-,D,D,0,,,,,Y,Y,D,22,1,0,0,0,0,0,0,0,0,"- ","- ",35.420700073242188,-119.09220123291016,KERN,UNINCORPORATED,-119.09217834472656,35.420234680175781
90677553,2018,2018-03-08,9420,2018-02-08,1530,018643,,4,2,9,1500,0,3,5,,2,540,"NORTH PALM AVENUE","GROMER AVENUE",155.00,N,N,A,-,N,,,,,,,,,,Y,1,1,0,2,A,-,06,21751,,F,A,G,A,A,H,-,A,D,0,,Y,,,Y,,D,22,0,0,0,0,0,1,0,0,0,"- ","- ",35.609298706054688,-119.34918212890625,KERN,UNINCORPORATED,-119.34915924072266,35.609214782714844
90678467,2018,2018-03-09,9420,2018-03-01,2317,020672,,4,3,6,1502,0,1,3,,2,585,"SR-58 WESTBOUND","HUGHES LN.",763.00,E,N,A,-,Y,,,58,,,,,,W,Y,2,0,2,1,A,-,01,23152,A,N,E,I,A,A,H,-,C,D,0,,,,,Y,Y,D,22,2,0,0,0,0,0,0,0,0,"- ","- ",35.352668762207031,-119.02741241455078,KERN,BAKERSFIELD,-119.02741241455078,35.352752685546875
90678616,2018,2018-03-09,9420,2018-03-07,1650,021788,,3,2,9,1500,0,2,4,,2,021,"SIERRA WAY",SR-178,6336.00,N,N,A,-,N,,,,,,,,,,Y,2,0,1,1,A,-,08,22107,,N,E,J,A,A,H,-,A,D,0,,,,,Y,,A,01,1,0,0,0,0,0,0,0,0,"- ","- ",35.672958374023438,-118.33196258544922,KERN,UNINCORPORATED,-118.32783508300781,35.672718048095703
90678992,2018,2018-03-09,9426,2018-03-02,1530,017321,,5,2,9,1500,0,1,3,,2,331,SR-33,"REWARD ROAD",5.00,S,N,B,-,Y,,,33,,,,,,,Y,2,0,1,2,A,-,09,21801,A,N,D,A,A,A,H,-,A,D,0,,,,Y,Y,,D,22,1,0,0,0,0,0,0,0,0,"- ","- ",35.305500030517578,-119.62310028076172,KERN,UNINCORPORATED,-119.62306213378906,35.305488586425781
90679026,2017,2018-03-09,9426,2017-12-30,0105,017230,,6,3,9,1500,0,1,1,,2,502,"I-5 S/B","7TH STANDARD RD",6336.00,S,N,A,-,Y,,,5,,,,,,S,Y,1,1,5,2,A,-,08,22107,,N,F,A,A,A,H,-,D,D,0,,,,Y,Y,,A,07,3,1,1,0,0,0,0,0,0,"- ","- ",35.431359999999998,-119.44189,KERN,UNINCORPORATED,-119.44194674000001,35.43128196
90679036,2018,2018-03-09,9426,2018-01-16,0100,017281,,2,3,9,1500,0,1,1,,2,502,"INTERSTATE 5 NORTHBOUND","MAIN DRAIN ROAD",598.00,N,N,B,-,Y,,,5,,,,,,N,N,1,1,0,2,A,-,11,21954,A,F,G,B,E,A,H,-,D,D,0,Y,,,,Y,,N,60,0,0,0,1,0,0,0,0,0,"- ","- ",35.576820373535156,-119.61741638183594,KERN,UNINCORPORATED,-119.61740875244141,35.576828002929688
9068239,2020,2020-07-08,1501,2020-03-27,2245,998,18,5,5,3,1501,0,0,0,,0,002,"DURHAM ST","WALNUT DR",443.00,W,N,A,-,N,,,,,,,,,,Y,2,0,3,2,A,-,01,23152,A,N,A,C,A,A,E,-,C,D,0,,,,,Y,Y,D,72,1,2,0,0,0,0,0,0,0,"- ","- ",35.197860717773438,-118.83889007568359,KERN,ARVIN,-118.83907318115234,35.199043273925781
90683813,2018,2018-03-16,9426,2018-03-15,0640,019658,,4,1,9,1500,0,3,5,,2,082,"JACKSON AVE","ROWLEE RD",2640.00,W,N,B,-,N,,,,,,,,,,N,2,0,1,1,A,-,03,22350,,N,F,A,A,B,A,G,D,D,0,,,Y,,Y,Y,C,06,1,0,0,0,0,0,0,0,1,"- ","- ",35.572071075439453,-119.48335266113281,KERN,UNINCORPORATED,-119.48287963867188,35.572078704833984
90687053,2018,2018-03-21,9420,2018-03-17,1550,019963,,6,2,9,1500,0,3,5,,2,550,"MERCED AVENUE","SCOFIELD AVENUE",1000.00,W,N,C,-,N,,,,,,,,,,Y,2,0,1,1,A,-,03,22350,,N,E,I,A,B,H,-,A,D,0,,,,,Y,,A,01,1,0,0,0,0,0,0,0,0,"- ","- ",35.528789520263672,-119.4127197265625,KERN,UNINCORPORATED,-119.40654754638672,35.528827667236328
90687468,2018,2018-03-22,9830,2018-03-19,1347,019271,,1,1,9,1500,0,3,5,,2,003,"20TH ST  W","MARIE AVE",0.00,,Y,A,-,N,,,,,,,,,,Y,2,0,4,2,A,-,03,22350,,N,C,C,A,A,H,-,A,D,0,,,,,Y,,A,01,1,2,1,0,0,0,0,0,0,"- ","- ",34.849891662597656,-118.16709136962891,KERN,UNINCORPORATED,-118.16705322265625,34.849819183349609
90687780,2018,2018-03-22,9420,2018-03-19,1730,021547,,1,2,9,1500,0,3,5,,2,320,"PARK WAY","ELK DRIVE",500.00,E,N,A,-,N,,,,,,,,,,N,2,0,1,1,A,-,08,22107,,N,E,J,A,A,H,-,A,D,0,,,Y,,Y,,C,06,1,0,0,0,0,0,0,0,1,"- ","- ",35.588481903076172,-118.48886108398438,KERN,UNINCORPORATED,-118.48928070068359,35.588851928710938
90691185,2018,2018-03-27,9426,2018-03-20,1115,018909,,2,1,9,1500,0,1,3,,1,118,SR-119,"GOLF COURSE RD",6336.00,W,N,B,-,Y,,,119,,,,,,,Y,2,0,1,2,A,-,08,22107,,N,C,C,A,A,H,-,A,D,0,,,,,Y,,A,01,1,0,0,0,0,0,0,0,0,"- ","- ",35.262569427490234,-119.31700134277344,KERN,UNINCORPORATED,-119.31720733642578,35.262935638427734
90692775,2017,2018-03-29,9420,2017-12-25,1645,018805,,1,2,9,1500,0,3,5,,2,060,"SNOW ROAD","OLD FARM ROAD",398.00,W,N,A,-,N,,,,,,,,,,Y,1,1,5,2,A,-,08,22107,,N,D,C,A,A,H,-,B,D,0,,,,,Y,Y,A,08,0,5,0,0,0,0,0,0,0,"- ","- ",35.426920000000003,-119.13815,KERN,UNINCORPORATED,-119.13797427,35.426947480000003
90701804,2018,2018-04-09,9420,2018-04-01,1245,017576,,7,1,9,1500,0,3,5,,2,070,"ROSEWOOD AVENUE","CARMEL STREET",17.00,E,N,A,-,N,,,,,,,,,,Y,2,0,2,2,A,-,05,21650,,N,A,C,A,A,H,-,A,D,0,,,,,Y,,D,22,1,0,1,0,0,0,0,0,0,"- ","- ",35.372650146484375,-118.90789031982422,KERN,UNINCORPORATED,-118.90740966796875,35.372570037841797
90707211,2017,2018-05-21,9830,2017-09-05,1700,019592,,2,2,9,1500,0,1,3,,2,012,"STATE ROUTE 58 WESTBOUND","SAND CANYON ROAD",6336.00,W,N,A,-,Y,,,58,,,,,,W,Y,1,1,1,1,A,-,08,22107,,N,E,I,A,A,D,-,A,D,0,,,,,Y,,D,22,0,1,0,0,0,0,0,0,0,"- ","- ",35.110500000000002,-118.34437,KERN,UNINCORPORATED,-118.34436995999999,35.11046271
90707260,2017,2018-04-17,9830,2017-10-27,1700,016971,,5,2,9,1500,0,1,3,,1,040,"STATE ROUTE 14 NORTHBOUND","STATE ROUTE 58 WESTBOUND",0.00,,Y,A,-,Y,,,14,,,,,,N,Y,1,1,0,2,A,-,12,22450,A,F,D,C,A,A,H,-,A,A,0,,,,Y,Y,,G,25,0,0,0,0,0,0,0,0,0,"- ","- ",35.100479999999997,-118.14295,KERN,UNINCORPORATED,-118.14306560999999,35.100572390000004
90708560,2018,2018-04-18,9430,2018-04-07,1635,018627,,6,2,9,1500,0,3,5,,2,002,"LAKEWOOD DR","LOWRY PL",265.00,E,N,B,-,N,,,,,,,,,,N,2,0,1,1,A,-,03,22350,,N,F,A,A,B,H,-,A,D,0,,,Y,,Y,,C,02,1,0,0,0,0,0,0,0,1,"- ","- ",34.816570281982422,-118.99545288085938,KERN,UNINCORPORATED,-118.99754333496094,34.817138671875
90710583,2018,2018-04-23,9420,2018-04-13,2133,021144,,5,2,9,1500,0,2,4,,1,072,"EDISON HWY.","S. VINELAND RD.",0.00,,Y,B,-,N,,,,,,,,,,Y,2,0,1,2,A,-,09,21802,A,N,D,C,A,A,H,-,D,A,0,,,,,Y,,D,22,1,0,0,0,0,0,0,0,0,"- ","- ",35.354019165039062,-118.89644622802734,KERN,UNINCORPORATED,-118.89646148681641,35.354038238525391
90711611,2018,2018-04-24,9420,2018-04-17,1335,019353,,2,1,9,1500,0,1,3,,2,093,"SR-99 S/B","7TH STANDARD ROAD O/C",1646.00,S,N,A,-,Y,,,99,,,,,,S,Y,2,0,1,1,A,-,08,22107,,N,E,J,A,A,H,-,A,D,0,,,,,Y,,A,01,1,0,0,0,0,0,0,0,0,"- ","- ",35.438388824462891,-119.08061218261719,KERN,UNINCORPORATED,-119.08065795898438,35.438331604003906
90712876,2017,2018-05-22,9420,2017-04-05,2115,018932,,3,2,9,1500,0,1,3,,1,184,"STATE ROUTE 184","MULLER ROAD",6.00,N,N,A,-,Y,,,184,,,,,,,N,1,1,0,2,A,-,05,21202,A,F,C,G,A,A,H,-,D,D,0,,Y,,Y,Y,Y,L,04,0,0,0,0,0,1,0,0,0,"- ","- ",35.325330000000001,-118.91428000000001,KERN,UNINCORPORATED,-118.91431079,35.325330039999997
90713136,2018,2018-04-25,9420,2018-04-18,1945,018524,,3,2,9,1500,0,3,5,,2,520,"STRADLEY AVENUE","EMLO HIGHWAY",380.00,N,N,A,-,N,,,,,,,,,,Y,2,0,2,1,A,-,03,22350,,N,E,I,A,A,H,-,D,A,0,,,,,Y,,A,01,1,1,0,0,0,0,0,0,0,"- ","- ",35.692649841308594,-119.25868225097656,KERN,UNINCORPORATED,-119.25862121582031,35.6898193359375
90715324,2018,2018-04-27,9420,2018-04-21,1805,020814,,6,2,9,1500,0,2,4,,1,072,"EDISON HWY. (3500 BLOCK)","STERLING RD.",328.00,E,N,A,-,N,,,,,,,,,,Y,2,0,1,1,A,-,01,23152,A,N,E,I,A,A,H,-,A,D,0,,,,,Y,Y,D,22,1,0,0,0,0,0,0,0,0,"- ","- ",35.364330291748047,-118.93975830078125,KERN,UNINCORPORATED,-118.93979644775391,35.364448547363281
90716135,2018,2018-04-30,9420,2018-04-21,2245,021175,,6,3,9,1500,0,3,5,,2,070,"WEBSTER STREET","MONTEREY STREET",60.00,S,N,A,-,N,,,,,,,,,,N,2,0,1,2,A,-,11,21954,A,F,G,B,E,A,H,-,D,D,0,Y,,,,Y,,N,60,1,0,0,0,1,0,0,0,0,"- ","- ",35.374401092529297,-118.96299743652344,KERN,UNINCORPORATED,-118.96303558349609,35.374744415283203
90717161,2018,2018-05-01,9420,2018-04-24,0222,019442,,2,3,9,1500,0,3,5,,2,060,"KNUDSEN DR.","OLIVE DR.",322.00,N,N,A,-,N,,,,,,,,,,Y,2,0,2,1,A,-,01,23152,A,N,E,I,A,A,H,-,C,D,0,,,,,Y,Y,D,22,1,1,0,0,0,0,0,0,0,"- ","- ",35.412601470947266,-119.05873870849609,KERN,UNINCORPORATED,-119.05876922607422,35.413291931152344
90717679,2018,2018-05-01,9420,2018-04-02,0940,013475,,1,1,6,1502,0,1,3,,2,093,"STATE ROUTE 99 SOUTHBOUND","SR-58 (ROSEDALE HIGHWAY)",1153.00,S,N,A,-,Y,,,99,,,,,,S,Y,1,1,2,3,A,-,03,22350,,N,C,C,A,A,H,-,A,D,0,,,,Y,Y,,G,25,1,0,1,0,0,0,0,0,0,"- ","- ",35.380149841308594,-119.04460906982422,KERN,BAKERSFIELD,-119.04463195800781,35.380149841308594