CASE_ID,ACCIDENT_YEAR,PROC_DATE,JURIS,COLLISION_DATE,COLLISION_TIME,OFFICER_ID,REPORTING_DISTRICT,DAY_OF_WEEK,CHP_SHIFT,POPULATION,CNTY_CITY_LOC,SPECIAL_COND,BEAT_TYPE,CHP_BEAT_TYPE,CITY_DIVISION_LAPD,CHP_BEAT_CLASS,BEAT_NUMBER,PRIMARY_RD,SECONDARY_RD,DISTANCE,DIRECTION,INTERSECTION,WEATHER_1,WEATHER_2,STATE_HWY_IND,CALTRANS_COUNTY,CALTRANS_DISTRICT,STATE_ROUTE,ROUTE_SUFFIX,POSTMILE_PREFIX,POSTMILE,LOCATION_TYPE,RAMP_INTERSECTION,SIDE_OF_HWY,TOW_AWAY,COLLISION_SEVERITY,NUMBER_KILLED,NUMBER_INJURED,PARTY_COUNT,PRIMARY_COLL_FACTOR,PCF_CODE_OF_VIOL,PCF_VIOL_CATEGORY,PCF_VIOLATION,PCF_VIOL_SUBSECTION,HIT_AND_RUN,TYPE_OF_COLLISION,MVIW,PED_ACTION,ROAD_SURFACE,ROAD_COND_1,ROAD_COND_2,LIGHTING,CONTROL_DEVICE,CHP_ROAD_TYPE,PEDESTRIAN_ACCIDENT,BICYCLE_ACCIDENT,MOTORCYCLE_ACCIDENT,TRUCK_ACCIDENT,NOT_PRIVATE_PROPERTY,ALCOHOL_INVOLVED,STWD_VEHTYPE_AT_FAULT,CHP_VEHTYPE_AT_FAULT,COUNT_SEVERE_INJ,COUNT_VISIBLE_INJ,COUNT_COMPLAINT_PAIN,COUNT_PED_KILLED,COUNT_PED_INJURED,COUNT_BICYCLIST_KILLED,COUNT_BICYCLIST_INJURED,COUNT_MC_KILLED,COUNT_MC_INJURED,PRIMARY_RAMP,SECONDARY_RAMP,LATITUDE,LONGITUDE,COUNTY,CITY,POINT_X,POINT_Y
90718662,2018,2018-05-02,9830,2018-04-29,0910,015252,,7,1,9,1500,0,3,5,,2,005,"CHINA LAKE BOULEVARD","MULE TRAIN DRIVE",400.00,S,N,A,G,N,,,,,,,,,,N,2,0,1,1,B,-,22,,,N,F,A,A,A,H,-,A,D,0,,Y,,,Y,,L,04,1,0,0,0,0,0,1,0,0,"- ","- ",35.571331024169922,-117.7138671875,KERN,UNINCORPORATED,-117.71387481689453,35.571422576904297
90719626,2018,2018-05-03,9426,2018-03-09,1438,019716,,5,2,9,1500,0,1,3,,2,330,"SR-33 S/B","TWISSELMAN RD",0.00,,Y,B,-,Y,,,33,,,,,,S,Y,1,2,2,2,A,-,12,22450,A,N,D,C,A,A,H,-,A,A,0,,,,,Y,,A,01,2,0,0,0,0,0,0,0,0,"- ","- ",35.730770111083984,-119.94503784179688,KERN,UNINCORPORATED,-119.94515991210938,35.730628967285156
90722269,2018,2018-05-08,9420,2018-05-06,0445,021144,,7,3,9,1500,0,3,5,,2,530,"WASCO AVE.","KIMBERLINA RD.",862.00,N,N,B,-,N,,,,,,,,,,Y,2,0,1,1,A,-,01,23152,A,N,E,I,A,A,H,-,D,D,0,,,,,Y,Y,A,01,1,0,0,0,0,0,0,0,0,"- ","- ",35.559841156005859,-119.33058166503906,KERN,UNINCORPORATED,-119.33187103271484,35.559749603271484
90722400,2018,2018-05-08,9426,2018-05-03,1530,019206,,4,2,9,1500,0,1,1,,2,506,"INTERSTATE 5 S/B","STATE ROUTE 223",1584.00,S,N,A,-,Y,,,5,,,,,,S,Y,2,0,2,1,A,-,08,22107,,N,F,A,A,A,H,-,A,D,0,,,,,Y,,A,07,1,1,0,0,0,0,0,0,0,"- ","- ",35.201030731201172,-119.15395355224609,KERN,UNINCORPORATED,-119.15422058105469,35.200740814208984
90725778,2018,2018-05-14,9430,2018-04-12,0708,018266,,4,1,9,1500,0,1,1,,2,052,"I-5 N/B (GOLDEN STATE FREEWAY)","LEBEC ROAD O/C",755.00,S,N,C,G,Y,,,5,,,,,,N,Y,1,1,0,1,A,-,03,22350,,N,E,I,A,B,H,-,A,A,0,,,,,Y,,A,01,0,0,0,0,0,0,0,0,0,"- ","- ",34.865528106689453,-118.88249206542969,KERN,UNINCORPORATED,-118.882568359375,34.865451812744141
90727077,2018,2018-05-15,9830,2018-05-09,0500,016971,,3,3,9,1500,0,3,5,,2,003,"35TH STREET WEST","ORANGE STREET",0.00,,Y,A,-,N,,,,,,,,,,Y,2,0,1,2,A,-,01,23152,A,N,D,C,A,A,H,-,C,A,0,,,,,Y,Y,A,01,1,0,0,0,0,0,0,0,0,"- ","- ",34.856578826904297,-118.19371032714844,KERN,UNINCORPORATED,-118.19370269775391,34.856578826904297
90727423,2018,2018-05-16,9830,2018-03-17,2500,021870,,6,4,9,1500,0,3,5,,2,005,"REDROCK RANDSBURG ROAD","MOORES TERRACE ROAD",5280.00,W,N,A,G,N,,,,,,,,,,Y,1,1,0,1,A,-,01,23152,A,N,E,I,A,A,H,-,A,D,0,,,Y,,Y,,C,02,0,0,0,0,0,0,0,1,0,"- ","- ",35.379901885986328,-117.67254638671875,KERN,UNINCORPORATED,-117.67306518554688,35.379993438720703
90727462,2018,2018-05-16,9830,2018-05-13,1438,019317,,7,2,9,1500,0,3,5,,2,001,"SAND CANYON ROAD","RABITISHA AVE",1584.00,S,N,A,-,Y,,,,,,,,,,Y,2,0,1,1,A,-,08,22107,,N,E,I,A,A,H,-,A,D,0,,,,,Y,,A,07,1,0,0,0,0,0,0,0,0,"- ","- ",35.130199432373047,-118.32588958740234,KERN,UNINCORPORATED,,
90729189,2018,2018-05-18,9420,2018-05-11,2350,018932,,5,3,9,1500,0,1,3,,2,093,"SR-99 S/B FROM AIRPORT DRIVE","SR-99 S/B",2.00,E,N,A,-,Y,,,99,,,,R,,S,Y,2,0,1,1,A,-,01,23152,A,N,E,I,A,A,H,-,C,D,0,,,,,Y,Y,A,01,1,0,0,0,0,0,0,0,0,"- ","- ",35.434600830078125,-119.07599639892578,KERN,UNINCORPORATED,-119.07599639892578,35.434600830078125
90731766,2018,2018-06-19,9426,2018-05-04,1400,019206,,5,2,9,1500,0,1,3,,1,167,"STATE ROUTE 166","OLD RIVER RD",23760.00,W,N,A,-,Y,,,166,,,,,,,Y,1,1,0,2,A,-,09,21804,A,N,D,C,A,A,H,-,A,D,0,,,Y,,Y,,D,22,0,0,0,0,0,0,0,1,0,"- ","- ",35.058429718017578,-119.22042083740234,KERN,UNINCORPORATED,-119.22042083740234,35.058322906494141
90733554,2018,2018-05-24,9426,2018-05-18,1220,016162,,5,1,9,1500,0,1,1,,2,502,"I-5 S/B TO BUTTONWILLOW DR","BUTTONWILLOW DR",0.00,,Y,A,-,Y,,,5,,,,R,,S,Y,2,0,6,2,A,-,09,21802,A,N,D,C,A,A,H,-,A,A,0,,,,Y,Y,,A,01,1,2,3,0,0,0,0,0,0,"- ","- ",35.453678131103516,-119.47499847412109,KERN,UNINCORPORATED,-119.47499847412109,35.453678131103516
90735569,2018,2018-05-28,9830,2018-05-19,0105,012724,,6,3,9,1500,0,1,3,,1,052,SR-178,"PINTO ST",1056.00,E,N,A,-,Y,,,178,,,,,,,Y,2,0,1,1,A,-,01,23152,A,N,F,A,A,A,H,-,D,D,0,,,Y,,Y,Y,C,02,1,0,0,0,0,0,0,0,1,"- ","- ",35.652011871337891,-117.74321746826172,KERN,UNINCORPORATED,-117.74321746826172,35.651950836181641
90736740,2018,2018-05-29,9430,2018-05-24,1955,020304,,4,2,9,1500,0,1,1,,2,052,"INTERSTATE 5 N/B (GOLDEN STATE FREEWAY)","LEBEC SERVICE ROAD O/C",1500.00,S,N,A,-,Y,,,,,,,,,,Y,2,0,1,3,A,-,03,22350,,N,C,C,A,A,H,-,A,D,0,,,,Y,Y,,F,26,1,0,0,0,0,0,0,0,0,"- ","- ",34.495098114013672,-118.52049255371094,KERN,UNINCORPORATED,-118.89132690429688,34.874038696289062
90739457,2018,2018-06-01,9420,2018-05-26,0555,014770,,6,3,9,1500,0,1,3,,2,097,"SR-99 S/B","VALPREDO AVE.",1848.00,N,N,B,-,Y,,,,,,,,,,Y,2,0,2,1,A,-,08,22107,,N,E,I,A,A,H,-,B,D,0,,,,,Y,,A,07,1,0,1,0,0,0,0,0,0,"- ","- ",35.453029632568359,-118.58309936523438,KERN,UNINCORPORATED,,
90739506,2018,2018-06-01,9426,2018-05-22,1500,017230,,2,2,9,1500,0,1,3,,1,167,"RT 166","BASIC SCHOOL RD",13728.00,E,N,A,-,Y,,,166,,,,,,,Y,2,0,2,1,A,-,08,22107,,N,E,I,A,A,H,-,A,D,0,,,,,Y,,A,07,1,1,0,0,0,0,0,0,0,"- ","- ",35.057998657226562,-119.26712036132812,KERN,UNINCORPORATED,-119.26712036132812,35.058071136474609
90740757,2018,2018-06-04,9420,2018-05-31,1940,020814,,4,2,9,1500,0,3,5,,2,040,"RIVER BLVD.","COLUMBUS ST.",0.00,,Y,A,-,N,,,,,,,,,,Y,2,0,1,2,A,-,12,21453,A,N,D,C,A,A,H,-,B,A,0,,,,,Y,,A,01,1,0,0,0,0,0,0,0,0,"- ","- ",35.397441864013672,-118.98509979248047,KERN,UNINCORPORATED,-118.98518371582031,35.39752197265625
90743025,2018,2018-06-07,9426,2018-05-30,1940,016953,,3,2,9,1500,0,3,5,,2,081,"GOLF COURSE RD","MIFFLIN LN",420.00,E,N,A,-,N,,,,,,,,,,Y,2,0,1,1,A,-,01,23152,A,N,E,I,A,A,H,-,B,D,0,,,,,Y,Y,A,07,1,0,0,0,0,0,0,0,0,"- ","- ",35.234981536865234,-119.32679748535156,KERN,UNINCORPORATED,-119.32695770263672,35.23492431640625
90743186,2018,2018-06-07,9420,2018-04-28,1400,016691,,6,2,9,1500,0,3,5,,2,040,"GRANITE ROAD","CANNELL WAY",1135.00,S,N,A,-,N,,,,,,,,,,Y,1,1,0,1,A,-,08,22107,,N,F,A,A,A,H,-,A,D,0,,,Y,,Y,,C,02,0,0,0,0,0,0,0,1,0,"- ","- ",35.612129211425781,-118.88382720947266,KERN,UNINCORPORATED,-118.87630462646484,35.611915588378906
90743570,2018,2018-06-07,9830,2018-06-04,1140,019317,,1,1,9,1500,0,3,5,,2,005,"GARLOCK ROAD","REDROCK RANDSBURG RD",14784.00,E,N,A,-,Y,,,,,,,,,,Y,2,0,1,1,A,-,08,22107,,N,E,I,A,A,H,-,A,D,0,,,Y,,Y,,C,02,1,0,0,0,0,0,0,0,1,"- ","- ",35.418949127197266,-117.76290130615234,KERN,UNINCORPORATED,-117.76467895507812,35.418216705322266
90744323,2018,2018-06-08,9420,2018-05-29,1510,019531,,2,2,9,1500,0,3,5,,2,671,"BUENA VISTA BOULEVARD","TEJON HIGHWAY",0.00,,Y,A,-,N,,,,,,,,,,Y,2,0,2,2,A,-,09,21802,A,N,D,C,A,A,H,-,A,D,0,,,,,Y,,A,01,1,0,1,0,0,0,0,0,0,"- ","- ",35.238208770751953,-118.82454681396484,KERN,UNINCORPORATED,-118.82456207275391,35.238201141357422
90747977,2018,2018-06-14,9830,2018-06-06,1520,021870,,3,2,9,1500,0,1,2,,1,053,US-395,"CHINA LAKE BLVD",0.00,,Y,A,-,Y,,,395,,,,,,,Y,2,0,3,2,A,-,09,21802,A,N,D,C,A,A,H,-,A,A,0,,,,Y,Y,,G,25,1,0,2,0,0,0,0,0,0,"- ","- ",35.550880432128906,-117.713623046875,KERN,UNINCORPORATED,-117.71359252929688,35.550907135009766
90750733,2018,2018-06-19,9420,2018-06-02,1928,016691,,6,2,9,1500,0,2,4,,1,052,"ROBERTS LN","PLYMOUTH AVE",197.00,E,N,A,-,N,,,,,,,,,,Y,2,0,1,1,A,-,08,22107,,N,F,A,A,A,H,-,A,D,0,,,Y,,Y,,C,02,1,0,0,0,0,0,0,0,1,"- ","- ",35.408660888671875,-119.02487182617188,KERN,UNINCORPORATED,-119.02487945556641,35.40863037109375
90753563,2018,2018-06-22,9420,2018-06-10,0234,019649,,7,3,9,1500,0,3,5,,2,070,"ALLEY SOUTH OF QUINCY ST","ORANGE DR.",180.00,W,N,A,-,N,,,,,,,,,,N,2,0,1,2,C,-,18,,,N,G,B,E,A,H,-,D,D,0,Y,,,,Y,Y,-,"- ",1,0,0,0,1,0,0,0,0,"- ","- ",35.380348205566406,-118.97235107421875,KERN,UNINCORPORATED,-118.97223663330078,35.380329132080078
90754954,2018,2018-06-25,9830,2018-06-23,2500,019317,,6,4,9,1500,0,2,4,,1,032,"SIERRA HIGHWAY","BACKUS ROAD",0.00,,Y,A,-,N,,,,,,,,,,Y,2,0,1,1,A,-,03,22350,,N,E,I,A,A,H,-,D,A,0,,,,,Y,Y,D,22,1,0,0,0,0,0,0,0,0,"- ","- ",34.57135009765625,-118.08937835693359,KERN,UNINCORPORATED,-118.14901733398438,34.952110290527344
90755011,2018,2018-06-25,9420,2018-06-17,0805,016978,,7,1,9,1500,0,2,4,,1,075,"S. UNION AVENUE","DIGIORGIO ROAD",0.00,,Y,A,-,N,,,,,,,,,,Y,2,0,5,2,A,-,09,21801,A,N,D,C,A,A,H,-,A,D,0,,,,,Y,,A,07,1,3,1,0,0,0,0,0,0,"- ","- ",35.254920959472656,-119.00296783447266,KERN,UNINCORPORATED,-119.00312805175781,35.252269744873047
90760989,2018,2018-07-02,9830,2018-06-28,0050,017645,,4,3,9,1500,0,1,3,,1,031,"S/B SR-14","SILVER QUEEN ROAD",4752.00,N,N,A,-,Y,,,14,,,,,,,Y,2,0,1,1,A,-,08,22107,,N,F,A,A,A,H,-,D,D,0,,,,,Y,,A,01,1,0,0,0,0,0,0,0,0,"- ","- ",35.007511138916016,-118.16079711914062,KERN,UNINCORPORATED,-118.1607666015625,35.007514953613281
90762725,2018,2019-11-18,9426,2018-06-24,1215,016804,,7,1,9,1500,0,3,5,,2,085,"LERDO HIGHWAY","LOST HILLS ROAD",1584.00,E,N,A,-,N,,,,,,,,,,Y,1,1,4,1,A,-,08,22107,,N,E,I,A,A,H,-,A,D,0,,,,,Y,,A,07,0,1,3,0,0,0,0,0,0,"- ","- ",35.499279022216797,-119.68472290039062,KERN,UNINCORPORATED,-119.68433380126953,35.499183654785156
90762766,2018,2018-07-04,9426,2018-05-27,1820,015472,,7,2,9,1500,0,1,1,,2,500,"INTERSTATE 5 NORTHBOUND","TWISSLEMAN ROAD",1584.00,S,N,A,-,Y,,,5,,,,,,N,Y,1,2,5,1,A,-,08,22107,,N,F,A,A,A,H,-,A,A,0,,,,,Y,,A,07,1,4,0,0,0,0,0,0,0,"- ","- ",35.728099822998047,-119.73650360107422,KERN,UNINCORPORATED,-119.73635864257812,35.728206634521484
90765552,2018,2018-07-09,9420,2018-05-24,1704,019459,,4,2,9,1500,0,1,3,,2,430,"SR-43 (CENTRAL VALLEY HIGHWAY)","GARCES HIGHWAY",0.00,,Y,A,-,Y,,,43,,,,,,,Y,1,2,0,2,A,-,01,23152,A,N,D,C,A,A,H,-,A,A,0,,,,Y,Y,Y,A,01,0,0,0,0,0,0,0,0,0,"- ","- ",35.761188507080078,-119.34442901611328,KERN,UNINCORPORATED,-119.34441375732422,35.761196136474609
90766296,2018,2018-07-10,9426,2018-07-03,1746,018023,,2,2,9,1500,0,3,5,,2,087,"BASIC SCHOOL RD","COPUS RD",73.00,S,N,A,-,N,,,,,,,,,,Y,2,0,1,1,A,-,12,22450,A,N,E,I,A,A,H,-,A,D,0,,,,,Y,,A,01,1,0,0,0,0,0,0,0,0,"- ","- ",35.093719482421875,-119.31414794921875,KERN,UNINCORPORATED,-119.31410217285156,35.09375
90768693,2018,2018-07-13,9430,2018-07-07,1935,018631,,6,2,9,1500,0,1,1,,2,054,"I-5 N/B","GRAPEVINE RD.",1200.00,N,N,A,-,Y,,,5,,,,,,N,Y,2,0,1,1,A,-,08,22107,,N,E,I,A,A,H,-,A,D,0,,,,,Y,,A,01,1,0,0,0,0,0,0,0,0,"- ","- ",34.947879791259766,-118.93289184570312,KERN,UNINCORPORATED,-118.93296813964844,34.947856903076172
90768992,2018,2018-07-13,9420,2018-07-12,1143,017243,,4,1,9,1500,0,3,5,,2,050,"MERLE HAGGARD DR","INDUSTRY PARKWAY DR.",240.00,E,N,A,-,N,,,,,,,,,,N,2,0,1,1,A,-,08,22107,,N,E,I,A,A,H,-,A,D,0,,,Y,,Y,,C,02,1,0,0,0,0,0,0,0,1,"- ","- ",35.441398620605469,-119.07990264892578,KERN,UNINCORPORATED,-119.07788848876953,35.441432952880859
90772598,2018,2018-07-19,9430,2018-05-27,0325,018681,,7,3,9,1500,0,1,1,,2,052,"I-5 N/B (GOLDEN STATE FREEWAY)","FRAZIER MOUNTAIN PARK RD",75.00,N,N,B,-,Y,,,5,,,,,,N,Y,1,1,1,1,A,-,08,22107,,N,E,I,A,A,H,-,D,D,0,,,,,Y,,A,01,1,0,0,0,0,0,0,0,0,"- ","- ",34.818588256835938,-118.88085174560547,KERN,UNINCORPORATED,-118.88080596923828,34.81854248046875
90772651,2018,2018-07-19,9420,2018-07-13,0820,015801,,5,1,9,1500,0,3,5,,2,040,"GRANITE ROAD","ROUND MOUNTAIN ROAD",450.00,N,N,A,-,N,,,,,,,,,,Y,2,0,1,1,A,-,08,22107,,N,F,I,A,A,H,-,A,D,0,,,Y,,Y,,C,02,1,0,0,0,0,0,0,0,1,"- ","- ",35.531669616699219,-118.96156311035156,KERN,UNINCORPORATED,-118.96157836914062,35.531356811523438
90780013,2018,2018-07-30,9420,2018-07-21,2345,021144,,6,3,9,1500,0,3,5,,2,610,"BELLE TERRACE","CHEROKEE DR.",0.00,,Y,A,-,N,,,,,,,,,,Y,2,0,2,2,A,-,01,23152,A,N,D,C,A,A,H,-,C,A,0,,,,,Y,Y,A,01,2,0,0,0,0,0,0,0,0,"- ","- ",35.346790313720703,-119.04698181152344,KERN,UNINCORPORATED,-119.04695892333984,35.346778869628906
9078045,2020,2020-05-28,1506,2020-02-26,1539,4740,28,3,5,4,1506,0,0,0,,0,,"RT 178","NORTH CHINA LAKE BL",0.00,,-,A,-,Y,,,178,,,,,,,N,2,0,2,3,A,-,08,22107,,N,C,C,A,A,H,-,A,D,0,,,Y,,Y,,C,02,2,0,0,0,0,0,0,0,2,"- ","- ",35.624259948730469,-117.66927337646484,KERN,RIDGECREST,-117.66983795166016,35.624256134033203
90782618,2018,2018-08-02,9420,2018-07-30,1515,018445,,1,2,9,1500,0,1,3,,2,430,"STATE ROUTE 43","GARCES HIGHWAY",0.00,,Y,A,-,Y,,,,,,,,,,Y,2,0,2,2,A,-,09,21802,A,N,D,C,A,A,H,-,A,A,0,,,,Y,Y,,D,22,2,0,0,0,0,0,0,0,0,"- ","- ",35.761199951171875,-119.34546661376953,KERN,UNINCORPORATED,-119.34443664550781,35.761219024658203
90783097,2018,2018-09-24,9420,2018-07-19,1155,015801,,4,1,9,1500,0,3,5,,2,040,"GRANITE ROAD","ROUND MOUNTAIN ROAD",2640.00,S,N,A,-,N,,,,,,,,,,Y,1,1,0,1,A,-,03,22350,,N,F,A,A,A,H,-,A,D,0,,,Y,,Y,Y,C,02,0,0,0,0,0,0,0,1,0,"- ","- ",35.527198791503906,-118.96920013427734,KERN,UNINCORPORATED,-118.96929168701172,35.527244567871094
90783580,2018,2018-08-03,9420,2018-07-21,2310,020784,,6,3,9,1500,0,3,5,,2,672,"CALIENTE BODFISH RD","CALIENTE CREEK",23760.00,N,N,A,-,N,,,,,,,,,,Y,2,0,1,1,C,-,18,,,N,F,A,A,A,B,-,D,D,0,,,Y,,Y,,-,"- ",1,0,0,0,0,0,0,0,1,"- ","- ",35.338859558105469,-118.57698059082031,KERN,UNINCORPORATED,-118.57783508300781,35.337821960449219
90784662,2018,2018-08-06,9420,2018-07-27,1650,016691,,5,2,9,1500,0,1,3,,2,204,"SR-204 S/B","KERN RIVER BRIDGE 50-33",32.00,S,N,A,-,Y,,,,,,,,,,Y,2,0,1,1,A,-,01,23152,A,N,E,I,A,A,H,-,A,D,0,,,,,Y,Y,A,01,1,0,0,0,0,0,0,0,0,"- ","- ",35.394298553466797,-119.02912902832031,KERN,UNINCORPORATED,,
90784716,2018,2018-08-06,9420,2018-07-30,2135,021260,,1,2,9,1500,0,2,4,,1,077,"SOUTH FAIRFAX ROAD","MULLER ROAD",460.00,S,N,A,-,N,,,,,,,,,,Y,2,0,2,2,A,-,08,22107,,N,D,C,A,A,H,-,D,D,0,,,,,Y,,D,22,1,0,1,0,0,0,0,0,0,"- ","- ",35.324081420898438,-118.93205261230469,KERN,UNINCORPORATED,-118.93206024169922,35.323928833007812
90784746,2018,2018-08-06,9420,2018-06-10,1340,021788,,7,1,9,1500,0,1,3,,2,155,"STATE ROUTE 155","RANCHERIA ROAD",5280.00,W,N,A,-,Y,,,155,,,,,,,Y,1,1,0,1,A,-,03,22350,,N,F,A,A,A,H,-,A,D,0,,,Y,,Y,,C,02,0,0,0,0,0,0,0,1,0,"- ","- ",35.743320465087891,-118.58087158203125,KERN,UNINCORPORATED,-118.58087921142578,35.743312835693359
90786753,2018,2018-08-08,9420,2018-08-01,2040,020402,,3,2,9,1500,0,2,4,,1,075,"S. UNION AVENUE","GARDEN DRIVE",200.00,N,N,A,-,N,,,,,,,,,,Y,2,0,1,2,A,-,08,22107,,N,C,E,A,A,H,-,C,D,0,,,,,Y,,A,01,1,0,0,0,0,0,0,0,0,"- ","- ",35.306770324707031,-118.00322723388672,KERN,UNINCORPORATED,-119.00312805175781,35.306438446044922
90788601,2018,2018-08-10,9426,2018-08-01,0618,018610,,3,1,9,1500,0,1,3,,1,118,SR-119,"GOLF COURSE ROAD",0.00,,Y,A,-,Y,,,119,,,,,,,Y,2,0,2,2,A,-,09,21801,A,N,A,C,A,A,H,-,B,D,0,,,,,Y,,A,07,1,1,0,0,0,0,0,0,0,"- ","- ",35.265628814697266,-119.31208038330078,KERN,UNINCORPORATED,-119.31209564208984,35.265670776367188
90790616,2018,2018-08-14,9420,2018-08-10,0612,015259,,5,1,9,1500,0,3,5,,2,630,"HERRING ROAD","WIBLE ROAD",6010.00,E,N,F,-,N,,,,,,,,,,Y,2,0,2,2,A,-,21,22106,,N,D,C,A,A,H,-,A,D,0,,,,,Y,,A,07,1,1,0,0,0,0,0,0,0,"- ","- ",35.151210784912109,-119.01909637451172,KERN,UNINCORPORATED,-119.01912689208984,35.151214599609375
90793090,2018,2018-08-17,9420,2018-08-07,0050,016828,,2,3,9,1500,0,1,3,,1,184,SR-184,"KERNITA ROAD",30.00,S,N,A,-,Y,,,,,,,,,,Y,2,0,2,2,A,-,08,22107,,N,A,C,A,A,H,-,C,D,0,,,,,Y,,A,01,1,1,0,0,0,0,0,0,0,"- ","- ",35.346920013427734,-118.94284057617188,KERN,UNINCORPORATED,,
90793137,2018,2018-08-17,9420,2018-08-10,1910,020634,,5,2,9,1500,0,3,5,,2,671,"COMANCHE DRIVE","DI GIORGIO RD",600.00,S,N,A,-,N,,,,,,,,,,Y,2,0,1,1,A,-,01,23152,A,N,F,A,A,A,H,-,A,D,0,,,,,Y,Y,D,22,1,0,0,0,0,0,0,0,0,"- ","- ",35.250198364257812,-118.84259796142578,KERN,UNINCORPORATED,-118.84263610839844,35.251033782958984
90794344,2018,2018-08-20,9830,2018-08-19,0115,020167,,7,3,9,1500,0,1,3,,1,052,"SOUTH CHINA LAKE BLVD.",US-395,303.00,E,N,A,-,Y,,,,,,,,,,Y,2,0,1,1,A,-,03,22350,,N,E,I,A,A,H,-,C,D,0,,,Y,,Y,,C,02,1,0,0,0,0,0,0,0,1,"- ","- ",35.551551818847656,-117.71356964111328,KERN,UNINCORPORATED,-117.71349334716797,35.551799774169922
90795697,2018,2018-08-22,9426,2018-08-18,2235,019592,,6,3,9,1500,0,1,3,,2,432,"I-5 N/B TO SR-43",SR-43,0.00,,Y,A,-,Y,,,5,,,,R,,N,Y,2,0,4,3,A,-,01,23152,A,N,D,C,A,A,H,-,C,A,0,,,,,Y,Y,A,01,3,1,0,0,0,0,0,0,0,"- ","- ",35.294971466064453,-119.25243377685547,KERN,UNINCORPORATED,-119.25243377685547,35.294971466064453
90798567,2018,2018-08-27,9830,2018-08-17,1433,021903,,5,2,9,1500,0,1,3,,1,052,SR-178,"PLUTO ST",107.00,E,N,A,-,Y,,,178,,,,,,,Y,2,0,3,1,A,-,08,22107,,N,E,I,A,A,H,-,A,D,0,,,,,Y,,A,07,1,2,0,0,0,0,0,0,0,"- ","- ",35.651870727539062,-117.78740692138672,KERN,UNINCORPORATED,-117.78740692138672,35.6519775390625
90798721,2018,2018-08-27,9420,2018-08-09,0524,019311,,4,3,9,1500,0,3,5,,2,672,"VALPREDO AVENUE","S. WHEELER RIDGE ROAD",0.00,,Y,A,-,Y,,,,,,,,,,Y,2,0,2,2,A,-,09,21802,A,N,D,C,A,A,H,-,B,A,0,,,,,Y,,A,08,1,0,1,0,0,0,0,0,0,"- ","- ",35.428050994873047,-118.55259704589844,KERN,UNINCORPORATED,-118.91739654541016,35.074420928955078
90799069,2018,2018-08-27,9420,2018-07-04,2330,019311,,3,3,9,1500,0,3,5,,2,070,"COUNTRY CLUB DRIVE","PINEHURST DRIVE",370.00,W,N,A,-,N,,,,,,,,,,N,1,1,0,1,A,-,08,22107,,N,E,J,A,A,H,-,D,D,0,,Y,,,Y,Y,L,04,0,0,0,0,0,1,0,0,0,"- ","- ",35.387588500976562,-118.94518280029297,KERN,UNINCORPORATED,-118.94509887695312,35.387706756591797
90799196,2018,2018-08-27,9420,2018-08-16,2045,019316,,4,2,9,1500,0,1,3,,1,176,"SR-178 E/B","MOUNT VERNON AVENUE O/C",375.00,W,N,A,-,Y,,,178,,,,,,E,Y,2,0,1,1,A,-,08,22107,,N,F,A,A,A,H,-,D,D,0,,,Y,,Y,,C,02,1,0,0,0,0,0,0,0,1,"- ","- ",35.394100189208984,-118.96869659423828,KERN,UNINCORPORATED,-118.96869659423828,35.394084930419922
90801028,2018,2018-08-29,9420,2018-04-17,2245,019649,,2,3,9,1500,0,1,3,,1,119,"STATE ROUTE 119 (TAFT HIGHWAY)","ERRO RANCH ROAD",9926.00,E,N,A,-,Y,,,119,,,,,,,Y,1,2,3,1,A,-,08,22107,,N,F,A,A,A,H,-,D,D,0,,,,,Y,,A,07,3,0,0,0,0,0,0,0,0,"- ","- ",35.267131805419922,-119.18415832519531,KERN,UNINCORPORATED,-119.18415832519531,35.267120361328125
90801032,2018,2018-08-29,9420,2018-06-11,2100,021769,,1,2,9,1500,0,1,3,,2,155,"STATE ROUTE 155","AIR FORCE WAY",1227.00,W,N,A,-,Y,,,155,,,,,,,Y,1,1,0,1,A,-,01,23152,A,N,E,I,A,A,H,-,D,D,0,,,,,Y,Y,A,01,0,0,0,0,0,0,0,0,0,"- ","- ",35.662200927734375,-118.47209930419922,KERN,UNINCORPORATED,-118.47225952148438,35.662338256835938
90801089,2018,2018-08-29,9420,2018-08-20,1837,016803,,1,2,9,1500,0,3,5,,2,530,"MERCED AVENUE","WASCO AVENUE",0.00,,Y,A,-,N,,,,,,,,,,Y,2,0,1,2,A,-,12,22450,A,N,D,C,A,A,H,-,A,A,0,,,,Y,Y,,D,22,1,0,0,0,0,0,0,0,0,"- ","- ",35.528999328613281,-119.33209991455078,KERN,UNINCORPORATED,-119.33654022216797,35.528980255126953
90807694,2018,2018-09-07,9420,2018-08-31,2240,020040,,5,3,9,1500,0,2,4,,1,076,"COTTONWOOD ROAD","RESEE AVENUE",97.00,S,N,A,-,N,,,,,,,,,,N,2,0,1,2,A,-,08,22107,,F,G,B,E,A,H,-,C,D,0,Y,,,,Y,,D,22,1,0,0,0,1,0,0,0,0,"- ","- ",35.341648101806641,-118.98561859130859,KERN,UNINCORPORATED,-118.98544311523438,35.341442108154297