CASE_ID,ACCIDENT_YEAR,PROC_DATE,JURIS,COLLISION_DATE,COLLISION_TIME,OFFICER_ID,REPORTING_DISTRICT,DAY_OF_WEEK,CHP_SHIFT,POPULATION,CNTY_CITY_LOC,SPECIAL_COND,BEAT_TYPE,CHP_BEAT_TYPE,CITY_DIVISION_LAPD,CHP_BEAT_CLASS,BEAT_NUMBER,PRIMARY_RD,SECONDARY_RD,DISTANCE,DIRECTION,INTERSECTION,WEATHER_1,WEATHER_2,STATE_HWY_IND,CALTRANS_COUNTY,CALTRANS_DISTRICT,STATE_ROUTE,ROUTE_SUFFIX,POSTMILE_PREFIX,POSTMILE,LOCATION_TYPE,RAMP_INTERSECTION,SIDE_OF_HWY,TOW_AWAY,COLLISION_SEVERITY,NUMBER_KILLED,NUMBER_INJURED,PARTY_COUNT,PRIMARY_COLL_FACTOR,PCF_CODE_OF_VIOL,PCF_VIOL_CATEGORY,PCF_VIOLATION,PCF_VIOL_SUBSECTION,HIT_AND_RUN,TYPE_OF_COLLISION,MVIW,PED_ACTION,ROAD_SURFACE,ROAD_COND_1,ROAD_COND_2,LIGHTING,CONTROL_DEVICE,CHP_ROAD_TYPE,PEDESTRIAN_ACCIDENT,BICYCLE_ACCIDENT,MOTORCYCLE_ACCIDENT,TRUCK_ACCIDENT,NOT_PRIVATE_PROPERTY,ALCOHOL_INVOLVED,STWD_VEHTYPE_AT_FAULT,CHP_VEHTYPE_AT_FAULT,COUNT_SEVERE_INJ,COUNT_VISIBLE_INJ,COUNT_COMPLAINT_PAIN,COUNT_PED_KILLED,COUNT_PED_INJURED,COUNT_BICYCLIST_KILLED,COUNT_BICYCLIST_INJURED,COUNT_MC_KILLED,COUNT_MC_INJURED,PRIMARY_RAMP,SECONDARY_RAMP,LATITUDE,LONGITUDE,COUNTY,CITY,POINT_X,POINT_Y
90807740,2018,2018-09-07,9420,2018-08-30,2025,020501,,4,2,9,1500,0,3,5,,2,672,"COMANCHE DR","SR-58, W/B FROM COMANCHE DR",0.00,,Y,A,-,N,,,58,,,,,,,Y,2,0,1,2,A,-,09,21801,A,N,D,C,A,A,H,-,D,D,0,,,Y,,Y,,A,01,1,0,0,0,0,0,0,0,1,"- ","- ",35.338901519775391,-118.84323120117188,KERN,UNINCORPORATED,-118.84332275390625,35.338508605957031
90808640,2018,2018-09-10,9420,2018-08-29,1140,021746,,3,1,9,1500,0,2,4,,2,021,"SIERRA WAY","LIMESTONE DRIVE",2112.00,E,N,A,-,N,,,,,,,,,,Y,2,0,1,1,A,-,08,22107,,N,E,I,A,A,H,-,A,D,0,,,Y,,Y,,C,02,1,0,0,0,0,0,0,0,1,"- ","- ",35.682460784912109,-118.3902587890625,KERN,UNINCORPORATED,-118.38997650146484,35.682418823242188
90809168,2018,2018-09-10,9420,2018-08-25,1945,021788,,6,2,9,1500,0,2,4,,2,021,"SIERRA WAY","LIMESTONE DRIVE",2112.00,N,N,A,-,N,,,,,,,,,,N,2,0,2,2,A,-,08,22107,,N,F,A,A,A,H,-,A,D,0,,,Y,,Y,,C,02,2,0,0,0,0,0,0,0,2,"- ","- ",35.403400421142578,-118.24857330322266,KERN,UNINCORPORATED,-118.38997650146484,35.682418823242188
90809191,2018,2018-09-10,9420,2018-09-05,1901,019686,,3,2,9,1500,0,1,3,,1,176,SR-178,"M STREET",385.00,E,N,A,-,Y,,,,,,,,,,Y,2,0,1,1,A,-,01,23152,F,N,E,I,A,A,H,-,B,D,0,,,,,Y,,A,01,1,0,0,0,0,0,0,0,0,"- ","- ",35.380241394042969,-119.01368713378906,KERN,UNINCORPORATED,,
90809493,2018,2018-09-10,9830,2018-08-17,1445,019400,,5,2,9,1500,0,1,3,,1,022,"STATE ROUTE 58","BORON AVENUE",3168.00,E,N,A,-,Y,,,58,,,,,,,Y,1,1,0,2,A,-,03,22350,,N,C,C,A,A,H,-,A,D,0,,,,Y,Y,,D,22,0,0,0,0,0,0,0,0,0,"- ","- ",35.009990692138672,-117.63934326171875,KERN,UNINCORPORATED,-117.63934326171875,35.010051727294922
90810920,2018,2018-09-12,9830,2018-09-03,0222,019367,,1,3,9,1500,0,1,2,,1,054,"RT 395","CHINA LAKE BLVD",3696.00,S,N,A,-,Y,,,395,,,,,,,Y,2,0,2,2,A,-,08,22107,,N,A,C,A,A,H,-,D,D,0,,,,,Y,,A,01,2,0,0,0,0,0,0,0,0,"- ","- ",35.548000335693359,-117.7069091796875,KERN,UNINCORPORATED,-117.70690155029297,35.548023223876953
90812849,2018,2018-09-13,9830,2018-09-03,0000,019872,,1,3,9,1500,0,1,3,,2,010,"SR-58 E/B","BROOME RD",7920.00,W,N,A,-,Y,,,58,,,,,,E,Y,2,0,2,1,A,-,08,22107,,N,E,I,A,A,H,-,D,D,0,,,,,Y,,A,01,1,0,1,0,0,0,0,0,0,"- ","- ",35.20050048828125,-118.52182006835938,KERN,UNINCORPORATED,-118.52203369140625,35.199996948242188
90815811,2018,2018-09-18,9420,2018-09-16,1555,020501,,7,2,9,1500,0,3,5,,2,050,"WASHINGTON AVE","YOSEMITE DR",0.00,,Y,A,-,N,,,,,,,,,,N,2,0,1,1,C,-,18,,,N,H,A,A,A,H,-,A,D,0,,,Y,,Y,,-,"- ",1,0,0,0,0,0,0,0,1,"- ","- ",35.415500640869141,-119.03218841552734,KERN,UNINCORPORATED,-119.03221893310547,35.415458679199219
90817935,2018,2018-09-20,9830,2018-08-29,1515,014565,,3,2,9,1500,0,3,5,,2,003,"OAK CREEK RD","TEHACHAPI WILLOW SPRINGS RD",3696.00,E,N,A,-,N,,,,,,,,,,Y,2,0,1,2,A,-,05,21460,A,N,A,C,A,A,H,-,A,A,0,,,,Y,Y,,A,07,1,0,0,0,0,0,0,0,0,"- ","- ",35.051788330078125,-118.34308624267578,KERN,UNINCORPORATED,-118.36589813232422,35.046951293945312
90818042,2018,2018-09-20,9420,2018-09-19,0605,015259,,3,1,9,1500,0,1,3,,1,119,"STATE ROUTE-119 (TAFT HIGHWAY)","STINE ROAD",109.00,E,N,A,-,Y,,,119,,,,,,,Y,2,0,2,2,A,-,09,21801,A,N,A,C,A,A,H,-,D,D,0,,,,,Y,,A,01,1,1,0,0,0,0,0,0,0,"- ","- ",35.266960144042969,-119.05634307861328,KERN,UNINCORPORATED,-119.05634307861328,35.266998291015625
90818691,2018,2018-09-21,9420,2018-09-14,1910,020814,,5,2,9,1500,0,3,5,,2,070,"LAKE ST. (3000 BLOCK)","VISTA ST.",88.00,E,N,A,-,N,,,,,,,,,,N,2,0,1,2,A,-,01,23152,A,N,E,I,A,A,H,-,B,D,0,,,Y,,Y,Y,C,06,1,0,0,0,0,0,0,0,1,"- ","- ",35.374111175537109,-118.95155334472656,KERN,UNINCORPORATED,-118.95161437988281,35.374073028564453
90820457,2018,2018-09-25,9420,2018-09-12,0430,016828,,3,3,9,1500,0,1,3,,2,097,"SR-99 S/B",SR-223,5280.00,S,N,A,-,Y,,,99,,,,,,S,Y,2,0,5,4,A,-,03,22350,,N,C,C,A,A,H,-,B,D,0,,,,,Y,,A,01,1,1,3,0,0,0,0,0,0,"- ","- ",35.185020446777344,-119.00624084472656,KERN,UNINCORPORATED,-119.00667572021484,35.184951782226562
90821496,2018,2018-09-26,9420,2018-06-23,0525,018486,,6,3,9,1500,0,3,5,,2,672,"ADOBE ROAD","TEAL ROAD",1584.00,S,N,A,-,N,,,,,,,,,,Y,1,1,1,1,A,-,08,22107,,N,E,I,A,A,H,-,B,D,0,,,,,Y,,A,01,0,0,1,0,0,0,0,0,0,"- ","- ",35.1309814453125,-118.96775817871094,KERN,UNINCORPORATED,-118.96772003173828,35.132183074951172
90821584,2018,2018-09-26,9420,2018-09-09,2230,021746,,7,3,9,1500,0,2,4,,2,021,"GREEN LEAF STREET","GRANDVIEW AVENUE",1524.00,N,N,A,-,N,,,,,,,,,,N,2,0,1,2,A,-,21,22106,,F,G,B,E,A,H,-,D,D,0,Y,,,,Y,,D,22,1,0,0,0,1,0,0,0,0,"- ","- ",35.768428802490234,-118.43592834472656,KERN,UNINCORPORATED,-118.43592834472656,35.768478393554688
90822052,2018,2018-09-26,9420,2018-09-19,0620,017256,,3,1,9,1500,0,2,4,,1,051,"MANOR ST","DEVORE AVE",225.00,S,N,A,-,N,,,,,,,,,,Y,2,0,1,5,A,-,08,22107,,N,B,E,A,A,H,-,B,D,0,,,,,Y,,D,22,1,0,0,0,0,0,0,0,0,"- ","- ",35.432369232177734,-119.01242065429688,KERN,UNINCORPORATED,-119.01243591308594,35.432514190673828
90824919,2018,2018-10-01,9426,2018-09-21,1747,018610,,5,2,9,1500,0,1,3,,1,167,SR-166,"KLIPSTEIN CANYON RD",5280.00,W,N,A,-,Y,,,,,,,,,,Y,2,0,2,1,A,-,03,22350,,N,F,A,A,A,H,-,A,D,0,,,,Y,Y,,G,27,1,1,0,0,0,0,0,0,0,"- ","- ",35.004539489746094,-119.41622161865234,KERN,UNINCORPORATED,,
90826578,2018,2018-10-02,9420,2018-09-23,1710,020501,,7,2,9,1500,0,3,5,,2,050,"DOUGLAS ST","MCCRAY ST",660.00,E,N,A,-,N,,,,,,,,,,Y,2,0,1,3,A,-,01,23152,A,N,B,E,A,A,H,-,A,D,0,,,,,Y,Y,D,22,1,0,0,0,0,0,0,0,0,"- ","- ",35.426189422607422,-119.02780151367188,KERN,UNINCORPORATED,-119.02790069580078,35.426109313964844
90827232,2018,2018-10-03,9420,2018-09-19,2220,019311,,3,3,9,1500,0,1,3,,2,586,"SR-58 E/B","GENERAL BEALE",1584.00,W,N,A,-,Y,,,,,,,,,,N,2,0,1,2,A,-,08,22107,,F,G,B,E,A,H,-,D,D,0,Y,,,,Y,,-,99,1,0,0,0,1,0,0,0,0,"- ","- ",35.173969268798828,-118.45268249511719,KERN,UNINCORPORATED,,
90828017,2018,2018-10-03,9420,2018-09-27,0640,017256,,4,1,9,1500,0,2,4,,1,052,"BRANDON WAY","ROBERTS LN",0.00,,Y,A,-,N,,,,,,,,,,Y,2,0,1,2,A,-,09,21802,A,N,D,C,A,A,H,-,A,A,0,,,Y,,Y,,A,01,1,0,0,0,0,0,0,0,1,"- ","- ",34.414020538330078,-119.05072784423828,KERN,UNINCORPORATED,-119.05069732666016,35.413990020751953
90828051,2018,2018-10-03,9420,2018-07-12,2145,019351,,4,2,9,1500,0,3,5,,2,070,"WASHINGTON STREET","VIRGINIA AVENUE",656.00,S,N,A,-,N,,,,,,,,,,N,1,1,0,2,A,-,11,21954,A,N,G,B,E,A,H,-,C,D,0,Y,,,,Y,,N,60,0,0,0,1,0,0,0,0,0,"- ","- ",35.359298706054688,-118.97650146484375,KERN,UNINCORPORATED,-118.97637176513672,35.359439849853516
90830490,2018,2018-10-08,9420,2018-10-03,2135,021002,,3,2,9,1500,0,1,3,,1,650,SR-65,"SHERWOOD AVE.",90.00,N,N,C,-,Y,,,65,,,,,,,Y,2,0,1,1,A,-,03,22350,,N,F,A,A,B,H,-,C,D,0,,,,,Y,,A,01,1,0,0,0,0,0,0,0,0,"- ","- ",35.659770965576172,-119.07743072509766,KERN,UNINCORPORATED,-119.07743072509766,35.659770965576172
90831490,2018,2018-10-09,9420,2018-10-03,2215,021260,,3,3,9,1500,0,3,5,,2,040,"OLD ALFRED HARRELL HIGHWAY","FAIRFAX ROAD",13.00,W,N,A,-,N,,,,,,,,,,Y,2,0,1,1,A,-,01,23152,F,N,E,I,A,A,H,-,D,D,0,,,,,Y,,A,01,1,0,0,0,0,0,0,0,0,"- ","- ",35.422611236572266,-118.95149230957031,KERN,UNINCORPORATED,-118.95036315917969,35.423179626464844
90831977,2018,2018-10-09,9830,2018-08-06,1758,014565,,1,2,9,1500,0,3,5,,2,003,"MOJAVE TROPICO ROAD","TRUMAN ROAD",1966.00,N,N,A,-,N,,,,,,,,,,Y,1,1,1,2,A,-,05,21460,A,N,A,C,A,A,H,-,A,D,0,,,,,Y,Y,A,01,1,0,0,0,0,0,0,0,0,"- ","- ",34.878269195556641,-118.22480010986328,KERN,UNINCORPORATED,-118.22478485107422,34.878376007080078
90832294,2018,2018-10-09,9420,2018-10-09,0558,015259,,2,3,9,1500,0,1,3,,2,097,"STATE ROUTE-99 S/B TO COPUS ROAD","COPUS ROAD",0.00,,Y,A,-,Y,,,99,,,,R,,S,Y,2,0,2,2,A,-,09,21802,A,N,D,C,A,A,H,-,D,A,0,,,,,Y,,A,01,1,0,1,0,0,0,0,0,0,"- ","- ",35.095218658447266,-118.98135375976562,KERN,UNINCORPORATED,-118.98135375976562,35.095218658447266
90835833,2018,2018-10-15,9420,2018-10-08,0540,013597,,1,3,9,1500,0,1,3,,1,582,"SR-58 (MCKITTRICK HIGHWAY)","MAYER AVENUE",0.00,,Y,A,-,Y,,,58,,,,,,,Y,2,0,3,3,A,-,12,22450,A,N,D,C,A,A,H,-,D,A,0,,,,,Y,,D,22,1,1,1,0,0,0,0,0,0,"- ","- ",35.398410797119141,-119.28742218017578,KERN,UNINCORPORATED,-119.28742980957031,35.398281097412109
90839312,2018,2018-10-18,9426,2018-07-29,2202,016780,,7,3,9,1500,0,1,1,,2,504,"INTERSTATE 5 S/B","STATION ROAD",300.00,N,N,A,-,Y,,,5,,,,,,S,Y,1,2,2,2,A,-,07,21658,A,N,B,C,A,A,H,-,D,D,0,,,,,Y,,A,01,0,1,1,0,0,0,0,0,0,"- ","- ",35.332500457763672,-119.30474853515625,KERN,UNINCORPORATED,-119.30471038818359,35.332557678222656
90840347,2018,2018-10-19,9420,2018-07-15,0446,021296,,7,3,9,1500,0,1,3,,2,090,"STATE ROUTE 99 NORTHBOUND","7TH STANDARD ROAD",9557.00,N,N,A,-,Y,,,99,,,,,,N,Y,1,1,2,2,A,-,01,23152,A,N,A,C,A,A,H,-,D,A,0,,,,Y,Y,Y,A,01,0,2,0,0,0,0,0,0,0,"- ","- ",35.444721221923828,-119.09082794189453,KERN,UNINCORPORATED,-119.09075927734375,35.444873809814453
90840355,2018,2018-11-05,9420,2018-07-14,2205,021402,,6,3,9,1500,0,3,5,,2,530,"BURBANK STREET","STATE ROUTE 43",3238.00,E,N,A,-,N,,,,,,,,,,Y,1,1,0,1,A,-,01,23152,A,N,E,I,A,A,H,-,D,D,0,,,,,Y,Y,A,01,0,0,0,0,0,0,0,0,0,"- ","- ",35.470878601074219,-119.24933624267578,KERN,UNINCORPORATED,-119.25003814697266,35.470733642578125
90850247,2018,2019-07-16,9426,2018-10-18,0550,016953,,4,3,9,1500,0,3,5,,2,087,"COPUS ROAD","OLD RIVER ROAD",17952.00,W,N,A,-,N,,,,,,,,,,Y,1,1,1,1,A,-,08,22107,,N,E,I,A,A,H,-,D,D,0,,,,,Y,,A,07,0,1,0,0,0,0,0,0,0,"- ","- ",39.093349456787109,-119.17031860351562,KERN,UNINCORPORATED,-119.16986083984375,35.094158172607422
90850583,2018,2018-11-01,9830,2018-10-29,0658,017237,,1,1,9,1500,0,1,3,,2,030,"SR-14 NORTHBOUND","ROSAMOND BLVD.",3835.00,S,N,A,-,Y,,,14,,,,,,N,Y,2,0,2,3,A,-,03,22350,,N,C,C,A,A,H,-,D,D,0,,,,,Y,,A,01,2,0,0,0,0,0,0,0,0,"- ","- ",34.853691101074219,-118.17166137695312,KERN,UNINCORPORATED,-118.17172241210938,34.853683471679688
90850699,2018,2018-11-01,9830,2018-10-25,0700,014518,,4,1,9,1500,0,1,3,,1,040,"SR-14 S/B","PHILLIPS ROAD",6864.00,N,N,A,-,Y,,,14,,,,,,S,Y,2,0,1,1,A,-,01,23152,F,N,F,A,A,A,H,-,A,D,0,,,,,Y,,A,07,1,0,0,0,0,0,0,0,0,"- ","- ",35.198799133300781,-118.06659698486328,KERN,UNINCORPORATED,-118.06664276123047,35.198833465576172
90851841,2018,2018-11-02,9426,2018-10-27,0845,014887,,6,1,9,1500,0,1,3,,1,460,"SR-46 E/B","KECKS RD",5280.00,W,N,A,-,Y,,,46,,,,,,E,Y,2,0,3,2,A,-,03,22350,,N,C,C,A,A,H,-,A,D,0,,,,,Y,,A,01,1,0,2,0,0,0,0,0,0,"- ","- ",35.677978515625,-120.09696197509766,KERN,UNINCORPORATED,-120.09693908691406,35.678020477294922
90852019,2018,2018-12-28,9420,2018-08-03,2045,021788,,5,2,9,1500,0,2,4,,2,021,"SIERRA WAY","BUENA VISTA DRIVE",215.00,S,N,A,-,N,,,,,,,,,,N,1,1,0,2,A,-,11,21954,A,N,G,B,D,A,H,-,D,D,0,Y,,,,Y,Y,N,60,0,0,0,1,0,0,0,0,0,"- ","- ",35.452808380126953,-118.25891876220703,KERN,UNINCORPORATED,-118.41912841796875,35.757743835449219
90852314,2018,2018-11-05,9420,2018-10-28,1928,020529,,7,2,9,1500,0,2,4,,1,052,"CHINA GRADE LOOP","CHINA GRADE LOOP (SOUTH)",400.00,W,N,A,-,N,,,,,,,,,,N,2,0,1,1,A,-,01,23152,A,N,H,A,A,A,H,-,D,D,0,,,Y,,Y,Y,C,02,1,0,0,0,0,0,0,0,1,"- ","- ",35.427810668945312,-118.96917724609375,KERN,UNINCORPORATED,-118.96908569335938,35.427791595458984
90853489,2018,2018-11-05,9430,2018-09-06,0315,016750,,4,3,9,1500,0,1,1,,2,054,"I-5 SOUTHBOUND GOLDEN STATE FREEWAY","GRAPEVINE RD",7920.00,N,N,A,-,Y,,,5,,,,,,S,Y,1,1,0,2,A,-,03,22350,,N,C,C,A,A,H,-,C,D,0,,,,Y,Y,,F,26,0,0,0,0,0,0,0,0,0,"- ","- ",34.964321136474609,-118.93856048583984,KERN,UNINCORPORATED,-118.93844604492188,34.96435546875
90854394,2018,2018-11-06,9420,2018-10-31,1755,015896,,3,2,9,1500,0,2,4,,1,051,"N. CHESTER AVE N/B","MCKELVEY AVE",200.00,N,N,A,-,N,,,,,,,,,,N,2,0,1,1,D,-,00,,,N,E,I,A,A,H,-,B,D,0,,,Y,,Y,,-,"- ",1,0,0,0,0,0,0,0,1,"- ","- ",35.442600250244141,-119.02249908447266,KERN,UNINCORPORATED,-119.02253723144531,35.442344665527344
90854398,2018,2018-11-06,9426,2018-10-17,1610,017281,,3,2,9,1500,0,1,3,,2,432,"STATE ROUTE 43","MUNZER ROAD",7392.00,N,N,A,-,N,,,43,,,,,,,Y,1,1,1,2,A,-,05,21650,,N,A,C,A,A,H,-,A,D,0,,,,,Y,,A,01,1,0,0,0,0,0,0,0,0,"- ","- ",35.34075927734375,-119.25241851806641,KERN,UNINCORPORATED,-119.25229644775391,35.34075927734375
90858522,2018,2018-11-13,9420,2018-10-09,0225,020093,,2,3,9,1500,0,1,3,,1,119,SR-119,"OLD RIVER RD.",0.00,,Y,A,-,Y,,,119,,,,,,,Y,2,0,1,1,A,-,01,23152,A,N,F,I,A,A,H,-,C,D,0,,,,,Y,Y,D,22,1,0,0,0,0,0,0,0,0,"- ","- ",35.267501831054688,-119.10970306396484,KERN,UNINCORPORATED,-119.10970306396484,35.267181396484375
90860083,2018,2018-11-14,9420,2018-11-10,1405,020634,,6,2,9,1500,0,1,3,,1,184,SR-184,"HAROLD STREET",53.00,S,N,A,-,Y,,,184,,,,,,,Y,2,0,3,5,A,-,03,22350,,N,C,C,A,A,H,-,A,D,0,,,,,Y,,A,07,1,0,2,0,0,0,0,0,0,"- ","- ",35.241298675537109,-118.91439819335938,KERN,UNINCORPORATED,-118.91443634033203,35.241298675537109
90868745,2018,2018-11-27,9830,2018-11-17,1300,019400,,6,1,9,1500,0,1,3,,1,022,"SR-58 E/B","BORON AVE",1056.00,W,N,A,-,Y,,,58,,,,,,E,Y,2,0,1,2,A,-,03,22350,,N,C,C,A,A,H,-,A,D,0,,,,Y,Y,,G,26,1,0,0,0,0,0,0,0,0,"- ","- ",35.009929656982422,-117.65355682373047,KERN,UNINCORPORATED,-117.65355682373047,35.009929656982422
90869909,2018,2018-11-30,9420,2018-11-14,1400,018117,,3,2,9,1500,0,3,5,,2,060,"VICTOR ST","PEMBROKE AVE",0.00,,Y,A,-,N,,,,,,,,,,Y,2,0,3,2,A,-,05,21460,A,N,A,C,A,A,H,-,A,D,0,,,,,Y,,A,07,3,0,0,0,0,0,0,0,0,"- ","- ",35.411350250244141,-119.06221771240234,KERN,UNINCORPORATED,-119.06215667724609,35.411308288574219
90872581,2018,2018-12-07,9420,2018-10-07,1630,019459,,7,2,9,1500,0,3,5,,2,050,"MERLE HAGGARD DRIVE","WINGS WAY",2112.00,W,N,A,-,N,,,,,,,,,,Y,1,1,1,3,A,-,01,23152,A,N,E,I,A,A,H,-,A,D,0,,,,,Y,Y,A,01,0,0,1,0,0,0,0,0,0,"- ","- ",35.442798614501953,-119.05853271484375,KERN,UNINCORPORATED,-119.05900573730469,35.442958831787109
90873306,2018,2018-12-03,9420,2018-11-21,1515,020040,,3,2,9,1500,0,1,3,,1,583,"SR-58 (ROSEDALE HIGHWAY)","MOHAWK STREET",0.00,,Y,A,-,N,,,58,,,,,,,Y,2,0,3,4,A,-,12,21453,A,N,D,C,A,A,H,-,A,A,0,,,,,Y,,A,01,2,1,0,0,0,0,0,0,0,"- ","- ",35.383388519287109,-119.06529998779297,KERN,UNINCORPORATED,-119.06529998779297,35.383327484130859
9087621,2020,2020-09-18,1506,2020-03-06,1230,9229,21,5,5,4,1506,0,0,0,,0,,"NORTH CHINA LAKE BL","HOWELL AV",90.00,W,N,A,-,Y,KER,6,178,-,-,101.700,H,-,W,N,2,0,1,2,A,-,09,21801,A,N,H,A,A,A,H,-,A,D,0,,,Y,,Y,,A,01,1,0,0,0,0,0,0,0,1,"- ","- ",35.635250091552734,-117.66980743408203,KERN,RIDGECREST,-117.66976165771484,35.635520935058594
90876567,2018,2018-12-05,9420,2018-11-17,0649,017256,,6,1,9,1500,0,3,5,,2,510,"POND RD","LYTLE AVE",46.00,W,N,A,-,N,,,,,,,,,,Y,2,0,2,2,A,-,03,22350,,N,C,C,A,A,H,-,A,D,0,,,,,Y,,D,22,1,1,0,0,0,0,0,0,0,"- ","- ",35.717479705810547,-119.30284118652344,KERN,UNINCORPORATED,-119.30317687988281,35.717720031738281
90877914,2018,2018-12-07,9420,2018-11-27,1620,015896,,2,2,9,1500,0,3,5,,2,060,"MEACHAM RD","VERDUGO LN",0.00,,Y,A,-,N,,,,,,,,,,Y,2,0,2,2,A,-,09,21453,C,N,D,C,A,A,A,-,A,A,0,,,,,Y,,A,01,1,1,0,0,0,0,0,0,0,"- ","- ",35.390701293945312,-119.11910247802734,KERN,UNINCORPORATED,-119.11897277832031,35.390708923339844
90882513,2018,2018-12-13,9430,2018-12-11,0500,016388,,2,3,9,1500,0,1,1,,2,053,"I-5 S/B","FORT TEJON O/C",13728.00,N,N,C,E,Y,,,5,,,,,,S,Y,2,0,1,2,A,-,03,22350,,N,C,C,A,B,H,-,D,D,0,,,,Y,Y,,D,22,1,0,0,0,0,0,0,0,0,"- ","- ",34.897239685058594,-118.92144012451172,KERN,UNINCORPORATED,-118.92146301269531,34.897228240966797
90885911,2018,2018-12-19,9420,2018-11-23,2347,021140,,5,3,9,1500,0,1,3,,2,091,"STATE ROUTE 99 SOUTHBOUND","PERKINS AVENUE OVERCROSSING",64.00,N,N,A,-,Y,,,,,,,,,,Y,1,1,0,1,A,-,08,22107,,N,E,J,A,A,H,-,D,D,0,,,,,Y,,D,22,0,0,0,0,0,0,0,0,0,"- ","- ",35.682910919189453,-119.22878265380859,KERN,UNINCORPORATED,-119.22866821289062,35.682903289794922
90886781,2018,2018-12-20,9420,2018-12-12,1835,016691,,3,2,9,1500,0,2,4,,1,051,"N. CHESTER AVE S/B","MCCORD AVE",190.00,S,N,A,-,N,,,,,,,,,,N,2,0,1,2,A,-,11,21954,A,N,G,B,D,A,H,-,C,A,0,Y,,,,Y,Y,N,60,1,0,0,0,1,0,0,0,0,"- ","- ",35.406021118164062,-119.02102661132812,KERN,UNINCORPORATED,-119.02105712890625,35.406269073486328
90887311,2018,2018-12-20,9420,2018-12-14,1440,016613,,5,2,9,1500,0,3,5,,2,672,"PANAMA LANE","MALAGA ROAD",0.00,,Y,A,-,N,,,,,,,,,,Y,2,0,3,2,A,-,05,21752,D,N,D,C,A,A,H,-,A,A,0,,,,,Y,,A,07,2,0,1,0,0,0,0,0,0,"- ","- ",35.296310424804688,-118.86019897460938,KERN,UNINCORPORATED,-118.8607177734375,35.296348571777344
90888878,2018,2018-12-24,9830,2018-12-13,0945,014774,,4,1,9,1500,0,1,3,,2,012,"SR-58 E/B","TEHACHAPI WILLOW SPRINGS RD",7920.00,E,N,A,-,Y,,,58,,,,,,E,Y,2,0,2,1,A,-,08,22107,,N,E,I,A,A,H,-,A,D,0,,,,,Y,,D,22,2,0,0,0,0,0,0,0,0,"- ","- ",35.115020751953125,-118.36975860595703,KERN,UNINCORPORATED,-118.36976623535156,35.114952087402344
90890943,2018,2018-12-27,9420,2018-12-20,1450,018445,,4,2,9,1500,0,3,5,,2,530,"LERDO HIGHWAY","GRIFFITH STREET",1123.00,W,N,A,-,N,,,,,,,,,,Y,2,0,1,1,A,-,08,22107,,N,E,I,A,A,H,-,A,D,0,,,,,Y,,D,22,1,0,0,0,0,0,0,0,0,"- ","- ",35.295951843261719,-119.20420837402344,KERN,UNINCORPORATED,-119.34506225585938,35.500034332275391
90892988,2018,2018-12-28,9830,2018-10-23,1949,021903,,2,2,9,1500,0,1,2,,1,054,"STATE ROUTE 178 EASTBOUND","JACK RANCH ROADS",0.00,,Y,A,-,Y,,,178,,,,,,E,Y,1,1,1,2,A,-,09,21802,A,N,D,C,A,A,H,-,C,A,0,,,,,Y,,A,01,1,0,0,0,0,0,0,0,0,"- ","- ",35.651760101318359,-117.72309875488281,KERN,UNINCORPORATED,-117.72309875488281,35.651771545410156
90893735,2018,2018-12-28,9426,2018-12-22,0715,016804,,6,1,9,1500,0,1,1,,2,502,"I-5 N/B OFF-RAMP TO SR-46","SR-46 E/B",263.00,S,N,B,-,Y,,,5,,,,R,,N,Y,2,0,3,1,A,-,08,22107,,N,F,A,A,A,H,-,A,D,0,,,,,Y,,A,01,1,1,1,0,0,0,0,0,0,"- ","- ",35.615718841552734,-119.6513671875,KERN,UNINCORPORATED,-119.6513671875,35.615718841552734
90894861,2018,2019-03-08,9426,2018-10-10,0500,016050,,3,3,9,1500,0,1,1,,2,500,"I-5 (S/B)","TWISSELMAN ROAD",506.00,N,N,A,-,Y,,,,,,,,,,Y,1,1,1,2,A,-,03,22350,,N,B,C,A,A,H,-,D,D,0,,,,Y,Y,,G,25,1,0,0,0,0,0,0,0,0,"- ","- ",35.733371734619141,-119.74652099609375,KERN,UNINCORPORATED,-119.74041748046875,35.733078002929688
90894888,2018,2018-12-31,9420,2018-12-25,2223,021133,,2,3,3,1507,0,2,S,,2,901,"POPLAR AVENUE","LERDO HIGHWAY",368.00,S,N,A,-,N,,,,,,,,,,Y,2,0,1,1,A,-,01,23152,A,N,E,I,A,A,H,-,D,D,0,,,,,Y,Y,A,01,1,0,0,0,0,0,0,0,0,"- ","- ",35.498878479003906,-119.29559326171875,KERN,SHAFTER,-119.29612731933594,35.498878479003906
90895860,2018,2019-01-02,9830,2018-12-28,1215,014518,,5,1,9,1500,0,1,3,,1,022,"SR-58 W/B","TWENTY MULE TEAM RD",6336.00,W,N,A,-,Y,,,58,,,,,,W,Y,2,0,2,1,A,-,08,22107,,N,F,A,A,A,H,-,A,D,0,,,,,Y,,A,07,1,1,0,0,0,0,0,0,0,"- ","- ",35.003181457519531,-117.78370666503906,KERN,UNINCORPORATED,-117.78371429443359,35.003124237060547