CASE_ID,ACCIDENT_YEAR,PROC_DATE,JURIS,COLLISION_DATE,COLLISION_TIME,OFFICER_ID,REPORTING_DISTRICT,DAY_OF_WEEK,CHP_SHIFT,POPULATION,CNTY_CITY_LOC,SPECIAL_COND,BEAT_TYPE,CHP_BEAT_TYPE,CITY_DIVISION_LAPD,CHP_BEAT_CLASS,BEAT_NUMBER,PRIMARY_RD,SECONDARY_RD,DISTANCE,DIRECTION,INTERSECTION,WEATHER_1,WEATHER_2,STATE_HWY_IND,CALTRANS_COUNTY,CALTRANS_DISTRICT,STATE_ROUTE,ROUTE_SUFFIX,POSTMILE_PREFIX,POSTMILE,LOCATION_TYPE,RAMP_INTERSECTION,SIDE_OF_HWY,TOW_AWAY,COLLISION_SEVERITY,NUMBER_KILLED,NUMBER_INJURED,PARTY_COUNT,PRIMARY_COLL_FACTOR,PCF_CODE_OF_VIOL,PCF_VIOL_CATEGORY,PCF_VIOLATION,PCF_VIOL_SUBSECTION,HIT_AND_RUN,TYPE_OF_COLLISION,MVIW,PED_ACTION,ROAD_SURFACE,ROAD_COND_1,ROAD_COND_2,LIGHTING,CONTROL_DEVICE,CHP_ROAD_TYPE,PEDESTRIAN_ACCIDENT,BICYCLE_ACCIDENT,MOTORCYCLE_ACCIDENT,TRUCK_ACCIDENT,NOT_PRIVATE_PROPERTY,ALCOHOL_INVOLVED,STWD_VEHTYPE_AT_FAULT,CHP_VEHTYPE_AT_FAULT,COUNT_SEVERE_INJ,COUNT_VISIBLE_INJ,COUNT_COMPLAINT_PAIN,COUNT_PED_KILLED,COUNT_PED_INJURED,COUNT_BICYCLIST_KILLED,COUNT_BICYCLIST_INJURED,COUNT_MC_KILLED,COUNT_MC_INJURED,PRIMARY_RAMP,SECONDARY_RAMP,LATITUDE,LONGITUDE,COUNTY,CITY,POINT_X,POINT_Y
90897753,2019,2019-01-04,9420,2019-01-03,1440,019316,,4,2,9,1500,0,3,5,,2,040,"GRANITE ROAD","WHITE MILL ROAD",3696.00,S,N,A,-,N,,,,,,,,,,Y,2,0,1,1,A,-,08,22107,,N,E,I,A,A,H,-,A,D,0,,,Y,,Y,,C,02,1,0,0,0,0,0,0,0,1,"- ","- ",35.697601318359375,-118.73049926757812,KERN,UNINCORPORATED,-118.73062896728516,35.697444915771484
90900232,2018,2019-01-08,9420,2018-12-29,1100,015977,,6,1,9,1500,0,1,3,,2,155,SR-155,"OAKWOOD DRIVE",850.00,E,N,A,-,Y,,,155,,,,,,,Y,2,0,1,3,A,-,03,22350,,N,C,C,A,A,H,-,A,D,0,,,Y,,Y,,C,02,1,0,0,0,0,0,0,0,1,"- ","- ",35.695728302001953,-118.46382904052734,KERN,UNINCORPORATED,-118.46379089355469,35.695697784423828
90900860,2018,2019-04-23,9430,2018-11-22,1807,018627,,4,2,9,1500,0,1,1,,2,054,"I-5 N/B (GOLDEN STATE FREEWAY)","GRAPEVINE ROAD",8078.00,N,N,A,-,Y,,,5,,,,,,N,Y,1,1,0,2,A,-,01,23152,A,N,C,C,A,A,H,-,D,D,0,,,,Y,Y,Y,A,01,0,0,0,0,0,0,0,0,0,"- ","- ",34.963531494140625,-118.93788146972656,KERN,UNINCORPORATED,-118.93790435791016,34.963523864746094
90901471,2018,2019-01-10,9420,2018-11-21,1200,013402,,3,1,9,1500,0,3,5,,2,550,"POSO AVENUE","WESTERN AVENUE",0.00,,Y,A,-,N,,,,,,,,,,Y,1,1,1,2,A,-,12,22450,A,N,D,C,A,A,H,-,A,A,0,,,,,Y,,D,22,0,1,0,0,0,0,0,0,0,"- ","- ",35.586929321289062,-119.37600708007812,KERN,UNINCORPORATED,-119.37599182128906,35.586978912353516
90904031,2019,2019-01-14,9420,2019-01-09,0908,015259,,3,1,9,1500,0,1,3,,2,586,"STATE ROUTE-58 E/B FROM S. EDISON ROAD","SOUTH EDISON ROAD",227.00,E,N,A,-,Y,,,58,,,,R,,E,Y,2,0,2,1,A,-,03,22350,,M,F,A,A,A,H,-,A,D,0,,,,,Y,,A,07,1,0,1,0,0,0,0,0,0,"- ","- ",35.344589233398438,-118.87786865234375,KERN,UNINCORPORATED,-118.87786865234375,35.344589233398438
90904706,2018,2019-03-22,9420,2018-11-28,1311,016978,,3,1,6,1502,0,1,3,,2,585,"SR-58 (W/B) TO SR-99 (N/B)","STOCKDALE HIGHWAY",63.00,S,N,B,C,Y,,,58,,,,R,,,Y,1,1,1,6,A,-,03,22350,,N,B,C,E,B,H,-,A,A,0,Y,,,Y,Y,,F,26,1,0,0,1,1,0,0,0,0,"- ","- ",35.354579925537109,-119.0390625,KERN,BAKERSFIELD,-119.0390625,35.354579925537109
90907431,2018,2019-02-06,9430,2018-12-22,0440,016750,,6,3,9,1500,0,1,1,,2,053,"I-5 S/B","GRAPEVINE ROAD",12144.00,S,N,A,-,Y,,,,,,,,,,Y,1,1,0,2,A,-,03,22350,,N,C,C,A,A,H,-,D,D,0,,,,Y,Y,,F,26,0,0,0,0,0,0,0,0,0,"- ","- ",34.907089233398438,-118.90708923339844,KERN,UNINCORPORATED,-118.90847778320312,34.888557434082031
90909119,2018,2019-03-26,9420,2018-12-14,2301,016613,,5,3,4,1503,0,1,3,,2,091,"STATE ROUTE 99 SOUTHBOUND","STATE ROUTE 155 (GARCES HIGHWAY)",2300.00,S,N,A,-,Y,,,99,,,,,,S,Y,1,1,1,4,A,-,03,22350,,N,G,B,E,A,H,-,D,D,0,Y,,,,Y,,A,07,1,0,0,1,1,0,0,0,0,"- ","- ",35.75531005859375,-119.2474365234375,KERN,DELANO,-119.24751281738281,35.755279541015625
90914017,2018,2019-04-10,9420,2018-12-25,0210,021480,,2,3,9,1500,0,2,4,,1,072,"NILES STREET","STERLING ROAD",0.00,,Y,C,-,N,,,,,,,,,,Y,2,0,6,2,A,-,01,23152,A,F,D,C,A,B,H,-,C,A,0,,,,,Y,Y,A,01,4,0,2,0,0,0,0,0,0,"- ","- ",35.376018524169922,-118.94084930419922,KERN,UNINCORPORATED,-118.94081878662109,35.376079559326172
90914892,2019,2019-01-29,9420,2019-01-22,0645,013597,,2,1,9,1500,0,3,5,,2,672,"NORTH RANCHO DRIVE","DAVID ROAD",1524.00,N,N,B,-,N,,,,,,,,,,Y,2,0,4,2,A,-,09,21801,A,N,D,C,A,A,H,-,D,D,0,,,,,Y,,A,01,1,3,0,0,0,0,0,0,0,"- ","- ",35.055000305175781,-118.51010131835938,KERN,UNINCORPORATED,-118.8504638671875,35.096950531005859
90917164,2019,2019-02-01,9420,2019-01-27,0240,021134,,7,3,9,1500,0,3,5,,2,671,"PANAMA RD","FAIRFAX RD",1296.00,E,N,A,-,N,,,,,,,,,,Y,2,0,1,1,A,-,01,23152,A,N,E,I,A,A,H,-,D,D,0,,,,,Y,Y,A,01,1,0,0,0,0,0,0,0,0,"- ","- ",35.267051696777344,-118.92774963378906,KERN,UNINCORPORATED,-118.92779541015625,35.266979217529297
90918723,2019,2019-02-04,9420,2019-01-29,1638,019531,,2,2,9,1500,0,2,4,,1,075,"SOUTH UNION AVENUE","ADAMS STREET",0.00,,Y,A,-,N,,,,,,,,,,Y,2,0,2,2,A,-,09,21802,A,N,D,C,A,A,H,-,B,A,0,,,,,Y,,A,01,1,0,1,0,0,0,0,0,0,"- ","- ",35.343620300292969,-119.00293731689453,KERN,UNINCORPORATED,-119.00311279296875,35.343608856201172
90919789,2019,2019-10-10,9830,2019-01-07,1815,014565,,1,2,9,1500,0,1,3,,2,030,"STATE ROUTE 14 SOUTHBOUND","DAWN ROAD OVERCROSSING",6336.00,S,N,A,-,Y,,,14,,,,,,S,N,1,1,0,2,A,-,11,21956,A,N,G,B,E,A,H,-,D,D,0,Y,,,,Y,,N,60,0,0,0,1,0,0,0,0,0,"- ","- ",34.906219482421875,-118.16474914550781,KERN,UNINCORPORATED,-118.16483306884766,34.906227111816406
90920010,2019,2019-02-06,9420,2019-01-31,1610,021746,,4,2,9,1500,0,1,3,,2,177,SR-178,"UPPER RICHBAR CG ENTRANCE",1056.00,W,N,B,-,Y,,,178,,,,,,,Y,2,0,1,1,A,-,03,22350,,N,E,I,A,B,H,-,A,D,0,,,,,Y,,A,01,1,0,0,0,0,0,0,0,0,"- ","- ",35.474620819091797,-118.73075103759766,KERN,UNINCORPORATED,-118.73077392578125,35.474563598632812
90920568,2019,2019-09-24,9420,2019-01-07,0100,020093,,1,3,9,1500,0,3,5,,2,672,"N WHEELER RIDGE ROAD","TEALE ROAD",2940.00,N,N,B,-,N,,,,,,,,,,Y,1,1,0,1,A,-,01,23152,A,N,E,I,A,A,H,-,D,D,0,,,,,Y,Y,D,22,0,0,0,0,0,0,0,0,0,"- ","- ",35.143699645996094,-118.91459655761719,KERN,UNINCORPORATED,-118.91462707519531,35.144645690917969
90920798,2019,2019-02-06,9420,2019-01-28,1025,018626,,1,1,9,1500,0,1,3,,1,184,"SR-184 (WEEDPATCH HIGHWAY)","EDISON HIGHWAY",0.00,,Y,A,-,Y,,,184,,,,,,,Y,2,0,1,1,A,-,03,22350,,N,F,A,A,A,H,-,A,D,0,,,Y,,Y,,C,02,1,0,0,0,0,0,0,0,1,"- ","- ",35.358180999755859,-118.91422271728516,KERN,UNINCORPORATED,-118.91425323486328,35.358180999755859
90922477,2019,2019-02-08,9420,2019-02-02,0818,019098,,6,1,9,1500,0,2,4,,1,075,"S. UNION AVENUE","E. BELLE TERRACE",489.00,S,N,B,-,Y,,,,,,,,,,Y,2,0,1,1,A,-,08,22107,,N,E,I,A,A,H,-,A,D,0,,,,,Y,,A,07,1,0,0,0,0,0,0,0,0,"- ","- ",35.345149993896484,-119.00299835205078,KERN,UNINCORPORATED,-119.00293731689453,35.345359802246094
90922533,2019,2019-02-08,9426,2019-02-01,1635,016953,,5,2,9,1500,0,3,5,,2,086,SR-43,"STOCKDALE HWY",0.00,,Y,A,-,Y,,,43,,,,,,,Y,2,0,2,2,A,-,01,23152,F,N,D,C,A,B,H,-,A,A,0,,,,,Y,,D,22,1,0,1,0,0,0,0,0,0,"- ","- ",35.354461669921875,-119.25251770019531,KERN,UNINCORPORATED,-119.25215911865234,35.354457855224609
90923023,2019,2019-02-11,9830,2019-02-05,1905,016971,,2,2,9,1500,0,1,3,,2,012,"SR-58 E/B","MILL ST",150.00,E,N,D,-,Y,,,,,,,,,,Y,2,0,1,3,A,-,03,22350,,N,A,C,A,C,H,-,D,D,0,,,,Y,Y,,A,07,1,0,0,0,0,0,0,0,0,"- ","- ",35.139640808105469,-118.45046997070312,KERN,UNINCORPORATED,,
90924434,2019,2019-02-12,9420,2019-02-06,0840,013475,,3,1,9,1500,0,1,3,,2,583,"SR-58 (ROSEDALE HWY)","MOHAWK STREET",0.00,,Y,A,-,N,,,58,,,,,,,Y,2,0,3,3,A,-,12,21453,A,N,D,C,A,A,H,-,A,A,0,,,,,Y,,D,22,3,0,0,0,0,0,0,0,0,"- ","- ",35.383251190185547,-119.06565093994141,KERN,UNINCORPORATED,-119.06565093994141,35.383327484130859
90926369,2019,2019-02-14,9420,2019-02-08,2343,020093,,5,3,9,1500,0,2,4,,1,064,"OLIVE DRIVE","VICTOR STREET",0.00,,Y,A,-,N,,,,,,,,,,Y,2,0,2,2,A,-,01,23152,A,N,D,C,A,A,H,-,C,A,0,,,,,Y,Y,A,01,1,1,0,0,0,0,0,0,0,"- ","- ",35.412399291992188,-119.06210327148438,KERN,UNINCORPORATED,-119.06214904785156,35.412418365478516
90927714,2019,2019-02-20,9426,2019-01-22,0420,015576,,2,3,9,1500,0,1,3,,1,167,SR-166,"BASIC SCHOOL RD",23232.00,E,N,A,-,Y,,,166,,,,,,,Y,1,1,1,2,A,-,03,22350,,N,D,C,A,A,H,-,D,D,0,,,,Y,Y,,D,22,1,0,0,0,0,0,0,0,0,"- ","- ",35.058250427246094,-119.23490905761719,KERN,UNINCORPORATED,-119.23490905761719,35.058250427246094
90927940,2019,2019-02-18,9830,2019-01-27,1515,014565,,7,2,9,1500,0,3,5,,2,003,"TEHACHAPI WILLOW SPRINGS ROAD","BACKUS ROAD",21648.00,N,N,A,-,N,,,,,,,,,,Y,1,1,0,1,A,-,08,22107,,N,E,I,A,A,H,-,A,D,0,,,Y,,Y,Y,C,02,0,0,0,0,0,0,0,1,0,"- ","- ",34.998291015625,-118.33164215087891,KERN,UNINCORPORATED,-118.33171844482422,34.998226165771484
90930016,2018,2019-02-20,9426,2018-11-16,0200,018633,,5,3,9,1500,0,1,1,,2,504,"I-5 S/B","BUENA VISTA RD",1584.00,S,N,A,-,Y,,,5,,,,,,S,Y,1,2,4,1,A,-,08,22107,,N,F,A,A,A,H,-,D,D,0,,,,,Y,,A,07,2,1,1,0,0,0,0,0,0,"- ","- ",35.233570098876953,-119.18923950195312,KERN,UNINCORPORATED,-119.18918609619141,35.233627319335938
90931281,2019,2019-02-21,9830,2019-02-16,0625,019271,,6,1,9,1500,0,1,3,,2,012,"SR-58 E/B","TEHACHAPI BLVD",1056.00,E,N,B,D,Y,,,58,,,,,,E,Y,2,0,2,1,A,-,03,22350,,N,F,A,A,C,H,-,B,D,0,,,,,Y,,A,07,1,1,0,0,0,0,0,0,0,"- ","- ",35.123489379882812,-118.40847778320312,KERN,UNINCORPORATED,-118.40840911865234,35.123615264892578
90931317,2018,2019-02-21,9830,2018-11-24,1730,021870,,6,2,9,1500,0,3,5,,2,005,"BOWMAN ROAD","BROWN ROAD",2640.00,E,N,A,-,N,,,,,,,,,,Y,1,1,3,3,A,-,05,21650,,F,A,C,A,A,H,-,D,D,0,,,Y,,Y,,A,01,2,1,0,0,0,0,0,1,1,"- ","- ",35.607830047607422,-117.79096984863281,KERN,UNINCORPORATED,-117.79086303710938,35.607654571533203
90933180,2019,2019-02-25,9420,2019-02-15,0650,016973,,5,1,9,1500,0,3,5,,2,550,"FAMOSO RD.","ZERKER RD.",0.00,,Y,B,-,N,,,,,,,,,,Y,2,0,1,2,A,-,03,22350,,N,D,C,A,A,H,-,A,D,0,,,,Y,Y,,A,01,1,0,0,0,0,0,0,0,0,"- ","- ",35.602039337158203,-119.15097808837891,KERN,UNINCORPORATED,-119.15099334716797,35.602069854736328
90933854,2019,2019-02-26,9420,2019-02-16,1945,019531,,6,2,9,1500,0,3,5,,2,610,"SOUTH CHESTER AVENUE","SANDRA DRIVE",250.00,N,N,A,-,N,,,,,,,,,,N,2,0,1,2,A,-,11,21954,A,N,G,B,E,A,H,-,D,D,0,Y,,,,Y,,N,60,1,0,0,0,1,0,0,0,0,"- ","- ",35.329978942871094,-119.01255035400391,KERN,UNINCORPORATED,-119.01259613037109,35.329864501953125
90938834,2019,2019-03-04,9830,2019-02-26,1133,017237,,2,1,9,1500,0,1,3,,2,010,"SR-58 WESTBOUND","KEENE RD.",3696.00,E,N,B,-,Y,,,58,,,,,,W,Y,2,0,1,1,A,-,08,22107,,N,E,I,A,A,H,-,A,D,0,,,,,Y,,D,22,1,0,0,0,0,0,0,0,0,"- ","- ",35.219139099121094,-118.55481719970703,KERN,UNINCORPORATED,-118.55487060546875,35.219062805175781
90939779,2019,2019-03-05,9420,2019-02-27,0518,021144,,3,3,9,1500,0,1,3,,2,588,"SR-58, E/B","GENERAL BEALE RD.",4100.00,E,N,B,-,Y,,,,,,,,,,Y,2,0,1,2,A,-,03,22350,,N,C,C,A,B,H,-,D,D,0,,,,Y,Y,,A,01,1,0,0,0,0,0,0,0,0,"- ","- ",35.286258697509766,-119.73734283447266,KERN,UNINCORPORATED,,
90942243,2019,2019-03-08,9830,2019-03-01,0330,019367,,5,3,9,1500,0,1,3,,2,010,"SR-58 W/B","KEENE RD.",2640.00,W,N,A,-,Y,,,58,,,,,,W,Y,2,0,1,1,A,-,01,23152,F,N,E,I,A,A,H,-,D,D,0,,,,,Y,,D,22,1,0,0,0,0,0,0,0,0,"- ","- ",35.231040954589844,-118.56951141357422,KERN,UNINCORPORATED,-118.56961822509766,35.230915069580078
90942405,2018,2019-07-16,9426,2018-12-21,2005,018610,,5,2,9,1500,0,3,5,,2,086,"LERDO HWY","LEONARD AVE",1056.00,W,N,A,-,N,,,,,,,,,,Y,1,1,0,1,A,-,01,23152,A,N,F,A,A,A,H,-,D,D,0,,,,,Y,Y,A,01,0,0,0,0,0,0,0,0,0,"- ","- ",35.500259399414062,-119.38857269287109,KERN,UNINCORPORATED,-119.38929748535156,35.500194549560547
90949547,2019,2019-06-18,9420,2019-02-11,2205,021260,,1,3,9,1500,0,2,4,,1,071,"OSWELL STREET","ALLOWAY LANE",0.00,,Y,A,-,N,,,,,,,,,,Y,1,1,1,2,A,-,17,21200,,N,H,G,A,A,H,-,C,D,0,,Y,,,Y,Y,L,04,1,0,0,0,0,1,0,0,0,"- ","- ",35.359699249267578,-118.94969940185547,KERN,UNINCORPORATED,-118.94988250732422,35.359600067138672
90955951,2019,2019-05-06,9420,2019-02-07,0545,014770,,4,3,9,1500,0,1,3,,2,091,"STATE ROUTE 99, SOUTHBOUND","LERDO HIGHWAY",17952.00,S,N,A,-,Y,,,,,,,,,,Y,1,1,0,2,A,-,03,22350,,N,C,C,A,A,H,-,D,D,0,,,,Y,Y,,D,22,0,0,0,0,0,0,0,0,0,"- ","- ",35.275909423828125,-119.71391296386719,KERN,UNINCORPORATED,,
90957682,2019,2019-03-29,9420,2019-03-27,1300,015255,,3,1,9,1500,0,3,5,,2,040,"ALFRED HARRELL HIGHWAY","GOODMANVILLE ROAD",5808.00,E,N,A,-,N,,,,,,,,,,Y,2,0,1,1,A,-,08,22107,,N,E,I,A,A,H,-,A,D,0,,,,,Y,,A,01,1,0,0,0,0,0,0,0,0,"- ","- ",35.446998596191406,-118.92859649658203,KERN,UNINCORPORATED,-118.93276214599609,35.436038970947266
90959867,2019,2019-04-03,9420,2019-03-31,1705,020163,,7,2,9,1500,0,2,4,,1,072,"E. CALIFORNIA AVE.","CHAMBERLAIN AVE.",200.00,E,N,A,-,N,,,,,,,,,,Y,2,0,1,1,A,-,08,22107,,N,E,I,A,A,H,-,A,D,0,,,,,Y,Y,D,22,1,0,0,0,0,0,0,0,0,"- ","- ",35.368450164794922,-118.96967315673828,KERN,UNINCORPORATED,-118.96964263916016,35.368648529052734
90962793,2019,2019-04-08,9420,2019-03-31,0405,020484,,7,3,9,1500,0,3,5,,2,530,"KIMBERLINA ROAD","BEECH AVENUE",168.00,E,N,A,-,N,,,,,,,,,,Y,2,0,1,2,A,-,01,23152,A,N,A,C,A,A,H,-,D,D,0,,,,Y,Y,Y,A,01,1,0,0,0,0,0,0,0,0,"- ","- ",35.558208465576172,-119.26806640625,KERN,UNINCORPORATED,-119.25909423828125,35.558273315429688
90964941,2019,2019-06-28,9420,2019-02-22,1935,016691,,5,2,9,1500,0,3,5,,2,050,"MERLE HAGGARD DRIVE","PEGASUS DRIVE",1211.00,E,N,A,-,N,,,,,,,,,,Y,1,1,0,1,A,-,01,23152,A,N,E,I,A,A,D,-,C,D,0,,,Y,,Y,Y,C,02,0,0,0,0,0,0,0,1,0,"- ","- ",35.441249847412109,-119.07125091552734,KERN,UNINCORPORATED,-119.06868743896484,35.441520690917969
90966315,2019,2019-05-10,9430,2019-03-16,1500,018481,,6,2,9,1500,0,1,1,,2,053,"I-5 S/B","GRAPEVINE RD",2482.00,N,N,A,-,Y,,,5,,,,,,S,Y,1,1,0,2,A,-,01,23152,F,N,C,C,A,A,H,-,A,D,0,,,Y,Y,Y,,C,02,0,0,0,0,0,0,0,1,0,"- ","- ",34.932258605957031,-118.93102264404297,KERN,UNINCORPORATED,-118.93080902099609,34.932334899902344
90970720,2019,2019-04-18,9426,2019-04-10,1645,019206,,3,2,9,1500,0,1,1,,2,500,"INTERSTATE 5 S/B","TWISSELMAN RD.",3960.00,N,N,A,G,Y,,,5,,,,,,S,Y,2,0,2,1,A,-,08,22107,,N,F,I,A,A,H,-,A,D,0,,,,,Y,,D,22,1,1,0,0,0,0,0,0,0,"- ","- ",35.742729187011719,-119.74733734130859,KERN,UNINCORPORATED,-119.74752807617188,35.742591857910156
90974513,2019,2019-04-24,9420,2019-04-19,2105,020163,,5,2,9,1500,0,3,5,,2,040,"RIVER BLVD.","GOODMAN ST.",60.00,N,N,A,-,N,,,,,,,,,,N,2,0,1,3,A,-,11,21954,A,F,G,B,D,A,H,-,D,D,0,Y,,,,Y,,N,60,1,0,0,0,1,0,0,0,0,"- ","- ",35.392589569091797,-118.98516082763672,KERN,UNINCORPORATED,-118.98516845703125,35.392536163330078
90977311,2018,2019-07-16,9426,2018-10-21,1905,015548,,7,2,9,1500,0,3,5,,2,082,"BUTTONWILLOW DRIVE","SULLIVAN ROAD",23.00,S,N,A,-,N,,,,,,,,,,Y,1,1,0,2,A,-,01,23152,F,F,C,C,A,A,H,-,D,D,0,,,Y,,Y,,C,02,0,0,0,0,0,0,0,1,0,"- ","- ",35.413150787353516,-119.47405242919922,KERN,UNINCORPORATED,-119.47404479980469,35.4132080078125
90979550,2019,2019-05-14,9420,2019-04-16,2252,018932,,2,3,9,1500,0,1,3,,2,090,"SR-99 N/B","LERDO HIGHWAY",2012.00,S,N,A,-,Y,,,99,,,,,,N,Y,2,0,4,2,A,-,03,22350,,N,D,C,A,A,C,-,D,D,0,,,,,Y,,A,01,1,3,0,0,0,0,0,0,0,"- ","- ",35.494598388671875,-119.15709686279297,KERN,UNINCORPORATED,-119.15725708007812,35.494392395019531
90980032,2019,2019-05-01,9420,2019-01-20,0340,021402,,7,3,9,1500,0,3,5,,2,672,"E. CASA LOMA DRIVE","PATINO DRIVE",120.00,W,N,A,-,N,,,,,,,,,,Y,1,1,2,1,A,-,01,23152,A,N,E,I,A,A,H,-,C,D,0,,,,,Y,Y,A,07,0,2,0,0,0,0,0,0,0,"- ","- ",35.339389801025391,-118.98770141601562,KERN,UNINCORPORATED,-118.98708343505859,35.339458465576172
90981345,2019,2019-05-06,9420,2019-04-06,0115,018932,,6,3,9,1500,0,1,3,,2,204,"SR-204 N/B TO SR-99 N/B","AIRPORT DRIVE",1320.00,N,N,A,-,Y,,,204,,,,R,,N,Y,1,1,0,1,A,-,01,23152,G,N,E,I,A,A,H,-,C,D,0,,,,,Y,Y,A,01,0,0,0,0,0,0,0,0,0,"- ","- ",35.404300689697266,-119.04540252685547,KERN,UNINCORPORATED,-119.04540252685547,35.404300689697266
90984849,2019,2019-05-08,9426,2019-04-18,0725,017581,,4,1,9,1500,0,3,5,,2,087,"GARDNER FIELD ROAD","SOUTH LAKE ROAD",2112.00,S,N,B,-,N,,,,,,,,,,Y,1,1,2,2,A,-,05,21650,,N,A,C,A,A,H,-,A,D,0,,,,,Y,,A,08,1,0,1,0,0,0,0,0,0,"- ","- ",35.117500305175781,-119.35598754882812,KERN,UNINCORPORATED,-119.35688018798828,35.118515014648438
90990615,2019,2019-05-17,9420,2019-05-09,0736,015801,,4,1,9,1500,0,3,5,,2,050,"MANOR STREET (FRONTAGE)","ALANDALE AVENUE",0.00,,Y,A,-,N,,,,,,,,,,N,2,0,1,2,A,-,11,21950,B,N,G,B,B,A,H,-,A,D,0,Y,,,,Y,,N,60,1,0,0,0,1,0,0,0,0,"- ","- ",35.428859710693359,-119.01215362548828,KERN,UNINCORPORATED,-119.01210784912109,35.428798675537109
90991995,2019,2019-05-20,9420,2019-05-05,1240,016767,,7,1,9,1500,0,1,3,,2,431,"STATE ROUTE 43","BENDER AVENUE",920.00,S,N,A,-,Y,,,43,,,,,,,Y,2,0,2,2,A,-,03,22350,,N,C,C,A,A,H,-,A,D,0,,,Y,,Y,,A,01,2,0,0,0,0,0,0,0,2,"- ","- ",35.527198791503906,-119.30370330810547,KERN,UNINCORPORATED,-119.30375671386719,35.527126312255859
90992351,2019,2019-05-20,9420,2019-05-12,2105,019868,,7,2,9,1500,0,3,5,,2,620,"RUDD AVE","REINA ST",503.00,S,N,A,B,N,,,,,,,,,,Y,2,0,1,1,A,-,03,22350,,N,E,I,A,B,A,F,D,D,0,,,,,Y,,A,01,1,0,0,0,0,0,0,0,0,"- ","- ",35.411468505859375,-119.17214965820312,KERN,UNINCORPORATED,-119.172119140625,35.411090850830078
90997334,2019,2019-05-28,9430,2019-04-28,1726,020255,,7,2,9,1500,0,1,1,,2,053,"I-5 N/B (GOLDEN STATE FWY)","GRAPEVINE ROAD",10771.00,S,N,B,-,Y,,,5,,,,,,N,Y,1,1,0,1,A,-,08,22107,,N,E,I,A,A,H,-,A,D,0,,,,,Y,,D,22,0,0,0,0,0,0,0,0,0,"- ","- ",34.908561706542969,-118.92376708984375,KERN,UNINCORPORATED,-118.92364501953125,34.908546447753906
90998869,2019,2019-06-04,9420,2019-04-05,2245,016828,,5,3,6,1502,0,1,3,,2,095,"STATE ROUTE 99, SOUTHBOUND","MING AVENUE",141.00,N,N,A,-,Y,,,99,,,,,,S,N,1,1,0,2,A,-,11,21954,A,F,G,B,D,A,H,-,C,D,0,Y,,,Y,Y,,N,60,0,0,0,1,0,0,0,0,0,"- ","- ",35.340190887451172,-119.03974151611328,KERN,BAKERSFIELD,-119.03976440429688,35.340190887451172
91001623,2019,2019-06-03,9426,2019-05-25,1605,018610,,6,2,9,1500,0,1,1,,2,506,"I-5 S/B","OLD RIVER RD",75.00,N,N,B,C,Y,,,5,,,,,,S,Y,2,0,1,1,A,-,03,22350,,N,F,A,A,B,F,-,A,D,0,,,,,Y,,D,23,1,0,0,0,0,0,0,0,0,"- ","- ",35.160499572753906,-119.11012268066406,KERN,UNINCORPORATED,-119.10997772216797,35.160659790039062
91003311,2019,2019-06-04,9420,2019-06-03,1500,020163,,1,2,9,1500,0,1,3,,2,177,SR-178,"LOWER RICHBAR PICNIC AREA",845.00,W,N,A,-,Y,,,178,,,,,,,Y,2,0,2,1,A,-,08,22107,,N,F,A,A,A,H,-,A,D,0,,,Y,,Y,,C,02,1,1,0,0,0,0,0,0,2,"- ","- ",35.474430084228516,-118.73050689697266,KERN,UNINCORPORATED,-118.73050689697266,35.474437713623047
91004554,2019,2019-06-18,9420,2019-05-11,2305,021402,,6,3,9,1500,0,2,4,,1,076,"COTTONWOOD ROAD","STATE ROUTE 58 E/B TO COTTONWOOD ROAD",0.00,,Y,A,-,N,,,,,,,,,,Y,2,0,2,2,A,-,01,23152,A,F,D,C,A,A,H,-,C,A,0,,,,,Y,Y,D,22,2,0,0,0,0,0,0,0,0,"- ","- ",35.3519287109375,-118.98538970947266,KERN,UNINCORPORATED,-118.985367,35.351894999999999
91005446,2019,2019-09-23,9830,2019-02-04,0305,019872,,1,3,9,1500,0,1,2,,1,053,"UNITED STATES HIGHWAY 395","ATHEL AVENUE",330.00,N,N,B,-,Y,,,395,,,,,,,Y,1,1,0,2,A,-,08,22107,,N,A,C,A,A,H,-,D,D,0,,,,Y,Y,,A,01,0,0,0,0,0,0,0,0,0,"- ","- ",35.681301116943359,-117.84191131591797,KERN,UNINCORPORATED,-117.84189605712891,35.681320190429688
91008687,2019,2019-06-28,9830,2019-06-10,0755,017146,,1,1,9,1500,0,3,5,,2,005,"JACKS RANCH RD.","RIDGECREST BLVD.",141.00,N,N,A,-,N,,,,,,,,,,Y,2,0,1,2,A,-,08,22107,,N,D,C,A,A,H,-,A,D,0,,,,,Y,,A,07,1,0,0,0,0,0,0,0,0,"- ","- ",35.623149871826172,-117.72300720214844,KERN,UNINCORPORATED,-117.72299194335938,35.622905731201172
91011973,2019,2019-06-18,9420,2019-06-05,2217,019311,,3,3,6,1502,0,1,3,,1,176,"SR-178 W/B","BAKER ST",930.00,W,N,A,-,Y,,,178,,,,,,W,Y,2,0,2,2,A,-,03,22350,,N,C,C,A,A,H,-,D,D,0,,,,,Y,,A,01,2,0,0,0,0,0,0,0,0,"- ","- ",35.384449005126953,-118.99286651611328,KERN,BAKERSFIELD,-118.99287414550781,35.384468078613281