CASE_ID,ACCIDENT_YEAR,PROC_DATE,JURIS,COLLISION_DATE,COLLISION_TIME,OFFICER_ID,REPORTING_DISTRICT,DAY_OF_WEEK,CHP_SHIFT,POPULATION,CNTY_CITY_LOC,SPECIAL_COND,BEAT_TYPE,CHP_BEAT_TYPE,CITY_DIVISION_LAPD,CHP_BEAT_CLASS,BEAT_NUMBER,PRIMARY_RD,SECONDARY_RD,DISTANCE,DIRECTION,INTERSECTION,WEATHER_1,WEATHER_2,STATE_HWY_IND,CALTRANS_COUNTY,CALTRANS_DISTRICT,STATE_ROUTE,ROUTE_SUFFIX,POSTMILE_PREFIX,POSTMILE,LOCATION_TYPE,RAMP_INTERSECTION,SIDE_OF_HWY,TOW_AWAY,COLLISION_SEVERITY,NUMBER_KILLED,NUMBER_INJURED,PARTY_COUNT,PRIMARY_COLL_FACTOR,PCF_CODE_OF_VIOL,PCF_VIOL_CATEGORY,PCF_VIOLATION,PCF_VIOL_SUBSECTION,HIT_AND_RUN,TYPE_OF_COLLISION,MVIW,PED_ACTION,ROAD_SURFACE,ROAD_COND_1,ROAD_COND_2,LIGHTING,CONTROL_DEVICE,CHP_ROAD_TYPE,PEDESTRIAN_ACCIDENT,BICYCLE_ACCIDENT,MOTORCYCLE_ACCIDENT,TRUCK_ACCIDENT,NOT_PRIVATE_PROPERTY,ALCOHOL_INVOLVED,STWD_VEHTYPE_AT_FAULT,CHP_VEHTYPE_AT_FAULT,COUNT_SEVERE_INJ,COUNT_VISIBLE_INJ,COUNT_COMPLAINT_PAIN,COUNT_PED_KILLED,COUNT_PED_INJURED,COUNT_BICYCLIST_KILLED,COUNT_BICYCLIST_INJURED,COUNT_MC_KILLED,COUNT_MC_INJURED,PRIMARY_RAMP,SECONDARY_RAMP,LATITUDE,LONGITUDE,COUNTY,CITY,POINT_X,POINT_Y
91014402,2019,2019-06-20,9430,2019-06-13,0442,016681,,4,3,9,1500,0,1,1,,2,053,"I-5 N/B (GSF)","GRAPEVINE ROAD U/C.",17952.00,S,N,A,-,Y,,,5,,,,,,N,Y,2,0,1,2,A,-,03,22350,,N,C,C,A,A,H,-,D,D,0,,,,Y,Y,,A,01,1,0,0,0,0,0,0,0,0,"- ","- ",34.892848968505859,-118.91522979736328,KERN,UNINCORPORATED,-118.915283203125,34.892776489257812
91014487,2019,2019-06-20,9420,2019-06-14,1145,016767,,5,1,9,1500,0,3,5,,2,520,"GUN CLUB ROAD","SHERWOOD AVENUE",2640.00,S,N,A,-,N,,,,,,,,,,N,2,0,1,2,A,-,09,21804,A,N,D,C,A,A,H,-,A,A,0,,,Y,Y,Y,,C,06,1,0,0,0,0,0,0,0,1,"- ","- ",35.666801452636719,-119.50879669189453,KERN,UNINCORPORATED,-119.50872039794922,35.666572570800781
91017446,2019,2019-06-25,9426,2019-06-13,2123,018610,,4,2,9,1500,0,1,1,,2,506,"I-5 S/B","OLD RIVER RD",913.00,N,N,A,-,Y,,,5,,,,,,S,Y,2,0,2,4,A,-,03,22350,,N,C,C,A,A,D,-,D,A,0,,,,Y,Y,,A,08,1,0,1,0,0,0,0,0,0,"- ","- ",35.163078308105469,-119.11264801025391,KERN,UNINCORPORATED,-119.11265563964844,35.163070678710938
91019100,2019,2019-06-27,9420,2019-06-21,2005,021788,,5,2,9,1500,0,3,5,,2,320,"CALIENTE BODFISH ROAD","OLD KERN CANYON ROAD",220.00,N,N,A,-,N,,,,,,,,,,N,2,0,1,1,A,-,01,23152,A,N,F,A,A,A,H,-,A,D,0,,,Y,,Y,Y,C,02,1,0,0,0,0,0,0,0,1,"- ","- ",35.590740203857422,-118.49485015869141,KERN,UNINCORPORATED,-118.49481964111328,35.590576171875
91020603,2019,2019-06-28,9830,2019-06-18,1316,019872,,2,1,9,1500,0,1,3,,1,040,"SR-14 NB","JAWBONE CANYON RD",13200.00,S,N,A,-,Y,,,14,,,,,,N,Y,2,0,1,1,A,-,08,22107,,N,E,I,A,A,H,-,A,D,0,,,,,Y,,D,22,1,0,0,0,0,0,0,0,0,"- ","- ",35.272281646728516,-118.03125762939453,KERN,UNINCORPORATED,-118.03128051757812,35.272300720214844
91021270,2019,2019-07-01,9420,2019-06-22,1540,021480,,6,2,9,1500,0,1,3,,2,177,"SR-178 E/B","KER178 18.00",0.00,,N,A,-,Y,,,178,,,,,,E,Y,2,0,1,1,A,-,01,23152,A,N,E,I,A,A,H,-,A,D,0,,,Y,,Y,Y,C,02,1,0,0,0,0,0,0,0,1,"- ","- ",35.479850769042969,-118.748779296875,KERN,UNINCORPORATED,-118.74877166748047,35.479843139648438
91022133,2019,2019-07-01,9420,2019-06-25,2105,019845,,2,2,9,1500,0,2,4,,1,051,"MANOR STREET","E. NORRIS ROAD",500.00,N,N,A,-,N,,,,,,,,,,Y,2,0,1,2,A,-,01,23152,A,N,C,C,A,A,H,-,C,A,0,,,Y,,Y,Y,C,02,1,0,0,0,0,0,0,0,1,"- ","- ",35.420318603515625,-119.01286315917969,KERN,UNINCORPORATED,-119.01287841796875,35.421092987060547
91023404,2019,2019-07-03,9420,2019-06-22,0235,019311,,6,3,6,1502,0,1,3,,2,094,"SR-99 N/B","BELLE TERRACE",400.00,N,N,A,-,Y,,,,,,,,,,Y,2,0,1,1,A,-,01,23152,A,N,E,J,A,A,D,-,D,D,0,,,,,Y,Y,A,01,1,0,0,0,0,0,0,0,0,"- ","- ",35.204929351806641,-119.22193908691406,KERN,BAKERSFIELD,-119.03941345214844,35.347827911376953
91024056,2019,2019-07-03,9426,2019-06-30,1326,016804,,7,1,9,1500,0,3,5,,2,086,"7TH STANDARD RD","MAGNOLIA AVE",4488.00,E,N,A,-,N,,,,,,,,,,Y,2,0,1,1,A,-,08,22107,,N,E,I,A,A,H,-,A,D,0,,,,,Y,,D,22,1,0,0,0,0,0,0,0,0,"- ","- ",35.442020416259766,-119.3648681640625,KERN,UNINCORPORATED,-119.35308837890625,35.442024230957031
91025299,2019,2019-07-05,9426,2019-06-28,1540,019658,,5,2,9,1500,0,3,5,,2,086,"LERDO HWY","SCOFIELD AVENUE",0.00,,Y,A,-,N,,,,,,,,,,Y,2,0,5,2,A,-,09,21801,A,N,A,C,A,A,H,-,A,A,0,,,,,Y,,A,01,2,1,2,0,0,0,0,0,0,"- ","- ",35.500289916992188,-119.40341186523438,KERN,UNINCORPORATED,-119.40348052978516,35.500301361083984
91028385,2019,2019-07-10,9420,2019-06-29,1554,021296,,6,2,9,1500,0,3,5,,2,050,"OILDALE DR","MCCORD AVE",0.00,,Y,A,-,N,,,,,,,,,,N,2,0,1,2,A,-,11,21954,A,N,D,B,D,A,H,-,A,A,0,Y,,,,Y,,N,60,1,0,0,0,1,0,0,0,0,"- ","- ",35.406818389892578,-119.03005981445312,KERN,UNINCORPORATED,-119.02996063232422,35.406791687011719
91028834,2019,2019-07-11,9420,2019-07-05,0935,016828,,5,1,9,1500,0,1,3,,1,176,"SR-178 W/B TO FAIRFAX ROAD","FAIRFAX ROAD",400.00,E,N,A,-,Y,,,,,,,,,,Y,2,0,1,1,A,-,01,23152,A,M,F,A,A,A,H,-,A,A,0,,,,,Y,Y,A,07,1,0,0,0,0,0,0,0,0,"- ","- ",35.369388580322266,-119.00417327880859,KERN,UNINCORPORATED,-118.92855072021484,35.396747589111328
91030738,2019,2019-07-15,9420,2019-07-07,1505,019845,,7,2,9,1500,0,1,3,,2,091,"SR-99 (SOUTHBOUND)","LERDO HIGHWAY",5808.00,S,N,A,-,Y,,,99,,,,,,,Y,2,0,1,1,C,-,18,,,N,H,A,A,A,H,-,A,D,0,,,,,Y,,-,"- ",1,0,0,0,0,0,0,0,0,"- ","- ",35.484508514404297,-119.14457702636719,KERN,UNINCORPORATED,-119.14456176757812,35.484535217285156
91031909,2019,2019-07-16,9430,2019-05-01,1710,018481,,3,2,9,1500,0,2,4,,1,024,"HUDSON RANCH ROAD","KLIPSTEIN CANYON ROAD",528.00,E,N,A,-,N,,,,,,,,,,Y,1,1,0,1,C,-,18,,,N,F,A,A,A,H,-,A,D,0,,,Y,,Y,,-,"- ",0,0,0,0,0,0,0,1,0,"- ","- ",34.166599273681641,-119.41168212890625,KERN,UNINCORPORATED,-119.4058837890625,34.940036773681641
91033372,2018,2019-09-24,9830,2018-12-15,2023,016971,,6,2,9,1500,0,1,3,,1,040,"STATE ROUTE 14 SOUTHBOUND","SIERRA HIGHWAY",0.00,,Y,A,-,Y,,,,,,,,,,Y,1,1,1,1,A,-,03,22350,,N,F,A,A,A,H,-,C,A,0,,,Y,,Y,,C,02,1,0,0,0,0,0,0,1,1,"- ","- ",35.035961151123047,-118.10418701171875,KERN,UNINCORPORATED,,
91033672,2019,2019-07-18,9420,2019-07-11,1550,016985,,4,2,6,1502,0,2,4,,1,075,"SOUTH UNION AVENUE","MING AVENUE",478.00,N,N,A,-,N,,,,,,,,,,N,2,0,1,2,A,-,11,21954,A,F,G,B,D,A,H,-,A,D,0,Y,,,,Y,,N,60,1,0,0,0,1,0,0,0,0,"- ","- ",35.339580535888672,-119.00296020507812,KERN,BAKERSFIELD,-119.00311279296875,35.340801239013672
91035111,2019,2019-07-22,9420,2019-06-30,1754,019856,,7,2,9,1500,0,3,5,,2,060,"ALLEN ROAD (2500 BLOCK)","ROSEDALE HIGHWAY",610.00,S,N,A,-,N,,,,,,,,,,N,2,0,1,2,A,-,11,21954,A,N,G,B,D,A,H,-,A,D,0,Y,,,,Y,,N,60,1,0,0,0,1,0,0,0,0,"- ","- ",35.381649017333984,-119.14553070068359,KERN,UNINCORPORATED,-119.14556884765625,35.381965637207031
91035788,2019,2019-07-23,9420,2019-07-15,0535,015259,,1,3,9,1500,0,3,5,,2,671,"PANAMA ROAD","SOUTH EDISON ROAD",0.00,,Y,A,-,N,,,,,,,,,,Y,2,0,3,2,A,-,01,23152,A,N,D,C,A,A,H,-,A,A,0,,,,,Y,Y,A,01,2,1,0,0,0,0,0,0,0,"- ","- ",35.267131805419922,-118.87850189208984,KERN,UNINCORPORATED,-118.87848663330078,35.267158508300781
91037401,2019,2019-08-08,9420,2019-07-15,0210,021133,,1,3,9,1500,0,3,5,,2,671,"DI GIORGIO RD","VINELAND RD",2259.00,E,N,A,-,N,,,,,,,,,,Y,2,0,1,1,A,-,01,23152,A,N,F,I,A,A,H,-,C,D,0,,,,,Y,Y,D,22,1,0,0,0,0,0,0,0,0,"- ","- ",35.252609252929688,-118.88865661621094,KERN,UNINCORPORATED,-118.88872528076172,35.252510070800781
91037407,2019,2019-07-25,9420,2019-07-22,1755,020501,,1,2,9,1500,0,2,4,,1,077,"S. FAIRFAX RD","MOUNTAIN VIEW RD",270.00,N,N,A,-,N,,,,,,,,,,Y,2,0,1,1,A,-,01,23152,A,N,E,I,A,A,H,-,A,D,0,,,,,Y,Y,D,22,1,0,0,0,0,0,0,0,0,"- ","- ",35.282291412353516,-118.93222045898438,KERN,UNINCORPORATED,-118.93209838867188,35.282241821289062
91042448,2019,2019-07-31,9426,2019-07-26,2045,019206,,5,2,9,1500,0,3,5,,2,080,"TUPMAN ROAD","STATION ROAD",9504.00,S,N,A,-,N,,,,,,,,,,Y,2,0,1,1,A,-,01,23152,A,N,F,A,A,A,H,-,A,D,0,,,,,Y,Y,A,07,1,0,0,0,0,0,0,0,0,"- ","- ",34.308048248291016,-119.37332153320312,KERN,UNINCORPORATED,-119.37326812744141,35.308017730712891
91043047,2019,2019-07-31,9830,2019-07-29,1820,019762,,1,2,9,1500,0,3,5,,2,001,"TEHACHAPI WILLOW SPRINGS RD.","OAK CREEK RD.",275.00,N,N,A,-,N,,,,,,,,,,Y,2,0,1,1,A,-,08,22107,,N,E,I,A,A,H,-,A,D,0,,,,,Y,,A,01,1,0,0,0,0,0,0,0,0,"- ","- ",35.050178527832031,-118.35514068603516,KERN,UNINCORPORATED,-118.36026000976562,35.052600860595703
91043354,2019,2019-08-14,9420,2019-06-08,1535,021547,,6,2,9,1500,0,1,3,,2,155,"STATE ROUTE 155","SAWMILL ROAD",2640.00,W,N,A,-,Y,,,155,,,,,,,Y,1,1,0,3,A,-,01,23152,A,N,B,C,A,A,H,-,A,D,0,,,Y,,Y,Y,C,02,0,0,0,0,0,0,0,1,0,"- ","- ",35.687271118164062,-118.46652984619141,KERN,UNINCORPORATED,-118.46656036376953,35.687305450439453
91044352,2019,2019-08-02,9830,2019-07-27,0330,021870,,6,3,9,1500,0,1,3,,1,022,"SR-58 E/B","BORON AVE",4752.00,W,N,A,-,Y,,,58,,,,,,E,Y,2,0,2,1,A,-,08,22107,,N,F,A,A,A,H,-,D,D,0,,,,,Y,,A,07,1,1,0,0,0,0,0,0,0,"- ","- ",35.006729125976562,-117.66385650634766,KERN,UNINCORPORATED,-117.66388702392578,35.006885528564453
91044911,2019,2019-10-18,9420,2019-06-21,0001,020782,,5,3,9,1500,0,1,3,,2,097,"STATE ROUTE 99, SOUTHBOUND","SOUTH UNION AVENUE",1431.00,S,N,A,-,Y,,,99,,,,,,S,Y,1,1,0,2,A,-,03,22350,,N,C,C,A,A,C,-,D,D,0,,,,Y,Y,Y,G,25,0,0,0,0,0,0,0,0,0,"- ","- ",35.168300628662109,-119.00309753417969,KERN,UNINCORPORATED,-119.00308227539062,35.168304443359375
91044934,2019,2019-08-05,9420,2019-07-26,0155,018387,,5,3,6,1502,0,1,3,,2,093,"SR-99 S/B","CALIFORNIA AVE",1000.00,N,N,A,-,Y,,,99,,,,,,S,Y,2,0,1,2,A,-,00,23512,F,N,C,C,A,A,D,H,C,D,0,,,,Y,Y,,A,01,1,0,0,0,0,0,0,0,0,"- ","- ",35.373001098632812,-119.04389953613281,KERN,BAKERSFIELD,-119.0439453125,35.37298583984375
91045988,2019,2019-08-06,9420,2019-07-19,1525,021480,,5,2,9,1500,0,1,3,,2,586,"SR-58 E/B","TOWERLINE ROAD",2000.00,E,N,A,-,Y,,,58,,,,,,E,Y,2,0,4,1,A,-,03,22350,,N,F,A,A,A,C,H,A,D,0,,,,,Y,,A,01,1,2,1,0,0,0,0,0,0,"- ","- ",35.322288513183594,-118.79532623291016,KERN,UNINCORPORATED,-118.79533386230469,35.322288513183594
91046028,2019,2019-08-06,9420,2019-07-26,2130,019649,,5,2,9,1500,0,2,4,,1,075,"S.UNION AVE","ETHRUM AVE",850.00,N,N,A,-,N,,,,,,,,,,Y,2,0,1,2,A,-,01,23152,A,M,C,C,A,A,H,-,C,D,0,,,,Y,Y,Y,A,01,1,0,0,0,0,0,0,0,0,"- ","- ",35.207450866699219,-119.01123046875,KERN,UNINCORPORATED,-119.00309753417969,35.335311889648438
91047584,2019,2019-08-07,9420,2019-08-01,1530,019868,,4,2,9,1500,0,3,5,,2,672,"TERRACE WAY","BALDWIN RD",0.00,,Y,A,-,N,,,,,,,,,,Y,2,0,1,2,A,-,03,22350,,N,D,C,A,A,H,-,A,A,0,,,Y,,Y,,C,02,1,0,0,0,0,0,0,0,1,"- ","- ",35.350330352783203,-119.0289306640625,KERN,UNINCORPORATED,-119.02892303466797,35.350330352783203
91047752,2019,2019-08-08,9420,2019-07-28,2118,021296,,7,2,9,1500,0,3,5,,2,070,"STERLING RD","MITCHELL AVE.",0.00,,Y,A,-,N,,,,,,,,,,N,2,0,1,2,A,-,17,24250,,N,D,C,A,A,H,-,D,D,0,,,Y,,Y,Y,C,02,1,0,0,0,0,0,0,0,1,"- ","- ",35.378700256347656,-118.94082641601562,KERN,UNINCORPORATED,-118.94081115722656,35.378669738769531
91051317,2019,2019-08-13,9426,2019-08-04,0055,019896,,7,3,9,1500,0,1,1,,2,500,"I-5 N/B","WEISER RD",1056.00,N,N,A,-,Y,,,5,,,,,,N,Y,2,0,3,3,A,-,01,23152,A,N,C,C,A,A,H,-,D,D,0,,,,Y,Y,Y,A,01,1,0,2,0,0,0,0,0,0,"- ","- ",35.706119537353516,-119.71987915039062,KERN,UNINCORPORATED,-119.71988677978516,35.706111907958984
91051376,2019,2019-08-13,9426,2019-06-23,1651,018416,,7,2,9,1500,0,1,1,,2,500,"I-5 S/B","COUNTY LINE RD",5280.00,S,N,A,-,Y,,,5,,,,,,S,Y,1,2,2,4,A,-,08,22107,,N,B,C,A,A,H,-,A,D,0,,,,Y,Y,,A,01,2,0,0,0,0,0,0,0,0,"- ","- ",35.779018402099609,-119.77465057373047,KERN,UNINCORPORATED,-119.77468109130859,35.778999328613281
91052220,2019,2019-08-14,9420,2019-08-09,1836,017972,,5,2,9,1500,0,1,3,,2,097,"SR-99 S/B",SR-119,1584.00,S,N,A,-,Y,,,99,,,,,,S,Y,2,0,5,1,A,-,08,22107,,N,E,I,A,A,H,-,A,D,0,,,,,Y,,A,01,1,3,1,0,0,0,0,0,0,"- ","- ",35.259220123291016,-119.02129364013672,KERN,UNINCORPORATED,-119.02103424072266,35.259284973144531
91054933,2019,2019-08-19,9420,2019-08-12,1458,019442,,1,2,9,1500,0,1,3,,2,154,SR-155,"DRIVER RD.",95.00,W,N,A,-,Y,,,155,,,,,,,Y,2,0,2,2,A,-,05,21650,,N,A,C,A,A,H,-,A,D,0,,,,,Y,,A,07,1,1,0,0,0,0,0,0,0,"- ","- ",35.761360168457031,-119.20571899414062,KERN,UNINCORPORATED,-119.20571899414062,35.76141357421875
91056821,2019,2020-02-20,9430,2019-08-08,1510,018165,,4,2,9,1500,0,1,3,,2,090,"STATE ROUTE 99 N/B","INTERSTATE 5",3432.00,N,N,A,-,Y,,,99,,,,,,N,Y,1,2,7,4,A,-,01,23152,A,N,B,C,A,A,H,-,A,D,0,,,,,Y,Y,A,01,1,4,2,0,0,0,0,0,0,"- ","- ",35.027629852294922,-118.95828247070312,KERN,UNINCORPORATED,-118.95824432373047,35.027641296386719
91059993,2019,2019-10-17,9420,2019-07-17,2125,019021,,3,2,9,1500,0,1,3,,2,430,"STATE ROUTE 43","SCHUSTER ROAD",4752.00,N,N,A,-,Y,,,43,,,,,,,Y,1,1,1,2,A,-,01,23152,A,N,A,C,A,A,H,-,D,D,0,,,,Y,Y,Y,A,01,0,0,1,0,0,0,0,0,0,"- ","- ",35.745738983154297,-119.33981323242188,KERN,UNINCORPORATED,-119.33985900878906,35.745723724365234
91067035,2019,2019-09-04,9420,2019-05-16,2300,019963,,4,3,6,1502,0,1,3,,2,093,"STATE ROUTE 99 SOUTHBOUND","PALM STREET",1030.00,N,N,B,-,Y,,,99,,,,,,S,Y,1,1,1,1,A,-,01,23152,A,N,E,I,A,B,D,H,C,D,0,,,,,Y,Y,A,01,0,1,0,0,0,0,0,0,0,"- ","- ",35.363399505615234,-119.04000091552734,KERN,BAKERSFIELD,-119.03997039794922,35.363407135009766
91068444,2019,2019-09-05,9420,2019-09-01,0811,016926,,7,1,6,1502,0,1,3,,2,094,"SR-99 N/B","WIBLE ROAD",900.00,S,N,A,-,Y,,,99,,,,,,N,Y,2,0,2,1,C,-,18,,,N,E,I,A,A,H,-,A,D,0,,,,,Y,,-,"- ",1,1,0,0,0,0,0,0,0,"- ","- ",35.327690124511719,-119.03852081298828,KERN,BAKERSFIELD,-119.0386962890625,35.327644348144531
91073680,2019,2019-09-12,9420,2019-09-08,1358,021296,,7,1,9,1500,0,1,3,,1,176,"SR-178 W/B","BAKER ST",80.00,W,N,A,-,Y,,,,,,,,,,Y,2,0,1,1,A,-,03,22350,,N,E,J,A,A,C,H,A,D,0,,,Y,,Y,Y,C,02,1,0,0,0,0,0,0,0,1,"- ","- ",35.385429382324219,-118.98954772949219,KERN,UNINCORPORATED,-118.99013519287109,35.385208129882812
91078843,2019,2019-09-19,9420,2019-09-12,1635,021915,,4,2,9,1500,0,1,3,,2,179,SR-178,"ISABELLA WALKER PASS RD",1000.00,E,N,A,-,N,,,178,,,,,,,N,2,0,1,1,A,-,03,22350,,N,F,A,A,A,H,-,A,D,0,,,Y,,Y,,C,02,1,0,0,0,0,0,0,0,1,"- ","- ",35.669189453125,-118.03546142578125,KERN,UNINCORPORATED,-118.03547668457031,35.669181823730469
91079133,2019,2019-10-11,9420,2019-06-22,1540,020529,,6,2,9,1500,0,1,3,,2,177,"STATE ROUTE 178","FOREST RD. 28568",34320.00,W,N,A,-,Y,,,178,,,,,,,Y,1,1,0,2,A,-,01,23152,A,N,A,C,A,A,H,-,A,D,0,,,Y,,Y,Y,C,02,0,0,0,0,0,0,0,1,0,"- ","- ",35.478809356689453,-118.73203277587891,KERN,UNINCORPORATED,-118.73203277587891,35.478801727294922
91080256,2019,2019-09-23,9420,2019-09-13,0515,021144,,5,3,9,1500,0,2,4,,1,051,"MANOR ST.","ROBERTS LN.",711.00,S,N,A,-,Y,,,,,,,,,,N,2,0,1,2,A,-,11,21954,A,N,G,B,D,A,H,-,D,D,0,Y,,,,Y,,N,60,1,0,0,0,1,0,0,0,0,"- ","- ",35.405941009521484,-119.01096343994141,KERN,UNINCORPORATED,-119.01111602783203,35.408927917480469
91080278,2019,2019-09-23,9420,2019-09-17,0130,020672,,2,3,9,1500,0,3,5,,2,630,"PANAMA LANE",SR-43,1267.00,E,N,A,-,N,,,,,,,,,,Y,2,0,1,1,A,-,01,23152,A,N,E,I,A,A,H,-,D,D,0,,,,,Y,Y,A,01,1,0,0,0,0,0,0,0,0,"- ","- ",35.296089172363281,-119.24774169921875,KERN,UNINCORPORATED,-119.24825286865234,35.296161651611328
91084177,2019,2019-10-21,9830,2019-09-18,1450,020866,,3,2,9,1500,0,1,3,,1,040,"SR-14 S/B","SR-58 W/B",500.00,S,N,A,-,Y,,,14,,,,,,S,Y,2,0,1,1,A,-,08,22107,,N,E,I,A,A,H,-,A,A,0,,,,,Y,,A,01,1,0,0,0,0,0,0,0,0,"- ","- ",35.096271514892578,-118.1466064453125,KERN,UNINCORPORATED,-118.14647674560547,35.096172332763672
91089329,2019,2019-10-02,9426,2019-09-20,1700,019896,,5,2,9,1500,0,1,1,,2,500,"I-5 S/B","TWISSELMAN RD",36.00,S,N,A,-,Y,,,5,,,,,,S,Y,2,0,4,3,A,-,03,22350,,N,C,C,A,A,H,-,A,D,0,,,,,Y,,A,08,2,1,1,0,0,0,0,0,0,"- ","- ",35.731800079345703,-119.73941802978516,KERN,UNINCORPORATED,-119.73943328857422,35.731788635253906
91089530,2019,2019-10-03,9420,2019-09-22,0200,019649,,7,3,9,1500,0,3,5,,2,672,"DI GIORGIO RD","S. VINELAND RD.",825.00,E,N,B,-,N,,,,,,,,,,Y,2,0,1,3,A,-,01,23152,A,N,E,I,A,A,H,-,C,D,0,,,,,Y,Y,A,01,1,0,0,0,0,0,0,0,0,"- ","- ",35.252429962158203,-118.89350128173828,KERN,UNINCORPORATED,-118.89352416992188,35.252487182617188
91092116,2019,2019-10-07,9830,2019-09-27,0745,018758,,5,1,9,1500,0,3,5,,2,001,"TEHACHAPI WILLOW SPRINGS RD","OAK CREEK RD",228.00,N,N,A,-,N,,,,,,,,,,Y,2,0,1,1,A,-,08,22107,,N,E,I,A,A,H,-,A,D,0,,,,,Y,,D,22,1,0,0,0,0,0,0,0,0,"- ","- ",35.050010681152344,-118.35491943359375,KERN,UNINCORPORATED,-118.36011505126953,35.052558898925781
91094714,2019,2019-10-10,9420,2019-07-09,2500,021547,,2,4,9,1500,0,1,3,,2,155,"STATE ROUTE 155","SENJAHO LANE",20.00,E,N,A,-,Y,,,155,,,,,,,N,1,1,0,1,C,-,18,,,N,F,A,A,A,H,-,A,D,0,,Y,,,Y,,-,"- ",0,0,0,0,0,1,0,0,0,"- ","- ",35.713909149169922,-118.48232269287109,KERN,UNINCORPORATED,-118.48225402832031,35.713951110839844
91095742,2019,2019-10-11,9420,2019-10-01,1810,019531,,2,2,9,1500,0,1,3,,2,585,"SR-58 WESTBOUND (W/B)","OSWELL STREET",1200.00,E,N,A,-,Y,,,58,,,,,,W,Y,2,0,1,2,A,-,03,22350,,N,C,C,A,A,D,-,B,D,0,,,,Y,Y,,A,08,1,0,0,0,0,0,0,0,0,"- ","- ",35.352390289306641,-118.94550323486328,KERN,UNINCORPORATED,-118.94550323486328,35.352405548095703
91097604,2019,2019-10-15,9420,2019-08-10,1113,018807,,6,1,9,1500,0,2,4,,1,052,"EAST ROBERTS LANE","FRONTIER STREET",404.00,E,N,A,-,N,,,,,,,,,,Y,1,1,0,2,A,-,09,21804,A,N,D,C,A,A,H,-,A,D,0,,,Y,,Y,,A,01,0,0,0,0,0,0,0,1,0,"- ","- ",35.243099212646484,-119.05619812011719,KERN,UNINCORPORATED,-119.01509857177734,35.408985137939453
91097831,2019,2019-10-15,9430,2019-10-13,2220,018681,,7,3,9,1500,0,1,1,,2,052,"I-5 S/B (GOLDEN STATE FREEWAY)","LEBEC ROAD",3168.00,N,N,A,-,Y,,,5,,,,,,S,Y,2,0,3,2,A,-,03,22350,,N,C,C,A,A,H,-,D,D,0,,,,Y,Y,,D,22,1,1,1,0,0,0,0,0,0,"- ","- ",34.842269897460938,-118.86508941650391,KERN,UNINCORPORATED,-118.8651123046875,34.842250823974609
91097902,2019,2019-10-15,9420,2019-10-11,1607,016978,,5,2,9,1500,0,3,5,,2,540,"ROWLEE ROAD","MCCOMBS ROAD",0.00,,Y,A,-,N,,,,,,,,,,Y,2,0,2,2,A,-,12,22450,A,N,D,C,A,A,H,-,A,A,0,,,,Y,Y,,G,25,1,0,1,0,0,0,0,0,0,"- ","- ",35.615810394287109,-119.47348785400391,KERN,UNINCORPORATED,-119.47348022460938,35.615810394287109
91098024,2019,2019-10-15,9420,2019-10-09,0700,015801,,3,1,9,1500,0,2,4,,1,052,"NORRIS ROAD","RAY STREET",0.00,,Y,A,-,N,,,,,,,,,,Y,2,0,1,2,A,-,10,21950,A,N,G,B,B,A,H,-,A,D,0,Y,,,,Y,,A,01,1,0,0,0,1,0,0,0,0,"- ","- ",35.419570922851562,-119.03418731689453,KERN,UNINCORPORATED,-119.03424072265625,35.419540405273438
91098524,2019,2019-10-16,9420,2019-10-12,0233,021133,,6,3,9,1500,0,3,5,,2,070,"COLLEGE AVENUE","COUNTRY CLUB DRIVE",120.00,E,N,A,-,N,,,,,,,,,,Y,2,0,1,1,A,-,01,23152,A,N,E,I,A,A,H,-,D,D,0,,,,,Y,Y,A,01,1,0,0,0,0,0,0,0,0,"- ","- ",35.383071899414062,-118.95281982421875,KERN,UNINCORPORATED,-118.95264434814453,35.383132934570312
91098556,2019,2019-10-16,9420,2019-10-05,0925,019098,,6,1,9,1500,0,3,5,,2,040,"ROUND MOUNTAIN ROAD","GRANITE ROAD",10032.00,E,N,A,-,N,,,,,,,,,,Y,2,0,1,1,A,-,03,22350,,N,F,A,A,A,H,-,A,D,0,,,Y,,Y,,C,02,1,0,0,0,0,0,0,0,1,"- ","- ",35.524520874023438,-118.93241119384766,KERN,UNINCORPORATED,-118.93325805664062,35.524993896484375
91102665,2019,2019-10-22,9420,2019-10-15,2110,017972,,2,2,9,1500,0,2,4,,1,051,"WASHINGTON AVE","N. CHESTER AVE",6.00,W,N,A,-,N,,,,,,,,,,N,2,0,1,2,A,-,11,21950,B,F,G,B,B,A,H,-,C,A,0,Y,,,,Y,,N,60,1,0,0,0,1,0,0,0,0,"- ","- ",35.415489196777344,-119.02124786376953,KERN,UNINCORPORATED,-119.021240234375,35.415470123291016