CASE_ID,ACCIDENT_YEAR,PROC_DATE,JURIS,COLLISION_DATE,COLLISION_TIME,OFFICER_ID,REPORTING_DISTRICT,DAY_OF_WEEK,CHP_SHIFT,POPULATION,CNTY_CITY_LOC,SPECIAL_COND,BEAT_TYPE,CHP_BEAT_TYPE,CITY_DIVISION_LAPD,CHP_BEAT_CLASS,BEAT_NUMBER,PRIMARY_RD,SECONDARY_RD,DISTANCE,DIRECTION,INTERSECTION,WEATHER_1,WEATHER_2,STATE_HWY_IND,CALTRANS_COUNTY,CALTRANS_DISTRICT,STATE_ROUTE,ROUTE_SUFFIX,POSTMILE_PREFIX,POSTMILE,LOCATION_TYPE,RAMP_INTERSECTION,SIDE_OF_HWY,TOW_AWAY,COLLISION_SEVERITY,NUMBER_KILLED,NUMBER_INJURED,PARTY_COUNT,PRIMARY_COLL_FACTOR,PCF_CODE_OF_VIOL,PCF_VIOL_CATEGORY,PCF_VIOLATION,PCF_VIOL_SUBSECTION,HIT_AND_RUN,TYPE_OF_COLLISION,MVIW,PED_ACTION,ROAD_SURFACE,ROAD_COND_1,ROAD_COND_2,LIGHTING,CONTROL_DEVICE,CHP_ROAD_TYPE,PEDESTRIAN_ACCIDENT,BICYCLE_ACCIDENT,MOTORCYCLE_ACCIDENT,TRUCK_ACCIDENT,NOT_PRIVATE_PROPERTY,ALCOHOL_INVOLVED,STWD_VEHTYPE_AT_FAULT,CHP_VEHTYPE_AT_FAULT,COUNT_SEVERE_INJ,COUNT_VISIBLE_INJ,COUNT_COMPLAINT_PAIN,COUNT_PED_KILLED,COUNT_PED_INJURED,COUNT_BICYCLIST_KILLED,COUNT_BICYCLIST_INJURED,COUNT_MC_KILLED,COUNT_MC_INJURED,PRIMARY_RAMP,SECONDARY_RAMP,LATITUDE,LONGITUDE,COUNTY,CITY,POINT_X,POINT_Y
91107765,2019,2019-10-28,9420,2019-10-24,0535,016767,,4,3,9,1500,0,1,3,,2,430,SR-43,"MCCOMBS ROAD",0.00,,Y,A,-,Y,,,43,,,,,,,Y,2,0,1,2,A,-,09,21802,A,N,B,C,A,A,H,-,D,A,0,,,,,Y,,A,01,1,0,0,0,0,0,0,0,0,"- ","- ",35.616001129150391,-119.33119964599609,KERN,UNINCORPORATED,-119.33128356933594,35.616001129150391
91109305,2019,2019-10-29,9420,2019-08-09,1508,021296,,5,2,9,1500,0,1,3,,2,177,"STATE ROUTE 178","DEMOCRAT ROAD",4224.00,W,N,A,-,Y,,,178,,,,,,,Y,1,1,1,2,A,-,05,21460,A,N,A,C,A,A,H,-,A,D,0,,,,,Y,,D,22,0,1,0,0,0,0,0,0,0,"- ","- ",35.5224609375,-118.67034149169922,KERN,UNINCORPORATED,-118.67034149169922,35.522468566894531
91110222,2019,2019-10-30,9420,2019-10-25,0055,020093,,5,3,9,1500,0,2,4,,1,072,"STERLING RD","EUCALYPTUS DR",0.00,,Y,A,-,N,,,,,,,,,,Y,2,0,1,1,A,-,01,23152,A,N,E,I,A,A,H,-,D,D,0,,,,,Y,Y,A,01,1,0,0,0,0,0,0,0,0,"- ","- ",35.364700317382812,-118.94069671630859,KERN,UNINCORPORATED,-118.94081878662109,35.365161895751953
91110985,2019,2019-10-31,9420,2019-10-27,0050,021308,,7,3,9,1500,0,1,3,,1,119,"SR-119 (9700 BLOCK)","OLD RIVER RD.",0.00,,Y,A,-,N,,,119,,,,,,,Y,2,0,1,1,A,-,12,22450,A,N,E,I,A,A,H,-,C,A,0,,,,,Y,,A,01,1,0,0,0,0,0,0,0,0,"- ","- ",35.266929626464844,-119.11038208007812,KERN,UNINCORPORATED,-119.11038208007812,35.267185211181641
91111711,2019,2019-11-01,9420,2019-10-27,0214,021133,,7,3,9,1500,0,3,5,,2,520,"SHERWOOD AVENUE","MELCHER ROAD",500.00,W,N,A,-,N,,,,,,,,,,Y,2,0,1,1,A,-,08,22107,,M,E,I,A,A,H,-,D,D,0,,,,,Y,,A,01,1,0,0,0,0,0,0,0,0,"- ","- ",35.674240112304688,-119.27828216552734,KERN,UNINCORPORATED,-119.27819061279297,35.674293518066406
91115855,2019,2019-11-07,9420,2019-10-24,1658,021296,,4,2,9,1500,0,3,5,,2,040,"N. BAKER ST","ALLEY NORTH OF JEFFREY ST.",0.00,,Y,A,-,N,,,,,,,,,,N,2,0,1,2,A,-,09,21804,A,F,H,G,A,A,H,-,A,D,0,,Y,,,Y,,L,04,1,0,0,0,0,0,1,0,0,"- ","- ",35.395038604736328,-118.98760986328125,KERN,UNINCORPORATED,,
91118087,2019,2019-11-12,9430,2019-11-03,2204,016750,,7,3,9,1500,0,1,1,,2,052,"I-5 SOUTHBOUND","FORT TEJON RD",572.00,S,N,A,-,Y,,,5,,,,,,S,Y,2,0,2,2,A,-,03,22350,,N,C,C,A,A,H,-,D,D,0,,,,Y,Y,,A,01,1,1,0,0,0,0,0,0,0,"- ","- ",34.873291015625,-118.89103698730469,KERN,UNINCORPORATED,-118.89095306396484,34.873378753662109
91118939,2019,2019-11-13,9420,2019-11-06,2115,018445,,3,2,9,1500,0,3,5,,2,530,"KIMBERLINA ROAD","SHAFTER AVENUE",2640.00,W,N,A,-,N,,,,,,,,,,Y,2,0,1,2,A,-,08,22107,,N,A,C,A,A,H,-,D,D,0,,,,Y,Y,,A,01,1,0,0,0,0,0,0,0,0,"- ","- ",35.330291748046875,-119.1605224609375,KERN,UNINCORPORATED,-119.28639984130859,35.558177947998047
91119126,2019,2019-11-13,9420,2019-11-07,1752,019442,,4,2,9,1500,0,1,3,,2,583,"SR-58 (ROSEDALE HWY.)","FRUITVALE AVE.",285.00,W,N,A,-,Y,,,58,,,,,,,Y,2,0,1,2,A,-,01,23152,A,N,C,C,A,A,H,-,C,A,0,,,,Y,Y,Y,D,22,1,0,0,0,0,0,0,0,0,"- ","- ",35.383220672607422,-119.07431793212891,KERN,UNINCORPORATED,-119.07431793212891,35.383354187011719
91119577,2019,2019-11-13,9420,2019-11-09,1900,021308,,6,2,9,1500,0,3,5,,2,510,"ROAD 200","COUNTY LINE RD.",0.00,,Y,A,-,N,,,,,,,,,,Y,2,0,1,1,A,-,03,22350,,N,E,I,A,A,H,-,D,A,0,,,,,Y,,A,07,1,0,0,0,0,0,0,0,0,"- ","- ",35.790668487548828,-119.12525939941406,KERN,UNINCORPORATED,-119.125257,35.790796
91120161,2019,2019-11-14,9420,2019-11-10,2221,021133,,7,3,9,1500,0,2,4,,1,051,"OILDALE DRIVE","MCCORD AVENUE",200.00,S,N,A,-,N,,,,,,,,,,N,2,0,1,2,A,-,11,21954,A,F,G,B,D,A,H,-,D,D,0,Y,,,,Y,,N,60,1,0,0,0,1,0,0,0,0,"- ","- ",35.406158447265625,-118.94863128662109,KERN,UNINCORPORATED,-119.02996826171875,35.406242370605469
91121152,2019,2019-11-15,9420,2019-08-06,1210,017256,,2,1,9,1500,0,3,5,,2,040,"BERNARD STREET","CUNHA STREET",24.00,W,N,A,-,N,,,,,,,,,,Y,1,1,0,1,A,-,01,23152,A,N,E,I,A,A,H,-,A,D,0,,,Y,,Y,Y,C,02,0,0,0,0,0,0,0,1,0,"- ","- ",35.390129089355469,-118.97405242919922,KERN,UNINCORPORATED,-118.973876953125,35.390098571777344
91122212,2019,2019-11-18,9420,2019-11-07,0255,021402,,4,3,9,1500,0,2,4,,1,072,"NILES STREET","NORMANDY DRIVE",105.00,E,N,A,-,N,,,,,,,,,,N,2,0,1,2,A,-,05,21650,,F,D,C,A,A,H,-,C,D,0,,Y,Y,,Y,,L,04,1,0,0,0,0,0,1,0,0,"- ","- ",35.376068115234375,-118.93930816650391,KERN,UNINCORPORATED,-118.93933868408203,35.375968933105469
91123617,2019,2019-11-19,9420,2019-05-14,2500,020163,,2,4,9,1500,0,1,3,,2,177,"STATE ROUTE 178","RANCHERIA ROAD",30624.00,E,N,A,-,Y,,,178,,,,,,,Y,1,1,0,1,A,-,08,22107,,N,E,I,A,A,H,-,D,D,0,,,,,Y,Y,A,07,0,0,0,0,0,0,0,0,0,"- ","- ",35.465438842773438,-118.75673675537109,KERN,UNINCORPORATED,-118.75673675537109,35.465423583984375
91123680,2019,2019-11-19,9420,2019-11-15,1700,021308,,5,2,9,1500,0,3,5,,2,070,"ORANGE DR. (1500 BLOCK)","PACIFIC ST.",528.00,N,N,A,-,N,,,,,,,,,,N,2,0,1,2,A,-,11,21954,A,N,G,B,D,A,H,-,B,D,0,Y,,,,Y,,N,60,1,0,0,0,1,0,0,0,0,"- ","- ",35.380138397216797,-118.97165679931641,KERN,UNINCORPORATED,-118.97133636474609,35.381019592285156
9112480,2020,2020-08-19,1507,2020-06-09,1615,281,17,2,5,3,1507,0,0,0,,0,,"E MARENGO AV","NICKEL ST",59.00,E,N,A,-,N,,,,,,,,,,N,2,0,1,2,A,-,09,21804,A,N,D,G,A,A,H,-,A,D,0,,Y,,,Y,,L,04,1,0,0,0,0,0,1,0,0,"- ","- ",35.498489379882812,-119.27587127685547,KERN,SHAFTER,-119.27587890625,35.498786926269531
91132827,2019,2019-12-02,9830,2019-11-18,2100,020524,,1,2,9,1500,0,2,4,,1,032,"SIERRA HIGHWAY","DAWN ROAD",3379.00,N,N,A,-,N,,,,,,,,,,Y,2,0,1,1,A,-,08,22107,,N,F,A,A,A,H,-,D,D,0,,,,,Y,,A,01,1,0,0,0,0,0,0,0,0,"- ","- ",34.918128967285156,-118.1502685546875,KERN,UNINCORPORATED,-118.15017700195312,34.917285919189453
91135501,2019,2019-12-04,9420,2019-11-25,1645,021140,,1,2,9,1500,0,3,5,,2,070,"ZINNIA STREET","PERIWINKLE COURT",20.00,S,N,A,-,N,,,,,,,,,,N,2,0,1,1,A,-,08,22107,,N,F,A,A,A,H,-,B,D,0,,,,,Y,,M,96,1,0,0,0,0,0,0,0,0,"- ","- ",35.362190246582031,-118.94483947753906,KERN,UNINCORPORATED,-118.94477844238281,35.362293243408203
91135629,2019,2019-12-04,9426,2019-11-23,0350,018610,,6,3,9,1500,0,1,1,,2,504,"I-5 S/B","STOCKDALE HWY",1040.00,N,N,A,-,Y,,,5,,,,,,S,Y,2,0,2,1,A,-,08,22107,,N,F,A,A,A,H,-,D,D,0,,,,,Y,,A,01,1,1,0,0,0,0,0,0,0,"- ","- ",35.356311798095703,-119.33795166015625,KERN,UNINCORPORATED,-119.33802795410156,35.356193542480469
91137672,2019,2019-12-06,9430,2019-12-04,1546,019096,,3,2,9,1500,0,3,5,,2,004,"WHEELER RIDGE ROAD","LEGRAY ROAD",3696.00,N,N,A,-,N,,,,,,,,,,Y,2,0,2,2,A,-,05,21650,,N,A,C,A,A,H,-,A,D,0,,,,,Y,,D,22,1,0,1,0,0,0,0,0,0,"- ","- ",35.040019989013672,-118.92044830322266,KERN,UNINCORPORATED,-118.92063140869141,35.039813995361328
91138476,2019,2019-12-10,9420,2019-12-02,2340,019686,,1,3,9,1500,0,2,4,,1,051,"NORTH CHESTER AVENUE","WARREN AVENUE",140.00,S,N,A,-,N,,,,,,,,,,N,2,0,1,2,A,-,08,22107,,F,G,B,E,A,H,-,D,D,0,Y,,,,Y,,-,99,1,0,0,0,1,0,0,0,0,"- ","- ",35.411800384521484,-119.02091217041016,KERN,UNINCORPORATED,-119.02111053466797,35.411888122558594
91139692,2019,2019-12-10,9420,2019-11-27,0450,019311,,3,3,6,1502,0,1,3,,2,095,"SR-99 S/B","PACHECO RD",200.00,S,N,C,-,Y,,,,,,,,,,Y,2,0,1,1,A,-,03,22350,,N,E,J,A,B,H,-,C,C,0,,,,,Y,,A,01,1,0,0,0,0,0,0,0,0,"- ","- ",35.183521270751953,-119.23650360107422,KERN,BAKERSFIELD,-119.03428649902344,35.309864044189453
91147494,2019,2019-12-19,9420,2019-12-12,1045,015259,,4,1,9,1500,0,3,5,,2,610,"KENNY STREET","WHITE LANE",0.00,,Y,A,-,N,,,,,,,,,,Y,2,0,2,2,A,-,09,21802,A,N,D,C,A,A,H,-,A,A,0,,,,,Y,,D,22,1,0,1,0,0,0,0,0,0,"- ","- ",35.317710876464844,-119.00813293457031,KERN,UNINCORPORATED,-119.00836944580078,35.317741394042969
91151956,2019,2020-01-10,9426,2019-12-19,0024,018023,,4,3,9,1500,0,1,1,,2,502,"I-5 S/B","ROWLEE RD",2640.00,N,N,A,-,Y,,,,,,,,,,N,2,0,1,2,A,-,11,21954,A,N,G,B,E,A,H,-,D,D,0,Y,,,Y,Y,,N,60,1,0,0,0,1,0,0,0,0,"- ","- ",34.46051025390625,-119.4822998046875,KERN,UNINCORPORATED,-119.48146820068359,35.460002899169922
91153455,2019,2019-12-26,9426,2019-12-20,0727,019442,,5,1,9,1500,0,1,3,,1,167,"SR-166 E/B","OLD RIVER RD.",10032.00,W,N,A,-,Y,,,166,,,,,,E,Y,2,0,1,2,A,-,01,23152,A,N,B,C,A,A,H,-,A,D,0,,,,Y,Y,Y,A,07,1,0,0,0,0,0,0,0,0,"- ","- ",35.058601379394531,-119.17317962646484,KERN,UNINCORPORATED,-119.17317962646484,35.058570861816406
91156462,2019,2019-12-31,9420,2019-10-25,2015,021915,,5,2,9,1500,0,1,3,,2,155,"STATE ROUTE 155 (EVANS ROAD)","QUAIL LANE",61.00,E,N,A,-,N,,,155,,,,,,,Y,1,1,1,3,A,-,01,23152,G,F,G,B,E,A,H,-,C,D,0,Y,,,,Y,Y,A,01,0,1,0,1,0,0,0,0,0,"- ","- ",35.707168579101562,-118.45918273925781,KERN,UNINCORPORATED,-118.45926666259766,35.706989288330078
91158414,2019,2020-01-03,9420,2019-12-30,1800,021480,,1,2,9,1500,0,3,5,,2,070,"BERNARD STREET","MILLER STREET",0.00,,Y,A,-,N,,,,,,,,,,N,2,0,1,2,A,-,16,24015,A,N,D,G,A,A,H,-,C,D,0,,,Y,,Y,,O,05,1,0,0,0,0,0,0,0,1,"- ","- ",35.389240264892578,-118.97840881347656,KERN,UNINCORPORATED,-118.9783935546875,35.389278411865234
91161095,2019,2020-01-07,9430,2019-07-12,1655,018481,,5,2,9,1500,0,2,4,,1,021,"FRAZIER MOUNTAIN PARK RD","MT. PINOS WAY",3168.00,E,N,A,-,N,,,,,,,,,,N,2,0,1,1,A,-,03,22350,,N,F,A,A,A,H,-,A,D,0,,Y,,,Y,,L,04,1,0,0,0,0,0,1,0,0,"- ","- ",34.021259307861328,-118.92269134521484,KERN,UNINCORPORATED,-118.95932769775391,34.820018768310547
91162511,2020,2020-01-29,9426,2020-01-03,0635,016162,,5,1,9,1500,0,1,3,,1,167,SR-166,"OLD RIVER RD",1584.00,E,N,A,-,Y,,,166,,,,,,,Y,1,1,2,2,A,-,03,22350,,N,C,C,A,A,H,-,B,D,0,,,,,Y,,D,22,0,2,0,0,0,0,0,0,0,"- ","- ",35.058841705322266,-119.13011932373047,KERN,UNINCORPORATED,-119.13011932373047,35.058799743652344
91163333,2019,2020-01-10,9426,2019-12-26,1905,018610,,4,2,9,1500,0,1,3,,1,332,SR-33,"KLIPSTEIN CANYON RD",3168.00,S,N,B,-,Y,,,33,,,,,,,Y,2,0,6,3,A,-,05,21460,A,N,B,C,A,B,H,-,D,A,0,,,,,Y,,A,01,2,0,4,0,0,0,0,0,0,"- ","- ",35.000701904296875,-119.41401672363281,KERN,UNINCORPORATED,-119.41400909423828,35.000709533691406
91164557,2019,2020-01-13,9830,2019-11-02,0035,017146,,6,3,9,1500,0,1,2,,1,054,"SOUTH CHINA LAKE BOULEVARD","CATALINA LANE",253.00,N,N,A,-,N,,,,,,,,,,Y,1,1,0,1,A,-,01,23152,A,N,F,A,A,A,H,-,D,D,0,,,,,Y,Y,A,01,0,0,0,0,0,0,0,0,0,"- ","- ",35.580780029296875,-117.71080780029297,KERN,UNINCORPORATED,-117.71120452880859,35.5802001953125
91164627,2019,2020-01-13,9830,2019-10-13,2100,021870,,7,2,9,1500,0,1,3,,1,031,"STATE ROUTE 14","CAMELOT BOULEVARD",0.00,,Y,A,-,Y,,,14,,,,,,,Y,1,1,1,2,A,-,01,23152,A,N,D,C,A,A,H,-,D,D,0,,,,,Y,Y,A,01,0,1,0,0,0,0,0,0,0,"- ","- ",35.031970977783203,-118.16840362548828,KERN,UNINCORPORATED,-118.16840362548828,35.031967163085938
91164948,2020,2020-01-14,9420,2020-01-08,0813,015259,,3,1,9,1500,0,3,5,,2,630,"SHAFTER ROAD","GOSFORD ROAD",0.00,,Y,B,-,N,,,,,,,,,,Y,2,0,2,2,A,-,09,21802,A,N,D,C,A,A,H,-,A,A,0,,,,,Y,,A,01,1,1,0,0,0,0,0,0,0,"- ","- ",35.223339080810547,-119.09224700927734,KERN,UNINCORPORATED,-119.09224700927734,35.223430633544922
91165685,2020,2020-01-15,9420,2020-01-05,0850,017301,,7,1,9,1500,0,1,3,,2,096,"SR-99 N/B",SR-223,1056.00,S,N,B,-,Y,,,99,,,,,,N,Y,2,0,2,1,A,-,08,22107,,N,E,I,A,A,H,-,A,D,0,,,,,Y,,A,01,1,0,1,0,0,0,0,0,0,"- ","- ",35.203998565673828,-119.00932312011719,KERN,UNINCORPORATED,-119.00943756103516,35.203983306884766
91166294,2020,2020-01-15,9420,2020-01-09,1624,020782,,4,2,9,1500,0,3,5,,2,050,"DIANE DRIVE","LINDA VISTA DRIVE",145.00,N,N,B,-,N,,,,,,,,,,N,2,0,1,2,A,-,00,21712,H,N,H,A,A,A,H,-,A,D,0,,,,,Y,,D,22,1,0,0,0,0,0,0,0,0,"- ","- ",35.421699523925781,-119.03182220458984,KERN,UNINCORPORATED,-119.03182220458984,35.421699523925781
91168408,2020,2020-01-20,9420,2020-01-18,0930,019184,,6,1,9,1500,0,3,5,,2,672,"S. EDISON RD.","E. WILSON RD.",309.00,S,N,B,-,N,,,,,,,,,,Y,2,0,1,1,A,-,08,22107,,N,E,C,A,A,H,-,A,D,0,,,,,Y,,A,01,1,0,0,0,0,0,0,0,0,"- ","- ",35.331901550292969,-118.87860107421875,KERN,UNINCORPORATED,-118.87861633300781,35.331821441650391
91169569,2020,2020-01-21,9830,2020-01-12,1405,020113,,7,2,9,1500,0,3,5,,2,005,"PIUTE AVE","THE RAND ST",0.00,,Y,A,-,N,,,,,,,,,,N,2,0,1,2,A,-,09,21800,A,N,D,C,A,A,H,-,A,D,0,,,Y,,Y,,C,03,1,0,0,0,0,0,0,0,1,"- ","- ",35.369781494140625,-117.63612365722656,KERN,UNINCORPORATED,-117.6361083984375,35.369781494140625
91173116,2020,2020-01-24,9420,2020-01-15,1457,021386,,3,2,9,1500,0,3,5,,2,040,"OSWELL STREET","KENT DRIVE",0.00,,Y,A,-,N,,,,,,,,,,Y,2,0,4,2,A,-,09,21802,A,N,D,C,A,A,H,-,A,A,0,,,,,Y,,A,01,1,0,3,0,0,0,0,0,0,"- ","- ",35.388210296630859,-118.94969177246094,KERN,UNINCORPORATED,-118.94979858398438,35.388221740722656
91173896,2020,2020-01-27,9420,2020-01-16,1758,021140,,4,2,9,1500,0,2,4,,1,072,"E BRUNDAGE LANE","STERLING ROAD",426.00,W,N,C,-,N,,,,,,,,,,Y,2,0,1,1,A,-,08,22107,,N,E,I,A,B,H,-,D,D,0,,,,,Y,,A,01,1,0,0,0,0,0,0,0,0,"- ","- ",35.354148864746094,-118.94239044189453,KERN,UNINCORPORATED,-118.94233703613281,35.354225158691406
91174518,2020,2020-01-27,9420,2020-01-25,1857,020634,,6,2,9,1500,0,2,4,,1,052,"ROBERTS LN","PLYMOUTH  AVE",10.00,W,N,A,-,N,,,,,,,,,,N,2,0,1,2,A,-,10,21950,A,N,G,B,B,A,H,-,C,D,0,Y,,,,Y,,A,01,1,0,0,0,1,0,0,0,0,"- ","- ",35.408699035644531,-119.02570343017578,KERN,UNINCORPORATED,-119.02557373046875,35.40863037109375
91174874,2020,2020-01-28,9420,2020-01-02,1948,016691,,4,2,9,1500,0,1,3,,1,176,"STATE ROUTE 178 WESTBOUND","BERNARD STREET OVERCROSSING",25.00,W,N,A,-,Y,,,178,,,,,,W,Y,1,1,1,2,A,-,11,21954,A,N,G,B,D,A,H,-,D,D,0,Y,,,,Y,,N,60,0,1,0,1,0,0,0,0,0,"- ","- ",35.389808654785156,-118.98123931884766,KERN,UNINCORPORATED,-118.98126220703125,35.389842987060547
91174891,2019,2020-03-11,9420,2019-12-20,0120,019598,,5,3,9,1500,0,1,3,,2,177,"STATE ROUTE 178","178 KER 18.63",44.00,E,N,A,-,Y,,,178,,,,,,,Y,1,1,0,1,A,-,01,23152,A,N,E,I,A,A,H,-,D,D,0,,,,,Y,Y,A,01,0,0,0,0,0,0,0,0,0,"- ","- ",35.479381561279297,-118.7421875,KERN,UNINCORPORATED,-118.74216461181641,35.479427337646484
91176025,2019,2020-01-29,9420,2019-12-20,0651,021260,,5,1,9,1500,0,2,4,,1,075,"SOUTH UNION AVENUE","STATE ROUTE 223",8976.00,S,N,A,-,N,,,,,,,,,,Y,1,2,1,2,A,-,05,21651,B,N,A,C,A,A,H,-,B,D,0,,,,,Y,,D,22,1,0,0,0,0,0,0,0,0,"- ","- ",35.182491302490234,-119.00341796875,KERN,UNINCORPORATED,-119.00344848632812,35.183956146240234
91179887,2020,2020-02-04,9420,2020-01-31,2010,020634,,5,2,9,1500,0,3,5,,2,672,"MOUNTAIN VIEW ROAD","S. VINELAND ROAD",900.00,W,N,A,-,N,,,,,,,,,,Y,2,0,1,1,A,-,08,22107,,N,F,A,A,A,H,-,D,D,0,,,,,Y,,A,07,1,0,0,0,0,0,0,0,0,"- ","- ",35.165298461914062,-118.53500366210938,KERN,UNINCORPORATED,-118.89935302734375,35.281623840332031
91180359,2020,2020-02-05,9420,2020-01-20,1155,017256,,1,1,9,1500,0,2,4,,1,051,"NORTH CHESTER AVENUE","ROBERTS LANE",150.00,S,N,A,-,N,,,,,,,,,,Y,2,0,4,5,A,-,07,21658,A,N,B,C,A,A,H,-,A,D,0,,,,,Y,,A,01,1,1,2,0,0,0,0,0,0,"- ","- ",35.408420562744141,-119.02117156982422,KERN,UNINCORPORATED,-119.02107238769531,35.408229827880859
91182887,2020,2020-02-10,9426,2020-01-02,1430,019206,,4,2,9,1500,0,1,1,,2,504,"INTERSTATE 5 N/B TO STATE ROUTE 43","STATE ROUTE 43",0.00,,Y,B,-,Y,,,5,,,,R,,N,Y,1,1,3,2,A,-,09,21802,A,N,D,C,A,A,H,-,A,D,0,,,,,Y,,A,08,1,2,0,0,0,0,0,0,0,"- ","- ",35.295028686523438,-119.25251007080078,KERN,UNINCORPORATED,-119.25251007080078,35.295028686523438
91183316,2020,2020-02-10,9420,2020-02-03,1950,019868,,1,2,9,1500,0,2,4,,1,052,"NORRIS RD","RAY ST",0.00,,Y,A,-,N,,,,,,,,,,N,2,0,1,2,A,-,10,21950,A,N,G,B,B,A,H,-,C,D,0,Y,,,,Y,,A,01,1,0,0,0,1,0,0,0,0,"- ","- ",35.419509887695312,-119.0341796875,KERN,UNINCORPORATED,-119.03424072265625,35.419540405273438
91187075,2019,2020-02-14,9420,2019-12-29,2500,017301,,7,4,9,1500,0,1,3,,2,090,"STATE ROUTE 99 NORTHBOUND","LERDO HIGHWAY",76.00,N,N,A,-,Y,,,99,,,,,,N,Y,1,1,0,1,A,-,08,22107,,N,E,I,A,A,H,-,D,D,0,,,,,Y,,A,01,0,0,0,0,0,0,0,0,0,"- ","- ",35.50054931640625,-119.16436004638672,KERN,UNINCORPORATED,-119.16440582275391,35.500480651855469
91187124,2020,2020-02-14,9430,2020-01-12,0808,018481,,7,1,9,1500,0,3,5,,2,004,"SOUTH WHEELER RIDGE ROAD","SANTA ELENA DRIVE",0.00,,Y,A,-,N,,,,,,,,,,Y,2,0,1,2,A,-,12,21453,A,F,D,C,A,A,H,-,A,A,0,,,,,Y,,A,07,1,0,0,0,0,0,0,0,0,"- ","- ",34.996021270751953,-118.94265747070312,KERN,UNINCORPORATED,-118.94271850585938,34.995578765869141
91189911,2020,2020-02-20,9420,2020-02-13,1250,015259,,4,1,9,1500,0,3,5,,2,672,"NORTH RANCHO DRIVE","DAVID ROAD",5280.00,N,N,A,-,N,,,,,,,,,,Y,2,0,1,2,A,-,06,21750,A,N,D,C,A,A,H,-,A,D,0,,,,Y,Y,,A,01,1,0,0,0,0,0,0,0,0,"- ","- ",35.088100433349609,-118.91265106201172,KERN,UNINCORPORATED,-118.85054016113281,35.107257843017578
91193945,2019,2020-02-26,9420,2019-10-26,2128,019901,,6,2,9,1500,0,2,4,,1,052,"ROBERTS LANE","HIGGINS DRIVE",0.00,,Y,A,-,N,,,,,,,,,,N,1,1,0,2,A,-,11,21954,A,F,G,B,D,A,H,-,C,D,0,Y,,,,Y,,N,60,0,0,0,1,0,0,0,0,0,"- ","- ",35.408699035644531,-119.03211212158203,KERN,UNINCORPORATED,-119.03211975097656,35.40863037109375
9119460,2020,2020-09-09,1509,2020-06-26,1914,949,W,5,5,3,1509,0,0,0,,0,,"ASH ST","S MILL ST",0.00,,Y,A,-,N,,,,,,,,,,N,2,0,1,2,-,-,"- ",,A,N,C,C,A,A,H,-,A,D,0,,,Y,,Y,Y,C,02,1,0,0,0,0,0,0,0,1,"- ","- ",35.127090454101562,-118.45377349853516,KERN,TEHACHAPI,-118.45339202880859,35.126899719238281
91200637,2020,2021-09-08,9830,2020-02-24,2330,019367,,1,3,9,1500,0,3,5,,2,003,"HOLT ST","GREGORY DR",0.00,,Y,A,-,N,,,,,,,,,,Y,2,0,1,1,A,-,01,23152,A,N,E,I,A,A,H,-,C,D,0,,,,,Y,Y,A,01,1,0,0,0,0,0,0,0,0,"- ","- ",35.051719665527344,-118.18549346923828,KERN,UNINCORPORATED,-118.18556213378906,35.051738739013672
91203316,2020,2020-03-11,9420,2020-02-08,1318,018387,,6,1,9,1500,0,3,5,,2,040,"GRANITE ROAD","STATE ROUTE 155",7392.00,S,N,A,-,N,,,,,,,,,,Y,1,1,0,1,A,-,01,23152,A,N,E,I,A,A,H,-,A,D,0,,,Y,,Y,Y,C,02,0,0,0,0,0,0,0,1,0,"- ","- ",35.696929931640625,-118.73052215576172,KERN,UNINCORPORATED,-118.73056030273438,35.697978973388672
91205880,2020,2020-03-11,9420,2020-03-05,1310,015105,,4,1,9,1500,0,3,5,,2,510,"CECIL AVE.","WALLACE RD.",500.00,E,N,A,-,N,,,,,,,,,,Y,2,0,2,2,A,-,08,22107,,N,D,C,A,A,H,-,A,D,0,,,,,Y,,A,07,1,1,0,0,0,0,0,0,0,"- ","- ",35.7760009765625,-119.1676025390625,KERN,UNINCORPORATED,-119.16797637939453,35.775981903076172
91211370,2020,2020-03-27,9430,2020-03-16,1430,020255,,1,2,9,1500,0,1,1,,2,052,"I-5 N/B (GOLDEN STATE FWY)","FRAZIER MOUNTAIN PARK RD",3590.00,N,N,B,C,Y,,,5,,,,,,N,Y,1,1,0,2,A,-,08,22107,,N,E,I,A,B,H,-,A,D,0,,,,,Y,,A,01,0,0,0,0,0,0,0,0,0,"- ","- ",34.824920654296875,-118.87435913085938,KERN,UNINCORPORATED,-118.87428283691406,34.824840545654297
91211555,2020,2020-03-19,9420,2020-03-11,2300,018932,,3,3,9,1500,0,1,3,,2,097,"SR-99 S/B","COPUS RD",1259.00,N,N,A,-,Y,,,99,,,,,,S,Y,2,0,1,2,A,-,03,22350,,N,C,C,A,A,H,-,D,D,0,,,,Y,Y,,G,25,1,0,0,0,0,0,0,0,0,"- ","- ",35.098701477050781,-118.98090362548828,KERN,UNINCORPORATED,-118.98103332519531,35.098655700683594