CASE_ID,ACCIDENT_YEAR,PROC_DATE,JURIS,COLLISION_DATE,COLLISION_TIME,OFFICER_ID,REPORTING_DISTRICT,DAY_OF_WEEK,CHP_SHIFT,POPULATION,CNTY_CITY_LOC,SPECIAL_COND,BEAT_TYPE,CHP_BEAT_TYPE,CITY_DIVISION_LAPD,CHP_BEAT_CLASS,BEAT_NUMBER,PRIMARY_RD,SECONDARY_RD,DISTANCE,DIRECTION,INTERSECTION,WEATHER_1,WEATHER_2,STATE_HWY_IND,CALTRANS_COUNTY,CALTRANS_DISTRICT,STATE_ROUTE,ROUTE_SUFFIX,POSTMILE_PREFIX,POSTMILE,LOCATION_TYPE,RAMP_INTERSECTION,SIDE_OF_HWY,TOW_AWAY,COLLISION_SEVERITY,NUMBER_KILLED,NUMBER_INJURED,PARTY_COUNT,PRIMARY_COLL_FACTOR,PCF_CODE_OF_VIOL,PCF_VIOL_CATEGORY,PCF_VIOLATION,PCF_VIOL_SUBSECTION,HIT_AND_RUN,TYPE_OF_COLLISION,MVIW,PED_ACTION,ROAD_SURFACE,ROAD_COND_1,ROAD_COND_2,LIGHTING,CONTROL_DEVICE,CHP_ROAD_TYPE,PEDESTRIAN_ACCIDENT,BICYCLE_ACCIDENT,MOTORCYCLE_ACCIDENT,TRUCK_ACCIDENT,NOT_PRIVATE_PROPERTY,ALCOHOL_INVOLVED,STWD_VEHTYPE_AT_FAULT,CHP_VEHTYPE_AT_FAULT,COUNT_SEVERE_INJ,COUNT_VISIBLE_INJ,COUNT_COMPLAINT_PAIN,COUNT_PED_KILLED,COUNT_PED_INJURED,COUNT_BICYCLIST_KILLED,COUNT_BICYCLIST_INJURED,COUNT_MC_KILLED,COUNT_MC_INJURED,PRIMARY_RAMP,SECONDARY_RAMP,LATITUDE,LONGITUDE,COUNTY,CITY,POINT_X,POINT_Y
91212694,2020,2020-03-20,9420,2020-02-17,1702,018445,,1,2,9,1500,0,2,4,,1,051,"NORTH CHESTER AVENUE","BEARDSLEY  AVENUE",0.00,,Y,A,-,N,,,,,,,,,,N,2,0,1,2,A,-,12,21453,A,F,D,C,A,A,H,-,A,A,0,,,,,Y,,M,94,1,0,0,0,0,0,0,0,0,"- ","- ",35.404838562011719,-119.02098083496094,KERN,UNINCORPORATED,-119.02102661132812,35.404949188232422
91213179,2019,2020-05-06,9830,2019-10-13,1255,018758,,7,1,9,1500,0,1,3,,2,012,"STATE ROUTE 58","DENNISON ROAD",1056.00,W,N,A,-,Y,,,,,,,,,,Y,1,2,1,2,A,-,08,22107,,N,A,C,A,A,H,-,A,D,0,,,,,Y,,D,22,0,1,0,0,0,0,0,0,0,"- ","- ",35.1396484375,-118.43528747558594,KERN,UNINCORPORATED,-118.43531799316406,35.139541625976562
91215755,2020,2020-03-25,9426,2020-03-03,0730,017321,,2,1,9,1500,0,3,5,,2,086,"7TH STANDARD ROAD","SCARONI AVENUE",4224.00,W,N,A,-,N,,,,,,,,,,Y,1,1,0,3,A,-,08,22107,,N,A,C,A,A,H,-,A,D,0,,,,Y,Y,,A,01,0,0,0,0,0,0,0,0,0,"- ","- ",35.441921234130859,-119.32856750488281,KERN,UNINCORPORATED,-119.32866668701172,35.441936492919922
91219251,2020,2020-04-01,9420,2020-03-22,1657,019686,,7,2,9,1500,0,3,5,,2,550,"KIMBERLINA ROAD","BEECH AVENUE",528.00,E,N,A,-,N,,,,,,,,,,Y,2,0,1,1,A,-,01,23152,A,N,E,I,A,A,H,-,A,D,0,,,,,Y,Y,D,22,1,0,0,0,0,0,0,0,0,"- ","- ",35.558460235595703,-119.24801635742188,KERN,UNINCORPORATED,-119.25788879394531,35.558280944824219
91219666,2020,2020-04-01,9426,2020-03-15,2140,015472,,7,2,9,1500,0,1,3,,2,330,"STATE ROUTE 33","BARKER ROAD",7920.00,S,N,B,-,Y,,,33,,,,,,,Y,1,1,2,3,A,-,05,21650,,N,A,C,A,B,H,-,D,D,0,,,,,Y,,A,01,1,1,0,0,0,0,0,0,0,"- ","- ",35.754051208496094,-119.96192932128906,KERN,UNINCORPORATED,-119.96188354492188,35.754077911376953
91219753,2020,2020-04-02,9830,2020-03-29,0345,021632,,7,3,9,1500,0,1,3,,2,012,"STATE ROUTE 58 EASTBOUND","TEHACHAPI WILLOW SPRINGS ROAD",9504.00,E,N,A,-,Y,,,58,,,,,,E,Y,2,0,1,1,A,-,01,23152,A,N,E,I,A,A,H,-,D,D,0,,,,,Y,Y,D,22,1,0,0,0,0,0,0,0,0,"- ","- ",35.114299774169922,-118.36540222167969,KERN,UNINCORPORATED,-118.36537170410156,35.114395141601562
91219817,2020,2020-04-02,9420,2020-03-27,1810,021296,,5,2,9,1500,0,2,4,,1,072,"NILES ST","SHALANE AVE.",105.00,W,N,A,-,N,,,,,,,,,,N,2,0,1,1,A,-,08,22107,,N,F,A,A,A,H,-,A,D,0,,Y,,,Y,,L,04,1,0,0,0,0,0,1,0,0,"- ","- ",35.376800537109375,-118.90988922119141,KERN,UNINCORPORATED,-118.90978240966797,35.376758575439453
91223025,2020,2020-04-08,9830,2020-03-30,0558,017237,,1,3,9,1500,0,1,3,,2,011,"SR-58 WESTBOUND",SR-202,360.00,E,N,A,-,Y,,,58,,,,,,W,Y,2,0,1,1,A,-,08,22107,,N,E,I,A,A,H,-,D,D,0,,,,,Y,,A,07,1,0,0,0,0,0,0,0,0,"- ","- ",35.141059875488281,-118.46659088134766,KERN,UNINCORPORATED,-118.46656799316406,35.141105651855469
91223395,2020,2020-08-28,9420,2020-03-11,1849,019686,,3,2,9,1500,0,2,4,,1,077,"SOUTH FAIRFAX ROAD","MULLER ROAD",34.00,N,N,A,-,N,,,,,,,,,,Y,1,1,0,2,A,-,03,22350,,N,C,C,A,A,H,-,B,D,0,,,Y,,Y,,A,01,0,0,0,0,0,0,0,1,0,"- ","- ",35.325260162353516,-118.93206024169922,KERN,UNINCORPORATED,-118.93205261230469,35.325283050537109
91223703,2020,2020-04-09,9420,2020-04-04,1930,020782,,6,2,9,1500,0,3,5,,2,671,"COMANCHE DRIVE","MULLER ROAD",1584.00,S,N,A,-,N,,,,,,,,,,Y,2,0,1,1,A,-,03,22350,,N,E,I,A,A,H,-,D,D,0,,,,,Y,,A,01,1,0,0,0,0,0,0,0,0,"- ","- ",35.320369720458984,-118.84284210205078,KERN,UNINCORPORATED,-118.84307098388672,35.321193695068359
91224009,2020,2020-04-10,9420,2020-04-08,2300,019963,,3,3,6,1502,0,1,3,,2,093,"STATE ROUTE 99 SB TO STATE ROUTE 58 EB","STOCKDALE HIGHWAY",165.00,S,N,B,C,Y,,,99,,,,R,,S,Y,2,0,1,1,A,-,03,22350,,N,E,I,A,B,H,-,C,D,0,,,,Y,Y,,F,25,1,0,0,0,0,0,0,0,0,"- ","- ",35.354099273681641,-119.03939819335938,KERN,BAKERSFIELD,-119.03939819335938,35.354099273681641
91225283,2020,2020-04-14,9420,2020-03-03,0543,015259,,2,3,9,1500,0,1,3,,1,119,"STATE ROUTE 119 (TAFT HIGHWAY)","ERRO RANCH ROAD",8448.00,E,N,A,-,Y,,,119,,,,,,,N,1,1,0,2,A,-,11,21954,A,N,G,B,D,A,H,-,D,D,0,Y,,,,Y,,N,60,0,0,0,1,0,0,0,0,0,"- ","- ",35.267078399658203,-119.18907165527344,KERN,UNINCORPORATED,-119.18907165527344,35.267112731933594
91225773,2020,2020-04-15,9420,2020-03-31,1110,015977,,2,1,9,1500,0,1,3,,2,178,SR-178,"OLD KERN CANYON RD",2640.00,E,N,A,-,Y,,,178,,,,,,,Y,2,0,1,1,A,-,08,22107,,N,E,I,A,A,H,-,A,D,0,,,,,Y,,A,01,1,0,0,0,0,0,0,0,0,"- ","- ",35.539768218994141,-118.62120819091797,KERN,UNINCORPORATED,-118.62122344970703,35.539783477783203
91226695,2020,2020-04-17,9420,2020-04-12,1745,020782,,7,2,9,1500,0,3,5,,2,671,"HABECKER ROAD","BONITA ROAD",345.00,S,N,A,-,N,,,,,,,,,,N,2,0,1,2,A,-,03,22350,,N,C,C,A,A,H,-,A,D,0,,,Y,,Y,,C,02,1,0,0,0,0,0,0,0,1,"- ","- ",35.262958526611328,-118.90519714355469,KERN,UNINCORPORATED,-118.90524291992188,35.262813568115234
91226863,2020,2020-04-17,9420,2020-01-17,2020,017243,,5,2,9,1500,0,3,5,,2,671,"HALL ROAD","HABECKER ROAD",0.00,,Y,A,-,N,,,,,,,,,,Y,1,1,0,1,A,-,01,23152,A,N,E,I,A,A,H,-,C,A,0,,,,,Y,Y,A,01,0,0,0,0,0,0,0,0,0,"- ","- ",35.259700775146484,-118.9052734375,KERN,UNINCORPORATED,-118.90525817871094,35.259689331054688
91228157,2020,2020-04-21,9420,2020-04-19,1415,020529,,7,2,9,1500,0,3,5,,2,040,"GRANITE RD.","WHITES MILL RD.",4752.00,S,N,F,-,N,,,,,,,,,,Y,2,0,1,1,A,-,08,22107,,N,F,A,A,A,H,-,A,D,0,,,Y,,Y,,C,02,1,0,0,0,0,0,0,0,1,"- ","- ",35.694850921630859,-118.73011779785156,KERN,UNINCORPORATED,-118.73019409179688,35.694606781005859
91228254,2019,2020-04-21,9420,2019-10-26,2226,019903,,6,3,9,1500,0,2,4,,1,072,"EDISON HIGHWAY","MOUNT VERNON AVENUE",178.00,E,N,A,-,N,,,,,,,,,,Y,1,1,0,2,A,-,11,21954,A,N,G,B,D,A,H,-,D,D,0,Y,,,,Y,,N,60,0,0,0,1,0,0,0,0,0,"- ","- ",35.370800018310547,-118.966796875,KERN,UNINCORPORATED,-118.96701812744141,35.370964050292969
91228891,2020,2020-04-23,9426,2020-04-22,0610,018023,,3,1,9,1500,0,1,3,,1,167,"SR-33 S/B","STUBBLEFIELD RD",0.00,,Y,A,-,Y,,,,,,,,,,Y,2,0,1,1,A,-,08,22107,,N,E,I,A,A,H,-,A,D,0,,,,,Y,,A,01,1,0,0,0,0,0,0,0,0,"- ","- ",34.947368621826172,-119.44577789306641,KERN,UNINCORPORATED,,
91230134,2020,2020-04-27,9420,2020-04-26,1625,020634,,7,2,9,1500,0,2,4,,1,064,"OLIVE DRIVE","AIRPORT DR",477.00,W,N,A,-,N,,,,,,,,,,Y,2,0,1,2,A,-,09,21804,A,N,D,C,A,A,H,-,A,A,0,,,,,Y,,A,01,1,0,0,0,0,0,0,0,0,"- ","- ",35.412300109863281,-119.03980255126953,KERN,UNINCORPORATED,-119.04068756103516,35.412288665771484
91230261,2020,2020-04-28,9830,2020-04-17,2324,021870,,5,3,9,1500,0,1,3,,1,031,"SR-14 N/B","SILVER QUEEN RD",2640.00,N,N,A,-,Y,,,14,,,,,,N,Y,2,0,5,2,A,-,08,22107,,N,C,E,A,A,H,-,D,D,0,,,,,Y,,A,01,2,3,0,0,0,0,0,0,0,"- ","- ",35.002761840820312,-118.15981292724609,KERN,UNINCORPORATED,-118.15990447998047,35.002750396728516
91230729,2020,2020-04-29,9420,2020-04-22,0410,019963,,3,3,9,1500,0,3,5,,2,510,"POND ROAD","FAMOSO HIGHWAY",200.00,E,N,A,-,N,,,,,,,,,,Y,2,0,1,1,A,-,08,22107,,N,E,I,A,A,H,-,C,D,0,,,,,Y,,A,01,1,0,0,0,0,0,0,0,0,"- ","- ",35.717601776123047,-119.15769958496094,KERN,UNINCORPORATED,-119.15904235839844,35.717964172363281
91230753,2020,2020-04-29,9420,2020-04-20,0930,017301,,1,1,6,1502,0,1,3,,2,177,"SR-178 W/B","MOUTH OF THE CANYON",10560.00,E,N,B,-,Y,,,,,,,,,,Y,2,0,1,1,A,-,08,22107,,N,E,I,A,A,H,-,A,D,0,,,,Y,Y,,F,27,1,0,0,0,0,0,0,0,0,"- ","- ",35.4605712890625,-118.77191925048828,KERN,BAKERSFIELD,,
91233380,2020,2020-05-04,9420,2020-04-24,1712,021134,,5,2,6,1502,0,1,3,,1,176,"SR-178 E/B FROM OSWELL ST.","OSWELL ST",650.00,E,N,A,-,Y,,,178,,,,R,,E,Y,2,0,1,1,A,-,08,22107,,N,E,I,A,A,H,-,A,D,0,,,,,Y,,D,22,1,0,0,0,0,0,0,0,0,"- ","- ",35.396648406982422,-118.94666290283203,KERN,BAKERSFIELD,-118.94666290283203,35.396648406982422
91235227,2020,2020-05-08,9420,2020-05-06,2125,018387,,3,2,9,1500,0,1,3,,2,223,"STATE ROUTE 223","WIBLE ROAD",2243.00,E,N,A,-,Y,,,223,,,,,,,Y,2,0,1,1,A,-,08,22107,,N,E,I,A,A,H,-,D,D,0,,,,,Y,,A,07,1,0,0,0,0,0,0,0,0,"- ","- ",35.208629608154297,-119.03128814697266,KERN,UNINCORPORATED,-119.03128814697266,35.208656311035156
91236174,2020,2020-05-11,9830,2020-05-08,0030,021751,,5,3,9,1500,0,1,3,,1,015,"STATE ROUTE 202","BERTRAM CIR (WEST)",1742.00,W,N,A,-,Y,,,202,,,,,,,Y,2,0,1,1,A,-,01,23152,A,N,F,A,A,A,H,-,D,D,0,,,,,Y,Y,D,22,1,0,0,0,0,0,0,0,0,"- ","- ",35.135509490966797,-118.56009674072266,KERN,UNINCORPORATED,-118.56009674072266,35.135524749755859
91242793,2020,2020-05-27,9420,2020-05-16,0030,018932,,6,3,9,1500,0,1,3,,2,090,"SR-99 N/B","LERDO HWY",9240.00,S,N,A,-,Y,,,99,,,,,,N,Y,2,0,1,2,A,-,03,22350,,N,C,C,A,A,H,-,D,D,0,,,,,Y,,A,07,1,0,0,0,0,0,0,0,0,"- ","- ",35.499298095703125,-119.16280364990234,KERN,UNINCORPORATED,-119.16278839111328,35.499313354492188
91245500,2020,2020-06-01,9420,2020-05-28,2250,020093,,4,3,9,1500,0,2,4,,1,064,"OLIVE DR","KNUDSEN DR",90.00,W,N,A,-,N,,,,,,,,,,Y,2,0,1,1,A,-,08,22107,,N,F,A,A,A,H,-,C,A,0,,,Y,,Y,,C,02,1,0,0,0,0,0,0,0,1,"- ","- ",35.412200927734375,-119.05919647216797,KERN,UNINCORPORATED,-119.05908203125,35.412418365478516
91245556,2020,2020-06-01,9426,2020-05-28,1730,019206,,4,2,9,1500,0,3,5,,2,081,"LIERLY AVENUE","WOOD STREET",0.00,,Y,A,-,N,,,,,,,,,,Y,2,0,1,2,A,-,01,23152,A,N,D,C,A,A,H,-,A,B,0,,,,,Y,Y,A,01,1,0,0,0,0,0,0,0,0,"- ","- ",35.133129119873047,-119.46218872070312,KERN,UNINCORPORATED,-119.46221923828125,35.133159637451172
91246348,2020,2020-06-02,9420,2020-05-23,1757,020782,,6,2,9,1500,0,1,3,,2,091,"SR-99, S/B FROM KIMBERLINA RD.","KIMBERLINA ROAD",142.00,S,N,A,-,Y,,,99,,,,R,,S,Y,2,0,1,1,A,-,01,23152,F,N,E,I,A,A,H,-,A,D,0,,,,,Y,,D,22,1,0,0,0,0,0,0,0,0,"- ","- ",35.558231353759766,-119.19793701171875,KERN,UNINCORPORATED,-119.19793701171875,35.558231353759766
91247718,2020,2020-06-05,9830,2020-02-25,1921,020866,,2,2,9,1500,0,1,3,,1,031,"STATE ROUTE 14 NORTHBOUND","PURDY AVENUE",6336.00,S,N,A,-,Y,,,14,,,,,,N,Y,1,2,1,2,A,-,01,23152,A,N,A,C,A,A,H,-,D,D,0,,,,,Y,Y,A,07,1,0,0,0,0,0,0,0,0,"- ","- ",35.006988525390625,-118.160400390625,KERN,UNINCORPORATED,-118.16044616699219,35.006984710693359
91248145,2019,2021-02-23,9420,2019-11-01,1226,018807,,5,1,6,1502,0,1,3,,2,093,"STATE ROUTE 99, S/B","STATE ROUTE 58 (ROSEDALE HIGHWAY)",47.00,S,N,A,-,Y,,,,,,,,,,Y,1,2,0,3,A,-,03,22350,,N,C,C,A,A,D,H,A,D,0,,,,Y,Y,,G,25,0,0,0,0,0,0,0,0,0,"- ","- ",35.225601196289062,-119.2406005859375,KERN,BAKERSFIELD,,
91249085,2020,2020-06-08,9420,2020-05-30,2050,020782,,6,2,9,1500,0,2,4,,1,072,"NILES STREET","MCCURDY DRIVE",90.00,W,N,A,-,N,,,,,,,,,,Y,2,0,1,2,C,-,18,,,N,H,H,A,A,H,-,C,D,0,,,Y,,Y,Y,-,"- ",1,0,0,0,0,0,0,0,1,"- ","- ",35.376079559326172,-118.93826293945312,KERN,UNINCORPORATED,-118.93814086914062,35.376091003417969
91250114,2020,2020-06-10,9420,2020-05-27,2315,018932,,3,3,9,1500,0,3,5,,2,530,"LERDO HIGHWAY","SCARONI AVE",350.00,W,N,A,-,N,,,,,,,,,,Y,2,0,3,1,A,-,08,22107,,N,F,A,A,A,H,-,D,D,0,,,,,Y,,A,01,2,1,0,0,0,0,0,0,0,"- ","- ",35.500099182128906,-119.31909942626953,KERN,UNINCORPORATED,-119.31501770019531,35.499942779541016
91251666,2020,2020-06-15,9420,2020-06-02,1935,016828,,2,2,9,1500,0,3,5,,2,540,"WILDWOOD ROAD",SR-46,5280.00,N,N,A,-,N,,,,,,,,,,Y,2,0,1,1,A,-,08,22107,,N,E,I,A,A,H,-,A,D,0,,,,,Y,,A,01,1,0,0,0,0,0,0,0,0,"- ","- ",35.36199951171875,-119.26170349121094,KERN,UNINCORPORATED,-119.4378662109375,35.615932464599609
91252144,2020,2020-06-15,9420,2020-06-06,2035,021144,,6,2,9,1500,0,3,5,,2,671,"PANAMA LN.","FAIRFAX RD.",0.00,,N,A,-,Y,,,,,,,,,,N,2,0,1,1,A,-,01,23152,A,N,H,J,A,A,H,-,D,D,0,,,,,Y,Y,A,07,1,0,0,0,0,0,0,0,0,"- ","- ",,,KERN,UNINCORPORATED,-118.93206024169922,35.295989990234375
91252849,2020,2020-06-16,9420,2020-06-12,1420,019868,,5,2,9,1500,0,2,4,,1,076,"COTTONWOOD RD","PANAMA RD",500.00,N,N,A,-,N,,,,,,,,,,N,2,0,1,2,A,-,08,22107,,F,G,B,E,A,H,-,A,D,0,Y,,,,Y,,D,22,1,0,0,0,1,0,0,0,0,"- ","- ",35.269210815429688,-118.98526000976562,KERN,UNINCORPORATED,-118.98532867431641,35.268253326416016
91254282,2020,2020-06-19,9420,2020-06-01,1830,019901,,1,2,9,1500,0,3,5,,2,040,"ALFRED HARRELL HWY","LILY DR.",1584.00,W,N,A,-,N,,,,,,,,,,Y,2,0,2,1,A,-,08,22107,,N,F,A,A,A,H,-,A,D,0,,,Y,,Y,,C,02,1,0,1,0,0,0,0,0,2,"- ","- ",35.446620941162109,-118.92781066894531,KERN,UNINCORPORATED,-118.92699432373047,35.446300506591797
91255836,2020,2020-06-23,9830,2020-06-14,0345,021632,,7,3,9,1500,0,1,3,,1,031,"STATE ROUTE 14 SOUTHBOUND","DAWN ROAD",6000.00,N,N,A,-,Y,,,14,,,,,,S,Y,2,0,1,1,A,-,01,23152,A,N,F,A,A,A,H,-,D,D,0,,,,,Y,Y,A,07,1,0,0,0,0,0,0,0,0,"- ","- ",34.924980163574219,-118.16314697265625,KERN,UNINCORPORATED,-118.16342926025391,34.924999237060547
91255894,2020,2020-06-23,9830,2020-06-16,0200,019367,,2,3,9,1500,0,2,4,,1,034,"ROSAMOND BLVD","EAGLE WAY",15.00,E,N,A,-,N,,,,,,,,,,Y,2,0,1,1,A,-,01,23152,A,N,E,I,A,A,H,-,D,D,0,,,Y,,Y,Y,C,02,1,0,0,0,0,0,0,0,1,"- ","- ",34.864151000976562,-118.17803192138672,KERN,UNINCORPORATED,-118.17814636230469,34.864170074462891
91259179,2020,2020-06-26,9426,2020-05-17,1730,017581,,7,2,9,1500,0,3,5,,2,087,"OLD RIVER ROAD","COPUS ROAD",102.00,N,N,A,-,N,,,,,,,,,,Y,1,1,2,2,A,-,08,22107,,N,D,C,A,A,H,-,A,A,0,,,,Y,Y,,A,01,0,2,0,0,0,0,0,0,0,"- ","- ",35.094711303710938,-119.10987854003906,KERN,UNINCORPORATED,-119.10982513427734,35.094818115234375
91261815,2020,2020-07-01,9420,2020-06-24,1820,021915,,3,2,9,1500,0,2,4,,2,021,"SIERRA WAY","PATTERSON LANE",3168.00,N,N,A,-,N,,,,,,,,,,Y,2,0,1,1,A,-,08,22107,,N,E,I,A,A,H,-,B,D,0,,,,,Y,,A,01,1,0,0,0,0,0,0,0,0,"- ","- ",35.681861877441406,-118.38005828857422,KERN,UNINCORPORATED,-118.15978240966797,34.843940734863281
91262436,2020,2020-07-02,9420,2020-06-27,0205,021915,,6,3,9,1500,0,3,5,,2,320,"BURLANDO ROAD","PLATER ROAD",550.00,S,N,A,-,N,,,,,,,,,,N,2,0,1,1,C,-,18,,,N,H,H,A,A,H,-,D,D,0,,,Y,,Y,,-,"- ",1,0,0,0,0,0,0,0,1,"- ","- ",35.735019683837891,-118.42745971679688,KERN,UNINCORPORATED,-118.42748260498047,35.735107421875
91264404,2020,2020-07-07,9426,2020-07-03,2100,019592,,5,2,9,1500,0,1,1,,2,502,"INTERSTATE 5","BUTTONWILLOW DR",2218.00,S,N,A,-,Y,,,5,,,,,,,Y,2,0,1,3,A,-,01,23152,A,N,C,C,A,A,H,-,A,D,0,,,,,Y,Y,A,01,1,0,0,0,0,0,0,0,0,"- ","- ",35.451000213623047,-119.46933746337891,KERN,UNINCORPORATED,-119.46923828125,35.451137542724609
91264547,2020,2020-07-07,9420,2020-05-02,2343,021144,,6,3,9,1500,0,1,3,,2,091,"STATE ROUTE 99, SOUTHBOUND","11TH AVENUE",1220.00,S,N,A,-,Y,,,,,,,,,,N,1,1,0,2,A,-,11,21954,A,N,G,B,D,A,H,-,C,D,0,Y,,,,Y,Y,N,60,0,0,0,1,0,0,0,0,0,"- ","- ",35.765861511230469,-119.25041961669922,KERN,UNINCORPORATED,,
91265838,2020,2020-07-09,9420,2020-05-10,2034,021365,,7,2,9,1500,0,2,4,,1,071,"FAIRFAX ROAD","EUCALYPTUS DRIVE",227.00,N,N,A,-,N,,,,,,,,,,Y,1,1,0,2,A,-,11,21954,A,N,G,B,D,A,H,-,C,D,0,Y,,,,Y,Y,N,60,0,0,0,1,0,0,0,0,0,"- ","- ",35.365859985351562,-118.93203735351562,KERN,UNINCORPORATED,-118.93193817138672,35.36578369140625
91268130,2020,2020-07-14,9420,2020-07-05,0200,019903,,7,3,9,1500,0,2,4,,1,052,"ROBERTS LANE","PLYMOUTH AVENUE",261.00,W,N,A,-,N,,,,,,,,,,N,2,0,1,2,A,-,11,21954,A,F,G,B,D,A,H,-,C,D,0,Y,,,,Y,,N,60,1,0,0,0,1,0,0,0,0,"- ","- ",35.408668518066406,-119.02652740478516,KERN,UNINCORPORATED,-119.02641296386719,35.40863037109375
91269281,2020,2020-07-15,9420,2020-07-06,2044,021296,,1,2,9,1500,0,2,4,,1,072,"NILES ST","NORMANDY DR.",0.00,,Y,A,-,N,,,,,,,,,,Y,2,0,1,2,A,-,03,22350,,N,D,C,A,A,H,-,D,D,0,,,Y,,Y,,C,02,1,0,0,0,0,0,0,0,1,"- ","- ",35.375968933105469,-118.93972778320312,KERN,UNINCORPORATED,-118.93968963623047,35.375968933105469
91270539,2020,2020-07-17,9420,2020-07-06,2150,019649,,1,2,9,1500,0,2,4,,1,072,"EDISON HWY","MALAGA RD",812.00,W,N,A,-,N,,,,,,,,,,N,2,0,1,3,A,-,08,22107,,F,G,B,F,A,H,-,D,D,0,Y,,,,Y,,A,07,1,0,0,0,1,0,0,0,0,"- ","- ",35.345798492431641,-118.86382293701172,KERN,UNINCORPORATED,-118.86354064941406,35.345706939697266
91272207,2020,2020-07-21,9830,2020-07-09,2250,021751,,4,3,9,1500,0,2,4,,1,032,"SILVER QUEEN ROAD","SIERRA HWY",32.00,E,N,A,-,N,,,,,,,,,,Y,2,0,1,1,A,-,03,22350,,N,E,I,A,A,H,-,D,A,0,,,,,Y,,-,98,1,0,0,0,0,0,0,0,0,"- ","- ",34.995590209960938,-118.15599822998047,KERN,UNINCORPORATED,-118.15621948242188,34.995548248291016
91273281,2020,2020-07-23,9420,2020-07-17,1221,014967,,5,1,9,1500,0,1,3,,2,091,"SR-99 S/B","LERDO HIGHWAY",6336.00,S,N,A,-,Y,,,99,,,,,,S,Y,2,0,5,2,A,-,03,22350,,N,C,C,A,A,H,-,A,A,0,,,,,Y,,A,01,1,4,0,0,0,0,0,0,0,"- ","- ",35.488189697265625,-119.14936065673828,KERN,UNINCORPORATED,-119.14938354492188,35.488162994384766
91274598,2020,2020-07-27,9830,2020-07-20,1708,021553,,1,2,9,1500,0,3,5,,2,001,"BANDUCCI RD","ALPS DR",870.00,W,N,A,-,N,,,,,,,,,,Y,2,0,1,1,A,-,01,23152,A,N,E,I,A,A,H,-,A,D,0,,,,,Y,Y,A,01,1,0,0,0,0,0,0,0,0,"- ","- ",35.094581604003906,-118.55177307128906,KERN,UNINCORPORATED,-118.55180358886719,35.094436645507812
91275384,2020,2020-07-28,9420,2020-04-21,0540,015259,,2,3,9,1500,0,1,3,,2,223,"STATE ROUTE 223 (E. BEAR MOUNTAIN BLVD)","SOUTH FAIRFAX ROAD",0.00,,Y,B,-,Y,,,223,,,,,,,Y,1,1,6,2,A,-,09,21802,A,N,D,C,A,A,H,-,D,A,0,,,,,Y,,A,07,1,3,2,0,0,0,0,0,0,"- ","- ",35.208660125732422,-118.9322509765625,KERN,UNINCORPORATED,-118.9322509765625,35.208671569824219
91275949,2020,2020-07-28,9426,2020-07-17,0400,018633,,5,3,9,1500,0,3,5,,2,082,"LERDO HWY","MAGNOLIA AVE",0.00,,Y,A,-,N,,,,,,,,,,Y,2,0,3,2,A,-,12,22450,A,N,D,C,A,A,H,-,D,D,0,,,,,Y,,A,07,2,1,0,0,0,0,0,0,0,"- ","- ",35.500129699707031,-119.36795043945312,KERN,UNINCORPORATED,-119.36798095703125,35.500118255615234
91276272,2020,2020-07-29,9420,2020-07-21,1600,021365,,2,2,9,1500,0,2,4,,1,052,"ROBERTS LANE","SEQUOIA DRIVE",0.00,,Y,A,-,N,,,,,,,,,,Y,2,0,1,2,A,-,12,21453,A,N,D,C,A,A,H,-,A,A,0,,,Y,,Y,,C,02,1,0,0,0,0,0,0,0,1,"- ","- ",35.408599853515625,-119.03412628173828,KERN,UNINCORPORATED,-119.03411865234375,35.408618927001953
91278900,2020,2020-07-31,9420,2020-07-22,2013,021296,,3,2,9,1500,0,3,5,,2,040,"ALFRED HARREL HWY TO PANORAMA DR.","ALFRED HARRELL HWY",358.00,W,N,A,-,Y,,,,,,,,,,Y,2,0,1,1,A,-,08,22107,,N,F,I,A,A,H,-,D,D,0,,,,,Y,,A,01,1,0,0,0,0,0,0,0,0,"- ","- ",35.416900634765625,-118.96156311035156,KERN,UNINCORPORATED,-118.98056793212891,35.409828186035156
91280967,2020,2020-08-05,9420,2020-07-26,2340,021402,,7,3,9,1500,0,3,5,,2,610,"TRINITY AVENUE","DAWN STREET",8.00,E,N,A,-,N,,,,,,,,,,N,2,0,1,2,A,-,17,24250,,N,D,C,A,A,H,-,C,D,0,,,Y,,Y,,C,02,1,0,0,0,0,0,0,0,1,"- ","- ",35.344760894775391,-119.00685882568359,KERN,UNINCORPORATED,-119.00688171386719,35.344829559326172
91281103,2020,2020-08-05,9420,2020-07-31,1320,016767,,5,1,9,1500,0,1,3,,2,223,SR-223,SR-184,1056.00,E,N,A,-,Y,,,223,,,,,,,Y,2,0,2,2,A,-,03,22350,,N,C,C,A,A,H,-,A,D,0,,,,,Y,,A,01,1,1,0,0,0,0,0,0,0,"- ","- ",35.208599090576172,-118.91100311279297,KERN,UNINCORPORATED,-118.91100311279297,35.208724975585938