CASE_ID,ACCIDENT_YEAR,PROC_DATE,JURIS,COLLISION_DATE,COLLISION_TIME,OFFICER_ID,REPORTING_DISTRICT,DAY_OF_WEEK,CHP_SHIFT,POPULATION,CNTY_CITY_LOC,SPECIAL_COND,BEAT_TYPE,CHP_BEAT_TYPE,CITY_DIVISION_LAPD,CHP_BEAT_CLASS,BEAT_NUMBER,PRIMARY_RD,SECONDARY_RD,DISTANCE,DIRECTION,INTERSECTION,WEATHER_1,WEATHER_2,STATE_HWY_IND,CALTRANS_COUNTY,CALTRANS_DISTRICT,STATE_ROUTE,ROUTE_SUFFIX,POSTMILE_PREFIX,POSTMILE,LOCATION_TYPE,RAMP_INTERSECTION,SIDE_OF_HWY,TOW_AWAY,COLLISION_SEVERITY,NUMBER_KILLED,NUMBER_INJURED,PARTY_COUNT,PRIMARY_COLL_FACTOR,PCF_CODE_OF_VIOL,PCF_VIOL_CATEGORY,PCF_VIOLATION,PCF_VIOL_SUBSECTION,HIT_AND_RUN,TYPE_OF_COLLISION,MVIW,PED_ACTION,ROAD_SURFACE,ROAD_COND_1,ROAD_COND_2,LIGHTING,CONTROL_DEVICE,CHP_ROAD_TYPE,PEDESTRIAN_ACCIDENT,BICYCLE_ACCIDENT,MOTORCYCLE_ACCIDENT,TRUCK_ACCIDENT,NOT_PRIVATE_PROPERTY,ALCOHOL_INVOLVED,STWD_VEHTYPE_AT_FAULT,CHP_VEHTYPE_AT_FAULT,COUNT_SEVERE_INJ,COUNT_VISIBLE_INJ,COUNT_COMPLAINT_PAIN,COUNT_PED_KILLED,COUNT_PED_INJURED,COUNT_BICYCLIST_KILLED,COUNT_BICYCLIST_INJURED,COUNT_MC_KILLED,COUNT_MC_INJURED,PRIMARY_RAMP,SECONDARY_RAMP,LATITUDE,LONGITUDE,COUNTY,CITY,POINT_X,POINT_Y
91281683,2020,2020-08-06,9420,2020-08-03,0840,016973,,1,1,9,1500,0,3,5,,2,050,"JAMES RD.","GRANITE RD.",0.00,,Y,A,-,N,,,,,,,,,,N,2,0,1,2,A,-,09,21800,A,N,H,G,A,A,H,-,A,A,0,,Y,,,Y,,A,01,1,0,0,0,0,0,1,0,0,"- ","- ",35.452751159667969,-119.03775787353516,KERN,UNINCORPORATED,-119.03769683837891,35.4527587890625
91282043,2020,2020-08-06,9430,2020-07-29,1440,017153,,3,2,9,1500,0,1,3,,2,090,"I-5 N/B",SR-166,2688.00,S,N,A,-,Y,,,,,,,,,,Y,2,0,3,3,A,-,03,22350,,N,C,C,A,A,D,-,A,A,0,,,,,Y,,A,01,1,0,2,0,0,0,0,0,0,"- ","- ",35.05059814453125,-118.96559143066406,KERN,UNINCORPORATED,-118.99303436279297,35.053787231445312
91282469,2020,2020-08-07,9426,2020-07-31,1810,018909,,5,2,9,1500,0,1,1,,2,500,"I-5 S/B","TWISSELMAN RD",10032.00,N,N,A,-,Y,,,5,,,,,,S,Y,2,0,3,2,A,-,07,21658,A,F,F,A,A,A,H,-,A,D,0,,,,Y,Y,,G,25,1,2,0,0,0,0,0,0,0,"- ","- ",35.756179809570312,-119.75733184814453,KERN,UNINCORPORATED,-119.75753784179688,35.756023406982422
91282682,2020,2020-08-10,9420,2020-08-01,0612,019649,,6,1,6,1502,0,1,3,,1,176,"SR-178 E/B","MORNING DR",1652.00,E,N,A,-,Y,,,178,,,,,,E,Y,2,0,1,1,A,-,08,22107,,N,F,A,A,A,H,-,B,D,0,,,,,Y,,A,01,1,0,0,0,0,0,0,0,0,"- ","- ",35.396648406982422,-118.90223693847656,KERN,BAKERSFIELD,-118.90224456787109,35.397014617919922
91283263,2020,2020-08-10,9420,2020-08-03,2042,021260,,1,2,9,1500,0,2,4,,1,072,"NILES STREET","CAMINO SIERRA",157.00,W,N,A,-,N,,,,,,,,,,N,2,0,1,2,A,-,11,21954,A,N,G,B,D,A,H,-,C,D,0,Y,,,,Y,,N,60,1,0,0,0,1,0,0,0,0,"- ","- ",35.375858306884766,-118.96360778808594,KERN,UNINCORPORATED,-118.96119689941406,35.375816345214844
91283902,2020,2020-08-11,9420,2020-07-30,2230,016828,,4,3,9,1500,0,3,5,,2,510,"WOOLLOMES AVENUE","ZACHARY AVENUE",400.00,E,N,A,-,N,,,,,,,,,,Y,2,0,1,1,A,-,08,22107,,F,F,I,A,A,H,-,D,D,0,,,,,Y,,A,07,1,0,0,0,0,0,0,0,0,"- ","- ",35.444900512695312,-119.11129760742188,KERN,UNINCORPORATED,-119.18600463867188,35.746913909912109
91284244,2020,2020-08-11,9420,2020-08-01,2355,021134,,6,3,9,1500,0,3,5,,2,671,"COMANCHE DR","BUENA VISTA BLVD",0.00,,Y,A,-,N,,,,,,,,,,Y,2,0,1,2,A,-,01,23152,A,N,D,C,A,A,H,-,D,A,0,,,,Y,Y,Y,A,01,1,0,0,0,0,0,0,0,0,"- ","- ",35.238128662109375,-118.84252166748047,KERN,UNINCORPORATED,-118.84253692626953,35.238128662109375
91284652,2020,2020-08-12,9420,2020-05-23,1330,021140,,6,1,9,1500,0,1,3,,2,091,"STATE ROUTE 99 SOUTHBOUND","7TH STANDARD ROAD",12672.00,N,N,A,-,Y,,,99,,,,,,S,Y,1,1,0,1,A,-,01,23152,A,N,E,J,A,A,H,-,A,D,0,,,,,Y,Y,A,01,0,0,0,0,0,0,0,0,0,"- ","- ",35.463291168212891,-119.11672210693359,KERN,UNINCORPORATED,-119.11660003662109,35.463451385498047
91287473,2020,2020-08-17,9420,2020-08-09,0704,019353,,7,1,9,1500,0,1,3,,2,584,"810 S. UNION AVENUE","E. BELLE TERRACE",100.00,S,N,A,-,N,,,,,,,,,,Y,2,0,1,2,B,-,22,,,N,B,C,A,A,H,-,A,D,0,,,,,Y,,A,08,1,0,0,0,0,0,0,0,0,"- ","- ",35.346500396728516,-119.00289916992188,KERN,UNINCORPORATED,-119.0029296875,35.346424102783203
91287516,2020,2020-12-11,9420,2020-08-11,1850,021503,,2,2,9,1500,0,3,5,,2,030,"STATE ROUTE 178","KERN CANYON ROAD",3168.00,W,N,A,-,Y,,,178,,,,,,,Y,2,0,1,2,A,-,07,21658,A,N,D,C,A,A,H,-,A,D,0,,,Y,,Y,,A,01,1,0,0,0,0,0,0,0,1,"- ","- ",35.530841827392578,-118.64382934570312,KERN,UNINCORPORATED,-118.64382934570312,35.530841827392578
91287803,2020,2020-08-18,9420,2020-07-19,1450,020782,,7,2,9,1500,0,1,3,,2,204,"STATE ROUTE 204, NORTHBOUND","AIRPORT DRIVE",3168.00,S,N,A,-,Y,,,204,,,,,,N,Y,1,1,1,1,A,-,01,23152,F,N,F,A,A,A,H,-,A,D,0,,,,,Y,,A,07,1,0,0,0,0,0,0,0,0,"- ","- ",35.396671295166016,-119.03231048583984,KERN,UNINCORPORATED,-119.03231048583984,35.396671295166016
91288361,2020,2020-08-18,9420,2020-08-14,0100,019598,,5,3,9,1500,0,1,3,,2,177,SR-178,"POWER HOUSE #1",300.00,E,N,A,-,Y,,,178,,,,,,,Y,2,0,1,1,A,-,08,22107,,N,E,I,A,A,H,-,D,D,0,,,Y,,Y,,C,02,1,0,0,0,0,0,0,0,1,"- ","- ",35.4605712890625,-118.77855682373047,KERN,UNINCORPORATED,-118.77857208251953,35.460605621337891
91288619,2020,2020-08-19,9420,2020-08-13,0600,014770,,4,1,9,1500,0,3,5,,2,530,"WILDWOOD RD.",SR-46,7920.00,S,N,B,-,N,,,,,,,,,,Y,2,0,1,2,A,-,09,21801,A,N,D,C,A,A,H,-,B,D,0,,,Y,,Y,,D,22,1,0,0,0,0,0,0,0,1,"- ","- ",35.579570770263672,-119.43843078613281,KERN,UNINCORPORATED,-119.43839263916016,35.579704284667969
91291426,2020,2020-08-24,9830,2020-06-15,2100,021870,,1,2,9,1500,0,3,5,,2,003,"AVENUE A","65TH STREET WEST",354.00,W,N,A,-,N,,,,,,,,,,Y,1,1,0,2,A,-,03,22350,,N,C,G,A,A,H,-,D,D,0,,Y,,,Y,Y,A,07,0,0,0,0,0,1,0,0,0,"- ","- ",34.820148468017578,-118.24771881103516,KERN,UNINCORPORATED,-118.24770355224609,34.820125579833984
91292736,2020,2021-07-27,9420,2020-07-11,2309,021144,,6,3,9,1500,0,3,5,,2,510,"MELCHER ROAD","POND ROAD",0.00,,Y,A,-,N,,,,,,,,,,Y,1,1,1,2,A,-,12,22450,A,N,D,C,A,A,H,-,D,A,0,,,,,Y,,A,01,1,0,0,0,0,0,0,0,0,"- ","- ",35.717769622802734,-119.27639007568359,KERN,UNINCORPORATED,-119.27639770507812,35.717750549316406
91293208,2020,2020-08-26,9420,2020-08-16,2050,019901,,7,2,9,1500,0,1,3,,2,091,"SR-99 S/B","LERDO HWY.",7920.00,S,N,A,-,Y,,,99,,,,,,S,Y,2,0,1,2,A,-,01,23152,A,N,C,C,A,A,H,-,D,D,0,,,,,Y,Y,D,22,1,0,0,0,0,0,0,0,0,"- ","- ",35.487369537353516,-119.14821624755859,KERN,UNINCORPORATED,-119.14826202392578,35.487319946289062
91295255,2020,2020-08-28,9430,2020-08-22,1705,021565,,6,2,9,1500,0,2,4,,1,023,"CUDDY VALLEY RD","WHITE ROCK RD",2640.00,W,N,A,-,N,,,,,,,,,,Y,2,0,1,1,A,-,08,22107,,N,E,I,A,A,H,-,A,D,0,,,Y,,Y,,C,02,1,0,0,0,0,0,0,0,1,"- ","- ",34.844470977783203,-119.07386016845703,KERN,UNINCORPORATED,-119.07170867919922,34.84393310546875
91295285,2020,2020-08-28,9420,2020-08-28,0310,020040,,5,3,6,1502,0,1,3,,1,176,"SR-178 W/B FROM FAIRFAX RD N/B","FAIRFAX ROAD",302.00,E,N,A,-,Y,,,178,,,,R,,W,Y,2,0,1,1,A,-,03,22350,,N,F,A,A,A,H,-,C,D,0,,,Y,,Y,,C,02,1,0,0,0,0,0,0,0,1,"- ","- ",35.397270202636719,-118.92868041992188,KERN,BAKERSFIELD,-118.92868041992188,35.397270202636719
9129530,2020,2020-07-31,1506,2020-07-07,1243,1304,35,2,5,4,1506,0,0,0,,0,,"S SUNSET ST","S SUNSET ST  418",0.00,,Y,A,-,N,,,,,,,,,,Y,2,0,1,2,A,-,03,22350,,N,A,C,A,A,H,-,A,D,0,,,Y,,Y,,C,02,1,0,0,0,0,0,0,0,1,"- ","- ",35.616111755371094,-117.68083953857422,KERN,RIDGECREST,-117.68125499999999,35.616104999999997
91295830,2020,2020-08-31,9420,2020-08-19,2330,021402,,3,3,9,1500,0,3,5,,2,060,"KNUDSEN DRIVE","OLIVE TREE COURT",100.00,N,N,A,-,N,,,,,,,,,,N,2,0,1,2,A,-,09,21804,A,F,D,C,A,A,H,-,D,D,0,,,Y,,Y,,-,99,1,0,0,0,0,0,0,0,1,"- ","- ",35.416400909423828,-119.05970001220703,KERN,UNINCORPORATED,-119.05968475341797,35.416366577148438
91296321,2020,2020-09-04,9420,2020-07-15,1500,019140,,3,2,9,1500,0,1,3,,2,178,"STATE ROUTE 178","PAULS PLACE",3168.00,E,N,A,-,Y,,,178,,,,,,,N,1,1,0,1,A,-,01,23152,A,N,F,A,A,A,H,-,A,D,0,,,,,Y,Y,A,07,0,0,0,0,0,0,0,0,0,"- ","- ",35.661849975585938,-118.30960083007812,KERN,UNINCORPORATED,-118.3095703125,35.661800384521484
91296929,2020,2020-09-01,9420,2020-08-23,2230,021480,,7,3,9,1500,0,1,3,,2,583,"SR-58 (ROSEDALE HWY)","RENFRO RD",10.00,E,N,A,-,Y,,,58,,,,,,,Y,2,0,1,2,A,-,08,22107,,N,B,C,A,A,H,-,C,A,0,,,Y,,Y,,A,01,1,0,0,0,0,0,0,0,1,"- ","- ",35.383480072021484,-119.16327667236328,KERN,UNINCORPORATED,-119.16327667236328,35.383502960205078
91298349,2020,2020-09-03,9420,2020-09-01,0710,016767,,2,1,9,1500,0,1,3,,2,430,SR-43,"POND ROAD",0.00,,Y,A,-,Y,,,43,,,,,,,Y,2,0,2,3,A,-,09,21802,A,N,D,C,A,A,H,-,A,A,0,,,,Y,Y,,G,25,1,1,0,0,0,0,0,0,0,"- ","- ",35.717700958251953,-119.33039855957031,KERN,UNINCORPORATED,-119.33042907714844,35.717697143554688
91299133,2020,2020-09-15,9426,2020-08-30,0915,017230,,7,1,9,1500,0,3,5,,2,081,"AIRPORT RD","STATE ROUTE 119",5280.00,S,N,A,-,N,,,,,,,,,,Y,1,1,0,1,A,-,08,22107,,N,F,A,A,A,H,-,A,D,0,,,Y,,Y,,C,02,0,0,0,0,0,0,0,1,0,"- ","- ",35.177749633789062,-119.42842864990234,KERN,UNINCORPORATED,-119.42906188964844,35.179168701171875
91299629,2020,2020-09-07,9830,2020-07-24,0514,021191,,5,3,9,1500,0,3,5,,2,001,"TEHACHAPI WILLOW SPRINGS ROAD","HIGHLINE ROAD",550.00,S,N,A,-,N,,,,,,,,,,Y,1,1,1,2,A,-,01,23152,A,N,A,C,A,A,H,-,B,D,0,,,,,Y,Y,A,01,0,1,0,0,0,0,0,0,0,"- ","- ",35.105911254882812,-118.39674377441406,KERN,UNINCORPORATED,-118.39671325683594,35.108200073242188
91303298,2020,2020-09-11,9426,2020-08-16,1508,019206,,7,2,9,1500,0,1,1,,2,506,"INTERSTATE 5 N/B","VALPREDO AVENUE",1584.00,S,N,A,-,Y,,,5,,,,,,N,Y,1,2,4,3,A,-,08,22107,,N,D,C,A,A,H,-,A,D,0,,,,Y,Y,,D,22,3,1,0,0,0,0,0,0,0,"- ","- ",35.073299407958984,-119.01405334472656,KERN,UNINCORPORATED,-119.01394653320312,35.073406219482422
91303684,2020,2020-09-14,9420,2020-08-28,1824,021296,,5,2,9,1500,0,1,3,,2,589,"SR-58 W/B","GENERAL BEALE RD",4000.00,E,N,A,-,Y,,,58,,,,,,W,Y,2,0,1,2,A,-,01,23152,A,F,B,C,A,A,H,-,A,D,0,,,,,Y,Y,A,07,1,0,0,0,0,0,0,0,0,"- ","- ",35.287620544433594,-118.74024200439453,KERN,UNINCORPORATED,-118.74024963378906,35.287601470947266
91304385,2020,2020-09-14,9420,2020-09-09,0640,016767,,3,1,9,1500,0,2,4,,1,051,"N. CHESTER AVENUE","NORRIS ROAD",0.00,,Y,A,-,N,,,,,,,,,,Y,2,0,3,2,A,-,12,21453,A,N,D,C,A,A,H,-,A,A,0,,,,,Y,,A,01,1,2,0,0,0,0,0,0,0,"- ","- ",35.419498443603516,-119.02110290527344,KERN,UNINCORPORATED,-119.02126312255859,35.419609069824219
91305166,2020,2020-09-15,9426,2020-09-09,1638,018919,,3,2,9,1500,0,3,5,,2,085,"CORCORAN ROAD","MCCOMBS AVENUE",7392.00,N,N,A,-,N,,,,,,,,,,Y,2,0,1,1,A,-,08,22107,,N,F,A,A,A,H,-,A,D,0,,,,Y,Y,,G,25,1,0,0,0,0,0,0,0,0,"- ","- ",35.657291412353516,-119.58010864257812,KERN,UNINCORPORATED,-119.58006286621094,35.636001586914062
91306429,2020,2020-09-17,9420,2020-09-07,1710,015896,,1,2,9,1500,0,3,5,,2,620,"BRIMHALL RD","SUPERIOR RD",0.00,,Y,A,-,N,,,,,,,,,,Y,2,0,2,2,A,-,09,21802,A,N,D,C,A,A,H,-,A,A,0,,,,Y,Y,,D,22,1,1,0,0,0,0,0,0,0,"- ","- ",35.368900299072266,-119.23429870605469,KERN,UNINCORPORATED,-119.23432159423828,35.368881225585938
91306660,2020,2020-12-09,9420,2020-08-27,0930,014770,,4,1,9,1500,0,3,5,,2,520,"PETERSON ROAD","FRIANT-KERN CANAL",107.00,W,N,A,-,N,,,,,,,,,,Y,1,1,0,1,A,-,08,22107,,N,E,I,A,A,H,-,A,D,0,,,,,Y,,D,22,0,0,0,0,0,0,0,0,0,"- ","- ",35.70330810546875,-119.1917724609375,KERN,UNINCORPORATED,-119.19203948974609,35.703392028808594
91306959,2020,2020-09-18,9420,2020-09-13,1946,021296,,7,2,9,1500,0,1,3,,1,176,"SR-178 E/B","BERNARD ST",395.00,W,N,A,-,Y,,,178,,,,,,E,N,2,0,1,2,A,-,11,21954,A,F,G,B,E,A,H,-,D,D,0,Y,,,,Y,,N,60,1,0,0,0,1,0,0,0,0,"- ","- ",35.385829925537109,-118.98610687255859,KERN,UNINCORPORATED,-118.98618316650391,35.386032104492188
91309150,2020,2020-09-22,9830,2020-09-16,2500,019271,,3,4,9,1500,0,3,5,,2,003,"UNITED ST","PURDY AVE",5808.00,S,N,A,-,N,,,,,,,,,,Y,2,0,1,1,A,-,08,22107,,N,F,A,A,A,H,-,A,D,0,,,,,Y,,D,22,1,0,0,0,0,0,0,0,0,"- ","- ",35.007541656494141,-118.15004730224609,KERN,UNINCORPORATED,-118.15009307861328,35.009204864501953
91312898,2020,2020-09-28,9830,2020-09-20,2115,021553,,7,2,9,1500,0,3,5,,2,003,"55TH STREET W","EDMONDS WAY",44.00,E,N,A,-,N,,,,,,,,,,N,2,0,1,1,A,-,01,23152,A,N,F,A,A,A,H,-,D,D,0,,,Y,,Y,Y,C,06,1,0,0,0,0,0,0,0,1,"- ","- ",34.961910247802734,-118.22981262207031,KERN,UNINCORPORATED,-118.22991943359375,34.961879730224609
91315527,2020,2020-10-01,9420,2020-09-25,1235,015255,,5,1,6,1502,0,1,3,,2,092,"SR-99 N/B","STOCKDALE HIGHWAY",20.00,N,N,A,-,Y,,,99,,,,,,N,Y,2,0,1,3,A,-,03,22350,,N,C,C,A,A,D,H,A,D,0,,,,,Y,,A,08,1,0,0,0,0,0,0,0,0,"- ","- ",35.354290008544922,-119.03939819335938,KERN,BAKERSFIELD,-119.03940582275391,35.354290008544922
91317166,2020,2020-10-05,9420,2020-09-18,2318,021589,,5,3,9,1500,0,2,4,,1,072,"NILES ST","DESCANSO ST",0.00,,Y,A,-,N,,,,,,,,,,Y,2,0,1,1,A,-,01,23152,A,N,E,I,A,A,H,-,C,D,0,,,,,Y,Y,A,07,1,0,0,0,0,0,0,0,0,"- ","- ",35.375869750976562,-118.95417022705078,KERN,UNINCORPORATED,-118.95411682128906,35.375858306884766
91318969,2020,2020-10-07,9420,2020-08-24,1205,015977,,1,1,9,1500,0,1,3,,2,178,"STATE ROUTE 178","VISTA GRANDE DRIVE",173.00,E,N,A,-,Y,,,178,,,,,,,Y,1,1,0,1,A,-,03,22350,,N,F,A,A,A,H,-,A,D,0,,,Y,,Y,,C,02,0,0,0,0,0,0,0,1,0,"- ","- ",35.657051086425781,-118.32496643066406,KERN,UNINCORPORATED,-118.32496643066406,35.657051086425781
91321871,2020,2020-10-12,9830,2020-10-01,1448,021788,,4,2,9,1500,0,3,5,,2,005,"SIERRA VISTA STREET","SEIBENTHAL ROAD",0.00,,Y,A,-,N,,,,,,,,,,Y,2,0,2,2,B,-,22,,,N,D,C,A,A,H,-,A,D,0,,,,,Y,,D,22,1,0,1,0,0,0,0,0,0,"- ","- ",35.703239440917969,-117.857177734375,KERN,UNINCORPORATED,-117.85711669921875,35.703250885009766
91322719,2020,2020-10-13,9420,2020-10-11,1938,019963,,7,2,9,1500,0,3,5,,2,610,"CALLOWAY DRIVE","SR-58 (ROSEDALE HIGHWAY)",336.00,S,N,A,-,N,,,,,,,,,,N,2,0,1,2,A,-,08,22107,,F,D,C,A,A,H,-,C,D,0,,Y,,,Y,,L,04,1,0,0,0,0,0,1,0,0,"- ","- ",35.382099151611328,-119.10980224609375,KERN,UNINCORPORATED,-119.10995483398438,35.382450103759766
91322938,2020,2020-10-13,9420,2020-10-08,1645,016978,,4,2,9,1500,0,1,3,,2,431,SR-43,SR-58,57.00,N,N,A,-,Y,,,43,,,,,,,Y,2,0,1,2,A,-,03,22350,,N,C,C,A,A,H,-,A,A,0,,,,,Y,,D,22,1,0,0,0,0,0,0,0,0,"- ","- ",35.398128509521484,-119.25208282470703,KERN,UNINCORPORATED,-119.25206756591797,35.398128509521484
91323380,2020,2020-10-27,9420,2020-10-12,1405,021140,,1,2,9,1500,0,3,5,,2,310,"RANCHERIA ROAD",SR-155,5280.00,S,N,A,-,N,,,,,,,,,,N,1,1,0,1,A,-,08,22107,,N,F,A,A,A,H,-,A,D,0,,,Y,,Y,,C,02,0,0,0,0,0,0,0,1,0,"- ","- ",35.721118927001953,-118.5550537109375,KERN,UNINCORPORATED,-118.55776977539062,35.725700378417969
91323396,2020,2020-10-14,9420,2020-10-08,2020,020402,,4,2,9,1500,0,3,5,,2,050,"PLYMOUTH AVE","ROBERTS LANE",180.00,N,N,A,-,N,,,,,,,,,,N,2,0,1,2,A,-,03,22350,,F,G,B,E,A,H,-,C,D,0,Y,,Y,,Y,,C,02,1,0,0,0,1,0,0,0,0,"- ","- ",35.409229278564453,-119.02558898925781,KERN,UNINCORPORATED,-119.02554321289062,35.409122467041016
91323409,2020,2020-10-14,9420,2020-07-13,0615,017829,,1,1,9,1500,0,3,5,,2,671,"DIGIORGIO ROAD","MYRTLE AVENUE",0.00,,Y,A,-,N,,,,,,,,,,Y,1,1,0,3,A,-,01,23152,A,N,D,C,A,A,H,-,B,D,0,,,,Y,Y,Y,A,01,0,0,0,0,0,0,0,0,0,"- ","- ",35.252510070800781,-118.90991973876953,KERN,UNINCORPORATED,-118.90981292724609,35.252429962158203
91324406,2020,2020-10-15,9430,2020-10-08,1520,017153,,4,2,9,1500,0,1,3,,2,090,"SR-99 N/B","I-5 N/B",625.00,S,N,A,-,Y,,,99,,,,,,N,Y,2,0,1,2,A,-,03,22350,,N,C,C,A,A,H,-,A,D,0,,,Y,,Y,,C,02,1,0,0,0,0,0,0,0,1,"- ","- ",35.016780853271484,-118.95475006103516,KERN,UNINCORPORATED,-118.95479583740234,35.016765594482422
91327003,2020,2020-10-20,9420,2020-08-02,2010,021140,,7,2,9,1500,0,3,5,,2,610,"SOUTHGATE DRIVE","SOUTH M STREET",10.00,W,N,A,-,N,,,,,,,,,,N,1,1,0,2,A,-,12,22450,A,F,H,G,A,A,H,-,D,A,0,,Y,,,Y,,L,04,0,0,0,0,0,1,0,0,0,"- ","- ",35.335811614990234,-119.01519775390625,KERN,UNINCORPORATED,-119.01521301269531,35.335811614990234
91330181,2020,2020-10-23,9426,2020-10-21,0001,016579,,3,3,9,1500,0,3,5,,2,081,"MONROE ST","ASH ST",24.00,N,N,A,-,N,,,,,,,,,,Y,2,0,2,3,A,-,01,23152,A,N,C,E,A,A,H,-,C,D,0,,,,,Y,Y,A,01,1,1,0,0,0,0,0,0,0,"- ","- ",35.15155029296875,-119.45237731933594,KERN,UNINCORPORATED,-119.45249938964844,35.151485443115234
91330215,2020,2020-10-23,9420,2020-10-18,1655,020634,,7,2,9,1500,0,3,5,,2,672,"DONALD ST","WILSON RD",300.00,N,N,A,-,N,,,,,,,,,,N,2,0,1,1,A,-,03,22350,,N,E,I,A,A,H,-,A,D,0,,,Y,,Y,,C,02,1,0,0,0,0,0,0,0,1,"- ","- ",35.332901000976562,-119.00890350341797,KERN,UNINCORPORATED,-119.0089111328125,35.333042144775391
91330983,2020,2020-10-26,9420,2020-10-18,0107,021365,,7,3,6,1502,0,1,3,,2,094,"SR-99 N/B","WIBLE ROAD",400.00,S,N,A,-,Y,,,99,,,,,,N,Y,2,0,3,2,A,-,01,23152,A,N,B,C,A,A,H,-,C,D,0,,,,,Y,Y,A,01,1,0,2,0,0,0,0,0,0,"- ","- ",35.329078674316406,-119.0390625,KERN,BAKERSFIELD,-119.03907012939453,35.329078674316406
91331043,2020,2020-10-26,9420,2020-10-16,1905,021140,,5,2,9,1500,0,3,5,,2,040,"BEVERLY DRIVE","LARCUS AVENUE",0.00,,Y,A,-,N,,,,,,,,,,N,2,0,1,2,A,-,12,22450,A,F,D,G,A,A,H,-,D,D,0,,Y,,,Y,,D,22,1,0,0,0,0,0,1,0,0,"- ","- ",35.366729736328125,-118.97470092773438,KERN,UNINCORPORATED,-118.97464752197266,35.366710662841797
91331598,2020,2020-10-26,9830,2020-08-13,1317,019271,,4,1,9,1500,0,3,5,,2,002,"ALTUS AVENUE","STATE ROUTE 58",3168.00,E,N,A,-,N,,,,,,,,,,Y,1,1,0,1,A,-,01,23152,A,N,F,A,A,A,H,-,A,A,0,,,,,Y,Y,D,22,0,0,0,0,0,0,0,0,0,"- ","- ",35.041301727294922,-118.09604644775391,KERN,UNINCORPORATED,-118.10697174072266,35.038108825683594
91332458,2020,2020-10-27,9420,2020-10-18,0211,021365,,7,3,6,1502,0,1,3,,2,094,"SR-99 N/B","WHITE LANE",1000.00,N,N,A,-,Y,,,99,,,,,,N,Y,2,0,6,4,A,-,01,23152,F,N,C,C,A,A,H,-,C,D,0,,,,,Y,,A,01,2,4,0,0,0,0,0,0,0,"- ","- ",35.319179534912109,-119.03643798828125,KERN,BAKERSFIELD,-119.03648376464844,35.319168090820312
9133398,2020,2020-10-05,1509,2020-07-17,2115,1005,W,5,5,3,1509,0,0,0,,0,,"S CURRY ST","EAST ORCHARD PWKY",0.00,S,N,A,-,N,,,,,,,,,,Y,2,0,1,1,A,-,01,23152,A,N,E,I,A,A,H,-,C,-,0,,,Y,,Y,Y,C,02,1,0,0,0,0,0,0,0,1,"- ","- ",35.113269805908203,-118.4500732421875,KERN,TEHACHAPI,-118.4500732421875,35.113681793212891
91335659,2020,2020-10-30,9420,2020-10-26,1438,016691,,1,2,9,1500,0,1,3,,1,119,"SR-119 (TAFT HWY)","GOSFORD RD",1320.00,W,N,A,-,Y,,,119,,,,,,,Y,2,0,1,1,A,-,08,22107,,N,F,A,A,A,H,-,A,D,0,,,Y,,Y,,C,02,1,0,0,0,0,0,0,0,1,"- ","- ",35.267101287841797,-119.09214782714844,KERN,UNINCORPORATED,-119.09214782714844,35.267131805419922
91335733,2020,2020-10-30,9420,2020-10-24,2146,021589,,6,2,9,1500,0,3,5,,2,070,"STERLING RD","EVIE LN",254.00,S,N,A,-,N,,,,,,,,,,Y,2,0,1,2,A,-,01,23152,A,N,D,C,A,A,H,-,D,D,0,,,Y,,Y,Y,C,02,1,0,0,0,0,0,0,0,1,"- ","- ",35.356639862060547,-118.94094848632812,KERN,UNINCORPORATED,-118.94090270996094,35.356674194335938
91337302,2020,2020-11-02,9420,2020-10-21,1614,020672,,3,2,9,1500,0,3,5,,2,040,"RIVER BLVD","IRENE ST",25.00,S,N,A,-,N,,,,,,,,,,Y,2,0,1,2,A,-,03,22350,,N,E,I,A,A,H,-,A,D,0,,,,,Y,,D,22,1,0,0,0,0,0,0,0,0,"- ","- ",35.393329620361328,-118.98513793945312,KERN,UNINCORPORATED,-118.98516082763672,35.393352508544922
91337662,2020,2020-11-03,9420,2020-10-28,0001,019649,,3,3,9,1500,0,1,3,,2,096,"SR-99 N/B",SR-119,2640.00,S,N,A,-,Y,,,99,,,,,,N,Y,2,0,2,2,A,-,03,22350,,N,C,C,A,A,H,-,D,D,0,,,,,Y,,A,01,1,1,0,0,0,0,0,0,0,"- ","- ",35.259601593017578,-119.02089691162109,KERN,UNINCORPORATED,-119.02088165283203,35.259605407714844
91337779,2020,2020-11-03,9426,2020-09-29,2205,019716,,2,3,9,1500,0,1,3,,2,461,"STATE ROUTE 46 EASTBOUND","MAIN DRAIN ROAD",1197.00,W,N,A,-,Y,,,46,,,,,,E,Y,1,1,0,1,A,-,08,22107,,N,F,A,A,A,H,-,D,D,0,,,,,Y,,A,07,0,0,0,0,0,0,0,0,0,"- ","- ",35.616119384765625,-119.62174224853516,KERN,UNINCORPORATED,-119.62174224853516,35.616077423095703
91337805,2020,2020-11-03,9420,2020-10-25,0403,021144,,7,3,9,1500,0,1,3,,2,431,SR-43,"JACK AVE.",1000.00,N,N,A,-,Y,,,43,,,,,,,Y,2,0,1,1,A,-,01,23152,A,N,F,A,A,A,H,-,D,D,0,,,,,Y,Y,D,22,1,0,0,0,0,0,0,0,0,"- ","- ",35.538181304931641,-119.31719207763672,KERN,UNINCORPORATED,-119.31723785400391,35.538116455078125