CASE_ID,ACCIDENT_YEAR,PROC_DATE,JURIS,COLLISION_DATE,COLLISION_TIME,OFFICER_ID,REPORTING_DISTRICT,DAY_OF_WEEK,CHP_SHIFT,POPULATION,CNTY_CITY_LOC,SPECIAL_COND,BEAT_TYPE,CHP_BEAT_TYPE,CITY_DIVISION_LAPD,CHP_BEAT_CLASS,BEAT_NUMBER,PRIMARY_RD,SECONDARY_RD,DISTANCE,DIRECTION,INTERSECTION,WEATHER_1,WEATHER_2,STATE_HWY_IND,CALTRANS_COUNTY,CALTRANS_DISTRICT,STATE_ROUTE,ROUTE_SUFFIX,POSTMILE_PREFIX,POSTMILE,LOCATION_TYPE,RAMP_INTERSECTION,SIDE_OF_HWY,TOW_AWAY,COLLISION_SEVERITY,NUMBER_KILLED,NUMBER_INJURED,PARTY_COUNT,PRIMARY_COLL_FACTOR,PCF_CODE_OF_VIOL,PCF_VIOL_CATEGORY,PCF_VIOLATION,PCF_VIOL_SUBSECTION,HIT_AND_RUN,TYPE_OF_COLLISION,MVIW,PED_ACTION,ROAD_SURFACE,ROAD_COND_1,ROAD_COND_2,LIGHTING,CONTROL_DEVICE,CHP_ROAD_TYPE,PEDESTRIAN_ACCIDENT,BICYCLE_ACCIDENT,MOTORCYCLE_ACCIDENT,TRUCK_ACCIDENT,NOT_PRIVATE_PROPERTY,ALCOHOL_INVOLVED,STWD_VEHTYPE_AT_FAULT,CHP_VEHTYPE_AT_FAULT,COUNT_SEVERE_INJ,COUNT_VISIBLE_INJ,COUNT_COMPLAINT_PAIN,COUNT_PED_KILLED,COUNT_PED_INJURED,COUNT_BICYCLIST_KILLED,COUNT_BICYCLIST_INJURED,COUNT_MC_KILLED,COUNT_MC_INJURED,PRIMARY_RAMP,SECONDARY_RAMP,LATITUDE,LONGITUDE,COUNTY,CITY,POINT_X,POINT_Y
91341870,2020,2020-11-09,9420,2020-11-03,1906,021386,,2,2,9,1500,0,2,4,,1,077,"SOUTH FAIRFAX ROAD","MOUNTAIN VIEW ROAD",0.00,,Y,A,-,N,,,,,,,,,,Y,2,0,1,2,A,-,17,24250,,N,A,C,A,A,H,-,C,A,0,,,Y,,Y,,C,03,1,0,0,0,0,0,0,0,1,"- ","- ",35.165340423583984,-118.55554962158203,KERN,UNINCORPORATED,-118.93209838867188,35.281501770019531
91343510,2020,2020-11-11,9426,2020-11-09,1840,015472,,1,2,9,1500,0,1,3,,1,167,SR-166,"I-5 S/B OFF RAMP",36.00,E,N,A,-,Y,,,166,,,,,,,Y,2,0,1,2,A,-,09,21802,B,N,D,C,A,A,H,-,C,A,0,,,,Y,Y,,A,01,1,0,0,0,0,0,0,0,0,"- ","- ",35.059299468994141,-119.00129699707031,KERN,UNINCORPORATED,-119.00129699707031,35.059299468994141
91345715,2020,2020-12-09,9420,2020-10-10,0005,021402,,6,3,9,1500,0,3,5,,2,550,"WILDWOOD ROAD","STATE ROUTE 46",3475.00,S,N,A,-,N,,,,,,,,,,Y,1,1,0,1,A,-,01,23152,A,N,E,I,A,A,H,-,D,D,0,,,Y,,Y,Y,C,06,0,0,0,0,0,0,0,1,0,"- ","- ",35.591609954833984,-119.43831634521484,KERN,UNINCORPORATED,-119.43822479248047,35.591903686523438
91346563,2020,2020-11-17,9420,2020-11-08,0040,021572,,7,3,6,1502,0,1,3,,2,095,"SR-99 S/B","MING AVE",1860.00,N,N,B,-,Y,,,99,,,,,,S,Y,2,0,1,1,A,-,01,23152,A,N,E,I,A,A,D,-,D,D,0,,,,,Y,Y,D,22,1,0,0,0,0,0,0,0,0,"- ","- ",35.344699859619141,-119.03964996337891,KERN,BAKERSFIELD,-119.03970336914062,35.344703674316406
91346598,2020,2020-11-17,9420,2020-11-08,0105,021134,,7,3,9,1500,0,3,5,,2,671,"PANAMA RD","PRIMROSE AVE",95.00,E,N,A,-,N,,,,,,,,,,Y,2,0,1,2,A,-,08,22107,,F,B,E,A,A,H,-,D,D,0,,,,,Y,,A,01,1,0,0,0,0,0,0,0,0,"- ","- ",35.266880035400391,-118.91081237792969,KERN,UNINCORPORATED,-118.910888671875,35.266971588134766
91346850,2020,2020-11-17,9420,2020-11-05,1320,017256,,4,1,9,1500,0,2,4,,1,071,"MOUNT VERNON AVENUE","VIRGINIA AVENUE",0.00,,Y,A,-,N,,,,,,,,,,Y,2,0,2,2,A,-,12,21453,A,N,D,C,A,A,H,-,A,A,0,,,,,Y,,A,07,1,0,1,0,0,0,0,0,0,"- ","- ",35.361358642578125,-118.96745300292969,KERN,UNINCORPORATED,-118.96759796142578,35.361320495605469
91348033,2020,2020-11-18,9420,2020-11-13,1811,020529,,5,2,9,1500,0,3,5,,2,040,"ROUND MOUNTAIN RD.","CHINA GRADE LOOP",3696.00,E,N,A,-,N,,,,,,,,,,Y,2,0,1,1,A,-,03,22350,,N,E,I,A,A,H,-,D,D,0,,,Y,,Y,,C,02,1,0,0,0,0,0,0,0,1,"- ","- ",35.428249359130859,-119.95514678955078,KERN,UNINCORPORATED,-118.95549011230469,35.4281005859375
91350269,2020,2020-11-20,9420,2020-11-16,0200,021600,,1,3,9,1500,0,2,4,,1,071,"OSWELL ST.","MONTEREY ST.",38.00,S,N,A,-,N,,,,,,,,,,Y,2,0,1,3,A,-,01,23152,A,N,C,E,A,A,H,-,D,D,0,,,,,Y,Y,A,01,1,0,0,0,0,0,0,0,0,"- ","- ",35.374931335449219,-118.84980010986328,KERN,UNINCORPORATED,-118.94979858398438,35.374897003173828
91351685,2020,2020-11-23,9420,2020-08-29,0645,018807,,6,1,9,1500,0,2,4,,1,064,"OLIVE DRIVE","ROBERTS LANE",131.00,E,N,A,-,N,,,,,,,,,,Y,1,1,1,1,A,-,08,22107,,N,E,J,A,A,H,-,A,A,0,,,,,Y,,D,22,0,1,0,0,0,0,0,0,0,"- ","- ",35.244499206542969,-119.25240325927734,KERN,UNINCORPORATED,-119.04816436767578,35.412422180175781
91351708,2020,2020-11-23,9830,2020-09-19,1700,021191,,6,2,9,1500,0,1,3,,2,012,"SR-58 EASTBOUND","TEHACHAPI WILLOW SPRINGS RD",7920.00,E,N,A,-,Y,,,,,,,,,,Y,1,1,0,1,A,-,08,22107,,N,F,A,A,A,H,-,A,D,0,,,Y,,Y,,C,02,0,0,0,0,0,0,0,1,0,"- ","- ",35.144180297851562,-118.36370849609375,KERN,UNINCORPORATED,-118.37104797363281,35.114994049072266
91351856,2020,2020-11-23,9420,2020-09-23,1445,019140,,3,2,9,1500,0,1,3,,2,178,"STATE ROUTE 178","BOREL ROAD",4224.00,W,N,A,-,Y,,,178,,,,,,,Y,1,1,5,2,A,-,05,21651,A,N,A,C,A,A,H,-,A,D,0,,,,,Y,,A,01,2,0,3,0,0,0,0,0,0,"- ","- ",35.579818725585938,-118.54598999023438,KERN,UNINCORPORATED,-118.54595947265625,35.579776763916016
91352342,2020,2020-12-09,9420,2020-10-05,1605,016978,,1,2,9,1500,0,3,5,,2,530,"ORANGE STREET","POPLAR AVENUE",0.00,,Y,A,-,N,,,,,,,,,,Y,1,3,2,2,A,-,12,22450,A,N,D,C,A,A,H,-,A,A,0,,,,,Y,Y,A,01,2,0,0,0,0,0,0,0,0,"- ","- ",35.478111267089844,-119.29638671875,KERN,UNINCORPORATED,-119.29637145996094,35.478111267089844
91355239,2020,2020-11-30,9420,2020-11-16,0520,017256,,1,3,9,1500,0,2,4,,1,052,"EAST ROBERTS LANE","FRONTIER DRIVE",305.00,E,N,A,-,N,,,,,,,,,,Y,2,0,1,1,A,-,08,22107,,N,E,I,A,A,H,-,C,D,0,,,,,Y,,A,01,1,0,0,0,0,0,0,0,0,"- ","- ",35.408798217773438,-119.01522827148438,KERN,UNINCORPORATED,-119.01539611816406,35.408863067626953
91355656,2020,2020-11-30,9420,2020-11-18,0815,017256,,3,1,9,1500,0,2,4,,1,052,"ROBERTS LANE","NORTH CHESTER AVENUE",250.00,W,N,A,-,N,,,,,,,,,,Y,2,0,1,2,A,-,08,22107,,N,B,C,A,A,H,-,A,D,0,,,Y,,Y,,C,02,1,0,0,0,0,0,0,0,1,"- ","- ",35.408611297607422,-119.02201843261719,KERN,UNINCORPORATED,-119.02191925048828,35.408641815185547
91356135,2020,2020-12-01,9420,2020-10-09,1015,019098,,5,1,9,1500,0,2,4,,1,075,"SOUTH UNION AVENUE","CALLE DE ORO",65.00,S,N,A,-,N,,,,,,,,,,N,1,1,0,2,A,-,11,21954,A,N,G,B,D,A,H,-,A,D,0,Y,,,,Y,,N,60,0,0,0,1,0,0,0,0,0,"- ","- ",35.307910919189453,-119.00302886962891,KERN,UNINCORPORATED,-119.00312805175781,35.30780029296875
91357729,2020,2020-12-18,9426,2020-12-01,1333,018023,,2,1,9,1500,0,3,5,,2,081,"NAYLOR AVE","BUENA VISTA STREET",0.00,,Y,A,-,N,,,,,,,,,,Y,1,1,1,2,A,-,09,21800,A,N,D,C,A,A,H,-,A,D,0,,,Y,,Y,,C,02,0,1,0,0,0,0,0,1,0,"- ","- ",35.131858825683594,-119.45742797851562,KERN,UNINCORPORATED,-119.4573974609375,35.131839752197266
91360882,2020,2021-01-05,9420,2020-09-21,0655,014967,,1,1,9,1500,0,3,5,,2,530,"BURBANK STREET","SCARONI AVENUE",0.00,,Y,A,-,N,,,,,,,,,,Y,1,1,0,2,A,-,09,21802,A,N,D,C,A,A,H,-,B,A,0,,,,,Y,,A,01,0,0,0,0,0,0,0,0,0,"- ","- ",35.470878601074219,-119.31432342529297,KERN,UNINCORPORATED,-119.31427764892578,35.470859527587891
91360896,2020,2020-12-08,9420,2020-10-11,0410,021589,,7,3,9,1500,0,2,4,,1,071,"MOUNT VERNON AVENUE","MONTEREY STREET",40.00,N,N,A,-,N,,,,,,,,,,N,1,1,0,2,A,-,03,22350,,F,G,B,D,A,H,-,C,D,0,Y,,,,Y,,A,01,0,0,0,1,0,0,0,0,0,"- ","- ",35.375038146972656,-118.96743774414062,KERN,UNINCORPORATED,-118.96758270263672,35.375350952148438
91364897,2020,2020-12-14,9426,2020-12-11,0640,014887,,5,1,9,1500,0,1,3,,2,331,SR-33,"LERDO HWY",4752.00,N,N,A,-,Y,,,33,,,,,,,Y,2,0,1,1,A,-,08,22107,,N,E,I,A,A,H,-,D,D,0,,,,,Y,,A,01,1,0,0,0,0,0,0,0,0,"- ","- ",35.510421752929688,-119.74787902832031,KERN,UNINCORPORATED,-119.7479248046875,35.510387420654297
91366573,2020,2020-12-14,9420,2020-12-04,1950,021600,,5,2,9,1500,0,3,5,,2,040,"BERNARD ST.","N. BAKER ST.",0.00,,Y,A,-,N,,,,,,,,,,Y,2,0,2,2,A,-,09,21802,A,N,D,C,A,A,H,-,D,A,0,,,Y,,Y,,A,01,2,0,0,0,0,0,0,0,2,"- ","- ",35.390239715576172,-118.987548828125,KERN,UNINCORPORATED,-118.98755645751953,35.3902587890625
91370878,2020,2021-01-12,9420,2020-11-09,2230,019903,,1,3,9,1500,0,1,3,,2,154,SR-155,"DRIVER ROAD",0.00,,Y,A,-,Y,,,155,,,,,,,Y,2,0,3,2,A,-,12,22450,A,F,D,C,A,A,H,-,D,A,0,,,,,Y,,A,07,2,1,0,0,0,0,0,0,0,"- ","- ",35.761390686035156,-119.20523071289062,KERN,UNINCORPORATED,-119.20523071289062,35.761409759521484
91372816,2020,2020-12-22,9420,2020-12-07,1336,018117,,1,1,9,1500,0,2,4,,1,064,"OLIVE DR","KEITH ST",0.00,,Y,A,-,N,,,,,,,,,,Y,2,0,3,2,A,-,09,21801,A,N,D,C,A,A,H,-,A,D,0,,,Y,,Y,,A,01,1,2,0,0,0,0,0,0,1,"- ","- ",35.412349700927734,-119.08892059326172,KERN,UNINCORPORATED,-119.0888671875,35.412391662597656
91373119,2020,2020-12-22,9420,2020-12-20,2115,020634,,7,2,9,1500,0,3,5,,2,060,"MEACHAM RD","JEWETTA AVE",527.00,E,N,A,-,N,,,,,,,,,,Y,2,0,1,2,A,-,08,22107,,N,C,E,A,A,H,-,C,D,0,,,,Y,Y,,D,22,1,0,0,0,0,0,0,0,0,"- ","- ",35.390701293945312,-119.1260986328125,KERN,UNINCORPORATED,-119.12610626220703,35.390705108642578
91374577,2020,2020-12-24,9420,2020-12-21,1830,016691,,1,2,9,1500,0,2,4,,1,052,"NORRIS RD","OILDALE DR",0.00,,Y,A,-,N,,,,,,,,,,Y,2,0,2,2,A,-,01,23152,A,F,A,C,A,A,H,-,C,A,0,,,,,Y,Y,A,01,2,0,0,0,0,0,0,0,0,"- ","- ",35.419528961181641,-119.03006744384766,KERN,UNINCORPORATED,-119.03005981445312,35.419551849365234
91375257,2020,2020-12-28,9426,2020-12-26,0635,014887,,6,1,9,1500,0,1,1,,2,500,"I-5 N/B","MAIN DRAIN RD",1000.00,N,N,A,-,Y,,,5,,,,,,N,Y,2,0,1,2,A,-,03,22350,,N,C,C,A,B,H,-,B,D,0,,,,Y,Y,,D,22,1,0,0,0,0,0,0,0,0,"- ","- ",35.578231811523438,-119.61875152587891,KERN,UNINCORPORATED,-119.61875152587891,35.578227996826172
91377327,2020,2020-12-29,9420,2020-12-19,2315,021386,,6,3,9,1500,0,3,5,,2,672,"TEJON HIGHWAY","MILLUX ROAD",232.00,S,N,A,-,N,,,,,,,,,,Y,2,0,2,1,A,-,01,23152,A,N,F,I,A,A,H,-,D,D,0,,,,,Y,Y,A,01,1,0,1,0,0,0,0,0,0,"- ","- ",35.179668426513672,-118.82395172119141,KERN,UNINCORPORATED,-118.82395172119141,35.179313659667969
91377648,2020,2020-12-30,9830,2020-12-26,0330,021553,,6,3,9,1500,0,3,5,,2,004,"CALIFORNIA CITY BLVD","SR-14 S/B",5808.00,W,N,A,-,N,,,,,,,,,,Y,2,0,1,1,A,-,08,22107,,N,F,A,A,A,H,-,D,D,0,,,,,Y,,A,01,1,0,0,0,0,0,0,0,0,"- ","- ",35.125251770019531,-118.14394378662109,KERN,UNINCORPORATED,-118.14360046386719,35.125324249267578
91377686,2020,2020-12-30,9420,2020-12-23,1952,020782,,3,2,9,1500,0,2,4,,1,071,"OSWELL STREET","NILES STREET",35.00,S,N,A,-,N,,,,,,,,,,N,2,0,1,2,A,-,11,21954,A,F,G,B,E,A,H,-,C,A,0,Y,,,,Y,,N,60,1,0,0,0,1,0,0,0,0,"- ","- ",35.375701904296875,-118.94966888427734,KERN,UNINCORPORATED,-118.94981384277344,35.375873565673828
91378981,2020,2020-12-31,9830,2020-07-23,0210,021751,,4,3,9,1500,0,1,2,,1,054,"UNITED STATES 395 SOUTHBOUND","CHINA LAKE BOULEVARD",15840.00,S,N,A,-,Y,,,,,,,,,,Y,1,1,1,2,A,-,08,22107,,N,A,C,A,A,H,-,D,D,0,,,,Y,Y,,D,22,1,0,0,0,0,0,0,0,0,"- ","- ",35.523361206054688,-117.67662811279297,KERN,UNINCORPORATED,,
91379000,2020,2021-01-01,9830,2020-08-22,0306,021959,,6,3,9,1500,0,1,3,,2,030,"STATE ROUTE 14","ROSAMOND BOULEVARD",7339.00,N,N,A,-,Y,,,14,,,,,,,Y,1,1,3,1,A,-,01,23152,A,F,F,A,A,A,H,-,D,D,0,,,,,Y,Y,A,07,2,1,0,0,0,0,0,0,0,"- ","- ",34.885509490966797,-118.16641235351562,KERN,UNINCORPORATED,-118.1663818359375,34.885509490966797
91379593,2020,2021-01-04,9420,2020-12-26,1210,019649,,6,1,9,1500,0,1,3,,2,589,"SR-178 W/B","BENA RD",1320.00,W,N,B,-,Y,,,,,,,,,,Y,2,0,1,1,A,-,08,22107,,N,F,A,A,A,H,-,A,D,0,,,,,Y,,A,01,1,0,0,0,0,0,0,0,0,"- ","- ",35.270149230957031,-118.68737030029297,KERN,UNINCORPORATED,-118.98416900634766,35.387374877929688
91383194,2021,2021-01-07,9830,2021-01-04,1336,021788,,1,1,9,1500,0,3,5,,2,005,"BROWN ROAD",SR-178,85.00,N,N,A,-,N,,,,,,,,,,Y,2,0,1,1,A,-,03,22350,,N,F,A,A,A,H,-,A,A,0,,,Y,,Y,,C,02,1,0,0,0,0,0,0,0,1,"- ","- ",35.6473388671875,-117.81242370605469,KERN,UNINCORPORATED,-117.81243896484375,35.647167205810547
91384079,2021,2021-01-08,9420,2021-01-01,0840,018626,,5,1,9,1500,0,3,5,,2,620,"JENKINS ROAD","HAGEMAN ROAD",0.00,,Y,A,-,N,,,,,,,,,,N,2,0,1,2,A,-,10,21950,A,N,G,B,B,A,H,-,A,D,0,Y,,,,Y,,D,22,1,0,0,0,1,0,0,0,0,"- ","- ",35.39801025390625,-119.15426635742188,KERN,UNINCORPORATED,-119.15437316894531,35.397998809814453
91384566,2021,2021-01-11,9426,2021-01-06,0904,016050,,3,1,9,1500,0,3,5,,2,086,"KIMBERLINA RD.","ROWLEE RD.",0.00,,Y,E,-,N,,,,,,,,,,Y,2,0,2,2,A,-,09,21802,A,N,D,C,A,B,H,-,A,A,0,,,,Y,Y,,G,25,1,0,1,0,0,0,0,0,0,"- ","- ",35.557651519775391,-119.47418975830078,KERN,UNINCORPORATED,-119.47422027587891,35.557651519775391
91385798,2020,2021-01-12,9420,2020-11-14,1355,019963,,6,1,9,1500,0,3,5,,2,060,"ALLEN ROAD (3600 BLOCK)","JOMANI DRIVE",161.00,N,N,A,-,N,,,,,,,,,,Y,1,1,0,1,A,-,03,22350,,N,F,A,A,A,H,-,A,D,0,,,Y,,Y,,C,02,0,0,0,0,0,0,0,1,0,"- ","- ",35.392410278320312,-119.14537048339844,KERN,UNINCORPORATED,-119.1455078125,35.392723083496094
91385867,2020,2021-01-12,9420,2020-11-28,1900,021547,,6,2,9,1500,0,1,3,,2,178,"STATE ROUTE 178","DELONEGHA ACCESS ROAD",116.00,E,N,A,-,Y,,,178,,,,,,,Y,1,1,0,1,A,-,06,21755,,N,E,I,A,A,H,-,D,D,0,,,,,Y,,A,01,0,0,0,0,0,0,0,0,0,"- ","- ",35.549301147460938,-118.61531066894531,KERN,UNINCORPORATED,-118.61553955078125,35.549278259277344
91386970,2020,2021-01-13,9420,2020-11-01,0111,021365,,7,3,9,1500,0,3,5,,2,620,"ALLEN ROAD","OLD ALLEN ROAD",0.00,,Y,A,-,N,,,,,,,,,,Y,1,1,0,1,A,-,01,23152,A,N,E,I,A,A,H,-,C,D,0,,,Y,,Y,Y,C,02,0,0,0,0,0,0,0,1,0,"- ","- ",35.395290374755859,-119.14556121826172,KERN,UNINCORPORATED,-119.15435791015625,35.441539764404297
91391218,2020,2021-01-20,9420,2020-11-02,2355,021600,,1,3,9,1500,0,1,3,,2,587,"STATE ROUTE 58 WESTBOUND","EDISON ROAD",2798.00,E,N,A,-,Y,,,58,,,,,,W,Y,1,2,0,2,A,-,01,23152,A,N,A,C,A,A,H,-,D,D,0,,,,,Y,Y,A,01,0,0,0,0,0,0,0,0,0,"- ","- ",35.344158172607422,-118.86892700195312,KERN,UNINCORPORATED,-118.86892700195312,35.344169616699219
91392034,2020,2021-01-21,9430,2020-10-10,1855,021197,,6,2,9,1500,0,1,1,,2,055,"INTERSTATE 5 SOUTHBOUND","SABODAN STREET",3010.00,S,N,A,-,Y,,,5,,,,,,S,N,1,1,0,2,A,-,11,21956,A,N,G,B,D,A,H,-,D,D,0,Y,,,,Y,,N,60,0,0,0,1,0,0,0,0,0,"- ","- ",35.04302978515625,-118.98342132568359,KERN,UNINCORPORATED,-118.98314666748047,35.043281555175781
91393785,2021,2021-01-25,9830,2021-01-21,1400,020960,,4,2,9,1500,0,1,3,,1,020,SR14,"CERRO GORDO RD",184.00,S,N,A,-,Y,,,14,,,,,,,Y,2,0,1,2,C,-,18,,,N,A,C,A,A,H,-,A,D,0,,,,Y,Y,,-,"- ",1,0,0,0,0,0,0,0,0,"- ","- ",35.053009033203125,-118.17376708984375,KERN,UNINCORPORATED,-118.17381286621094,35.052997589111328
91399462,2021,2021-02-01,9420,2021-01-18,1900,020366,,1,2,9,1500,0,2,4,,1,077,"FAIRFAX ROAD","PANAMA LANE",0.00,,Y,A,-,N,,,,,,,,,,Y,2,0,1,2,A,-,12,22450,A,F,D,C,A,A,H,-,D,A,0,,,,,Y,Y,A,07,1,0,0,0,0,0,0,0,0,"- ","- ",35.296009063720703,-118.93209075927734,KERN,UNINCORPORATED,-118.93206024169922,35.295993804931641
91401011,2021,2021-02-02,9420,2021-01-30,1745,019868,,6,2,9,1500,0,1,3,,2,430,SR-43,"ELMO HWY",0.00,,Y,A,-,Y,,,43,,,,,,,Y,2,0,4,2,A,-,09,21802,A,F,E,I,A,A,H,-,D,A,0,,,,,Y,,-,99,1,0,3,0,0,0,0,0,0,"- ","- ",35.688640594482422,-119.33058166503906,KERN,UNINCORPORATED,-119.33057403564453,35.688640594482422
91401499,2020,2021-02-03,9830,2020-10-30,1944,021788,,5,2,9,1500,0,1,3,,1,050,"STATE ROUTE 14","REDROCK INYOKERN ROAD",13728.00,N,N,A,-,Y,,,14,,,,,,,Y,1,2,0,3,A,-,08,22107,,N,A,C,A,A,H,-,D,D,0,,,,,Y,,A,07,0,0,0,0,0,0,0,0,0,"- ","- ",35.465000152587891,-117.965087890625,KERN,UNINCORPORATED,-117.96510314941406,35.465003967285156
91401976,2021,2021-02-03,9830,2021-01-30,2015,020960,,6,2,9,1500,0,3,5,,2,002,"CLAYMIND ROAD","LORRAINE AVENUE",42.00,S,N,A,-,N,,,,,,,,,,Y,2,0,2,2,A,-,01,23152,A,N,C,C,A,A,H,-,D,D,0,,,,,Y,Y,A,01,1,1,0,0,0,0,0,0,0,"- ","- ",35.013801574707031,-117.83725738525391,KERN,UNINCORPORATED,-117.83732604980469,35.013713836669922
91402815,2021,2021-02-04,9426,2021-01-20,0615,016050,,3,1,9,1500,0,3,5,,2,085,"LERDO HWY.","MAIN DRAIN RD.",7392.00,W,N,A,-,N,,,,,,,,,,Y,1,1,1,2,A,-,05,21650,,N,A,C,A,A,H,-,D,D,0,,,,,Y,,A,01,0,1,0,0,0,0,0,0,0,"- ","- ",35.49932861328125,-119.62843322753906,KERN,UNINCORPORATED,-119.62757873535156,35.499340057373047
91404124,2020,2021-02-08,9420,2020-12-06,2500,017243,,7,4,9,1500,0,3,5,,2,530,"POPLAR AVENUE","MERCED AVENUE",0.00,,Y,A,-,N,,,,,,,,,,Y,1,1,0,1,A,-,01,23152,A,N,E,I,A,A,H,-,D,A,0,,,,,Y,Y,A,01,0,0,0,0,0,0,0,0,0,"- ","- ",35.527568817138672,-119.2957763671875,KERN,UNINCORPORATED,-119.29561614990234,35.529071807861328
91404699,2021,2021-02-08,9420,2021-02-06,1422,021260,,6,2,6,1502,0,1,3,,2,092,"STATE ROUTE 99 NORTHBOUND","STATE ROUTE 58",177.00,N,N,A,-,Y,,,99,,,,,,N,Y,1,1,0,2,A,-,07,21658,A,N,B,C,A,A,D,H,A,D,0,,,Y,,Y,,-,"- ",0,0,0,0,0,0,0,1,0,"- ","- ",35.353359222412109,-119.03942108154297,KERN,BAKERSFIELD,-119.03940582275391,35.353359222412109
91405439,2021,2021-02-09,9420,2021-01-30,1844,021140,,6,2,9,1500,0,1,3,,2,223,SR-223,"GENERAL BEALE ROAD",3168.00,W,N,A,-,Y,,,223,,,,,,,Y,2,0,1,2,A,-,03,22350,,N,D,C,A,A,C,-,D,D,0,,,Y,Y,Y,,C,02,1,0,0,0,0,0,0,0,1,"- ","- ",35.209369659423828,-118.76421356201172,KERN,UNINCORPORATED,-118.76421356201172,35.209369659423828
91405510,2021,2021-02-09,9420,2021-02-02,1305,014770,,2,1,9,1500,0,1,3,,1,650,SR-65,SR-155,0.00,,Y,A,-,Y,,,65,,,,,,,Y,2,0,1,2,A,-,12,22450,A,N,D,C,A,A,H,-,A,A,0,,,,Y,Y,,F,26,1,0,0,0,0,0,0,0,0,"- ","- ",35.762050628662109,-119.05335235595703,KERN,UNINCORPORATED,-119.05325317382812,35.762050628662109
91408659,2021,2021-02-16,9420,2021-02-03,1548,020366,,3,2,9,1500,0,3,5,,2,672,"WHEELER RIDGE ROAD","CRIDER ROAD",118.00,S,N,A,-,N,,,,,,,,,,Y,2,0,4,2,A,-,09,21801,A,N,A,C,A,A,H,-,A,D,0,,,,,Y,,D,22,2,0,2,0,0,0,0,0,0,"- ","- ",35.107200622558594,-118.91478729248047,KERN,UNINCORPORATED,-118.91468811035156,35.107177734375
91408677,2021,2021-02-16,9420,2021-02-07,2000,021296,,7,2,9,1500,0,3,5,,2,671,"S. EDISON RD.","BUENA VISTA BLVD.",1320.00,S,N,A,-,N,,,,,,,,,,Y,2,0,3,1,A,-,08,22107,,N,F,A,A,A,H,-,D,D,0,,,,,Y,,D,22,1,2,0,0,0,0,0,0,0,"- ","- ",35.235851287841797,-118.87831878662109,KERN,UNINCORPORATED,-118.87828063964844,35.234390258789062
91410863,2021,2021-02-18,9830,2021-02-09,0300,021959,,2,3,9,1500,0,1,3,,2,030,"SR-14 N/B","AVENUE A",6864.00,N,N,A,-,Y,,,14,,,,,,N,Y,2,0,1,1,A,-,01,23152,A,N,F,I,A,A,H,-,D,D,0,,,,,Y,Y,A,07,1,0,0,0,0,0,0,0,0,"- ","- ",34.840950012207031,-118.17048645019531,KERN,UNINCORPORATED,-118.1707763671875,34.840927124023438
91411519,2020,2021-02-19,9420,2020-11-25,2201,021133,,3,3,9,1500,0,1,3,,1,650,"STATE ROUTE 65","JAMES ROAD",1387.00,N,N,A,-,Y,,,65,,,,,,,Y,1,3,0,2,A,-,01,23152,F,N,A,C,A,A,H,-,D,D,0,,,,,Y,,A,08,0,0,0,0,0,0,0,0,0,"- ","- ",35.477790832519531,-119.07480621337891,KERN,UNINCORPORATED,-119.07483673095703,35.477787017822266
91411867,2021,2021-02-19,9426,2021-02-11,0643,017230,,4,1,9,1500,0,1,3,,1,167,"STATE HIGHWAY 166","OLD RIVER RD",19536.00,W,N,A,-,Y,,,166,,,,,,,Y,2,0,1,2,A,-,08,22107,,N,D,C,A,A,H,-,B,D,0,,,,,Y,,A,01,1,0,0,0,0,0,0,0,0,"- ","- ",35.058441162109375,-119.20456695556641,KERN,UNINCORPORATED,-119.20456695556641,35.058433532714844
91412988,2021,2021-02-22,9420,2021-02-20,1930,021296,,6,2,9,1500,0,3,5,,2,040,"RIVER BLVD","HEIGHT ST.",0.00,,Y,A,-,N,,,,,,,,,,Y,2,0,1,2,A,-,09,21802,A,N,D,C,A,A,H,-,C,A,0,,,,,Y,,A,07,1,0,0,0,0,0,0,0,0,"- ","- ",35.3939208984375,-118.98519134521484,KERN,UNINCORPORATED,-118.98516845703125,35.393886566162109
91413299,2021,2021-02-23,9420,2021-02-20,1410,019868,,6,2,9,1500,0,1,3,,2,091,"SR-99 S/B","COUNTY LINE RD",200.00,S,N,A,-,Y,,,99,,,,,,S,Y,2,0,6,1,A,-,08,22107,,N,F,A,A,A,H,-,A,D,0,,,,,Y,,A,07,1,2,3,0,0,0,0,0,0,"- ","- ",35.789451599121094,-119.25051879882812,KERN,UNINCORPORATED,-119.25054931640625,35.789443969726562
91413806,2021,2021-02-23,9426,2021-02-17,1445,019658,,3,2,9,1500,0,3,5,,2,080,"LOST HILLS ROAD","7TH STANDARD RD",1320.00,N,N,A,-,N,,,,,,,,,,Y,2,0,2,2,A,-,08,22107,,N,B,C,A,A,H,-,A,A,0,,,,Y,Y,,K,45,1,0,1,0,0,0,0,0,0,"- ","- ",35.444969177246094,-119.68936157226562,KERN,UNINCORPORATED,-119.68934631347656,35.444732666015625