CASE_ID,ACCIDENT_YEAR,PROC_DATE,JURIS,COLLISION_DATE,COLLISION_TIME,OFFICER_ID,REPORTING_DISTRICT,DAY_OF_WEEK,CHP_SHIFT,POPULATION,CNTY_CITY_LOC,SPECIAL_COND,BEAT_TYPE,CHP_BEAT_TYPE,CITY_DIVISION_LAPD,CHP_BEAT_CLASS,BEAT_NUMBER,PRIMARY_RD,SECONDARY_RD,DISTANCE,DIRECTION,INTERSECTION,WEATHER_1,WEATHER_2,STATE_HWY_IND,CALTRANS_COUNTY,CALTRANS_DISTRICT,STATE_ROUTE,ROUTE_SUFFIX,POSTMILE_PREFIX,POSTMILE,LOCATION_TYPE,RAMP_INTERSECTION,SIDE_OF_HWY,TOW_AWAY,COLLISION_SEVERITY,NUMBER_KILLED,NUMBER_INJURED,PARTY_COUNT,PRIMARY_COLL_FACTOR,PCF_CODE_OF_VIOL,PCF_VIOL_CATEGORY,PCF_VIOLATION,PCF_VIOL_SUBSECTION,HIT_AND_RUN,TYPE_OF_COLLISION,MVIW,PED_ACTION,ROAD_SURFACE,ROAD_COND_1,ROAD_COND_2,LIGHTING,CONTROL_DEVICE,CHP_ROAD_TYPE,PEDESTRIAN_ACCIDENT,BICYCLE_ACCIDENT,MOTORCYCLE_ACCIDENT,TRUCK_ACCIDENT,NOT_PRIVATE_PROPERTY,ALCOHOL_INVOLVED,STWD_VEHTYPE_AT_FAULT,CHP_VEHTYPE_AT_FAULT,COUNT_SEVERE_INJ,COUNT_VISIBLE_INJ,COUNT_COMPLAINT_PAIN,COUNT_PED_KILLED,COUNT_PED_INJURED,COUNT_BICYCLIST_KILLED,COUNT_BICYCLIST_INJURED,COUNT_MC_KILLED,COUNT_MC_INJURED,PRIMARY_RAMP,SECONDARY_RAMP,LATITUDE,LONGITUDE,COUNTY,CITY,POINT_X,POINT_Y
91414241,2021,2021-02-24,9420,2021-02-16,1015,016767,,2,1,9,1500,0,1,3,,2,091,"SR-99 S/B","WOOLLOMES AVENUE O/C",1056.00,N,N,A,-,Y,,,,,,,,,,Y,2,0,1,2,A,-,03,22350,,N,C,C,A,A,H,-,A,D,0,,,,Y,Y,,A,01,1,0,0,0,0,0,0,0,0,"- ","- ",35.750690460205078,-119.24564361572266,KERN,UNINCORPORATED,-119.24440002441406,35.748035430908203
9141945,2020,2020-10-01,1507,2020-08-05,2030,269,,3,5,3,1507,0,0,0,,0,,"RT 43","RIVERSIDE ST",0.00,,Y,A,-,Y,KER,6,43,-,-,15.320,I,5,N,N,2,0,1,2,A,-,12,22450,A,N,D,C,A,A,H,-,D,A,0,,,,,Y,,A,07,1,0,0,0,0,0,0,0,0,"- ","- ",35.485279083251953,-119.26072692871094,KERN,SHAFTER,-119.26072692871094,35.485176086425781
91426956,2021,2021-03-15,9420,2021-03-05,0028,019903,,5,3,6,1502,0,1,3,,2,094,"SR-99 N/B ON-RAMP","PANAMA LANE",432.00,N,N,A,-,Y,,,99,,,,,,N,Y,2,0,1,1,A,-,08,22107,,F,F,I,A,A,H,-,D,D,0,,,,,Y,Y,A,07,1,0,0,0,0,0,0,0,0,"- ","- ",35.298370361328125,-119.03086090087891,KERN,BAKERSFIELD,-119.03103637695312,35.298324584960938
91427463,2021,2021-04-06,9830,2021-03-08,1910,019977,,1,2,9,1500,0,1,3,,2,021,"SR-58 W/B","CALIFORNIA CITY BLVD",0.00,,Y,A,-,Y,,,58,,,,,,W,Y,2,0,2,2,A,-,09,21802,A,N,D,C,A,A,H,-,C,D,0,,,,,Y,,D,22,1,1,0,0,0,0,0,0,0,"- ","- ",35.01239013671875,-117.91694641113281,KERN,UNINCORPORATED,-117.916946,35.012390000000003
91427652,2021,2021-03-15,9830,2021-03-07,0200,020960,,7,3,9,1500,0,1,3,,2,030,"SR14 SOUTHBOUND","DAWN ROAD",7392.00,S,N,A,-,Y,,,14,,,,,,S,Y,2,0,2,1,A,-,01,23152,A,N,E,I,A,A,D,-,D,D,0,,,,,Y,Y,A,01,2,0,0,0,0,0,0,0,0,"- ","- ",34.887851715087891,-118.16616058349609,KERN,UNINCORPORATED,-118.16622924804688,34.887855529785156
91428541,2021,2021-03-16,9420,2021-03-07,0740,016978,,7,1,9,1500,0,1,3,,2,431,SR-43,"DRESSER ROAD",110.00,N,N,B,-,Y,,,,,,,,,,Y,2,0,1,1,A,-,08,22107,,N,F,A,A,A,H,-,A,D,0,,,,,Y,,A,01,1,0,0,0,0,0,0,0,0,"- ","- ",35.527400970458984,-119.32444000244141,KERN,UNINCORPORATED,-119.32915496826172,35.544017791748047
91428911,2021,2021-03-17,9420,2021-03-04,1513,018117,,4,2,9,1500,0,3,5,,2,520,"SHERWOOD AVENUE","ZACAHRY AVENUE",1483.00,W,N,A,-,N,,,,,,,,,,N,2,0,1,2,A,-,05,21650,,N,H,G,A,A,H,-,A,D,0,,Y,,,Y,,D,22,1,0,0,0,0,0,1,0,0,"- ","- ",35.674568176269531,-119.19194030761719,KERN,UNINCORPORATED,-119.19214630126953,35.674625396728516
91429422,2021,2021-03-17,9420,2021-03-15,1902,020672,,1,2,9,1500,0,3,5,,2,671,"DI GIORGIO RD","MYRTLE AVE",0.00,,Y,A,-,N,,,,,,,,,,Y,2,0,4,2,A,-,09,21802,A,N,D,C,A,B,H,-,B,A,0,,,,,Y,,A,01,1,3,0,0,0,0,0,0,0,"- ","- ",35.252460479736328,-118.9097900390625,KERN,UNINCORPORATED,-118.90980529785156,35.252433776855469
91429479,2021,2021-03-17,9420,2021-03-07,1642,020672,,7,2,9,1500,0,3,5,,2,630,"OLD RIVER RD","MILLUX RD",0.00,,Y,A,-,N,,,,,,,,,,Y,2,0,2,3,A,-,05,21752,D,F,B,C,A,A,H,-,A,D,0,,,Y,,Y,,C,02,1,0,1,0,0,0,0,0,2,"- ","- ",35.180568695068359,-119.10999298095703,KERN,UNINCORPORATED,-119.11000823974609,35.180622100830078
91430846,2021,2021-03-19,9420,2021-03-08,1445,015896,,1,2,9,1500,0,1,3,,2,431,"SR-43 (ENOS LN)","SAN DIEGO ST",0.00,,Y,A,-,Y,,,43,,,,,,,Y,2,0,1,2,A,-,09,21804,A,F,D,D,A,A,H,-,A,D,0,,,Y,,Y,,A,01,1,0,0,0,0,0,0,0,1,"- ","- ",35.4635009765625,-119.26090240478516,KERN,UNINCORPORATED,-119.26097869873047,35.4635009765625
91434392,2021,2021-03-24,9420,2021-02-16,2025,021140,,2,2,9,1500,0,2,4,,1,064,"OLIVE DRIVE","ROBERTS LANE",616.00,W,N,A,-,N,,,,,,,,,,Y,1,1,0,2,A,-,17,24250,,N,D,C,A,A,H,-,D,D,0,,,Y,,Y,,C,02,0,0,0,0,0,0,0,1,0,"- ","- ",35.412471771240234,-119.05088043212891,KERN,UNINCORPORATED,-119.0506591796875,35.412300109863281
91435284,2021,2021-03-25,9420,2021-03-19,0755,019184,,5,1,9,1500,0,1,3,,2,587,"SR-58 WB",SR-184,255.00,E,N,A,-,Y,,,58,,,,,,W,Y,2,0,1,1,A,-,08,22107,,N,E,I,A,A,H,-,A,D,0,,,,,Y,,B,07,1,0,0,0,0,0,0,0,0,"- ","- ",35.352451324462891,-118.91232299804688,KERN,UNINCORPORATED,-118.91233062744141,35.352329254150391
91437063,2021,2021-04-16,9420,2021-02-09,1405,020366,,2,2,9,1500,0,3,5,,2,630,"COPUS ROAD","I-5 N/B",4453.00,E,N,A,-,N,,,,,,,,,,Y,1,1,1,2,A,-,08,22107,,N,A,C,A,A,H,-,A,D,0,,,,Y,Y,,A,01,1,0,0,0,0,0,0,0,0,"- ","- ",35.095161437988281,-119.02208709716797,KERN,UNINCORPORATED,-119.02388763427734,35.095161437988281
91438382,2021,2021-03-29,9420,2021-03-27,2120,020782,,6,2,9,1500,0,3,5,,2,040,"GRANITE ROAD","N. CHESTER AVENUE EXTENSION",345.00,N,N,A,-,N,,,,,,,,,,Y,2,0,1,1,A,-,05,21651,B,N,E,I,A,A,H,-,D,D,0,,,Y,,Y,,C,02,1,0,0,0,0,0,0,0,1,"- ","- ",35.464241027832031,-119.02574157714844,KERN,UNINCORPORATED,-119.02581024169922,35.4642333984375
91438462,2020,2021-04-06,9420,2020-10-26,1627,017972,,1,2,9,1500,0,2,4,,1,051,"MANOR STREET","FELTON STREET",213.00,E,N,A,-,N,,,,,,,,,,N,1,1,0,3,A,-,03,22350,,N,G,B,E,A,H,-,A,D,0,Y,,,Y,Y,,F,26,0,0,0,1,0,0,0,0,0,"- ","- ",35.439899444580078,-119.01850128173828,KERN,UNINCORPORATED,-119.01853942871094,35.439891815185547
91442155,2021,2021-04-02,9426,2021-03-25,2146,018610,,4,2,9,1500,0,3,5,,2,087,"OLD RIVER ROAD","HERRING ROAD",0.00,,Y,A,-,N,,,,,,,,,,Y,2,0,2,2,A,-,12,22450,A,N,D,C,A,A,H,-,D,A,0,,,,Y,Y,,A,01,1,1,0,0,0,0,0,0,0,"- ","- ",35.151950836181641,-119.10964965820312,KERN,UNINCORPORATED,-119.10981750488281,35.151947021484375
91444359,2020,2021-04-06,9830,2020-12-21,0714,020960,,1,1,9,1500,0,2,4,,1,034,"ROSAMOND BOULEVARD","25TH STREET WEST",0.00,,Y,A,-,N,,,,,,,,,,Y,1,1,1,2,A,-,01,23152,A,N,D,C,A,A,H,-,A,A,0,,,,,Y,Y,A,01,0,1,0,0,0,0,0,0,0,"- ","- ",34.864280700683594,-118.17591857910156,KERN,UNINCORPORATED,-118.17594146728516,34.864200592041016
91444851,2021,2021-04-07,9420,2021-03-30,0534,019649,,2,3,9,1500,0,1,3,,2,588,"SR-58 E/B",SR-223,2640.00,W,N,A,-,Y,,,58,,,,,,E,Y,2,0,1,2,A,-,08,22107,,N,C,E,A,A,H,-,D,D,0,,,,Y,Y,,F,26,1,0,0,0,0,0,0,0,0,"- ","- ",35.266201019287109,-118.66692352294922,KERN,UNINCORPORATED,-118.66690063476562,35.266273498535156
91445068,2021,2021-04-07,9420,2021-04-01,1816,016691,,4,2,9,1500,0,2,4,,1,071,"MT VERNON AVE","POTOMAC AVE",0.00,,Y,A,-,N,,,,,,,,,,Y,2,0,1,2,A,-,01,23152,F,N,A,C,A,A,H,-,A,A,0,,,,,Y,,A,01,1,0,0,0,0,0,0,0,0,"- ","- ",35.364959716796875,-118.967529296875,KERN,UNINCORPORATED,-118.96759796142578,35.364959716796875
91446855,2021,2021-04-09,9420,2021-03-30,1950,019963,,2,2,9,1500,0,2,4,,1,051,"AIRPORT DRIVE","EL TEJON AVE.",9.00,S,N,A,-,N,,,,,,,,,,N,2,0,1,2,A,-,10,21950,A,N,G,B,C,A,H,-,C,A,0,Y,,,,Y,,A,01,1,0,0,0,1,0,0,0,0,"- ","- ",35.417999267578125,-119.03910064697266,KERN,UNINCORPORATED,-119.03916168212891,35.418045043945312
91446980,2021,2021-04-09,9830,2021-03-23,1220,020866,,2,1,9,1500,0,3,5,,2,002,"K ST","BELSHAW ST",158.00,S,N,A,-,N,,,,,,,,,,Y,2,0,3,1,A,-,08,22107,,N,E,I,A,A,H,-,A,D,0,,,,,Y,,A,07,2,0,1,0,0,0,0,0,0,"- ","- ",35.054779052734375,-118.17298889160156,KERN,UNINCORPORATED,-118.17301940917969,35.054756164550781
91448463,2021,2021-04-12,9830,2021-04-02,1220,020866,,5,1,9,1500,0,1,3,,2,012,"SR-58 E/B","TEHACHAPI BLVD. UNDERCROSSING",2112.00,W,N,A,-,Y,,,58,,,,,,E,Y,2,0,1,2,A,-,08,22107,,N,D,C,A,A,H,-,A,D,0,,,,,Y,,A,01,1,0,0,0,0,0,0,0,0,"- ","- ",35.110221862792969,-118.32895660400391,KERN,UNINCORPORATED,-118.32895660400391,35.110240936279297
91451015,2021,2021-04-15,9420,2021-04-08,0705,018387,,4,1,9,1500,0,3,5,,2,672,"BELLE TERRACE","CITADEL ST",120.00,E,N,A,-,N,,,,,,,,,,Y,2,0,1,2,A,-,05,21460,A,N,A,E,A,A,H,-,A,D,0,,,,,Y,,D,22,1,0,0,0,0,0,0,0,0,"- ","- ",35.346809387207031,-118.98792266845703,KERN,UNINCORPORATED,-118.98838806152344,35.346698760986328
91451106,2021,2021-04-15,9420,2021-04-07,1920,015896,,3,2,9,1500,0,3,5,,2,550,"COUNTY LINE RD","REED RD",10.00,W,N,A,-,N,,,,,,,,,,Y,2,0,1,1,A,-,08,22107,,N,E,I,A,A,H,-,D,D,0,,,,,Y,,A,01,1,0,0,0,0,0,0,0,0,"- ","- ",35.790599822998047,-119.16069793701172,KERN,UNINCORPORATED,-119.16081237792969,35.790641784667969
91451239,2021,2021-04-15,9420,2021-04-11,1140,016926,,7,1,6,1502,0,1,3,,2,582,"SR-58 E/B (WESTSIDE PARKWAY)","JEWETTA AVENUE",195.00,E,N,A,-,Y,,,,,,,,,,Y,2,0,1,2,A,-,07,21658,A,N,B,C,A,A,H,-,A,D,0,,,,,Y,,A,01,1,0,0,0,0,0,0,0,0,"- ","- ",35.361888885498047,-119.12637329101562,KERN,BAKERSFIELD,-119.13090515136719,35.383453369140625
91451735,2021,2021-05-17,9830,2021-04-01,0700,020960,,4,1,9,1500,0,1,3,,2,030,"SR 14 SOUTHBOUND","AVENUE A",3696.00,N,N,A,-,Y,,,14,,,,,,S,Y,2,0,2,2,A,-,01,23152,A,N,C,C,A,A,H,-,A,D,0,,,,,Y,Y,A,01,1,1,0,0,0,0,0,0,0,"- ","- ",34.830879211425781,-118.17041015625,KERN,UNINCORPORATED,-118.17041015625,34.830879211425781
91452357,2021,2021-04-16,9830,2021-04-05,0925,020655,,1,1,9,1500,0,1,3,,2,030,"SR-14 S/B","AVENUE A",6196.00,N,N,A,-,Y,,,14,,,,,,S,Y,2,0,3,2,D,-,00,,,N,C,C,A,A,H,-,A,D,0,,,,,Y,,-,"- ",1,2,0,0,0,0,0,0,0,"- ","- ",34.837600708007812,-118.17086791992188,KERN,UNINCORPORATED,-118.17092132568359,34.837596893310547
91454355,2021,2021-04-20,9420,2021-04-14,2102,021296,,3,2,9,1500,0,3,5,,2,050,"WILSON AVE.","SANFORD DR.",0.00,,Y,A,-,N,,,,,,,,,,Y,2,0,1,2,A,-,09,21800,A,N,D,C,A,A,H,-,D,D,0,,,Y,,Y,,C,02,1,0,0,0,0,0,0,0,1,"- ","- ",35.417289733886719,-118.04337310791016,KERN,UNINCORPORATED,-119.04335784912109,35.417240142822266
91455567,2021,2021-04-21,9420,2021-04-08,2051,019316,,4,2,9,1500,0,3,5,,2,050,"FERGUSON AVENUE","IRIS STREET",240.00,W,N,A,-,N,,,,,,,,,,N,2,0,1,2,A,-,03,22350,,F,G,B,E,A,H,-,D,D,0,Y,,,,Y,,A,07,1,0,0,0,1,0,0,0,0,"- ","- ",35.415851593017578,-119.01740264892578,KERN,UNINCORPORATED,-119.01729583740234,35.415851593017578
91457415,2021,2021-04-23,9420,2021-04-15,1615,021547,,4,2,9,1500,0,1,3,,2,178,"STATE ROUTE 178","VISTA GRANDE DRIVE",1593.00,W,N,A,-,Y,,,178,,,,,,,N,2,0,1,2,A,-,11,21954,A,N,G,B,E,A,H,-,A,D,0,Y,,,,Y,,N,60,1,0,0,0,1,0,0,0,0,"- ","- ",35.656478881835938,-118.33000946044922,KERN,UNINCORPORATED,-118.33001708984375,35.656845092773438
91457421,2021,2021-04-23,9426,2021-04-20,1345,018909,,2,1,9,1500,0,1,1,,2,504,"I-5 N/B","STATION RD OVERCROSS",4224.00,N,N,A,-,Y,,,5,,,,,,N,Y,2,0,2,2,A,-,03,22350,,N,C,C,A,A,H,-,A,D,0,,,,Y,Y,,A,01,1,1,0,0,0,0,0,0,0,"- ","- ",35.339881896972656,-119.31427001953125,KERN,UNINCORPORATED,-119.3143310546875,35.339794158935547
91460094,2021,2021-04-28,9830,2021-04-18,0100,021959,,7,3,9,1500,0,2,4,,1,032,"SIERRA HIGHWAY","MARIE AVE",351.00,N,N,A,-,Y,,,,,,,,,,Y,2,0,1,1,A,-,01,23152,A,N,F,A,A,A,H,-,D,D,0,,,,,Y,Y,A,01,1,0,0,0,0,0,0,0,0,"- ","- ",34.852710723876953,-118.16153717041016,KERN,UNINCORPORATED,-118.16091156005859,34.850849151611328
91461726,2021,2021-04-29,9420,2021-04-19,1710,021134,,1,2,9,1500,0,1,3,,1,184,SR-184,"E WHITE LN",675.00,S,N,A,-,Y,,,184,,,,,,,Y,2,0,1,1,A,-,08,22107,,N,E,I,A,A,H,-,A,D,0,,,,,Y,Y,D,22,1,0,0,0,0,0,0,0,0,"- ","- ",35.3160400390625,-118.91448211669922,KERN,UNINCORPORATED,-118.91432189941406,35.3160400390625
91463447,2021,2021-04-30,9420,2021-04-25,1335,021140,,7,1,9,1500,0,3,5,,2,050,"MERLE HAGGARD DRIVE","MCCRAY STREET",0.00,,Y,B,-,N,,,,,,,,,,Y,2,0,1,1,A,-,08,22107,,N,E,I,A,A,H,-,A,A,0,,,,,Y,,A,01,1,0,0,0,0,0,0,0,0,"- ","- ",35.44097900390625,-119.02960968017578,KERN,UNINCORPORATED,-119.02982330322266,35.441154479980469
91463979,2021,2021-05-03,9420,2021-04-20,2153,020484,,2,2,9,1500,0,1,3,,2,097,"SR-99 S/B","SOUTH UNION AVE. OVER-CROSSING",700.00,S,N,A,-,Y,,,99,,,,,,S,Y,2,0,1,2,A,-,01,23152,A,N,C,C,A,A,H,-,D,D,0,,,,Y,Y,Y,A,01,1,0,0,0,0,0,0,0,0,"- ","- ",35.168258666992188,-119.00303649902344,KERN,UNINCORPORATED,-119.00306701660156,35.168251037597656
91466810,2021,2021-05-06,9420,2021-05-01,0112,020484,,6,3,9,1500,0,1,3,,2,095,"SR-99 S/B","PACHECO ROAD",800.00,N,N,A,-,Y,,,,,,,,,,Y,2,0,1,2,A,-,01,23152,A,N,C,C,A,A,H,-,D,D,0,,,Y,,Y,Y,C,02,1,0,0,0,0,0,0,0,1,"- ","- ",35.310638427734375,-119.03443145751953,KERN,UNINCORPORATED,-119.03497314453125,35.312419891357422
91468196,2021,2021-05-07,9420,2021-04-22,0550,016767,,4,3,9,1500,0,3,5,,2,672,"ADOBE ROAD","SANDRINI ROAD",0.00,,Y,A,-,N,,,,,,,,,,Y,2,0,1,2,A,-,09,21801,A,N,D,C,A,A,H,-,B,A,0,,,,,Y,,A,01,1,0,0,0,0,0,0,0,0,"- ","- ",35.122169494628906,-118.96766662597656,KERN,UNINCORPORATED,-118.96768951416016,35.122177124023438
91470017,2021,2021-05-11,9830,2021-05-05,0955,017237,,3,1,9,1500,0,3,5,,2,001,"UNNAMED DIRT ROAD",SR-202,7392.00,W,N,A,-,N,,,,,,,,,,N,2,0,1,1,B,-,22,,,N,E,I,A,A,H,-,A,D,0,,,Y,,Y,,C,02,1,0,0,0,0,0,0,0,1,"- ","- ",35.147468566894531,-118.47126007080078,KERN,UNINCORPORATED,,
91470310,2021,2021-05-11,9430,2021-05-06,0345,016681,,4,3,9,1500,0,1,1,,2,052,"I-5 S/B","LEBEC SERVICE ROAD",32.00,S,N,A,-,Y,,,5,,,,,,S,Y,2,0,3,2,C,-,18,,,N,D,C,A,A,H,-,D,D,0,,,,,Y,,-,"- ",1,2,0,0,0,0,0,0,0,"- ","- ",34.835781097412109,-118.86361694335938,KERN,UNINCORPORATED,-118.86366271972656,34.835803985595703
91470487,2021,2021-05-11,9430,2021-04-04,0304,021486,,7,3,9,1500,0,1,1,,2,054,"I-5 N/B (GOLDEN STATE FREEWAY)","SERVICE ROAD",1170.00,N,N,A,-,Y,,,5,,,,,,N,Y,1,1,0,2,A,-,03,22350,,N,C,C,A,A,H,-,D,D,0,,,,Y,Y,,A,01,0,0,0,0,0,0,0,0,0,"- ","- ",34.975379943847656,-118.94161224365234,KERN,UNINCORPORATED,-118.94168090820312,34.975357055664062
91471167,2020,2021-05-12,9420,2020-12-12,2304,021134,,6,3,6,1502,0,1,3,,2,585,"STATE ROUTE 58 WESTBOUND","HUGHES LANE",650.00,E,N,A,-,Y,,,58,,,,,,W,N,1,1,0,2,A,-,11,21954,A,N,G,B,D,A,H,-,C,D,0,Y,,,,Y,Y,N,60,0,0,0,1,0,0,0,0,0,"- ","- ",35.352710723876953,-119.02818298339844,KERN,BAKERSFIELD,-119.02818298339844,35.352756500244141
91474397,2021,2021-05-17,9420,2021-05-03,0340,020366,,1,3,9,1500,0,1,3,,2,155,"SR-155 (GARCES HWY)","DRIVER ROAD",350.00,E,N,A,-,Y,,,155,,,,,,,Y,2,0,1,1,A,-,08,22107,,N,E,I,A,A,H,-,D,D,0,,,,,Y,,D,22,1,0,0,0,0,0,0,0,0,"- ","- ",35.761360168457031,-119.20401763916016,KERN,UNINCORPORATED,-119.20401763916016,35.761417388916016
91474934,2021,2021-06-17,9420,2021-02-16,0300,016828,,2,3,9,1500,0,1,3,,1,184,"SR-184 (MAIN STREET)","DUNNSMERE STREET",500.00,S,N,A,-,Y,,,,,,,,,,N,1,1,0,2,A,-,11,21954,A,F,G,B,E,A,H,-,D,D,0,Y,,,,Y,,N,60,0,0,0,1,0,0,0,0,0,"- ","- ",35.145500183105469,-118.54509735107422,KERN,UNINCORPORATED,-118.91443634033203,35.248737335205078
91475422,2021,2021-05-18,9420,2021-05-08,2245,021600,,6,3,9,1500,0,3,5,,2,040,"GRANITE RD.","WOODY RD.",5280.00,E,N,A,-,N,,,,,,,,,,Y,2,0,1,1,A,-,08,22107,,N,E,I,A,A,H,-,D,D,0,,,,,Y,Y,A,01,1,0,0,0,0,0,0,0,0,"- ","- ",35.574100494384766,-118.94532012939453,KERN,UNINCORPORATED,-118.90721893310547,35.609340667724609
91476286,2021,2021-05-19,9420,2021-05-02,0104,019649,,7,3,9,1500,0,1,3,,1,184,SR-184,"PANAMA RD.",0.00,,Y,A,-,Y,,,184,,,,,,,Y,2,0,6,2,A,-,01,23152,A,N,D,C,A,A,H,-,C,A,0,,,,,Y,Y,A,01,1,0,5,0,0,0,0,0,0,"- ","- ",35.266929626464844,-118.91432189941406,KERN,UNINCORPORATED,-118.91440582275391,35.266929626464844
91478229,2021,2021-05-27,9420,2021-05-14,2042,021296,,5,2,9,1500,0,2,4,,1,072,"EDISON HWY.","OGDEN ST",193.00,E,N,A,-,N,,,,,,,,,,N,2,0,1,2,A,-,11,21954,A,N,G,B,D,A,H,-,D,D,0,Y,,,,Y,,N,60,1,0,0,0,1,0,0,0,0,"- ","- ",35.372188568115234,-118.97219085693359,KERN,UNINCORPORATED,-118.97341156005859,35.372501373291016
91478316,2021,2021-05-27,9420,2021-05-13,0720,016767,,4,1,9,1500,0,3,5,,2,060,"SNOW ROAD","DOLE COURT",415.00,E,N,A,-,N,,,,,,,,,,Y,2,0,1,2,A,-,08,22107,,N,D,C,A,A,H,-,A,D,0,,,,Y,Y,,A,01,1,0,0,0,0,0,0,0,0,"- ","- ",35.426948547363281,-119.07061767578125,KERN,UNINCORPORATED,-119.06978607177734,35.426929473876953
91479892,2021,2021-05-27,9420,2021-05-15,2250,020366,,6,3,9,1500,0,1,3,,2,589,"SR-58 W/B","BEALVILLE ROAD",5808.00,E,N,A,-,Y,,,58,,,,,,W,Y,2,0,1,1,A,-,08,22107,,N,E,I,A,A,H,-,D,D,0,,,,,Y,,A,01,1,0,0,0,0,0,0,0,0,"- ","- ",35.258449554443359,-118.61473846435547,KERN,UNINCORPORATED,-118.61476135253906,35.2584228515625
91482168,2021,2021-05-27,9420,2021-05-20,1430,019868,,4,2,9,1500,0,3,5,,2,040,"BERNARD ST","RIVER BLVD",320.00,E,N,A,-,N,,,,,,,,,,Y,2,0,2,2,A,-,09,21801,A,N,D,C,A,A,H,-,A,D,0,,,,,Y,,A,01,1,0,1,0,0,0,0,0,0,"- ","- ",35.390590667724609,-118.98387908935547,KERN,UNINCORPORATED,-118.98394012451172,35.390575408935547
91482775,2021,2021-05-27,9830,2021-05-17,1442,022202,,1,2,9,1500,0,1,3,,1,031,"SR-14 N/B","MEYER RD",577.00,N,N,A,-,Y,,,,,,,,,,Y,2,0,2,2,A,-,08,22107,,N,B,C,A,A,H,-,A,D,0,,,,Y,Y,,A,01,1,1,0,0,0,0,0,0,0,"- ","- ",35.024200439453125,-118.10160064697266,KERN,UNINCORPORATED,,
91487872,2021,2021-06-02,9420,2021-05-26,2045,020040,,3,2,9,1500,0,1,3,,2,096,"SR-99 N/B TO HOUGHTON ROAD","HOUGHTON ROAD",52.00,S,N,A,-,Y,,,99,,,,R,,N,Y,2,0,1,1,A,-,08,22107,,N,F,A,A,A,H,-,C,D,0,,,,,Y,,A,01,1,0,0,0,0,0,0,0,0,"- ","- ",35.2376708984375,-119.01380920410156,KERN,UNINCORPORATED,-119.01380920410156,35.2376708984375
91488365,2021,2021-06-03,9420,2021-05-21,2100,017243,,5,2,9,1500,0,1,3,,2,430,SR-43,"GARCES HWY",0.00,,Y,A,-,Y,,,43,,,,,,,Y,2,0,2,2,A,-,09,21802,A,N,D,C,A,A,H,-,C,A,0,,,,,Y,,A,01,1,0,1,0,0,0,0,0,0,"- ","- ",35.761180877685547,-119.34445953369141,KERN,UNINCORPORATED,-119.34441375732422,35.761196136474609
91492794,2021,2021-06-09,9420,2021-06-02,1415,020163,,3,2,9,1500,0,3,5,,2,040,"ALFRED  HARRELL HWY.","GOODMANVILLE RD.",4224.00,W,N,A,-,N,,,,,,,,,,Y,2,0,3,2,A,-,05,21651,B,N,A,C,A,A,H,-,A,D,0,,,,,Y,,A,01,1,2,0,0,0,0,0,0,0,"- ","- ",35.426261901855469,-118.93914031982422,KERN,UNINCORPORATED,-118.93276214599609,35.436038970947266
91493099,2021,2021-06-09,9830,2021-06-07,1030,019271,,1,1,9,1500,0,3,5,,2,001,"TURF ST","HIGHLINE RD",1584.00,S,N,A,-,N,,,,,,,,,,N,2,0,1,2,A,-,06,21750,A,N,D,C,A,A,H,-,A,D,0,,,Y,,Y,,C,02,1,0,0,0,0,0,0,0,1,"- ","- ",35.106330871582031,-118.42366027832031,KERN,UNINCORPORATED,-118.42366027832031,35.105377197265625
91498613,2021,2021-06-16,9830,2021-02-23,2227,021553,,2,3,9,1500,0,1,3,,2,010,"STATE ROUTE 58 WESTBOUND","TEHACHAPI CREEK",971.00,E,N,A,-,Y,,,58,,,,,,W,Y,1,1,0,1,A,-,01,23152,F,N,E,I,A,A,H,-,D,D,0,,,,,Y,,A,01,0,0,0,0,0,0,0,0,0,"- ","- ",35.218879699707031,-118.554443359375,KERN,UNINCORPORATED,-118.55449676513672,35.218799591064453
91498628,2021,2021-06-16,9830,2021-06-13,1758,020113,,7,2,9,1500,0,3,5,,2,005,"SILVER RIDGE ST","KENDALL AVE",0.00,,Y,A,-,N,,,,,,,,,,N,2,0,1,2,A,-,09,21800,A,N,D,C,A,A,H,-,A,D,0,,,Y,,Y,,C,02,1,0,0,0,0,0,0,0,1,"- ","- ",35.586078643798828,-117.66583251953125,KERN,UNINCORPORATED,-117.66587066650391,35.586109161376953
91501376,2021,2021-06-21,9420,2021-06-11,0455,020366,,5,3,9,1500,0,3,5,,2,050,"MERLE HAGGARD DR","WINGS WAY",2388.00,W,N,A,-,N,,,,,,,,,,Y,2,0,2,2,A,-,03,22350,,N,E,J,A,A,H,-,D,D,0,,,,,Y,,A,01,1,1,0,0,0,0,0,0,0,"- ","- ",35.443340301513672,-119.06021118164062,KERN,UNINCORPORATED,-119.05978393554688,35.443206787109375