CASE_ID,ACCIDENT_YEAR,PROC_DATE,JURIS,COLLISION_DATE,COLLISION_TIME,OFFICER_ID,REPORTING_DISTRICT,DAY_OF_WEEK,CHP_SHIFT,POPULATION,CNTY_CITY_LOC,SPECIAL_COND,BEAT_TYPE,CHP_BEAT_TYPE,CITY_DIVISION_LAPD,CHP_BEAT_CLASS,BEAT_NUMBER,PRIMARY_RD,SECONDARY_RD,DISTANCE,DIRECTION,INTERSECTION,WEATHER_1,WEATHER_2,STATE_HWY_IND,CALTRANS_COUNTY,CALTRANS_DISTRICT,STATE_ROUTE,ROUTE_SUFFIX,POSTMILE_PREFIX,POSTMILE,LOCATION_TYPE,RAMP_INTERSECTION,SIDE_OF_HWY,TOW_AWAY,COLLISION_SEVERITY,NUMBER_KILLED,NUMBER_INJURED,PARTY_COUNT,PRIMARY_COLL_FACTOR,PCF_CODE_OF_VIOL,PCF_VIOL_CATEGORY,PCF_VIOLATION,PCF_VIOL_SUBSECTION,HIT_AND_RUN,TYPE_OF_COLLISION,MVIW,PED_ACTION,ROAD_SURFACE,ROAD_COND_1,ROAD_COND_2,LIGHTING,CONTROL_DEVICE,CHP_ROAD_TYPE,PEDESTRIAN_ACCIDENT,BICYCLE_ACCIDENT,MOTORCYCLE_ACCIDENT,TRUCK_ACCIDENT,NOT_PRIVATE_PROPERTY,ALCOHOL_INVOLVED,STWD_VEHTYPE_AT_FAULT,CHP_VEHTYPE_AT_FAULT,COUNT_SEVERE_INJ,COUNT_VISIBLE_INJ,COUNT_COMPLAINT_PAIN,COUNT_PED_KILLED,COUNT_PED_INJURED,COUNT_BICYCLIST_KILLED,COUNT_BICYCLIST_INJURED,COUNT_MC_KILLED,COUNT_MC_INJURED,PRIMARY_RAMP,SECONDARY_RAMP,LATITUDE,LONGITUDE,COUNTY,CITY,POINT_X,POINT_Y
91501673,2020,2021-06-21,9430,2020-09-14,0707,020504,,1,1,9,1500,0,1,1,,2,054,"I-5 N/B TO LAVAL W/B OFFRAMP","I-5 N/B TO LAVAL RD E/B",3.00,E,N,B,-,Y,,,5,,,,R,,N,Y,1,1,0,1,A,-,08,22107,,N,E,I,A,B,H,-,A,D,0,,,,,Y,,A,01,0,0,0,0,0,0,0,0,0,"- ","- ",34.984470367431641,-118.94435119628906,KERN,UNINCORPORATED,-118.94435119628906,34.984470367431641
91502449,2021,2021-06-22,9830,2021-06-15,1325,019271,,2,1,9,1500,0,3,5,,2,003,"TEHACHAPI WILLOW SPRINGS RD","OAK CREEK RD.",2640.00,S,N,A,-,N,,,,,,,,,,Y,2,0,5,4,A,-,05,21460,A,N,B,C,A,A,H,-,A,D,0,,,,Y,Y,,A,07,5,0,0,0,0,0,0,0,0,"- ","- ",35.042369842529297,-118.353271484375,KERN,UNINCORPORATED,-118.35396575927734,35.047428131103516
91502530,2021,2021-06-22,9420,2021-06-13,0435,021589,,7,3,9,1500,0,2,4,,1,077,"S. FAIRFAX RD","PANAMA LN",1795.00,N,N,A,-,N,,,,,,,,,,N,2,0,1,2,A,-,11,21954,A,N,G,B,E,A,H,-,D,D,0,Y,,,,Y,Y,N,60,1,0,0,0,1,0,0,0,0,"- ","- ",35.301021575927734,-118.93212127685547,KERN,UNINCORPORATED,-118.93209075927734,35.300914764404297
91507509,2021,2021-06-28,9420,2021-06-15,1935,021144,,2,2,9,1500,0,3,5,,2,070,"MONTEREY ST.","WEBSTER ST.",300.00,E,N,A,-,N,,,,,,,,,,Y,2,0,1,2,A,-,08,22107,,N,B,E,A,A,H,-,B,D,0,,,,,Y,,A,01,1,0,0,0,0,0,0,0,0,"- ","- ",35.374919891357422,-118.96244049072266,KERN,UNINCORPORATED,-118.96202850341797,35.374919891357422
91510209,2021,2021-06-30,9420,2021-06-25,1025,020672,,5,1,9,1500,0,3,5,,2,672,"GARY PL","BRYANT ST",203.00,N,N,A,-,N,,,,,,,,,,N,2,0,2,2,A,-,21,22106,,N,H,C,A,A,H,-,A,D,0,,,,,Y,,A,01,1,0,1,0,0,0,0,0,0,"- ","- ",35.307399749755859,-119.00070190429688,KERN,UNINCORPORATED,-119.00066375732422,35.307327270507812
91512046,2021,2021-07-02,9420,2021-06-27,1305,019311,,7,1,9,1500,0,2,4,,1,077,"S. FAIRFAX RD","DI GIORGIO RD.",1320.00,S,N,A,-,N,,,,,,,,,,Y,2,0,1,1,A,-,01,23152,A,N,E,J,A,A,H,-,A,D,0,,,,,Y,Y,A,01,1,0,0,0,0,0,0,0,0,"- ","- ",35.248531341552734,-118.93203735351562,KERN,UNINCORPORATED,-118.93212890625,35.248779296875
91512331,2021,2021-07-02,9420,2021-07-02,0640,014770,,5,1,9,1500,0,3,5,,2,520,"FAMOSO ROAD",SR-65,5808.00,W,N,A,-,N,,,,,,,,,,Y,2,0,1,1,A,-,08,22107,,N,E,I,A,A,H,-,A,D,0,,,,,Y,,D,22,1,0,0,0,0,0,0,0,0,"- ","- ",35.602508544921875,-119.08773803710938,KERN,UNINCORPORATED,-119.10709381103516,35.602371215820312
91513661,2021,2021-07-06,9420,2021-06-30,1445,020163,,3,2,9,1500,0,3,5,,2,672,"SOUTH COMANCHE DRIVE","EAST PANAMA LANE",0.00,,Y,A,-,N,,,,,,,,,,Y,2,0,5,2,A,-,09,21802,A,N,D,C,A,A,H,-,A,A,0,,,,,Y,,A,01,4,0,1,0,0,0,0,0,0,"- ","- ",35.296428680419922,-118.84293365478516,KERN,UNINCORPORATED,-118.84293365478516,35.296417236328125
91514591,2021,2021-07-07,9420,2021-06-30,1325,019311,,3,1,6,1502,0,1,3,,2,585,"SR-58 W/B","CHESTER AVE.",200.00,W,N,A,-,Y,,,58,,,,,,W,Y,2,0,3,3,A,-,03,22350,,N,C,C,A,A,H,-,A,D,0,,,,Y,Y,,D,22,1,1,1,0,0,0,0,0,0,"- ","- ",35.35260009765625,-119.01921844482422,KERN,BAKERSFIELD,-119.01921844482422,35.352699279785156
91515013,2021,2021-07-07,9420,2021-06-19,2355,021600,,6,3,9,1500,0,3,5,,2,040,"COLOMBUS ST.","LOMITA VERDE DR.",0.00,,Y,A,-,N,,,,,,,,,,Y,2,0,1,2,A,-,09,21801,A,F,D,C,A,A,H,-,D,D,0,,,Y,,Y,,A,07,1,0,0,0,0,0,0,0,1,"- ","- ",35.397441864013672,-118.99510192871094,KERN,UNINCORPORATED,-118.99510192871094,35.397487640380859
91515421,2021,2021-07-08,9830,2021-06-26,0635,020960,,6,1,9,1500,0,1,3,,1,022,SR58,"CLAYMINE ROAD",4224.00,W,N,A,-,Y,,,58,,,,,,,Y,2,0,2,1,A,-,08,22107,,N,F,A,A,A,H,-,A,D,0,,,,,Y,,A,07,1,1,0,0,0,0,0,0,0,"- ","- ",35.007801055908203,-117.85310363769531,KERN,UNINCORPORATED,-117.85308837890625,35.007965087890625
91515652,2021,2022-03-08,9420,2021-06-07,1200,014770,,1,1,9,1500,0,3,5,,2,530,"MAGNOLIA AVENUE","MERCED AVENUE",0.00,,Y,A,-,N,,,,,,,,,,Y,1,1,0,2,A,-,09,21802,A,N,D,C,A,A,H,-,A,A,0,,,,Y,Y,,G,25,0,0,0,0,0,0,0,0,0,"- ","- ",35.528938293457031,-119.36769104003906,KERN,UNINCORPORATED,-119.36764526367188,35.528923034667969
91515718,2021,2021-07-29,9430,2021-06-28,1425,019531,,1,2,9,1500,0,1,1,,2,053,"INTERSTATE 5 (I-5) SOUTHBOUN (S/B) NORTH OF #1 TUR","#1 TURN-THRU",1100.00,N,N,A,-,Y,,,5,,,,R,,,N,2,0,3,3,A,-,07,21658,A,N,B,C,A,A,H,-,A,D,0,,,,,Y,,A,07,1,2,0,0,0,0,0,0,0,"- ","- ",34.887710571289062,-118.90657043457031,KERN,UNINCORPORATED,-118.90657043457031,34.887710571289062
9151626,2020,2020-11-30,1500,2020-09-12,1555,202421,WA02,6,5,3,1510,0,0,0,,0,4401,"POSO DR","GRIFFITH AV",0.00,,Y,A,-,N,,,,,,,,,,Y,2,0,1,2,A,-,12,22450,A,N,B,C,A,A,H,-,A,D,0,,,Y,,Y,,C,06,1,0,0,0,0,0,0,0,1,"- ","- ",,,KERN,WASCO,-119.34046936035156,35.587009429931641
91516736,2021,2021-07-09,9420,2021-06-28,0245,020093,,1,3,9,1500,0,1,3,,1,184,SR-184,"MOUNTAIN VIEW RD",1584.00,S,N,A,-,Y,,,184,,,,,,,Y,2,0,1,1,A,-,08,22107,,F,E,8,A,A,H,-,D,D,0,,,,,Y,,A,01,1,0,0,0,0,0,0,0,0,"- ","- ",35.27825927734375,-118.91422271728516,KERN,UNINCORPORATED,-118.91438293457031,35.27825927734375
91517123,2021,2021-07-09,9420,2021-07-03,1515,021547,,6,2,9,1500,0,3,5,,2,030,"CALIENTE BODFISH RD","SADDLE SPRINGS ROAD",10560.00,S,N,A,-,N,,,,,,,,,,N,2,0,1,1,A,-,17,21662,A,N,F,A,A,A,H,-,A,D,0,,,Y,,Y,,C,02,1,0,0,0,0,0,0,0,1,"- ","- ",35.546928405761719,-118.50740814208984,KERN,UNINCORPORATED,-118.50641632080078,35.548439025878906
91517940,2021,2021-07-12,9420,2021-07-02,0430,019903,,5,3,9,1500,0,1,3,,2,092,"SR-99 N/B","OLIVE DRIVE O/C",288.00,S,N,A,-,Y,,,99,,,,,,N,Y,2,0,1,2,A,-,03,22350,,N,C,C,A,A,H,-,C,D,0,,,,,Y,,A,01,1,0,0,0,0,0,0,0,0,"- ","- ",35.411239624023438,-119.05381011962891,KERN,UNINCORPORATED,-119.05368041992188,35.411380767822266
91519186,2021,2021-07-13,9420,2021-07-08,1735,020402,,4,2,9,1500,0,3,5,,2,050,"CHARLESTON DR","CHINA GRADE LOOP",130.00,N,N,A,-,N,,,,,,,,,,Y,2,0,1,2,A,-,08,22107,,N,C,E,A,A,H,-,A,D,0,,,,,Y,,A,01,1,0,0,0,0,0,0,0,0,"- ","- ",35.427268981933594,-119.01725006103516,KERN,UNINCORPORATED,-119.01616668701172,35.427127838134766
91519242,2021,2021-07-13,9420,2021-07-09,2003,021589,,5,2,9,1500,0,3,5,,2,070,"MILLS DR","PARK DR",18.00,W,N,A,-,N,,,,,,,,,,N,2,0,2,1,A,-,03,22350,,N,E,I,A,A,H,-,B,D,0,,,Y,,Y,,C,06,1,1,0,0,0,0,0,0,2,"- ","- ",35.361648559570312,-118.91789245605469,KERN,UNINCORPORATED,-118.91873931884766,35.361621856689453
91521753,2021,2021-07-16,9426,2021-07-03,2250,018610,,6,3,9,1500,0,1,1,,2,506,"I-5 N/B TO OLD RIVER ROAD","OLD RIVER ROAD",1000.00,S,N,A,-,Y,,,5,,,,R,,N,Y,2,0,1,1,A,-,08,22107,,N,E,8,A,A,H,-,C,D,0,,,,Y,Y,,F,26,1,0,0,0,0,0,0,0,0,"- ","- ",35.161331176757812,-119.10932159423828,KERN,UNINCORPORATED,-119.10932159423828,35.161331176757812
91521909,2021,2022-03-08,9420,2021-07-05,0020,020093,,1,3,9,1500,0,1,3,,1,650,SR-65,SR-155,3168.00,N,N,A,-,Y,,,65,,,,,,,N,2,0,2,2,A,-,01,23152,A,F,C,C,A,A,H,-,D,D,0,,,,,Y,Y,A,01,1,1,0,0,0,0,0,0,0,"- ","- ",35.771400451660156,-119.05341339111328,KERN,UNINCORPORATED,-119.05331420898438,35.771400451660156
91521951,2021,2021-07-16,9830,2021-04-15,0640,019883,,4,1,9,1500,0,1,3,,1,050,"STATE ROUTE 14","STATE ROUTE 178 WEST",3168.00,S,N,A,-,Y,,,,,,,,,,Y,1,1,0,2,A,-,01,23152,F,N,A,C,A,A,H,-,B,D,0,,,,Y,Y,,D,22,0,0,0,0,0,0,0,0,0,"- ","- ",35.355899810791016,-117.54441070556641,KERN,UNINCORPORATED,-117.90245056152344,35.60272216796875
91522400,2021,2021-07-16,9830,2021-07-04,0627,020960,,7,1,9,1500,0,3,5,,2,003,"TEHACHAPI WILLOW SPRINGS","ROSAMOND BOULEVARD",0.00,,Y,A,-,N,,,,,,,,,,N,2,0,1,2,A,-,03,22350,,N,D,C,A,A,H,-,A,A,0,,,,,Y,,A,01,1,0,0,0,0,0,0,0,0,"- ","- ",34.863529205322266,-118.29091644287109,KERN,UNINCORPORATED,-118.14051055908203,34.864677429199219
91522422,2021,2021-07-16,9420,2021-07-13,0525,014967,,2,3,9,1500,0,3,5,,2,672,"DAVID ROAD","WHEELER RIDGE ROAD",2640.00,W,N,B,-,N,,,,,,,,,,Y,2,0,5,2,A,-,21,22106,,N,D,C,A,A,H,-,B,D,0,,,,,Y,,A,07,2,3,0,0,0,0,0,0,0,"- ","- ",35.093120574951172,-118.92436981201172,KERN,UNINCORPORATED,-118.92353057861328,35.093009948730469
91524322,2021,2021-07-20,9830,2021-07-18,0205,021751,,7,3,9,1500,0,3,5,,2,001,"WATER CANYON ROAD","PARADISE VALLEY ROAD",5808.00,N,N,A,-,N,,,,,,,,,,Y,2,0,4,1,A,-,01,23152,A,N,F,A,A,A,H,-,D,D,0,,,,,Y,Y,A,07,1,3,0,0,0,0,0,0,0,"- ","- ",35.091869354248047,-118.49298095703125,KERN,UNINCORPORATED,-118.49324035644531,35.091827392578125
91525191,2021,2021-07-21,9420,2021-07-07,2325,020484,,3,3,9,1500,0,3,5,,2,672,"WHEELER RIDGE ROAD",SR-223,0.00,,N,A,-,N,,,,,,,,,,Y,2,0,1,2,A,-,08,22107,,N,A,C,A,A,H,-,D,D,0,,,,Y,Y,,A,01,1,0,0,0,0,0,0,0,0,"- ","- ",35.197738647460938,-118.91452026367188,KERN,UNINCORPORATED,-118.91452026367188,35.208702087402344
91525213,2021,2021-07-21,9420,2021-07-10,1910,021572,,6,2,9,1500,0,3,5,,2,040,"BERNARD ST","N. BAKER ST",0.00,,Y,A,-,N,,,,,,,,,,Y,2,0,1,2,A,-,09,21802,A,N,D,C,A,A,H,-,A,A,0,,,,,Y,,A,01,1,0,0,0,0,0,0,0,0,"- ","- ",35.390289306640625,-118.98767852783203,KERN,UNINCORPORATED,-118.98755645751953,35.3902587890625
91525511,2021,2021-07-21,9420,2021-06-22,2115,021144,,2,2,9,1500,0,3,5,,2,040,"BERNARD STREET","NORTH BAKER STREET",0.00,,Y,A,-,N,,,,,,,,,,N,1,1,0,2,A,-,10,21950,A,N,G,B,B,A,H,-,C,A,0,Y,,,,Y,,A,01,0,0,0,1,0,0,0,0,0,"- ","- ",35.390228271484375,-118.98745727539062,KERN,UNINCORPORATED,-118.98755645751953,35.3902587890625
91526782,2021,2021-07-22,9420,2021-07-15,1830,020402,,4,2,9,1500,0,3,5,,2,050,"PEGASUS DR","NORRIS RD",560.00,N,N,A,-,N,,,,,,,,,,Y,2,0,1,1,A,-,03,22350,,N,F,A,A,A,H,-,A,D,0,,,Y,,Y,,C,02,1,0,0,0,0,0,0,0,1,"- ","- ",35.421459197998047,-119.0599365234375,KERN,UNINCORPORATED,-119.05965423583984,35.421398162841797
91529660,2021,2021-07-27,9420,2021-07-05,0655,016926,,1,1,9,1500,0,3,5,,2,610,"OLD FARM ROAD","PALM AVENUE",75.00,S,N,A,-,N,,,,,,,,,,Y,2,0,1,2,A,-,12,22450,A,N,E,I,A,A,H,-,A,A,0,,,,Y,Y,,A,01,1,0,0,0,0,0,0,0,0,"- ","- ",35.375728607177734,-119.13671112060547,KERN,UNINCORPORATED,-119.13677978515625,35.375972747802734
91531864,2021,2021-07-29,9830,2021-07-18,0508,021632,,7,3,9,1500,0,1,3,,1,020,"SIERRA HIGHWAY","MONO STREET",100.00,N,N,B,-,N,,,,,,,,,,Y,2,0,1,2,A,-,09,21801,A,N,D,C,A,A,H,-,C,D,0,,,,,Y,,A,01,1,0,0,0,0,0,0,0,0,"- ","- ",35.057979583740234,-118.17534637451172,KERN,UNINCORPORATED,-118.17536163330078,35.057636260986328
91536730,2021,2021-08-04,9426,2021-07-24,0647,019442,,6,1,9,1500,0,1,3,,2,330,"SR-33 S/B",SR-46,3168.00,N,N,A,-,Y,,,33,,,,,,S,Y,2,0,2,2,A,-,08,22107,,N,A,C,A,A,H,-,A,D,0,,,,,Y,,A,01,1,1,0,0,0,0,0,0,0,"- ","- ",35.621910095214844,-119.87238311767578,KERN,UNINCORPORATED,-119.87240600585938,35.621891021728516
91537585,2021,2021-08-05,9420,2021-07-18,1300,019098,,7,1,9,1500,0,1,3,,2,092,"SR-99 N/B","NORRIS ROAD",260.00,N,N,A,-,Y,,,99,,,,,,N,N,2,0,1,1,A,-,08,22107,,N,E,I,A,A,H,-,A,D,0,,,Y,,Y,,C,02,1,0,0,0,0,0,0,0,1,"- ","- ",35.420391082763672,-119.06056213378906,KERN,UNINCORPORATED,-119.060546875,35.420394897460938
91537637,2021,2021-08-05,9420,2021-07-18,2140,020573,,7,2,9,1500,0,1,3,,2,584,"SR-58 E/B","FAIRFAX RD.",1045.00,E,N,A,-,Y,,,58,,,,,,E,N,2,0,1,2,A,-,00,21960,A,N,G,B,E,A,H,-,C,A,0,Y,,,,Y,,N,60,1,0,0,0,1,0,0,0,0,"- ","- ",35.352188110351562,-118.92500305175781,KERN,UNINCORPORATED,-118.92500305175781,35.352199554443359
91538535,2021,2021-08-06,9420,2021-07-24,2315,021600,,6,3,9,1500,0,3,5,,2,671,"DI GIORGIO RD.","S. EDISON RD.",20.00,W,N,A,-,N,,,,,,,,,,Y,2,0,2,2,A,-,01,23153,A,F,C,C,A,A,H,-,D,A,0,,,,,Y,Y,D,22,1,0,1,0,0,0,0,0,0,"- ","- ",35.252540588378906,-118.87864685058594,KERN,UNINCORPORATED,-118.87845611572266,35.252559661865234
91538544,2021,2021-08-06,9420,2021-07-25,1133,021296,,7,1,9,1500,0,1,3,,2,462,SR-46,"ROOT AVE.",830.00,W,N,A,-,Y,,,46,,,,,,,Y,2,0,3,1,A,-,08,22107,,N,F,A,A,A,D,-,A,D,0,,,,,Y,,A,01,3,0,0,0,0,0,0,0,0,"- ","- ",35.601570129394531,-119.31536102294922,KERN,UNINCORPORATED,-119.31536102294922,35.601585388183594
91540179,2021,2021-08-09,9420,2021-07-31,1352,021589,,6,1,9,1500,0,2,4,,1,072,"NILES ST","VIRGINIA ST",0.00,,Y,A,-,N,,,,,,,,,,Y,2,0,2,2,A,-,12,21453,A,N,D,C,A,A,H,-,A,A,0,,,,,Y,,A,01,1,1,0,0,0,0,0,0,0,"- ","- ",35.378288269042969,-118.97576141357422,KERN,UNINCORPORATED,-118.97555541992188,35.378307342529297
91540284,2021,2021-08-09,9420,2021-07-30,2328,021144,,5,3,9,1500,0,3,5,,2,060,"ROSEDALE HWY.","JEWETTA AVE.",0.00,,Y,A,-,N,,,,,,,,,,Y,2,0,2,2,A,-,01,23152,B,N,C,C,A,A,H,-,D,A,0,,,,,Y,Y,A,01,1,1,0,0,0,0,0,0,0,"- ","- ",35.383598327636719,-119.12486267089844,KERN,UNINCORPORATED,-119.12489318847656,35.383563995361328
91543247,2021,2021-08-12,9830,2021-08-01,1200,020113,,7,1,9,1500,0,1,3,,1,050,SR-14,"REDROCK INYOKERN RD",5808.00,N,N,A,-,Y,,,14,,,,,,,Y,2,0,2,1,A,-,08,22107,,N,E,I,A,A,H,-,A,D,0,,,,,Y,,A,07,1,1,0,0,0,0,0,0,0,"- ","- ",35.44464111328125,-117.97431945800781,KERN,UNINCORPORATED,-117.97430419921875,35.444633483886719
91544184,2021,2021-08-13,9420,2021-08-01,0130,020093,,7,3,6,1502,0,1,S,,2,901,"SR-99 S/B FROM SR-119 E/B",SR-119,3.00,S,N,A,-,Y,,,99,,,,R,,S,Y,2,0,1,1,A,-,01,23152,A,N,E,I,A,A,H,-,C,D,0,,,,,Y,Y,A,01,1,0,0,0,0,0,0,0,0,"- ","- ",35.267040252685547,-119.02378082275391,KERN,BAKERSFIELD,-119.02378082275391,35.267040252685547
91544374,2021,2021-08-13,9420,2021-08-04,1025,020529,,3,1,9,1500,0,3,5,,2,070,"WATER ST","BERKELEY ST.",167.00,W,N,A,-,N,,,,,,,,,,N,2,0,1,2,A,-,08,22107,,N,A,G,A,A,H,-,A,D,0,,Y,Y,,Y,,O,05,1,0,0,0,0,0,1,0,0,"- ","- ",35.396110534667969,-118.983642578125,KERN,UNINCORPORATED,-118.98355865478516,35.395683288574219
9154488,2020,2020-11-12,1507,2020-09-13,0834,290,,7,5,3,1507,0,0,0,,0,,"7TH STANDARD RD","STATION 0+327",21.00,S,N,A,-,N,,,,,,,,,,Y,2,0,1,2,A,-,01,23152,,N,B,C,A,A,H,-,A,D,0,,,,,Y,Y,A,01,1,0,0,0,0,0,0,0,0,"- ","- ",35.441539764404297,-119.11876678466797,KERN,SHAFTER,,
91546844,2021,2021-08-17,9426,2021-08-07,0920,016050,,6,1,9,1500,0,1,1,,2,504,"I-5 (N/B)",SR-43,2640.00,N,N,A,-,Y,,,5,,,,,,,Y,2,0,1,2,A,-,07,21658,A,N,B,C,A,A,H,-,A,A,0,,,,,Y,,A,07,1,0,0,0,0,0,0,0,0,"- ","- ",35.297359466552734,-119.25660705566406,KERN,UNINCORPORATED,-119.25662231445312,35.297348022460938
91547178,2021,2021-08-23,9830,2021-08-08,1630,020113,,7,2,9,1500,0,3,5,,2,005,"KIP ST","SOLO RD",0.00,,Y,A,-,N,,,,,,,,,,N,2,0,1,2,B,-,22,,,N,D,C,A,A,H,-,A,D,0,,,Y,,Y,,C,02,1,0,0,0,0,0,0,0,1,"- ","- ",35.695880889892578,-117.82137298583984,KERN,UNINCORPORATED,-117.82134246826172,35.69586181640625
91551186,2021,2021-08-23,9420,2021-08-13,2235,020366,,5,3,9,1500,0,2,4,,1,071,"MT. VERNON AVENUE","PACIFIC STREET",300.00,N,N,A,-,N,,,,,,,,,,N,2,0,1,2,A,-,11,21954,A,N,G,B,E,A,H,-,D,D,0,Y,,,,Y,,N,60,1,0,0,0,1,0,0,0,0,"- ","- ",35.379489898681641,-118.96752166748047,KERN,UNINCORPORATED,-118.96753692626953,35.379432678222656
91554369,2021,2021-08-25,9430,2021-06-02,2135,018681,,3,2,9,1500,0,1,1,,2,054,"GRAPEVINE ROAD EAST","EDMONSTON PUMP PLANT RD",480.00,N,N,A,-,N,,,,,,,,,,Y,1,1,1,1,A,-,08,22107,,N,F,I,A,A,H,-,D,D,0,,,,,Y,,A,01,0,1,0,0,0,0,0,0,0,"- ","- ",34.942230224609375,-118.92964172363281,KERN,UNINCORPORATED,,
91556783,2021,2021-08-27,9420,2021-08-20,2315,021133,,5,3,9,1500,0,1,3,,2,093,"SR-99 S/B",SR-204,10.00,S,N,A,-,Y,,,,,,,,,,Y,2,0,1,2,A,-,03,22350,,N,C,C,A,A,D,E,D,D,0,,,,Y,Y,,G,25,1,0,0,0,0,0,0,0,0,"- ","- ",34.403148651123047,-119.04580688476562,KERN,UNINCORPORATED,-119.04195404052734,35.368331909179688
91556917,2021,2021-08-27,9420,2021-08-18,2355,019901,,3,3,6,1502,0,1,3,,2,090,"SR-99 N/B",SR-46,2640.00,S,N,A,-,Y,,,,,,,,,,N,2,0,1,2,D,-,00,,,F,G,B,E,A,H,-,D,D,0,Y,,,,Y,,-,"- ",1,0,0,0,1,0,0,0,0,"- ","- ",35.592041015625,-119.20535278320312,KERN,BAKERSFIELD,-119.00289154052734,35.361286163330078
91557120,2021,2021-08-27,9426,2021-08-18,0500,016162,,3,3,9,1500,0,1,3,,2,432,SR-43,"STOCKDALE HWY",5280.00,S,N,A,-,Y,,,43,,,,,,,Y,2,0,1,1,A,-,08,22107,,N,F,A,A,A,D,-,D,D,0,,,,,Y,,A,01,1,0,0,0,0,0,0,0,0,"- ","- ",35.339630126953125,-119.25244140625,KERN,UNINCORPORATED,-119.25231170654297,35.339626312255859
91557189,2021,2021-08-27,9420,2021-07-13,0934,014967,,2,1,9,1500,0,1,3,,1,119,"SR-119 (TAFT HIGHWAY)","ERRO RANCH ROAD",5808.00,E,N,A,-,Y,,,119,,,,,,,N,1,1,0,2,A,-,11,21954,A,N,G,B,E,A,H,-,A,D,0,Y,,,,Y,,N,60,0,0,0,1,0,0,0,0,0,"- ","- ",35.26708984375,-119.19921112060547,KERN,UNINCORPORATED,-119.19921112060547,35.267093658447266
91557754,2021,2021-08-30,9830,2021-06-27,0035,021632,,7,3,9,1500,0,1,3,,1,031,"STATE ROUTE 14 SOUTHBOUND","BUSINESS ROUTE 58 EAST",303.00,S,N,A,-,Y,,,,,,,,,,Y,1,1,1,2,A,-,09,21804,A,N,C,C,A,A,H,-,C,A,0,,,,,Y,,A,01,1,0,0,0,0,0,0,0,0,"- ","- ",34.152698516845703,-118.2593994140625,KERN,UNINCORPORATED,,
91559241,2021,2022-03-14,9420,2021-08-17,1600,017243,,2,2,9,1500,0,3,5,,2,510,"SHERWOOD AVE","STRADLEY AVE.",0.00,,Y,A,-,N,,,,,,,,,,N,2,0,3,2,A,-,12,22450,A,N,D,C,A,A,H,-,A,A,0,,,,,Y,,D,22,1,2,0,0,0,0,0,0,0,"- ","- ",35.674339294433594,-119.25869750976562,KERN,UNINCORPORATED,-119.25873565673828,35.674343109130859
91559249,2021,2021-08-31,9420,2021-08-24,0010,021503,,2,3,9,1500,0,1,3,,2,093,"SR-99 S/B","NORRIS ROAD",257.00,N,N,A,-,Y,,,,,,,,,,Y,2,0,2,2,A,-,03,22350,,N,C,C,A,A,D,-,C,D,0,,,,,Y,,A,01,1,0,1,0,0,0,0,0,0,"- ","- ",35.442180633544922,-119.06137847900391,KERN,UNINCORPORATED,-119.06098175048828,35.421318054199219
91560134,2021,2021-09-01,9420,2021-07-19,2100,021589,,1,2,9,1500,0,1,3,,1,176,"STATE ROUTE 178","UNION AVENUE",1084.00,W,N,A,-,Y,,,,,,,,,,Y,1,1,1,2,A,-,11,21954,A,N,G,B,E,A,H,-,D,D,0,Y,,,,Y,,N,60,0,1,0,1,0,0,0,0,0,"- ","- ",35.383541107177734,-119.00665283203125,KERN,UNINCORPORATED,-119.00639343261719,35.38330078125
91560161,2021,2021-09-01,9420,2021-04-20,0221,018608,,2,3,6,1502,0,2,S,,2,901,"PANORAMA DRIVE","ALFRED HARRELL HIGHWAY",435.00,W,N,A,-,N,,,,,,,,,,Y,1,1,1,1,A,-,01,23152,F,N,F,A,A,A,H,-,D,D,0,,,,,Y,,D,22,0,1,0,0,0,0,0,0,0,"- ","- ",35.412868499755859,-118.96903228759766,KERN,BAKERSFIELD,-118.98199462890625,35.409576416015625
91562114,2021,2021-09-03,9420,2021-08-27,1550,020163,,5,2,9,1500,0,3,5,,2,070,"CRESTMONT DR.","NILES ST.",200.00,N,N,A,-,N,,,,,,,,,,Y,2,0,1,4,A,-,08,22107,,N,G,B,E,A,H,-,A,D,0,Y,,,,Y,,A,01,1,0,0,0,1,0,0,0,0,"- ","- ",35.376689910888672,-118.95407867431641,KERN,UNINCORPORATED,-118.95411682128906,35.376518249511719
91565247,2021,2021-09-08,9430,2021-06-26,1434,018481,,6,2,9,1500,0,1,3,,2,167,"W/B STATE ROUTE 166","GOLDBERG STREET",422.00,W,N,A,-,Y,,,166,,,,,,,Y,1,1,1,1,A,-,08,22107,,N,F,A,A,A,H,-,A,D,0,,,,,Y,,A,07,1,0,0,0,0,0,0,0,0,"- ","- ",35.058059692382812,-119.27365112304688,KERN,UNINCORPORATED,-119.27365112304688,35.058032989501953
91567353,2021,2021-09-10,9420,2021-09-06,2245,021133,,1,3,9,1500,0,3,5,,2,040,"GRANITE ROAD","WHITES MILL ROAD",18110.00,S,N,A,-,N,,,,,,,,,,Y,2,0,1,1,A,-,08,22107,,N,E,I,A,A,H,-,D,D,0,,,,,Y,,A,07,1,0,0,0,0,0,0,0,0,"- ","- ",35.663181304931641,-118.74501800537109,KERN,UNINCORPORATED,-118.74542236328125,35.663345336914062