CASE_ID,ACCIDENT_YEAR,PROC_DATE,JURIS,COLLISION_DATE,COLLISION_TIME,OFFICER_ID,REPORTING_DISTRICT,DAY_OF_WEEK,CHP_SHIFT,POPULATION,CNTY_CITY_LOC,SPECIAL_COND,BEAT_TYPE,CHP_BEAT_TYPE,CITY_DIVISION_LAPD,CHP_BEAT_CLASS,BEAT_NUMBER,PRIMARY_RD,SECONDARY_RD,DISTANCE,DIRECTION,INTERSECTION,WEATHER_1,WEATHER_2,STATE_HWY_IND,CALTRANS_COUNTY,CALTRANS_DISTRICT,STATE_ROUTE,ROUTE_SUFFIX,POSTMILE_PREFIX,POSTMILE,LOCATION_TYPE,RAMP_INTERSECTION,SIDE_OF_HWY,TOW_AWAY,COLLISION_SEVERITY,NUMBER_KILLED,NUMBER_INJURED,PARTY_COUNT,PRIMARY_COLL_FACTOR,PCF_CODE_OF_VIOL,PCF_VIOL_CATEGORY,PCF_VIOLATION,PCF_VIOL_SUBSECTION,HIT_AND_RUN,TYPE_OF_COLLISION,MVIW,PED_ACTION,ROAD_SURFACE,ROAD_COND_1,ROAD_COND_2,LIGHTING,CONTROL_DEVICE,CHP_ROAD_TYPE,PEDESTRIAN_ACCIDENT,BICYCLE_ACCIDENT,MOTORCYCLE_ACCIDENT,TRUCK_ACCIDENT,NOT_PRIVATE_PROPERTY,ALCOHOL_INVOLVED,STWD_VEHTYPE_AT_FAULT,CHP_VEHTYPE_AT_FAULT,COUNT_SEVERE_INJ,COUNT_VISIBLE_INJ,COUNT_COMPLAINT_PAIN,COUNT_PED_KILLED,COUNT_PED_INJURED,COUNT_BICYCLIST_KILLED,COUNT_BICYCLIST_INJURED,COUNT_MC_KILLED,COUNT_MC_INJURED,PRIMARY_RAMP,SECONDARY_RAMP,LATITUDE,LONGITUDE,COUNTY,CITY,POINT_X,POINT_Y
91567680,2021,2021-09-10,9420,2021-09-03,1710,021632,,5,2,9,1500,0,3,5,,2,070,"POTOMAC AVENUE","RICHMOND STREET",0.00,,Y,A,-,N,,,,,,,,,,Y,2,0,1,2,A,-,09,21801,A,N,A,C,A,A,H,-,A,D,0,,,Y,,Y,,A,01,1,0,0,0,0,0,0,0,1,"- ","- ",35.364990234375,-118.97196197509766,KERN,UNINCORPORATED,-118.97193908691406,35.364933013916016
91567720,2021,2021-09-10,9830,2021-09-04,1525,021903,,6,2,9,1500,0,1,3,,1,050,SR-14,"LAST CHANCE CANYON RD",0.00,,Y,A,-,Y,,,14,,,,,,,Y,2,0,1,2,A,-,09,21804,A,N,D,C,A,A,H,-,A,D,0,,,Y,,Y,,C,06,1,0,0,0,0,0,0,0,1,"- ","- ",35.500938415527344,-117.94877624511719,KERN,UNINCORPORATED,-117.94888305664062,35.500988006591797
91568351,2021,2021-09-13,9420,2021-09-04,0148,020093,,6,3,9,1500,0,2,4,,1,052,"NORRIS RD","HURRLE AVE",120.00,W,N,A,-,N,,,,,,,,,,N,2,0,2,2,A,-,05,21202,A,N,H,G,A,A,H,-,C,D,0,,Y,Y,,Y,,L,04,1,1,0,0,0,0,1,0,1,"- ","- ",35.419609069824219,-119.02816772460938,KERN,UNINCORPORATED,-119.02822875976562,35.419521331787109
91568642,2021,2021-09-13,9420,2021-07-29,2000,019868,,4,2,9,1500,0,2,4,,1,072,"NILES STREET","WEST STREET",200.00,W,N,A,-,N,,,,,,,,,,N,1,1,0,2,A,-,11,21954,A,N,G,B,D,A,H,-,C,D,0,Y,,,,Y,,N,60,0,0,0,1,0,0,0,0,0,"- ","- ",35.378059387207031,-118.974609375,KERN,UNINCORPORATED,-118.97468566894531,35.378105163574219
91573183,2021,2021-09-17,9830,2021-09-10,1650,022390,,5,2,9,1500,0,3,5,,2,005,"STRECKER ST","WARD AVE",0.00,,Y,A,-,N,,,,,,,,,,Y,2,0,1,2,A,-,09,21802,A,N,D,C,A,A,H,-,A,A,0,,,Y,,Y,,A,01,1,0,0,0,0,0,0,0,1,"- ","- ",35.644550323486328,-117.76760101318359,KERN,UNINCORPORATED,-117.76756286621094,35.644599914550781
91576351,2021,2021-09-22,9420,2021-08-14,0930,017256,,6,1,9,1500,0,1,3,,2,090,"STATE ROUTE 99","7TH STANDARD ROAD",11616.00,N,N,A,-,Y,,,99,,,,,,,Y,2,0,2,2,A,-,03,22350,,N,C,C,A,A,H,-,A,D,0,,,,Y,Y,,G,25,1,1,0,0,0,0,0,0,0,"- ","- ",35.463069915771484,-119.11530303955078,KERN,UNINCORPORATED,-119.11544799804688,35.462875366210938
91577560,2021,2021-09-23,9420,2021-09-09,1128,014770,,4,1,9,1500,0,3,5,,2,520,"POND ROAD","ZACHARY AVENUE",117.00,E,N,A,-,N,,,,,,,,,,Y,2,0,1,2,A,-,03,22350,,N,D,C,A,A,H,-,A,D,0,,,,Y,Y,,F,26,1,0,0,0,0,0,0,0,0,"- ","- ",35.717880249023438,-119.18681335449219,KERN,UNINCORPORATED,-119.1868896484375,35.717891693115234
91577565,2021,2021-09-23,9420,2021-09-16,2110,020672,,4,2,9,1500,0,3,5,,2,610,"S. CHESTER AVE","DORIAN DR",107.00,N,N,A,-,N,,,,,,,,,,Y,2,0,2,2,A,-,01,23152,A,N,C,C,A,A,H,-,C,D,0,,,,,Y,,A,01,1,1,0,0,0,0,0,0,0,"- ","- ",35.331058502197266,-119.01345062255859,KERN,UNINCORPORATED,-119.01348114013672,35.331199645996094
91577726,2021,2021-09-23,9420,2021-03-08,0108,020093,,1,3,6,1502,0,1,3,,2,092,"STATE ROUTE 99 NORTHBOUND","STOCKDALE HIGHWAY OVERCROSSING",1.00,N,N,A,-,Y,,,99,,,,,,N,N,1,1,0,2,A,-,11,21954,A,F,G,B,D,A,D,-,C,D,0,Y,,,,Y,,N,60,0,0,0,1,0,0,0,0,0,"- ","- ",35.354400634765625,-119.03890228271484,KERN,BAKERSFIELD,-119.03940582275391,35.354415893554688
91578915,2021,2021-09-24,9430,2021-09-10,1240,017153,,5,1,9,1500,0,1,S,,2,704,"SR-166 W/B","SHORT ROAD",20.00,W,N,A,-,Y,,,166,,,,,,W,Y,2,0,2,1,A,-,08,22107,,N,E,I,A,A,H,-,A,D,0,,,,,Y,,A,01,2,0,0,0,0,0,0,0,0,"- ","- ",35.058330535888672,-119.36708068847656,KERN,UNINCORPORATED,-119.36708068847656,35.0582275390625
91580176,2021,2021-09-27,9420,2021-07-11,0040,021144,,7,3,9,1500,0,2,4,,1,072,"EDISON HIGHWAY","MT. VERNON AVENUE OVER-CROSS",14.00,E,N,A,-,N,,,,,,,,,,N,1,1,0,2,A,-,11,21954,A,F,G,B,D,A,H,-,C,D,0,Y,,,,Y,Y,N,60,0,0,0,1,0,0,0,0,0,"- ","- ",35.221729278564453,-118.5826416015625,KERN,UNINCORPORATED,-118.96742248535156,35.371059417724609
91580577,2021,2022-03-14,9420,2021-08-19,2045,016691,,4,2,9,1500,0,1,3,,1,184,"STATE ROUTE 184","STATE ROUTE 223",283.00,N,N,A,-,Y,,,184,,,,,,,N,1,1,1,2,A,-,08,22107,,F,B,C,A,A,H,-,D,D,0,,,Y,,Y,,C,02,0,1,0,0,0,0,0,1,0,"- ","- ",35.209510803222656,-118.91452026367188,KERN,UNINCORPORATED,-118.91451263427734,35.209510803222656
91581116,2021,2021-09-28,9420,2021-08-30,1613,019686,,1,2,9,1500,0,1,3,,2,178,SR-178,"ELIZABETH NORRIS RD.",7392.00,W,N,A,-,Y,,,178,,,,,,,Y,2,0,3,2,A,-,08,22107,,N,A,C,A,A,D,-,A,D,0,,,,,Y,,D,22,2,1,0,0,0,0,0,0,0,"- ","- ",35.599540710449219,-118.50888061523438,KERN,UNINCORPORATED,-118.50889587402344,35.599575042724609
91583832,2021,2021-09-30,9420,2021-07-23,0901,021260,,5,1,9,1500,0,3,5,,2,070,"NORTH ALLEY OF FLOWER STREET","HALEY STREET",76.00,W,N,A,-,N,,,,,,,,,,N,1,1,0,2,A,-,21,22106,,F,G,B,E,A,H,-,A,D,0,Y,,,,Y,,D,22,0,0,0,1,0,0,0,0,0,"- ","- ",35.384258270263672,-119.97885894775391,KERN,UNINCORPORATED,,
9158398,2020,2020-12-03,1508,2020-09-14,0408,110,3B,1,5,2,1508,0,0,0,,0,,"6TH ST","RT 33",91.00,S,N,A,-,Y,KER,6,33,-,-,18.790,I,6,S,N,2,0,1,2,A,-,03,22350,,F,G,B,E,A,H,-,C,D,0,Y,,,,Y,,A,01,1,0,0,0,1,0,0,0,0,"- ","- ",35.143161773681641,-119.45963287353516,KERN,TAFT,-119.45942687988281,35.143104553222656
91585987,2021,2021-10-05,9830,2021-09-25,0950,020524,,6,1,9,1500,0,3,5,,2,001,"BACKES LANE","HIGHLINE ROAD",1.00,N,N,A,-,N,,,,,,,,,,N,2,0,1,2,A,-,09,21801,A,N,D,G,A,A,H,-,A,D,0,,Y,,,Y,,D,22,1,0,0,0,0,0,1,0,0,"- ","- ",35.109539031982422,-118.50390625,KERN,UNINCORPORATED,-118.50395202636719,35.109432220458984
91587346,2021,2021-10-04,9420,2021-07-11,0012,020366,,7,3,9,1500,0,1,3,,1,650,"STATE ROUTE 65 (SR-65)","JAMES ROAD",1745.00,N,N,A,-,Y,,,65,,,,,,,Y,1,1,1,2,A,-,01,23152,A,N,A,C,A,A,H,-,D,D,0,,,,,Y,Y,A,01,0,1,0,0,0,0,0,0,0,"- ","- ",35.478740692138672,-119.07482147216797,KERN,UNINCORPORATED,-119.07491302490234,35.478733062744141
91588060,2021,2022-03-25,9420,2021-08-13,2121,019353,,5,2,9,1500,0,2,4,,1,064,"OLIVE DRIVE","KNUDSEN DRIVE",623.00,W,N,A,-,N,,,,,,,,,,Y,1,1,2,2,A,-,01,23153,A,N,A,C,A,A,H,-,D,D,0,,,,,Y,Y,D,22,1,0,1,0,0,0,0,0,0,"- ","- ",35.412239074707031,-119.05486297607422,KERN,UNINCORPORATED,-119.06086730957031,35.412300109863281
91589621,2021,2021-10-06,9420,2021-10-05,2500,016978,,2,4,9,1500,0,3,5,,2,672,"CALIENTE BODFISH ROAD","CALIENTE CREEK ROAD",13728.00,N,N,A,-,N,,,,,,,,,,Y,2,0,1,1,A,-,08,22107,,N,E,I,A,A,H,-,D,D,0,,,,,Y,,D,22,1,0,0,0,0,0,0,0,0,"- ","- ",35.337490081787109,-118.57758331298828,KERN,UNINCORPORATED,-118.58601379394531,35.336582183837891
91590635,2021,2021-10-07,9420,2021-08-15,1840,021915,,7,2,9,1500,0,1,3,,2,155,"SR-155 (WOFFORD HEIGHTS BOULEVARD)","KEYESVILLE ROAD",1584.00,W,N,A,-,Y,,,155,,,,,,,Y,1,1,0,1,A,-,08,22107,,N,E,I,A,A,H,-,A,D,0,,,Y,,Y,,C,02,0,0,0,0,0,0,0,1,0,"- ","- ",35.644111633300781,-118.48674011230469,KERN,UNINCORPORATED,-118.48667907714844,35.644077301025391
91591924,2021,2021-10-08,9420,2021-09-27,1940,017243,,1,2,9,1500,0,2,4,,1,077,"S. FAIRFAX RD.","DIGIORGIO RD.",40.00,N,N,A,-,N,,,,,,,,,,Y,2,0,2,2,A,-,03,22350,,N,C,C,A,A,H,-,C,A,0,,,Y,,Y,,C,02,1,0,1,0,0,0,0,0,1,"- ","- ",35.252731323242188,-118.93218231201172,KERN,UNINCORPORATED,-118.93212890625,35.252510070800781
91592968,2021,2021-10-11,9420,2021-10-03,1714,020634,,7,2,9,1500,0,1,3,,2,430,SR-43,"DRESSER AVE",1300.00,S,N,A,-,Y,,,43,,,,,,,Y,2,0,1,1,A,-,08,22107,,N,F,A,A,A,H,-,A,D,0,,,,,Y,,A,07,1,0,0,0,0,0,0,0,0,"- ","- ",35.54315185546875,-119.32668304443359,KERN,UNINCORPORATED,-119.32667541503906,35.543182373046875
91594463,2021,2021-10-12,9426,2021-10-01,1646,019442,,5,2,9,1500,0,1,1,,2,500,"I-5 N/B","TWISSELMAN RD.",5808.00,N,N,A,-,Y,,,5,,,,,,N,Y,2,0,1,1,A,-,08,22107,,N,F,0,A,A,H,-,A,D,0,,,,,Y,,A,01,1,0,0,0,0,0,0,0,0,"- ","- ",35.745338439941406,-119.74903869628906,KERN,UNINCORPORATED,-119.74909973144531,35.745296478271484
91594845,2021,2021-11-19,9830,2021-10-04,1450,021751,,1,2,9,1500,0,2,4,,1,034,"130TH ST  W","ROSAMOND BLVD",10.00,S,N,A,-,N,,,,,,,,,,Y,2,0,1,1,C,-,18,,,N,E,I,A,A,H,-,A,D,0,,,,,Y,,-,"- ",1,0,0,0,0,0,0,0,0,"- ","- ",34.862968444824219,-118.36176300048828,KERN,UNINCORPORATED,-118.36190795898438,34.863040924072266
91594929,2021,2021-10-13,9420,2021-09-30,1430,020409,,4,2,9,1500,0,1,3,,1,184,SR-184,"ALICANTE AVE",0.00,,Y,A,-,Y,,,184,,,,,,,Y,2,0,1,1,A,-,08,22107,,N,F,A,A,A,H,-,A,D,0,,,Y,,Y,,C,02,1,0,0,0,0,0,0,0,1,"- ","- ",35.261211395263672,-118.91448974609375,KERN,UNINCORPORATED,-118.91440582275391,35.261211395263672
91597803,2021,2022-03-15,9420,2021-09-10,0710,016767,,5,1,9,1500,0,3,5,,2,540,"WILDWOOD ROAD","SHERWOOD AVENUE",3036.00,S,N,E,F,N,,,,,,,,,,N,1,1,0,2,A,-,01,23152,A,N,C,C,A,A,G,-,A,D,0,,,,Y,Y,Y,A,01,0,0,0,0,0,0,0,0,0,"- ","- ",35.669780731201172,-119.43768310546875,KERN,UNINCORPORATED,-119.43740081787109,35.66558837890625
91599377,2021,2021-10-18,9420,2021-10-13,1738,020672,,3,2,9,1500,0,3,5,,2,070,"QUANTICO AVE","BOMARK CT",0.00,,Y,A,-,N,,,,,,,,,,Y,2,0,6,2,A,-,09,21804,A,N,D,C,A,A,H,-,A,D,0,,,,,Y,,A,01,1,3,2,0,0,0,0,0,0,"- ","- ",35.359989166259766,-118.95864105224609,KERN,UNINCORPORATED,,
91606158,2021,2021-10-26,9420,2021-10-13,1320,021134,,3,1,9,1500,0,3,5,,2,050,"MERLE HAGGARD DR","PEGASUS DR",1220.00,E,N,A,-,N,,,,,,,,,,Y,2,0,1,1,A,-,08,22107,,N,E,I,A,A,H,-,A,D,0,,,Y,,Y,,C,02,1,0,0,0,0,0,0,0,1,"- ","- ",35.441520690917969,-119.06855773925781,KERN,UNINCORPORATED,-119.06866455078125,35.441448211669922
91606576,2021,2022-03-07,9420,2021-10-12,1540,019140,,2,2,9,1500,0,1,3,,2,178,"STATE ROUTE 178","OLD ISABELLA BOAT LAUNCH ENTRANCE ROAD",354.00,W,N,A,-,Y,,,178,,,,,,,Y,2,0,1,1,A,-,08,22107,,N,F,A,A,A,H,-,A,D,0,,,,,Y,,A,07,1,0,0,0,0,0,0,0,0,"- ","- ",35.64801025390625,-118.45796203613281,KERN,UNINCORPORATED,-118.45780944824219,35.647972106933594
91616165,2021,2021-11-04,9430,2021-10-23,1240,017153,,6,1,9,1500,0,2,4,,1,024,"MIL POTRERO HWY","WOODLAND DRIVE",818.00,E,N,A,-,N,,,,,,,,,,Y,2,0,1,1,A,-,08,22107,,N,B,I,A,A,H,-,A,D,0,,,,,Y,,D,22,1,0,0,0,0,0,0,0,0,"- ","- ",34.853420257568359,-119.15721893310547,KERN,UNINCORPORATED,-119.15724945068359,34.853343963623047
91617158,2021,2021-11-05,9420,2021-10-25,1925,021601,,1,2,9,1500,0,1,3,,1,176,"SR-178 W/B","FLOWER ST O/C",76.00,E,N,C,-,Y,,,,,,,,,,Y,2,0,1,3,A,-,08,22107,,N,F,A,A,B,H,-,C,A,0,,,,,Y,,D,22,1,0,0,0,0,0,0,0,0,"- ","- ",35.385929107666016,-118.98738861083984,KERN,UNINCORPORATED,-118.98744201660156,35.385890960693359
91617179,2021,2021-11-05,9420,2021-11-03,2340,019903,,3,3,9,1500,0,2,4,,1,051,"N. CHESTER AVE","ARVIN STREET",200.00,N,N,A,-,N,,,,,,,,,,N,2,0,1,2,A,-,11,21954,A,N,G,B,D,A,H,-,C,D,0,Y,,,,Y,,N,60,1,0,0,0,1,0,0,0,0,"- ","- ",35.423580169677734,-119.02107238769531,KERN,UNINCORPORATED,-119.02129364013672,35.423748016357422
91619079,2021,2021-11-08,9420,2021-11-02,1635,020402,,2,2,9,1500,0,2,4,,1,052,"CHINA GRADE LOOP","MONTE CHRISTO ROAD",60.00,W,N,A,-,N,,,,,,,,,,Y,2,0,1,3,A,-,03,22350,,N,C,C,A,A,H,-,A,D,0,,,,Y,Y,,A,01,1,0,0,0,0,0,0,0,0,"- ","- ",35.426811218261719,-119.00360107421875,KERN,UNINCORPORATED,-119.00363159179688,35.42681884765625
91622493,2021,2021-11-11,9830,2021-08-19,2500,021870,,4,4,9,1500,0,3,5,,2,003,"OAK CREEK ROAD","70TH STREET WEST",420.00,E,N,A,-,N,,,,,,,,,,Y,1,1,0,1,A,-,01,23152,A,N,E,I,A,A,H,-,D,D,0,,,,,Y,Y,A,01,0,0,0,0,0,0,0,0,0,"- ","- ",35.038608551025391,-118.25523376464844,KERN,UNINCORPORATED,-118.25530242919922,35.038661956787109
91624446,2021,2021-11-15,9420,2021-11-10,1800,018481,,3,2,9,1500,0,3,5,,2,671,"S/B SR-184","ALICANTE AVE.",73.00,S,N,A,-,Y,,,184,,,,,,,N,2,0,1,2,A,-,11,21954,A,F,G,B,D,A,H,-,D,D,0,Y,,,,Y,,N,60,1,0,0,0,1,0,0,0,0,"- ","- ",35.260978698730469,-118.91457366943359,KERN,UNINCORPORATED,-118.91440582275391,35.260978698730469
91624623,2021,2021-11-15,9420,2021-11-07,1255,018387,,7,1,9,1500,0,2,4,,1,071,"COLLEGE AVE","OSWELL ST",0.00,,Y,A,-,N,,,,,,,,,,Y,2,0,1,2,A,-,12,21453,A,N,H,G,A,A,H,-,A,D,0,,Y,,,Y,,L,04,1,0,0,0,0,0,1,0,0,"- ","- ",35.383121490478516,-118.9493408203125,KERN,UNINCORPORATED,-118.94976043701172,35.383140563964844
91624951,2021,2021-11-15,9420,2021-11-12,1348,021534,,5,1,9,1500,0,1,3,,2,589,"SR-58 W/B","GENERAL BEALE RD",15840.00,E,N,A,-,Y,,,58,,,,,,W,Y,2,0,1,2,A,-,08,22107,,N,E,8,A,A,H,-,A,D,0,,,,Y,Y,,D,22,1,0,0,0,0,0,0,0,0,"- ","- ",35.268440246582031,-118.69493865966797,KERN,UNINCORPORATED,-118.69493865966797,35.268352508544922
91630166,2021,2021-11-19,9420,2021-11-06,0013,021632,,6,3,9,1500,0,2,4,,1,051,"MANOR STREET","FELTON STREET",150.00,S,N,A,-,N,,,,,,,,,,Y,2,0,3,3,A,-,08,22107,,N,A,C,A,A,H,-,D,D,0,,,,,Y,,A,07,2,0,1,0,0,0,0,0,0,"- ","- ",35.439849853515625,-119.01812744140625,KERN,UNINCORPORATED,-119.01924896240234,35.439891815185547
91630167,2021,2021-11-19,9420,2021-11-12,0845,018807,,5,1,9,1500,0,2,4,,1,051,"AIRPORT DRIVE","PETROL ROAD",0.00,,Y,A,-,N,,,,,,,,,,Y,2,0,1,2,A,-,09,21802,A,N,D,C,A,A,H,-,A,A,0,,,,Y,Y,,A,01,1,0,0,0,0,0,0,0,0,"- ","- ",35.448539733886719,-119.03859710693359,KERN,UNINCORPORATED,-119.03854370117188,35.448516845703125
91631294,2021,2021-11-22,9830,2021-11-01,0535,019762,,1,3,9,1500,0,1,3,,2,030,"SR-14 S/B","ROSAMOND BLVD.",6864.00,S,N,A,-,Y,,,14,,,,,,S,Y,2,0,2,2,A,-,03,22350,,N,C,C,A,A,H,-,D,D,0,,,,,Y,,A,01,1,1,0,0,0,0,0,0,0,"- ","- ",34.844589233398438,-118.17149353027344,KERN,UNINCORPORATED,-118.17144012451172,34.844593048095703
91636834,2021,2021-11-29,9420,2021-11-02,1506,018117,,2,2,9,1500,0,2,4,,1,064,"OLIVE DR","KNUDSEN DR",108.00,E,N,A,-,N,,,,,,,,,,N,2,0,1,2,A,-,11,21954,A,N,G,B,D,A,H,-,A,D,0,Y,,,,Y,,N,60,1,0,0,0,1,0,0,0,0,"- ","- ",35.412471771240234,-119.05831146240234,KERN,UNINCORPORATED,-119.05841827392578,35.412269592285156
91638374,2021,2021-11-30,9420,2021-11-14,0310,021632,,7,3,9,1500,0,1,3,,2,092,"STATE ROUTE 99 SOUTHBOUND TO STATE ROUTE 204","ATLAS COURT",152.00,N,N,A,-,Y,,,99,,,,R,,S,Y,2,0,1,1,A,-,01,23152,A,N,E,I,A,A,H,-,D,D,0,,,,,Y,Y,A,01,1,0,0,0,0,0,0,0,0,"- ","- ",35.404560089111328,-119.04740905761719,KERN,UNINCORPORATED,-119.04740905761719,35.404560089111328
91638466,2021,2021-11-30,9420,2021-11-18,0340,020484,,4,3,9,1500,0,1,3,,2,097,SR-99,"SANDRINI ROAD",620.00,N,N,A,-,Y,,,99,,,,,,,N,2,0,1,2,A,-,11,21954,A,N,G,B,E,A,H,-,C,D,0,Y,,,Y,Y,,N,60,1,0,0,0,1,0,0,0,0,"- ","- ",35.12432861328125,-118.98922729492188,KERN,UNINCORPORATED,-118.98916625976562,35.124351501464844
91639697,2021,2021-12-01,9420,2021-11-18,2130,021144,,4,2,9,1500,0,3,5,,2,040,"OLD ALFRED HARREL HWY.","FAIRFAX RD",2112.00,W,N,A,-,N,,,,,,,,,,N,2,0,1,1,A,-,08,22107,,N,F,A,A,A,H,-,D,D,0,,,,,Y,,A,01,1,0,0,0,0,0,0,0,0,"- ","- ",35.4193115234375,-118.95577239990234,KERN,UNINCORPORATED,-118.95571136474609,35.419563293457031
91641866,2021,2021-12-03,9420,2021-11-20,0240,021601,,6,3,9,1500,0,1,3,,2,092,"SR-99 N/B","SANTA FE RAIL ROAD OVERCROSSING",281.00,S,N,A,-,Y,,,99,,,,,,N,Y,2,0,1,1,A,-,01,23152,A,N,F,I,A,A,H,-,C,A,0,,,,,Y,Y,A,01,1,0,0,0,0,0,0,0,0,"- ","- ",35.405860900878906,-119.04759216308594,KERN,UNINCORPORATED,-119.04755401611328,35.405906677246094
91641942,2021,2021-12-03,9420,2021-11-22,1250,018807,,1,1,9,1500,0,1,3,,2,092,"SR-99 (NORTHBOUND)","SR-65(PORTERVILLE HIGHWAY)",78.00,S,N,A,-,Y,,,99,,,,,,,N,2,0,1,1,A,-,08,22107,,N,F,I,A,A,H,-,A,D,0,,,Y,,Y,,C,02,1,0,0,0,0,0,0,0,1,"- ","- ",35.434749603271484,-119.07581329345703,KERN,UNINCORPORATED,-119.07579040527344,35.434776306152344
91642646,2021,2021-12-03,9426,2021-09-19,2215,018932,,7,3,9,1500,0,3,5,,2,085,"STATE ROUTE 119","STATE ROUTE 43",4752.00,W,N,A,-,Y,,,119,,,,,,,Y,1,1,0,1,A,-,08,22107,,N,F,A,A,A,H,-,D,D,0,,,,,Y,Y,A,01,0,0,0,0,0,0,0,0,0,"- ","- ",35.267318725585938,-119.27023315429688,KERN,UNINCORPORATED,-119.27023315429688,35.267402648925781
91644231,2021,2021-12-06,9430,2021-11-23,0355,016388,,2,3,9,1500,0,1,3,,2,167,SR-166,"I-5 S/B",1527.00,W,N,B,E,Y,,,166,,,,,,,Y,2,0,3,2,A,-,08,22107,,N,D,C,A,A,H,-,C,D,0,,,,,Y,,A,01,1,1,1,0,0,0,0,0,0,"- ","- ",35.059349060058594,-119.00540161132812,KERN,UNINCORPORATED,-119.00540161132812,35.059288024902344
91644899,2021,2021-12-07,9420,2021-08-27,0347,021503,,5,3,9,1500,0,1,3,,1,119,SR-119,"ASHE ROAD",355.00,W,N,A,-,Y,,,119,,,,,,,N,1,1,0,2,A,-,11,21954,A,N,G,C,D,A,H,-,C,D,0,Y,,,,Y,,N,60,0,0,0,1,0,0,0,0,0,"- ","- ",35.26715087890625,-119.07855224609375,KERN,UNINCORPORATED,-119.07855224609375,35.267093658447266
91646603,2021,2021-12-08,9420,2021-11-25,0030,021503,,4,3,9,1500,0,2,4,,1,071,"FAIRFAX ROAD","EUCALYPTUS ROAD",242.00,N,N,A,-,N,,,,,,,,,,Y,2,0,1,2,A,-,08,22107,,N,B,E,A,A,H,-,C,D,0,,,,,Y,,A,01,1,0,0,0,0,0,0,0,0,"- ","- ",35.366081237792969,-118.93208312988281,KERN,UNINCORPORATED,-118.93193817138672,35.365825653076172
91647859,2021,2021-12-09,9420,2021-11-29,0800,018225,,1,1,9,1500,0,2,4,,1,072,"NILES ST","CATALPA WY",0.00,,Y,A,-,N,,,,,,,,,,N,2,0,2,3,A,-,10,21950,A,N,G,B,B,A,H,-,A,A,0,Y,,,,Y,,A,07,1,1,0,0,2,0,0,0,0,"- ","- ",35.375778198242188,-118.95855712890625,KERN,UNINCORPORATED,-118.95854949951172,35.375839233398438
91651827,2021,2021-12-14,9420,2021-12-04,0417,021589,,6,3,9,1500,0,2,4,,1,071,"MT VERNON AVE","POTOMAC AVE",0.00,,Y,A,-,N,,,,,,,,,,Y,2,0,2,2,A,-,12,21453,A,F,D,C,A,A,H,-,C,A,0,,,,,Y,,A,01,1,1,0,0,0,0,0,0,0,"- ","- ",35.364978790283203,-118.96743774414062,KERN,UNINCORPORATED,-118.96759796142578,35.364959716796875
91652769,2021,2021-12-15,9420,2021-12-09,1720,020402,,4,2,9,1500,0,3,5,,2,060,"MOHAWK STREET","ROSEDALE HIGHWAY",2200.00,N,N,A,-,N,,,,,,,,,,Y,2,0,1,1,A,-,08,22107,,N,F,A,A,A,H,-,D,D,0,,,Y,,Y,,C,02,1,0,0,0,0,0,0,0,1,"- ","- ",35.389858245849609,-119.06555938720703,KERN,UNINCORPORATED,-119.06582641601562,35.377590179443359
91653411,2021,2021-12-15,9830,2021-10-14,1855,021751,,4,2,9,1500,0,1,3,,2,030,"STATE ROUTE 14 SOUTHBOUND","AVENUE A",9134.00,N,N,A,-,Y,,,14,,,,,,S,Y,1,1,0,3,A,-,01,23152,F,N,C,C,A,A,H,-,D,D,0,,,,Y,Y,,D,22,0,0,0,0,0,0,0,0,0,"- ","- ",34.843101501464844,-118.17098236083984,KERN,UNINCORPORATED,-118.17132568359375,34.843074798583984
91656339,2021,2021-12-20,9420,2021-12-08,2107,021134,,3,2,9,1500,0,2,4,,1,075,"S UNION AVE NORTHBOUND","GARDEN DR",82.00,N,N,A,-,N,,,,,,,,,,Y,2,0,1,2,A,-,08,22107,,N,B,C,A,A,H,-,D,D,0,,,Y,,Y,,C,02,1,0,0,0,0,0,0,0,1,"- ","- ",35.306228637695312,-119.0029296875,KERN,UNINCORPORATED,-119.00299835205078,35.306114196777344
91656598,2021,2021-12-20,9420,2021-03-13,1705,021386,,6,2,9,1500,0,3,5,,2,630,"SOUTH CHESTER AVENUE","SOUTHGATE DRIVE",410.00,S,N,B,-,N,,,,,,,,,,Y,1,1,0,2,A,-,03,22350,,N,C,C,A,A,H,-,A,D,0,,,Y,,Y,,C,02,0,0,0,0,0,0,0,1,0,"- ","- ",35.334758758544922,-119.01589965820312,KERN,UNINCORPORATED,-119.01586151123047,35.334808349609375