CASE_ID,ACCIDENT_YEAR,PROC_DATE,JURIS,COLLISION_DATE,COLLISION_TIME,OFFICER_ID,REPORTING_DISTRICT,DAY_OF_WEEK,CHP_SHIFT,POPULATION,CNTY_CITY_LOC,SPECIAL_COND,BEAT_TYPE,CHP_BEAT_TYPE,CITY_DIVISION_LAPD,CHP_BEAT_CLASS,BEAT_NUMBER,PRIMARY_RD,SECONDARY_RD,DISTANCE,DIRECTION,INTERSECTION,WEATHER_1,WEATHER_2,STATE_HWY_IND,CALTRANS_COUNTY,CALTRANS_DISTRICT,STATE_ROUTE,ROUTE_SUFFIX,POSTMILE_PREFIX,POSTMILE,LOCATION_TYPE,RAMP_INTERSECTION,SIDE_OF_HWY,TOW_AWAY,COLLISION_SEVERITY,NUMBER_KILLED,NUMBER_INJURED,PARTY_COUNT,PRIMARY_COLL_FACTOR,PCF_CODE_OF_VIOL,PCF_VIOL_CATEGORY,PCF_VIOLATION,PCF_VIOL_SUBSECTION,HIT_AND_RUN,TYPE_OF_COLLISION,MVIW,PED_ACTION,ROAD_SURFACE,ROAD_COND_1,ROAD_COND_2,LIGHTING,CONTROL_DEVICE,CHP_ROAD_TYPE,PEDESTRIAN_ACCIDENT,BICYCLE_ACCIDENT,MOTORCYCLE_ACCIDENT,TRUCK_ACCIDENT,NOT_PRIVATE_PROPERTY,ALCOHOL_INVOLVED,STWD_VEHTYPE_AT_FAULT,CHP_VEHTYPE_AT_FAULT,COUNT_SEVERE_INJ,COUNT_VISIBLE_INJ,COUNT_COMPLAINT_PAIN,COUNT_PED_KILLED,COUNT_PED_INJURED,COUNT_BICYCLIST_KILLED,COUNT_BICYCLIST_INJURED,COUNT_MC_KILLED,COUNT_MC_INJURED,PRIMARY_RAMP,SECONDARY_RAMP,LATITUDE,LONGITUDE,COUNTY,CITY,POINT_X,POINT_Y
91662029,2021,2021-12-27,9420,2021-12-11,2313,021144,,6,3,9,1500,0,1,3,,2,090,"SR-99 N/B","7TH STANDARD RD.",1320.00,N,N,A,-,Y,,,99,,,,,,N,Y,2,0,1,1,A,-,01,23152,A,M,E,8,A,A,H,-,D,D,0,,,,,Y,Y,A,01,1,0,0,0,0,0,0,0,0,"- ","- ",35.444290161132812,-119.08943176269531,KERN,UNINCORPORATED,-119.08942413330078,35.444305419921875
91663740,2021,2021-12-28,9830,2021-10-05,0020,019872,,2,3,9,1500,0,2,4,,1,023,"TWENTY MULE TEAM ROAD","BORAX ROAD",668.00,E,N,A,-,N,,,,,,,,,,Y,1,1,2,1,A,-,01,23152,A,N,E,I,A,A,H,-,D,D,0,,,,,Y,Y,A,01,1,0,1,0,0,0,0,0,0,"- ","- ",35.000679016113281,-117.70179748535156,KERN,UNINCORPORATED,-117.70094299316406,35.000690460205078
91663766,2021,2021-12-28,9830,2021-11-05,0240,022202,,5,3,9,1500,0,1,3,,1,022,"STATE ROUTE-58 WESTBOUND","CLAYMINE ROAD",5304.00,E,N,A,-,Y,,,58,,,,,,W,Y,1,1,1,2,A,-,01,23152,A,N,C,E,A,A,H,-,D,D,0,,,,,Y,Y,A,01,0,1,0,0,0,0,0,0,0,"- ","- ",35.006160736083984,-117.82646179199219,KERN,UNINCORPORATED,-117.82646179199219,35.006111145019531
91666645,2021,2022-03-07,9420,2021-06-05,1100,020040,,6,1,9,1500,0,1,3,,2,430,"STATE ROUTE 43 (CENTRAL VALLEY HIGHWAY)","SHERWOOD AVENUE",215.00,N,N,A,-,Y,,,43,,,,,,,N,1,1,1,3,A,-,01,23152,F,N,B,C,A,A,H,-,A,D,0,,,,,Y,,A,01,1,0,0,0,0,0,0,0,0,"- ","- ",35.674720764160156,-119.33013916015625,KERN,UNINCORPORATED,-119.33016204833984,35.674724578857422
91668748,2021,2022-01-03,9420,2021-12-25,0011,020573,,6,3,9,1500,0,1,3,,2,090,"SR-99 N/B","SHERWOOD AVE.",1250.00,S,N,A,-,Y,,,99,,,,,,N,Y,2,0,2,1,A,-,01,23152,A,N,E,I,A,B,H,-,C,D,0,,,,,Y,Y,A,01,1,0,1,0,0,0,0,0,0,"- ","- ",35.66986083984375,-119.2252197265625,KERN,UNINCORPORATED,-119.22512054443359,35.669887542724609
91672440,2021,2022-01-06,9430,2021-12-25,1020,016825,,6,1,9,1500,0,1,1,,2,053,"I-5 N/B","#4 TURN THRU",422.00,S,N,B,-,Y,,,5,,,,,,N,Y,2,0,2,1,A,-,08,22107,,N,F,I,A,A,H,-,A,D,0,,,,,Y,,A,07,2,0,0,0,0,0,0,0,0,"- ","- ",34.901348114013672,-118.92257690429688,KERN,UNINCORPORATED,-118.92269897460938,34.901329040527344
91672649,2021,2022-01-06,9830,2021-12-24,1745,021191,,5,2,9,1500,0,1,3,,1,020,"SIERRA HIGHWAY","NADEAU ST",250.00,S,N,A,-,N,,,,,,,,,,N,2,0,1,2,A,-,11,21954,A,N,G,B,D,A,H,-,C,D,0,Y,,,,Y,,N,60,1,0,0,0,1,0,0,0,0,"- ","- ",35.055919647216797,-118.17484283447266,KERN,UNINCORPORATED,-118.17464447021484,35.055458068847656
91672849,2021,2022-01-06,9426,2021-12-09,1306,018919,,4,1,9,1500,0,1,1,,2,506,"I-5 SB","OLD RIVER ROAD",2640.00,S,N,B,-,Y,,,5,,,,,,S,Y,1,1,0,2,A,-,08,22107,,F,B,C,A,B,H,-,A,D,0,,,,,Y,,A,01,0,0,0,0,0,0,0,0,0,"- ","- ",35.156929016113281,-119.10591888427734,KERN,UNINCORPORATED,-119.10588836669922,35.156963348388672
91673563,2022,2022-01-07,9420,2022-01-01,1552,020634,,6,2,9,1500,0,2,4,,1,064,"OLIVE DRIVE","KNUDSEN DRIVE",125.00,E,N,A,-,N,,,,,,,,,,N,2,0,1,2,A,-,11,21954,A,N,G,B,D,A,H,-,A,D,0,Y,,,,Y,,N,60,1,0,0,0,1,0,0,0,0,"- ","- ",35.412429809570312,-119.05819702148438,KERN,UNINCORPORATED,-119.05835723876953,35.412269592285156
91673568,2022,2022-01-07,9420,2022-01-01,1408,021534,,6,2,9,1500,0,1,3,,2,588,"SR-58 E/B","GENERAL BEALE ROAD",10560.00,E,N,A,-,Y,KER,,58,,,71.608,H,,R,Y,2,0,1,2,A,-,03,22350,,N,C,C,A,A,H,-,A,D,0,,,,Y,Y,,A,01,1,0,0,0,0,0,0,0,0,"- ","- ",35.279460906982422,-118.7242431640625,KERN,UNINCORPORATED,-118.72423553466797,35.279468536376953
91674364,2021,2022-01-10,9420,2021-12-27,0615,018387,,1,1,9,1500,0,2,4,,1,071,"MT VERNON AVE","STEELE AVE",750.00,N,N,A,-,N,,,,,,,,,,N,2,0,1,2,A,-,11,21954,A,N,G,B,E,A,H,-,C,D,0,Y,,,,Y,,N,60,1,0,0,0,1,0,0,0,0,"- ","- ",35.371608734130859,-118.96746826171875,KERN,UNINCORPORATED,-118.96746063232422,35.371528625488281
91674370,2021,2022-01-10,9420,2021-11-07,2500,020634,,7,4,9,1500,0,1,3,,2,204,"STATE ROUTE 204","CALLOWAY CANAL",385.00,N,N,A,-,Y,,,204,,,,,,,Y,1,1,0,1,A,-,01,23152,A,N,E,I,A,A,H,-,D,D,0,,,,,Y,Y,A,01,0,0,0,0,0,0,0,0,0,"- ","- ",35.397811889648438,-119.03412628173828,KERN,UNINCORPORATED,-119.03401947021484,35.397960662841797
91675581,2022,2022-01-11,9420,2022-01-09,1740,021534,,7,2,9,1500,0,1,3,,2,584,"SR-58 W/B","MARTIN LUTHER KING JR BLVD",2640.00,E,N,A,-,Y,KER,,58,,R,55.554,H,,R,Y,2,0,1,2,A,-,03,22350,,N,C,C,A,A,H,-,C,D,0,,,Y,,Y,,A,01,1,0,0,0,0,0,0,0,1,"- ","- ",35.352249145507812,-118.98294830322266,KERN,UNINCORPORATED,-118.98294830322266,35.352283477783203
91676421,2022,2022-01-12,9420,2022-01-11,0823,016153,,2,1,9,1500,0,3,5,,2,530,"MERCED AVE.","MAGNOLIA AVE.",0.00,,Y,E,-,N,,,,,,,,,,Y,2,0,1,2,A,-,09,21802,A,N,D,C,A,D,H,-,A,A,0,,,,Y,Y,,G,25,1,0,0,0,0,0,0,0,0,"- ","- ",35.528919219970703,-119.36763763427734,KERN,UNINCORPORATED,-119.36764526367188,35.528923034667969
91680216,2022,2022-01-18,9426,2022-01-14,0535,014887,,5,3,9,1500,0,3,5,,2,085,"HOLLOWAY RD","GP ROAD",0.00,,Y,E,-,N,,,,,,,,,,Y,2,0,1,1,A,-,03,22350,,N,E,I,A,A,H,-,D,A,0,,,,,Y,,A,01,1,0,0,0,0,0,0,0,0,"- ","- ",35.644611358642578,-119.76286315917969,KERN,UNINCORPORATED,,
91680741,2021,2022-01-19,9426,2021-11-29,0910,018023,,1,1,9,1500,0,3,5,,2,081,SR-119,"ELK HILLS ROAD",1637.00,E,N,A,-,Y,,,119,,,,,,,Y,1,1,1,2,A,-,05,21650,,N,A,C,A,A,H,-,A,D,0,,,,Y,Y,,D,22,0,1,0,0,0,0,0,0,0,"- ","- ",35.187721252441406,-119.44014739990234,KERN,UNINCORPORATED,-119.44014739990234,35.187702178955078
91682455,2022,2022-01-21,9420,2022-01-16,1055,021572,,7,1,9,1500,0,1,3,,2,177,SR-178,"WILLOW SPRING CREEK",8976.00,W,N,A,-,Y,KER,,178,,,24.088,H,,R,Y,2,0,1,1,A,-,01,23152,A,N,E,I,A,A,H,-,A,D,0,,,,,Y,Y,D,22,1,0,0,0,0,0,0,0,0,"- ","- ",35.509078979492188,-118.69059753417969,KERN,UNINCORPORATED,-118.69062042236328,35.509078979492188
91682457,2022,2022-01-21,9420,2022-01-07,2040,017243,,5,2,9,1500,0,1,3,,1,650,SR-65,"POSO HEIGHTS RD.",1320.00,N,N,B,-,Y,KER,,65,,,10.241,H,,R,Y,2,0,3,3,A,-,05,21460,A,N,A,C,A,A,H,-,D,D,0,,,,Y,Y,,A,01,2,1,0,0,0,0,0,0,0,"- ","- ",35.579349517822266,-119.08818817138672,KERN,UNINCORPORATED,-119.08821868896484,35.579345703125
91683444,2021,2022-04-19,9420,2021-12-14,1357,020163,,2,1,9,1500,0,2,4,,1,075,"SOUTH UNION AVENUE","STATE ROUTE 223 (EAST BEAR MOUNTAIN BOULEVARD)",2112.00,S,N,C,-,N,,,,,,,,,,Y,1,1,0,1,A,-,08,22107,,N,E,I,A,B,H,-,A,D,0,,,,,Y,,A,01,0,0,0,0,0,0,0,0,0,"- ","- ",35.202400207519531,-119.00299835205078,KERN,UNINCORPORATED,-119.00310516357422,35.202785491943359
91683488,2022,2022-01-24,9420,2022-01-22,0722,020672,,6,1,9,1500,0,1,3,,2,178,SR-178,"FREEWAY RIDGE 4WD TRAIL",15734.00,W,N,A,-,Y,KER,,178,,R,34.254,H,,R,Y,2,0,1,1,A,-,08,22107,,N,E,I,A,A,H,-,A,D,0,,,,,Y,,A,01,1,0,0,0,0,0,0,0,0,"- ","- ",35.561489105224609,-118.58657836914062,KERN,UNINCORPORATED,-118.58633422851562,35.561500549316406
91688279,2021,2022-01-28,9420,2021-11-10,1825,019868,,3,2,9,1500,0,2,4,,1,072,"EDISON HIGHWAY","CHAMBERLAIN AVENUE",500.00,W,N,A,-,N,,,,,,,,,,N,1,1,0,2,A,-,11,21954,A,N,G,B,D,A,H,-,D,D,0,Y,,,,Y,,N,60,0,0,0,1,0,0,0,0,0,"- ","- ",35.372161865234375,-118.97205352783203,KERN,UNINCORPORATED,-118.97189331054688,35.372138977050781
91691669,2022,2022-02-02,9420,2022-01-18,0210,021981,,2,3,9,1500,0,3,5,,2,030,"CALIENTE CREEK ROAD","BACK CANYON ROAD",0.00,,Y,A,-,N,,,,,,,,,,Y,2,0,1,1,A,-,03,22350,,N,E,I,A,A,H,-,D,D,0,,,,,Y,,A,01,1,0,0,0,0,0,0,0,0,"- ","- ",35.323200225830078,-118.39067077636719,KERN,UNINCORPORATED,-118.39051055908203,35.3228759765625
91694641,2022,2022-02-07,9420,2022-01-21,2358,021144,,5,3,9,1500,0,2,4,,1,072,"EDISON HWY.",SR-184,467.00,W,N,A,-,N,,,,,,,,,,Y,2,0,1,2,A,-,01,23152,A,N,C,C,A,A,H,-,D,D,0,,,,,Y,Y,D,22,1,0,0,0,0,0,0,0,0,"- ","- ",35.358528137207031,-118.91552734375,KERN,UNINCORPORATED,-118.91571807861328,35.358646392822266
91696210,2022,2022-02-08,9430,2022-02-05,0830,018627,,6,1,9,1500,0,1,1,,2,053,"I-5 S/B (GOLDEN STATE FREEWAY)","#4 TURN THROUGH",500.00,S,N,A,-,Y,KER,,5,,,8.223,H,,L,N,2,0,1,1,C,-,18,,,N,E,J,A,A,H,-,A,D,0,,,,,Y,,-,"- ",1,0,0,0,0,0,0,0,0,"- ","- ",34.912361145019531,-118.92366790771484,KERN,UNINCORPORATED,-118.92353057861328,34.912361145019531
91696906,2022,2022-02-09,9420,2022-02-02,1910,018481,,3,2,9,1500,0,3,5,,2,671,"DI GIORGIO RD.","N. COMANCHE DR.",600.00,W,N,A,-,N,,,,,,,,,,Y,2,0,1,2,A,-,01,23152,A,F,D,C,A,A,H,-,D,D,0,,,,,Y,Y,D,22,1,0,0,0,0,0,0,0,0,"- ","- ",35.252651214599609,-118.84388732910156,KERN,UNINCORPORATED,-118.84466552734375,35.252681732177734
91698613,2022,2022-02-11,9420,2022-02-01,2344,019901,,2,3,9,1500,0,3,5,,2,050,"MERLE HAGGARD DR.","WISHON DR.",20.00,E,N,A,-,N,,,,,,,,,,N,2,0,1,2,A,-,11,21954,A,N,G,B,D,A,H,-,D,D,0,Y,,,,Y,,N,60,1,0,0,0,1,0,0,0,0,"- ","- ",35.441490173339844,-119.07636260986328,KERN,UNINCORPORATED,-119.07627105712891,35.441432952880859
91699355,2022,2022-02-14,9830,2022-02-07,1212,019762,,1,1,9,1500,0,1,3,,1,040,"SR-14 S/B","BISHOP DR.",858.00,S,N,A,-,Y,KER,,14,,,19.903,H,,L,Y,2,0,2,1,A,-,08,22107,,N,E,I,A,A,H,-,A,D,0,,,,,Y,,A,01,1,1,0,0,0,0,0,0,0,"- ","- ",35.108798980712891,-118.136962890625,KERN,UNINCORPORATED,-118.13694763183594,35.108791351318359
91699992,2022,2022-02-14,9420,2022-01-29,2032,021632,,6,2,9,1500,0,1,3,,1,176,"STATE ROUTE 178 EASTBOUND","FAIRFAX ROAD",2650.00,W,N,A,-,Y,KER,,178,,R,6.300,H,,R,Y,2,0,3,4,A,-,03,22350,,N,B,C,E,A,H,-,D,D,0,Y,,,,Y,Y,A,07,1,2,0,0,2,0,0,0,0,"- ","- ",35.39630126953125,-118.93816375732422,KERN,UNINCORPORATED,-118.93816375732422,35.396350860595703
91701309,2022,2022-02-15,9420,2022-02-04,1203,016978,,5,1,9,1500,0,1,3,,2,430,SR-43,"DRESSER AVENUE",300.00,N,N,A,-,Y,KER,,43,,R,21.214,H,,L,Y,2,0,1,1,A,-,08,22107,,N,E,8,A,A,H,-,A,D,0,,,,,Y,,A,08,1,0,0,0,0,0,0,0,0,"- ","- ",35.544101715087891,-119.32978820800781,KERN,UNINCORPORATED,-119.32959747314453,35.544284820556641
91703009,2022,2022-02-17,9420,2022-02-08,2117,020634,,2,2,9,1500,0,2,4,,1,051,"N. CHESTER AVENUE","MCCORD AVENUE",0.00,,Y,A,-,N,,,,,,,,,,N,2,0,1,2,A,-,11,21954,A,F,G,B,E,A,H,-,C,D,0,Y,,,,Y,,N,60,1,0,0,0,1,0,0,0,0,"- ","- ",34.40673828125,-119.02104949951172,KERN,UNINCORPORATED,-119.02105712890625,35.406791687011719
91703478,2022,2022-02-17,9420,2022-02-16,0530,016828,,3,3,9,1500,0,1,3,,2,223,SR-223,"SOUTH H. STREET",23.00,W,N,A,-,Y,KER,,223,,,9.879,H,,R,Y,2,0,4,2,A,-,05,21460,C,N,D,C,A,A,H,-,D,D,0,,,,,Y,,A,07,2,2,0,0,0,0,0,0,0,"- ","- ",35.208599090576172,-119.02189636230469,KERN,UNINCORPORATED,-119.02189636230469,35.208599090576172
91703496,2022,2022-02-17,9420,2022-02-13,1335,021600,,7,1,9,1500,0,3,5,,2,671,"FLORENCE ST.","PARISH AVE.",364.00,W,N,A,-,N,,,,,,,,,,Y,2,0,1,3,A,-,06,21750,A,N,D,C,A,A,H,-,A,D,0,,,Y,,Y,,C,02,1,0,0,0,0,0,0,0,1,"- ","- ",35.239578247070312,-118.91721343994141,KERN,UNINCORPORATED,-118.91708374023438,35.239669799804688
91705516,2022,2022-02-22,9420,2022-02-14,2203,021981,,1,3,9,1500,0,1,3,,2,178,"STATE ROUTE 178","PAUL'S PLACE DRIVE",1169.00,W,N,A,-,Y,KER,,178,,R,56.576,H,,R,Y,2,0,1,1,A,-,05,21460,A,N,F,I,A,A,H,-,D,A,0,,,,,Y,,D,22,1,0,0,0,0,0,0,0,0,"- ","- ",35.663051605224609,-118.30712127685547,KERN,UNINCORPORATED,-118.30721282958984,35.663154602050781
91706836,2022,2022-02-23,9420,2022-02-07,0620,017256,,1,1,9,1500,0,1,3,,1,650,"STATE ROUTE 65","SHERWOOD AVENUE",1478.00,N,N,A,-,Y,KER,,65,,,16.163,H,,R,Y,2,0,2,3,A,-,03,22350,,N,D,2,A,A,C,-,B,D,0,,,,Y,Y,,D,22,1,0,1,0,0,0,0,0,0,"- ","- ",35.663860321044922,-119.07633209228516,KERN,UNINCORPORATED,-119.07643127441406,35.663875579833984
91706864,2021,2022-02-23,9420,2021-12-03,2028,017243,,5,2,9,1500,0,1,3,,2,091,"STATE ROUTE 99","LERDO HIGHWAY",6336.00,S,N,A,-,Y,,,99,,,,,,,Y,1,1,1,3,A,-,08,22107,,N,C,E,E,A,H,-,D,D,0,Y,,,Y,Y,,D,22,0,1,0,0,1,0,0,0,0,"- ","- ",35.488441467285156,-119.14984130859375,KERN,UNINCORPORATED,-119.14980316162109,35.488483428955078
91707930,2022,2022-03-08,9420,2022-02-21,0950,016153,,1,1,9,1500,0,3,5,,2,060,"MOHAWK ST.","ROSEDALE HWY.",2112.00,N,N,A,-,N,,,,,,,,,,Y,1,1,0,1,A,-,08,22107,,N,F,A,A,A,H,-,A,D,0,,,,Y,Y,,F,26,0,0,0,0,0,0,0,0,0,"- ","- ",35.385730743408203,-119.06495666503906,KERN,UNINCORPORATED,-119.06577301025391,35.377826690673828
91711927,2022,2022-03-01,9420,2022-02-27,0215,020409,,7,3,9,1500,0,2,4,,1,072,"EDISON HIGHWAY","MOUNT VERNON AVE",105.00,E,N,A,-,N,,,,,,,,,,Y,2,0,1,4,A,-,01,23152,A,N,C,E,A,A,H,-,D,D,0,,,,,Y,Y,A,08,1,0,0,0,0,0,0,0,0,"- ","- ",35.370918273925781,-118.96711730957031,KERN,UNINCORPORATED,-118.96713256835938,35.370990753173828
91714519,2021,2022-03-03,9420,2021-09-25,0115,021600,,6,3,9,1500,0,2,4,,1,075,"SOUTH UNION AVENUE","EAST CASA LOMA DRIVE",19.00,N,N,A,-,N,,,,,,,,,,Y,1,1,0,2,A,-,01,23152,A,F,H,C,A,A,H,-,C,A,0,,,,Y,Y,Y,-,"- ",0,0,0,0,0,0,0,0,0,"- ","- ",35.339599609375,-119.00279235839844,KERN,UNINCORPORATED,-119.00296020507812,35.339542388916016
91714560,2022,2022-03-03,9420,2022-01-11,0223,019598,,2,3,9,1500,0,1,3,,2,091,"STATE ROUTE 99 SOUTHBOUND","LERDO HIGHWAY",7392.00,S,N,A,-,Y,KER,,99,,,34.712,H,,L,N,1,1,0,2,A,-,11,21954,A,F,G,B,D,A,H,-,D,D,0,Y,,,,Y,,N,60,0,0,0,1,0,0,0,0,0,"- ","- ",35.481449127197266,-119.14051055908203,KERN,UNINCORPORATED,-119.14048767089844,35.481472015380859
91715467,2021,2022-03-04,9830,2021-12-17,1615,021788,,5,2,9,1500,0,3,5,,2,005,"BRADY STREET","GRAAF AVENUE",0.00,,Y,A,-,N,,,,,,,,,,Y,1,1,0,2,A,-,09,21804,A,N,D,C,A,A,H,-,A,D,0,,,Y,,Y,Y,C,02,0,0,0,0,0,0,0,1,0,"- ","- ",35.648040771484375,-117.70558166503906,KERN,UNINCORPORATED,-117.70555114746094,35.6480712890625
91715512,2022,2022-03-04,9830,2022-02-26,1230,020524,,6,1,9,1500,0,3,5,,2,003,"BACKUS ROAD","70TH STREET WEST",1056.00,W,N,A,-,N,,,,,,,,,,Y,2,0,2,2,A,-,05,21460,A,N,A,C,A,A,H,-,A,D,0,,,,,Y,,A,01,2,0,0,0,0,0,0,0,0,"- ","- ",34.950901031494141,-118.26152038574219,KERN,UNINCORPORATED,-118.25984954833984,34.950939178466797
91715525,2022,2022-03-04,9420,2022-02-22,1840,021572,,2,2,9,1500,0,2,4,,1,071,"MT VERNON AVE","QUINCY ST",0.00,,Y,B,-,N,,,,,,,,,,Y,2,0,1,1,A,-,01,23152,A,N,E,I,A,B,H,-,C,A,0,,,,,Y,Y,A,01,1,0,0,0,0,0,0,0,0,"- ","- ",35.379901885986328,-118.96730804443359,KERN,UNINCORPORATED,-118.96739959716797,35.379802703857422
91716122,2022,2022-03-07,9426,2022-02-27,2140,017281,,7,2,9,1500,0,3,5,,2,085,"LEONARD AVE.","LERDO HWY.",0.00,,Y,A,-,N,,,,,,,,,,Y,2,0,2,2,A,-,09,21802,A,N,D,C,A,A,H,-,D,A,0,,,,Y,Y,,A,07,1,0,1,0,0,0,0,0,0,"- ","- ",35.500198364257812,-119.3856201171875,KERN,UNINCORPORATED,-119.38574981689453,35.500167846679688
91719998,2022,2022-03-10,9830,2022-03-01,0106,021642,,2,3,9,1500,0,1,3,,1,020,"SIERRA HWY","BELSHAW ST",185.00,S,N,A,-,Y,KER,,14,,L,16.551,H,,R,N,2,0,1,2,A,-,11,21954,A,N,G,B,D,A,H,-,C,D,0,Y,,,,Y,,N,60,1,0,0,0,1,0,0,0,0,"- ","- ",35.054271697998047,-118.17421722412109,KERN,UNINCORPORATED,-118.17420959472656,35.054271697998047
91722375,2022,2022-03-14,9420,2022-03-08,1657,021134,,2,2,9,1500,0,3,5,,2,672,"SPARKS ST","E FAIRVIEW RD",0.00,,Y,A,-,N,,,,,,,,,,N,2,0,1,2,A,-,12,22450,A,N,D,C,A,A,H,-,A,A,0,,,Y,,Y,,C,02,1,0,0,0,0,0,0,0,1,"- ","- ",35.303150177001953,-118.99423217773438,KERN,UNINCORPORATED,-118.99423217773438,35.303138732910156
91723876,2022,2022-03-16,9830,2022-03-04,1832,020655,,5,2,9,1500,0,1,3,,2,021,SR-58,"HYUNDAI-KIA BLVD",5280.00,W,N,A,-,Y,KER,,58,,R,119.946,H,,L,N,2,0,1,2,A,-,11,21954,A,F,G,B,E,A,H,-,D,D,0,Y,,,,Y,,N,60,1,0,0,0,1,0,0,0,0,"- ","- ",35.024169921875,-118.05162048339844,KERN,UNINCORPORATED,-118.05161285400391,35.024211883544922
91726520,2022,2022-03-18,9420,2022-03-13,1352,021632,,7,1,9,1500,0,3,5,,2,050,"MERLE HAGGARD DRIVE WESTBOUND","WINGS WAY",795.00,W,N,A,-,N,,,,,,,,,,N,2,0,1,1,A,-,08,22107,,N,E,I,A,A,H,-,A,D,0,,,Y,,Y,,C,02,1,0,0,0,0,0,0,0,1,"- ","- ",35.441860198974609,-118.05647277832031,KERN,UNINCORPORATED,-119.0550537109375,35.441364288330078
91727682,2022,2022-03-21,9420,2022-02-13,1030,021981,,7,1,9,1500,0,1,3,,2,178,"STATE ROUTE 178","LIVE OAK CAMPGROUND",2640.00,W,N,A,-,Y,,,,,,,,,,Y,2,0,1,1,A,-,03,22350,,N,F,A,A,A,H,-,A,D,0,,,Y,,Y,,C,02,1,0,0,0,0,0,0,0,1,"- ","- ",35.476608276367188,-118.73906707763672,KERN,UNINCORPORATED,,
91728240,2022,2022-03-21,9420,2022-03-15,1600,021133,,2,2,9,1500,0,2,4,,1,051,"DECATUR STREET","OILDALE DRIVE",0.00,,Y,A,-,N,,,,,,,,,,Y,2,0,1,2,A,-,12,22450,A,F,D,C,A,A,H,-,A,A,0,,,Y,,Y,,A,07,1,0,0,0,0,0,0,0,1,"- ","- ",35.413631439208984,-119.03003692626953,KERN,UNINCORPORATED,-119.02999114990234,35.413658142089844
91731158,2022,2022-03-24,9420,2022-03-04,2045,021601,,5,2,9,1500,0,3,5,,2,040,"N BAKER ST","IRENE ST",0.00,,Y,A,-,N,,,,,,,,,,N,2,0,1,2,A,-,10,21950,A,F,G,B,B,A,H,-,C,A,0,Y,,,,Y,,A,07,1,0,0,0,1,0,0,0,0,"- ","- ",35.393650054931641,-118.98760223388672,KERN,UNINCORPORATED,-118.98759460449219,35.39337158203125
91734664,2022,2022-03-28,9420,2022-03-13,0015,019901,,7,3,9,1500,0,3,5,,2,550,"KIMBERLINA RD.","SHAFTER AVE.",1660.00,E,N,A,-,N,,,,,,,,,,Y,2,0,2,2,A,-,01,23152,A,N,A,C,A,A,H,-,D,D,0,,,,,Y,Y,A,01,2,0,0,0,0,0,0,0,0,"- ","- ",35.55828857421875,-119.27261352539062,KERN,UNINCORPORATED,-119.27196502685547,35.5582275390625
91734712,2022,2022-03-28,9420,2022-03-14,1345,021981,,1,1,9,1500,0,1,3,,2,177,"STATE ROUTE 178","KERN CANYON ROAD",23760.00,W,N,A,-,Y,KER,,178,,,23.566,H,,R,Y,2,0,1,1,A,-,08,22107,,N,E,I,A,A,H,-,A,D,0,,,,,Y,,A,07,1,0,0,0,0,0,0,0,0,"- ","- ",35.501991271972656,-118.69281768798828,KERN,UNINCORPORATED,-118.69287109375,35.502002716064453
91734781,2021,2022-03-28,9420,2021-12-05,2044,021547,,7,2,9,1500,0,1,3,,2,155,"STATE ROUTE 155","CYPRESS LANE",11.00,W,N,A,-,Y,,,155,,,,,,,Y,1,1,1,4,A,-,03,22350,,N,G,1,E,A,C,-,D,D,0,Y,,,,Y,Y,A,07,0,0,1,1,1,0,0,0,0,"- ","- ",35.698310852050781,-118.46234893798828,KERN,UNINCORPORATED,-118.46231842041016,35.698265075683594
91734823,2022,2022-03-28,9420,2022-01-29,1140,021981,,6,1,9,1500,0,1,3,,2,178,"STATE ROUTE 178","KELSO CREEK ROAD",2640.00,W,N,A,-,Y,,,,,,,,,,Y,1,1,2,2,A,-,01,23152,G,N,A,C,A,A,H,-,A,D,0,,,,,Y,Y,A,01,2,0,0,0,0,0,0,0,0,"- ","- ",35.666988372802734,-118.22744750976562,KERN,UNINCORPORATED,-118.2764892578125,35.667034149169922
91735534,2022,2022-03-28,9830,2022-03-18,0508,022202,,5,3,9,1500,0,1,3,,1,031,"SR-14 N/B","PURDY AVE",2820.00,S,N,A,-,Y,KER,,14,,R,13.753,H,,R,Y,2,0,2,2,A,-,08,22107,,N,C,C,A,A,H,-,D,D,0,,,,Y,Y,,A,01,1,0,1,0,0,0,0,0,0,"- ","- ",35.017169952392578,-118.16320037841797,KERN,UNINCORPORATED,-118.16322326660156,35.017166137695312
91735876,2022,2022-03-29,9420,2022-03-23,0030,021600,,3,3,9,1500,0,3,5,,2,060,"DOWNING AVE.","WEAR ST.",8.00,W,N,A,-,N,,,,,,,,,,N,2,0,1,1,A,-,01,23152,A,N,F,A,A,A,H,-,D,D,0,,,Y,,Y,Y,C,02,1,0,0,0,0,0,0,0,1,"- ","- ",35.390548706054688,-119.078857421875,KERN,UNINCORPORATED,-119.078857421875,35.390560150146484