CASE_ID,ACCIDENT_YEAR,PROC_DATE,JURIS,COLLISION_DATE,COLLISION_TIME,OFFICER_ID,REPORTING_DISTRICT,DAY_OF_WEEK,CHP_SHIFT,POPULATION,CNTY_CITY_LOC,SPECIAL_COND,BEAT_TYPE,CHP_BEAT_TYPE,CITY_DIVISION_LAPD,CHP_BEAT_CLASS,BEAT_NUMBER,PRIMARY_RD,SECONDARY_RD,DISTANCE,DIRECTION,INTERSECTION,WEATHER_1,WEATHER_2,STATE_HWY_IND,CALTRANS_COUNTY,CALTRANS_DISTRICT,STATE_ROUTE,ROUTE_SUFFIX,POSTMILE_PREFIX,POSTMILE,LOCATION_TYPE,RAMP_INTERSECTION,SIDE_OF_HWY,TOW_AWAY,COLLISION_SEVERITY,NUMBER_KILLED,NUMBER_INJURED,PARTY_COUNT,PRIMARY_COLL_FACTOR,PCF_CODE_OF_VIOL,PCF_VIOL_CATEGORY,PCF_VIOLATION,PCF_VIOL_SUBSECTION,HIT_AND_RUN,TYPE_OF_COLLISION,MVIW,PED_ACTION,ROAD_SURFACE,ROAD_COND_1,ROAD_COND_2,LIGHTING,CONTROL_DEVICE,CHP_ROAD_TYPE,PEDESTRIAN_ACCIDENT,BICYCLE_ACCIDENT,MOTORCYCLE_ACCIDENT,TRUCK_ACCIDENT,NOT_PRIVATE_PROPERTY,ALCOHOL_INVOLVED,STWD_VEHTYPE_AT_FAULT,CHP_VEHTYPE_AT_FAULT,COUNT_SEVERE_INJ,COUNT_VISIBLE_INJ,COUNT_COMPLAINT_PAIN,COUNT_PED_KILLED,COUNT_PED_INJURED,COUNT_BICYCLIST_KILLED,COUNT_BICYCLIST_INJURED,COUNT_MC_KILLED,COUNT_MC_INJURED,PRIMARY_RAMP,SECONDARY_RAMP,LATITUDE,LONGITUDE,COUNTY,CITY,POINT_X,POINT_Y
91736867,2022,2022-03-30,9830,2022-03-18,0320,015977,,5,3,9,1500,0,1,3,,2,030,SR-14,"BACKUS RD",750.00,S,N,A,-,Y,KER,,14,,R,8.748,H,,R,Y,2,0,1,1,A,-,01,23152,A,N,E,I,A,A,D,-,D,D,0,,,,,Y,Y,A,01,1,0,0,0,0,0,0,0,0,"- ","- ",34.946208953857422,-118.16127014160156,KERN,UNINCORPORATED,-118.161376953125,34.946216583251953
91736909,2021,2022-03-30,9420,2021-10-18,0140,021596,,1,3,9,1500,0,3,5,,2,672,"WHEELER RIDGE ROAD","TEALE ROAD",530.00,N,N,A,-,N,,,,,,,,,,Y,1,1,1,2,A,-,01,23152,A,N,A,C,A,A,H,-,D,D,0,,,,Y,Y,Y,A,01,0,0,1,0,0,0,0,0,0,"- ","- ",35.138080596923828,-118.91459655761719,KERN,UNINCORPORATED,-118.91464996337891,35.138034820556641
91739076,2022,2022-04-01,9420,2022-04-01,0850,016978,,5,1,6,1502,0,1,3,,2,096,"SR-99 N/B",SR-119,2640.00,S,N,A,-,Y,,,,,,,,,,Y,2,0,2,1,A,-,08,22107,,N,E,8,A,A,D,-,A,D,0,,,,,Y,,A,07,2,0,0,0,0,0,0,0,0,"- ","- ",35.264888763427734,-119.02609252929688,KERN,BAKERSFIELD,-119.02263641357422,35.266448974609375
91739111,2021,2022-04-01,9420,2021-10-17,2315,020409,,7,3,9,1500,0,2,4,,1,075,"SOUTH UNION AVENUE","MCKEE ROAD",0.00,,Y,A,-,N,,,,,,,,,,Y,1,1,1,2,A,-,01,23152,A,N,D,C,A,A,H,-,D,D,0,,,,,Y,Y,A,07,0,0,1,0,0,0,0,0,0,"- ","- ",35.274028778076172,-119.00315093994141,KERN,UNINCORPORATED,-119.00313568115234,35.274078369140625
91739885,2022,2022-04-04,9420,2022-03-26,0055,021144,,6,3,9,1500,0,3,5,,2,510,"COUNTY LINE RD.","REED RD.",190.00,W,N,A,-,N,,,,,,,,,,Y,2,0,1,1,A,-,08,22107,,N,E,I,A,A,H,-,D,D,0,,,,,Y,Y,A,01,1,0,0,0,0,0,0,0,0,"- ","- ",35.790550231933594,-119.16150665283203,KERN,UNINCORPORATED,-119.16142272949219,35.790637969970703
91740115,2022,2022-04-04,9420,2022-03-26,0745,018387,,6,1,9,1500,0,3,5,,2,540,"SCOFIELD AVE","MCCOMBS RD",0.00,,Y,A,-,N,,,,,,,,,,Y,2,0,2,2,A,-,12,22450,A,N,D,C,A,A,H,-,A,A,0,,,,,Y,,A,01,2,0,0,0,0,0,0,0,0,"- ","- ",35.615520477294922,-119.40236663818359,KERN,UNINCORPORATED,-119.40241241455078,35.615951538085938
91743568,2022,2022-04-07,9420,2022-01-28,2350,020573,,5,3,9,1500,0,3,5,,2,672,"SOUTH EDISON ROAD","EAST WILSON ROAD",15.00,S,N,A,-,N,,,,,,,,,,Y,1,1,0,1,A,-,01,23152,A,N,E,I,A,A,H,-,D,D,0,,,,,Y,,A,07,0,0,0,0,0,0,0,0,0,"- ","- ",35.332618713378906,-118.87873840332031,KERN,UNINCORPORATED,-118.87861633300781,35.332630157470703
91744192,2022,2022-04-08,9426,2022-04-07,0610,014887,,4,1,9,1500,0,1,3,,2,331,SR-33,"BROWN MATERIAL RD",10560.00,N,N,A,-,Y,KER,,33,,,56.918,H,,R,Y,2,0,5,4,A,-,06,21751,,N,A,C,A,A,H,-,D,D,0,,,,Y,Y,,A,07,2,3,0,0,0,0,0,0,0,"- ","- ",35.582298278808594,-119.82759857177734,KERN,UNINCORPORATED,-119.82760620117188,35.582294464111328
91746312,2022,2022-04-12,9426,2022-03-31,0053,018932,,4,3,9,1500,0,1,3,,2,582,"RT 5",SR-43,3168.00,S,N,A,-,Y,,,,,,,,,,Y,2,0,1,2,A,-,03,22350,,N,C,C,A,A,H,-,D,D,0,,,,Y,Y,,G,25,1,0,0,0,0,0,0,0,0,"- ","- ",35.354461669921875,-119.330810546875,KERN,UNINCORPORATED,-119.27831268310547,35.501258850097656
91747290,2022,2022-04-13,9420,2022-04-02,0545,020451,,6,3,9,1500,0,2,4,,1,052,"ROBERTS LN.","MACARTHUR DR.",45.00,E,N,A,-,N,,,,,,,,,,N,2,0,1,2,A,-,08,22107,,F,G,B,F,A,H,-,D,D,0,Y,,,,Y,,D,22,1,0,0,0,1,0,0,0,0,"- ","- ",35.408531188964844,-119.03227233886719,KERN,UNINCORPORATED,-119.03285980224609,35.40863037109375
91750181,2022,2022-04-18,9420,2022-04-06,1758,017243,,3,2,9,1500,0,3,5,,2,530,"KIMBERLINA ROAD","POPLAR AVENUE",0.00,,Y,A,-,N,,,,,,,,,,Y,2,0,4,2,A,-,09,21802,A,N,D,C,A,A,H,-,A,A,0,,,,,Y,,D,22,1,0,3,0,0,0,0,0,0,"- ","- ",35.558139801025391,-119.29525756835938,KERN,UNINCORPORATED,-119.29527282714844,35.558135986328125
91750278,2022,2022-04-18,9420,2022-01-20,1920,019868,,4,2,9,1500,0,2,4,,1,052,"ROBERTS LANE","SEQUOIA DRIVE",0.00,,Y,A,-,N,,,,,,,,,,Y,1,1,0,2,A,-,12,21453,A,N,D,C,A,A,H,-,C,A,0,,,Y,,Y,,C,02,0,0,0,0,0,0,0,1,0,"- ","- ",35.408649444580078,-119.03411865234375,KERN,UNINCORPORATED,-119.03411865234375,35.408618927001953
91750300,2022,2022-04-18,9420,2022-02-02,0613,018225,,3,1,9,1500,0,1,3,,2,462,"STATE ROUTE 46","ROOT AVENUE",1156.00,E,N,A,-,Y,KER,,46,,,52.351,H,,R,Y,1,1,1,4,A,-,06,21751,,N,A,C,A,A,H,-,D,D,0,,,,Y,Y,,A,01,0,0,1,0,0,0,0,0,0,"- ","- ",35.601589202880859,-119.307861328125,KERN,UNINCORPORATED,-119.307861328125,35.601615905761719
91750925,2022,2022-04-19,9830,2022-04-17,1438,021870,,7,2,9,1500,0,3,5,,2,003,"40TH ST  W","PACIFIC AVE",78.00,N,N,A,-,N,,,,,,,,,,Y,2,0,1,1,A,-,08,22107,,N,E,I,A,A,H,-,A,D,0,,,Y,,Y,,C,02,1,0,0,0,0,0,0,0,1,"- ","- ",34.8526611328125,-118.20159912109375,KERN,UNINCORPORATED,-118.20146942138672,34.852741241455078
91750938,2021,2022-04-19,9420,2021-11-26,0227,021133,,5,3,9,1500,0,1,3,,1,184,"STATE ROUTE 184","SMITH ROAD",81.00,N,N,A,-,Y,,,184,,,,,,,Y,1,3,1,2,A,-,01,23152,A,N,A,C,A,A,H,-,D,D,0,,,,,Y,Y,A,01,1,0,0,0,0,0,0,0,0,"- ","- ",35.342788696289062,-118.91428375244141,KERN,UNINCORPORATED,-118.91427612304688,35.342788696289062
91751409,2021,2022-04-19,9420,2021-12-14,0550,016828,,2,3,9,1500,0,3,5,,2,520,"PALM AVENUE","TAUSSIG AVENUE",2640.00,S,N,C,-,N,,,,,,,,,,Y,1,1,0,2,A,-,08,22107,,N,D,C,A,B,H,-,C,D,0,,,,,Y,,A,01,0,0,0,0,0,0,0,0,0,"- ","- ",35.645439147949219,-119.34880065917969,KERN,UNINCORPORATED,-119.34877777099609,35.645114898681641
91752256,2022,2022-04-20,9420,2022-04-09,0013,021144,,6,3,9,1500,0,1,3,,2,090,"SR-99 N/B","KIMBERLINA RD.",3130.00,S,N,A,-,Y,KER,,99,,,40.339,H,,R,Y,2,0,1,1,A,-,01,23152,A,N,F,A,A,A,H,-,D,D,0,,,,,Y,Y,A,01,1,0,0,0,0,0,0,0,0,"- ","- ",35.546669006347656,-119.19528198242188,KERN,UNINCORPORATED,-119.19522094726562,35.546680450439453
91755267,2022,2022-04-25,9420,2022-04-10,2130,021632,,7,2,9,1500,0,1,3,,2,430,"STATE ROUTE 43","GARCES HIGHWAY",0.00,,Y,A,-,Y,KER,,43,,,36.670,H,,R,Y,2,0,4,2,A,-,09,21802,A,N,D,C,A,A,H,-,D,A,0,,,,,Y,,D,22,1,3,0,0,0,0,0,0,0,"- ","- ",35.76123046875,-119.34441375732422,KERN,UNINCORPORATED,-119.34444427490234,35.761222839355469
91757860,2022,2022-04-27,9426,2022-04-18,1655,016315,,1,2,9,1500,0,1,3,,2,331,SR-33,"HENRY ROAD",4752.00,S,N,A,-,Y,KER,,33,,,21.746,H,,R,Y,2,0,2,1,A,-,08,22107,,N,F,A,A,A,H,-,A,D,0,,,,,Y,,A,01,1,1,0,0,0,0,0,0,0,"- ","- ",35.165740966796875,-119.50467681884766,KERN,UNINCORPORATED,-119.50479125976562,35.165607452392578
91758724,2022,2022-04-28,9420,2022-04-16,1419,021773,,6,2,9,1500,0,2,4,,1,051,"OILDALE DRIVE","MCCORD AVENUE",0.00,,Y,A,-,N,,,,,,,,,,N,2,0,1,2,A,-,12,22450,A,N,H,G,A,A,H,-,A,A,0,,Y,,,Y,,L,04,1,0,0,0,0,0,1,0,0,"- ","- ",35.40679931640625,-119.03006744384766,KERN,UNINCORPORATED,-119.02996063232422,35.406791687011719
91761318,2022,2022-04-29,9830,2022-04-19,0714,020866,,2,1,9,1500,0,1,3,,1,031,SR-14,"MYER RD.",0.00,,Y,A,-,N,,,,,,,,,,N,2,0,3,2,A,-,09,21802,A,N,D,C,A,A,H,-,A,A,0,,,,,Y,,D,22,1,1,1,0,0,0,0,0,0,"- ","- ",35.041370391845703,-118.17002868652344,KERN,UNINCORPORATED,-118.17018127441406,35.041671752929688
91765135,2022,2022-05-05,9830,2022-05-02,0640,019883,,1,1,9,1500,0,1,3,,1,051,"SR-178 WEST",SR-14,7920.00,W,N,A,-,Y,KER,,178,,,86.792,H,,R,Y,2,0,1,1,A,-,08,22107,,N,E,I,A,A,H,-,A,D,0,,,,,Y,,A,01,1,0,0,0,0,0,0,0,0,"- ","- ",35.606098175048828,-117.92819976806641,KERN,UNINCORPORATED,-117.92820739746094,35.606086730957031
91765480,2022,2022-05-05,9830,2022-04-29,1645,021191,,5,2,9,1500,0,1,3,,2,030,"STATE ROUTE 14","ROSAMOND BOULEVARD",6864.00,S,N,A,-,Y,KER,,14,,R,1.630,H,,R,Y,2,0,3,2,A,-,03,22350,,N,C,C,A,A,H,-,A,D,0,,,,,Y,,A,01,1,2,0,0,0,0,0,0,0,"- ","- ",34.844150543212891,-118.17096710205078,KERN,UNINCORPORATED,-118.17100524902344,34.844146728515625
91767232,2022,2022-05-09,9420,2022-05-03,1220,018387,,2,1,9,1500,0,2,4,,1,052,"ROBERTS LN","SEQUOIA DR",0.00,,Y,A,-,N,,,,,,,,,,N,2,0,1,2,A,-,10,21950,A,N,G,B,B,A,H,-,A,A,0,Y,,,,Y,,A,07,1,0,0,0,1,0,0,0,0,"- ","- ",35.408729553222656,-119.03427124023438,KERN,UNINCORPORATED,-119.03411865234375,35.408618927001953
91767707,2022,2022-05-09,9420,2022-03-19,2000,021547,,6,2,9,1500,0,1,3,,2,177,"STATE ROUTE 178","RANCHERIA ROAD",20592.00,E,N,B,C,Y,KER,,178,,,17.175,H,,R,Y,1,1,1,1,A,-,08,22107,,N,E,I,A,B,H,-,D,D,0,,,,,Y,,D,22,0,0,1,0,0,0,0,0,0,"- ","- ",35.46875,-118.75314331054688,KERN,UNINCORPORATED,-118.75314331054688,35.468772888183594
91768413,2022,2022-05-10,9420,2022-05-07,1142,019353,,6,1,9,1500,0,2,4,,1,051,"MCCRAY STREET","HIGHLAND DRIVE",0.00,,Y,A,-,N,,,,,,,,,,N,2,0,1,2,A,-,05,21752,D,N,B,C,A,A,H,-,A,D,0,,,Y,Y,Y,,C,02,1,0,0,0,0,0,0,0,1,"- ","- ",35.425189971923828,-119.03012084960938,KERN,UNINCORPORATED,-119.03011322021484,35.42523193359375
91769360,2022,2022-05-11,9830,2022-05-03,2343,021642,,2,3,9,1500,0,1,3,,1,031,"SR-14 N/B","CAMELOT BLVD",2030.00,N,N,A,-,Y,KER,,14,,R,15.270,H,,L,Y,2,0,1,1,A,-,01,23152,A,N,E,I,A,A,H,-,D,D,0,,,,,Y,Y,A,01,1,0,0,0,0,0,0,0,0,"- ","- ",35.03704833984375,-118.16996002197266,KERN,UNINCORPORATED,-118.16977691650391,35.037052154541016
91769363,2022,2023-06-23,9420,2022-03-28,1842,019868,,1,2,9,1500,0,2,4,,2,062,"ROSEDALE HIGHWAY","RENFRO ROAD",250.00,W,N,B,C,Y,,,,,,,,,,Y,1,1,1,2,A,-,03,22350,,N,D,C,A,B,H,-,B,D,0,,,,,Y,,A,01,0,0,1,0,0,0,0,0,0,"- ","- ",35.383518218994141,-119.16368103027344,KERN,UNINCORPORATED,-119.16413116455078,35.383525848388672
91769865,2022,2022-05-11,9420,2022-05-09,1840,021133,,1,2,9,1500,0,3,5,,2,040,"HEIGHT STREET","GAGE STREET",0.00,,Y,A,-,N,,,,,,,,,,Y,2,0,2,4,A,-,01,23152,A,N,D,C,A,A,H,-,A,D,0,,,,,Y,Y,A,07,1,1,0,0,0,0,0,0,0,"- ","- ",35.393711090087891,-118.98094940185547,KERN,UNINCORPORATED,-118.98123931884766,35.393905639648438
91772564,2022,2022-05-16,9830,2022-05-08,1435,020655,,7,2,3,1509,0,1,3,,2,011,SR-58,"DENNISON RD",661.00,W,N,A,G,Y,KER,,58,,R,92.621,H,,R,Y,2,0,2,2,A,-,08,22107,,N,D,C,A,A,H,-,A,D,0,,,,Y,Y,,G,25,1,0,1,0,0,0,0,0,0,"- ","- ",35.139289855957031,-118.43408966064453,KERN,TEHACHAPI,-118.43408966064453,35.139297485351562
91773633,2022,2022-05-17,9420,2022-04-29,1205,019649,,5,1,9,1500,0,1,3,,2,589,"SR-58 W/B",SR-223,0.00,,Y,A,-,Y,KER,,58,,,75.622,H,,L,Y,2,0,1,3,A,-,09,21802,A,N,D,C,A,A,H,-,A,A,0,,,,,Y,,A,01,1,0,0,0,0,0,0,0,0,"- ","- ",35.264171600341797,-118.65834045410156,KERN,UNINCORPORATED,-118.65838623046875,35.264244079589844
91774294,2022,2022-05-17,9420,2022-05-05,0740,019649,,4,1,9,1500,0,2,4,,1,075,"S. UNION AVE.","CASA LOMA DR.",662.00,S,N,A,-,N,,,,,,,,,,Y,2,0,1,2,A,-,06,21755,A,N,D,C,A,A,H,-,A,D,0,,,Y,,Y,,C,02,1,0,0,0,0,0,0,0,1,"- ","- ",35.337581634521484,-119.00287628173828,KERN,UNINCORPORATED,-119.00296783447266,35.337673187255859
91778783,2022,2022-05-24,9420,2022-05-13,1643,021365,,5,2,9,1500,0,1,3,,2,583,"EDISON HIGHWAY","CHAMBERLAIN AVENUE",255.00,W,N,A,-,N,,,,,,,,,,N,2,0,1,2,A,-,03,22350,,N,G,B,D,A,H,-,A,D,0,Y,,,,Y,,A,08,1,0,0,0,1,0,0,0,0,"- ","- ",35.371891021728516,-118.97113800048828,KERN,UNINCORPORATED,-118.97110748291016,35.371952056884766
91779424,2022,2022-05-24,9830,2022-05-16,1445,019400,,1,2,9,1500,0,3,5,,2,001,"HIGHLINE ROAD","SOUTH CURRY STREET",1584.00,W,N,A,-,N,,,,,,,,,,Y,2,0,3,2,A,-,08,22107,,N,D,C,A,A,H,-,A,D,0,,,,,Y,,A,01,1,1,1,0,0,0,0,0,0,"- ","- ",35.109600067138672,-118.45542907714844,KERN,UNINCORPORATED,-118.45541381835938,35.109519958496094
91783415,2022,2022-05-27,9426,2022-05-25,0735,017581,,3,1,9,1500,0,1,1,,2,506,"I-5 N/B","OLD RIVER RD",792.00,N,N,A,-,Y,KER,,5,,,29.220,H,,R,Y,2,0,1,2,A,-,03,22350,,N,C,C,A,A,H,-,A,D,0,,,,Y,Y,,A,01,1,0,0,0,0,0,0,0,0,"- ","- ",35.16326904296875,-119.11237335205078,KERN,UNINCORPORATED,-119.11238098144531,35.163265228271484
91783498,2022,2022-05-27,9420,2022-05-04,1610,020782,,3,2,9,1500,0,3,5,,2,050,"MERLE HAGGARD DRIVE","LANDINGS WAY",230.00,E,N,A,-,N,,,,,,,,,,Y,2,0,2,2,A,-,01,23152,A,N,A,C,A,A,H,-,A,D,0,,,,,Y,Y,A,01,1,1,0,0,0,0,0,0,0,"- ","- ",35.441108703613281,-119.04470062255859,KERN,UNINCORPORATED,-119.04689025878906,35.441192626953125
91784681,2022,2022-05-31,9420,2022-05-18,1637,019686,,3,2,9,1500,0,1,3,,1,119,SR-184,"MULLER ROAD",73.00,S,N,A,-,Y,KER,,184,,,6.048,H,,R,Y,2,0,4,2,A,-,08,22107,,N,A,C,A,A,H,-,A,A,0,,,,,Y,,A,08,4,0,0,0,0,0,0,0,0,"- ","- ",35.324951171875,-118.91436767578125,KERN,UNINCORPORATED,-118.91431427001953,35.324951171875
91787078,2022,2022-06-02,9830,2022-05-19,1316,019872,,4,1,9,1500,0,1,3,,2,010,"SR-58 E/B","BROOME RD",2640.00,E,N,A,-,Y,KER,,58,,R,85.725,H,,R,Y,2,0,2,2,A,-,08,22107,,N,B,C,A,A,H,-,A,D,0,,,,Y,Y,,G,25,1,0,1,0,0,0,0,0,0,"- ","- ",35.195350646972656,-118.51445007324219,KERN,UNINCORPORATED,-118.51442718505859,35.19537353515625
91787921,2021,2022-06-03,9420,2021-11-19,0850,018387,,5,1,9,1500,0,2,4,,1,075,"SOUTH UNION AVENUE","JOSE RAMOS COURT (PRIVATE ROAD)",0.00,,Y,E,-,N,,,,,,,,,,Y,1,2,1,2,A,-,09,21804,A,N,D,C,A,A,H,-,A,D,0,,,,Y,Y,,G,25,1,0,0,0,0,0,0,0,0,"- ","- ",35.193271636962891,-119.00344848632812,KERN,UNINCORPORATED,-119.00344085693359,35.192905426025391
91789886,2022,2022-06-07,9420,2022-06-01,1610,019316,,3,2,9,1500,0,3,5,,2,040,"ROUND MOUNTAIN ROAD","KERN RIVER AVENUE",500.00,N,N,A,-,N,,,,,,,,,,Y,2,0,1,1,A,-,08,22107,,N,E,I,A,A,H,-,A,D,0,,,Y,,Y,,C,02,1,0,0,0,0,0,0,0,1,"- ","- ",35.443191528320312,-118.88980102539062,KERN,UNINCORPORATED,,
91789968,2022,2022-06-07,9420,2022-05-30,1130,018387,,1,1,9,1500,0,3,5,,2,672,"BRECKENRIDGE RD","COMANCHE DR",26400.00,E,N,A,-,N,,,,,,,,,,N,2,0,1,2,A,-,05,21752,A,F,B,C,A,A,H,-,A,D,0,,,Y,,Y,,A,01,1,0,0,0,0,0,0,0,1,"- ","- ",35.407981872558594,-118.76123046875,KERN,UNINCORPORATED,-118.78044128417969,35.399971008300781
91790331,2022,2022-06-07,9830,2022-05-12,1640,019400,,4,2,9,1500,0,1,3,,1,041,"STATE ROUTE 14","ABBOTT DRIVE",5280.00,N,N,A,-,Y,KER,,14,,,41.598,H,,R,Y,1,1,2,2,A,-,08,22107,,N,A,C,A,A,H,-,A,D,0,,,,,Y,,A,07,2,0,0,0,0,0,0,0,0,"- ","- ",35.379909515380859,-117.98088836669922,KERN,UNINCORPORATED,-117.98096466064453,35.379878997802734
91791202,2022,2022-06-08,9420,2022-06-01,1530,019868,,3,2,9,1500,0,3,5,,2,040,"RIVER RD","LILY DR",0.00,,Y,A,-,N,,,,,,,,,,Y,2,0,2,1,A,-,01,23152,A,F,E,I,A,A,H,-,A,D,0,,,,,Y,Y,A,07,1,1,0,0,0,0,0,0,0,"- ","- ",35.446189880371094,-118.92160797119141,KERN,UNINCORPORATED,,
91792458,2022,2022-06-10,9830,2022-05-28,0400,015977,,6,3,9,1500,0,3,5,,2,005,"BROWN RD",US-395,2640.00,E,N,A,-,N,,,,,,,,,,Y,2,0,1,1,A,-,01,23152,A,N,F,A,A,A,H,-,D,D,0,,,,,Y,Y,A,07,1,0,0,0,0,0,0,0,0,"- ","- ",35.776058197021484,-118.85173797607422,KERN,UNINCORPORATED,-117.71370697021484,35.551021575927734
91792721,2022,2022-06-10,9420,2022-04-07,1539,017243,,4,2,9,1500,0,1,3,,2,430,"STATE ROUTE 43","POND ROAD",0.00,,Y,A,-,Y,KER,,43,,,33.469,H,,R,Y,1,1,1,2,A,-,09,21802,A,N,D,C,A,A,H,-,A,A,0,,,,,Y,,A,01,0,0,1,0,0,0,0,0,0,"- ","- ",35.717689514160156,-119.33042144775391,KERN,UNINCORPORATED,-119.33043670654297,35.717689514160156
91793794,2022,2022-06-13,9420,2022-06-11,0245,021572,,6,3,9,1500,0,3,5,,2,530,"KIMBERLINA RD","ROOT AVENUE",1056.00,E,N,A,-,N,,,,,,,,,,Y,2,0,3,3,A,-,01,23152,A,N,B,C,A,A,H,-,D,D,0,,,,,Y,Y,D,22,1,1,1,0,0,0,0,0,0,"- ","- ",35.558078765869141,-119.31021118164062,KERN,UNINCORPORATED,-119.30959320068359,35.558071136474609
91795059,2022,2022-06-14,9430,2022-03-06,0232,018681,,7,3,9,1500,0,1,S,,2,060,"STATE ROUTE-166 E/B","RT 5",50.00,W,N,A,-,Y,KER,,166,,,22.781,H,,R,N,1,1,0,2,A,-,11,21954,A,N,G,B,E,A,H,-,D,D,0,Y,,,,Y,,N,60,0,0,0,1,0,0,0,0,0,"- ","- ",35.059329986572266,-118.99945068359375,KERN,UNINCORPORATED,-118.99945068359375,35.059349060058594
91796490,2022,2022-06-16,9420,2022-06-10,0350,020409,,5,3,9,1500,0,1,3,,2,090,"SR-99 NORTHBOUND",SR-46,4019.00,N,N,A,-,Y,KER,,99,,,45.090,H,,R,Y,2,0,1,1,A,-,01,23152,A,N,F,A,A,A,H,-,D,D,0,,,,,Y,Y,A,01,1,0,0,0,0,0,0,0,0,"- ","- ",35.613338470458984,-119.21183013916016,KERN,UNINCORPORATED,-119.21195220947266,35.613334655761719
91796516,2022,2022-06-16,9830,2022-06-06,1902,021191,,1,2,9,1500,0,2,4,,1,026,"BUSINESS ROUTE 58 EAST","K STREET",0.00,,Y,A,-,Y,KER,,58,,M,115.299,H,,L,Y,2,0,2,2,A,-,09,21804,A,N,D,C,A,A,H,-,A,D,0,,,Y,,Y,,A,01,1,1,0,0,0,0,0,0,2,"- ","- ",35.050468444824219,-118.11260986328125,KERN,UNINCORPORATED,-118.1126708984375,35.050468444824219
91797954,2022,2023-01-19,9426,2022-04-21,1437,022015,,4,2,9,1500,0,1,3,,2,461,"SR-46 E/B","CORCORAN RD",2640.00,W,N,B,-,N,,,,,,,,,,Y,1,1,1,2,A,-,05,21650,,N,A,C,A,A,H,-,A,D,0,,,,Y,Y,,A,08,0,1,0,0,0,0,0,0,0,"- ","- ",35.613201141357422,-119.58719635009766,KERN,UNINCORPORATED,-119.58721160888672,35.613189697265625
91797964,2022,2022-06-17,9430,2022-06-08,0955,016388,,3,1,9,1500,0,1,1,,2,054,"I-5 S/B TO GRAPEVINE ROAD","ROSE STATION ROAD",528.00,N,N,A,-,Y,,,,,,,,,,N,2,0,1,1,A,-,03,22350,,N,E,I,A,A,H,-,A,D,0,,,,,Y,,A,01,1,0,0,0,0,0,0,0,0,"- ","- ",34.943290710449219,-118.93221282958984,KERN,UNINCORPORATED,-118.93221282958984,34.943290710449219
91798664,2022,2022-06-20,9830,2022-06-11,0240,021851,,6,3,9,1500,0,1,3,,1,040,"SR-14 SOUTHBOUND","BEACON RD",3960.00,N,N,A,-,Y,KER,,14,,,32.421,H,,L,Y,2,0,1,1,A,-,08,22107,,N,F,I,A,A,H,-,D,D,0,,,,Y,Y,,G,25,1,0,0,0,0,0,0,0,0,"- ","- ",35.267898559570312,-118.03459930419922,KERN,UNINCORPORATED,-118.03472137451172,35.267936706542969
91800990,2022,2022-06-22,9420,2022-06-11,1525,021766,,6,2,9,1500,0,2,4,,1,064,"OLIVE DR.","FRUITVALE AVE",0.00,,Y,A,-,N,,,,,,,,,,Y,2,0,2,2,A,-,12,21453,A,N,D,C,A,A,H,-,A,A,0,,,,,Y,,A,07,1,0,1,0,0,0,0,0,0,"- ","- ",35.412368774414062,-119.07465362548828,KERN,UNINCORPORATED,-119.07460784912109,35.412399291992188
91806807,2022,2022-06-30,9420,2022-04-25,1954,020529,,1,2,9,1500,0,2,4,,1,051,"NORTH CHESTER AVENUE","CHINA GRADE LOOP",15.00,N,N,A,-,N,,,,,,,,,,N,1,1,0,2,A,-,10,21950,A,N,G,B,B,A,H,-,C,A,0,Y,,,,Y,,D,22,0,0,0,1,0,0,0,0,0,"- ","- ",35.426910400390625,-119.02114105224609,KERN,UNINCORPORATED,-119.02117919921875,35.426761627197266
91808568,2022,2022-07-01,9420,2022-06-27,1545,021260,,1,2,9,1500,0,1,3,,2,583,"STATE ROUTE 58 (STOCKDALE HIGHWAY)","SUPERIOR ROAD",268.00,W,N,A,-,Y,KER,,58,,R,40.206,H,,R,Y,2,0,2,3,A,-,09,21801,A,N,E,J,A,A,H,-,A,D,0,,,,,Y,,D,22,2,0,0,0,0,0,0,0,0,"- ","- ",35.3543701171875,-119.23531341552734,KERN,UNINCORPORATED,-119.23531341552734,35.354324340820312
91810619,2022,2023-06-14,9426,2022-05-07,1410,019658,,6,2,9,1500,0,1,3,,1,460,SR-46,SR-33,0.00,,Y,A,-,N,,,,,,,,,,Y,1,1,1,2,A,-,12,21453,A,N,D,C,A,A,H,-,A,A,0,,,,Y,Y,,D,22,0,1,0,0,0,0,0,0,0,"- ","- ",35.61492919921875,-119.86766815185547,KERN,UNINCORPORATED,-119.86766052246094,35.615169525146484
91811871,2022,2022-07-07,9830,2022-06-26,0127,021642,,7,3,9,1500,0,1,3,,2,021,"SR-58 E/B",SR-14,5002.00,E,N,A,-,Y,KER,,58,,M,112.089,H,,R,Y,2,0,1,1,A,-,01,23152,A,N,E,I,A,A,H,-,D,D,0,,,,,Y,Y,A,01,1,0,0,0,0,0,0,0,0,"- ","- ",35.091831207275391,-118.12986755371094,KERN,UNINCORPORATED,-118.12983703613281,35.091880798339844