CASE_ID,ACCIDENT_YEAR,PROC_DATE,JURIS,COLLISION_DATE,COLLISION_TIME,OFFICER_ID,REPORTING_DISTRICT,DAY_OF_WEEK,CHP_SHIFT,POPULATION,CNTY_CITY_LOC,SPECIAL_COND,BEAT_TYPE,CHP_BEAT_TYPE,CITY_DIVISION_LAPD,CHP_BEAT_CLASS,BEAT_NUMBER,PRIMARY_RD,SECONDARY_RD,DISTANCE,DIRECTION,INTERSECTION,WEATHER_1,WEATHER_2,STATE_HWY_IND,CALTRANS_COUNTY,CALTRANS_DISTRICT,STATE_ROUTE,ROUTE_SUFFIX,POSTMILE_PREFIX,POSTMILE,LOCATION_TYPE,RAMP_INTERSECTION,SIDE_OF_HWY,TOW_AWAY,COLLISION_SEVERITY,NUMBER_KILLED,NUMBER_INJURED,PARTY_COUNT,PRIMARY_COLL_FACTOR,PCF_CODE_OF_VIOL,PCF_VIOL_CATEGORY,PCF_VIOLATION,PCF_VIOL_SUBSECTION,HIT_AND_RUN,TYPE_OF_COLLISION,MVIW,PED_ACTION,ROAD_SURFACE,ROAD_COND_1,ROAD_COND_2,LIGHTING,CONTROL_DEVICE,CHP_ROAD_TYPE,PEDESTRIAN_ACCIDENT,BICYCLE_ACCIDENT,MOTORCYCLE_ACCIDENT,TRUCK_ACCIDENT,NOT_PRIVATE_PROPERTY,ALCOHOL_INVOLVED,STWD_VEHTYPE_AT_FAULT,CHP_VEHTYPE_AT_FAULT,COUNT_SEVERE_INJ,COUNT_VISIBLE_INJ,COUNT_COMPLAINT_PAIN,COUNT_PED_KILLED,COUNT_PED_INJURED,COUNT_BICYCLIST_KILLED,COUNT_BICYCLIST_INJURED,COUNT_MC_KILLED,COUNT_MC_INJURED,PRIMARY_RAMP,SECONDARY_RAMP,LATITUDE,LONGITUDE,COUNTY,CITY,POINT_X,POINT_Y
91814891,2022,2022-07-21,9420,2022-07-08,0045,019901,,5,3,9,1500,0,3,5,,2,060,"VICTOR ST.","OLIVE DR.",573.00,N,N,A,-,N,,,,,,,,,,Y,2,0,2,2,A,-,01,23152,A,F,C,E,A,A,H,-,C,D,0,,,,,Y,Y,A,01,2,0,0,0,0,0,0,0,0,"- ","- ",35.414051055908203,-119.06224060058594,KERN,UNINCORPORATED,-119.06230163574219,35.413864135742188
91815252,2022,2022-07-12,9420,2022-07-09,0855,019184,,6,1,9,1500,0,3,5,,2,610,"S. CHESTER AVE.","SOUTHGATE DR.",45.00,N,N,A,-,N,,,,,,,,,,N,2,0,1,2,A,-,05,21651,A,N,B,G,A,A,H,-,A,A,0,,Y,,,Y,,L,04,1,0,0,0,0,0,1,0,0,"- ","- ",35.335830688476562,-119.01647186279297,KERN,UNINCORPORATED,-119.01657867431641,35.335910797119141
91816934,2022,2022-07-29,9420,2022-07-07,2125,020163,,4,2,9,1500,0,3,5,,2,070,"HALEY ST","JEFFERSON ST.",25.00,N,N,A,-,N,,,,,,,,,,N,2,0,1,2,A,-,11,21954,A,N,G,B,E,A,H,-,D,A,0,Y,,,,Y,,N,60,1,0,0,0,1,0,0,0,0,"- ","- ",35.385791778564453,-118.97794342041016,KERN,UNINCORPORATED,-118.97796630859375,35.385814666748047
91817283,2022,2022-07-14,9830,2022-07-03,1220,021903,,7,1,9,1500,0,1,3,,1,050,SR-14,"HORSE CANYON RD",1584.00,N,N,A,G,Y,KER,,14,,,49.371,H,,R,Y,2,0,4,2,A,-,08,22107,,N,B,C,A,A,H,-,A,D,0,,,,Y,Y,,G,25,2,0,2,0,0,0,0,0,0,"- ","- ",35.487831115722656,-117.95472717285156,KERN,UNINCORPORATED,-117.95478057861328,35.487846374511719
91817830,2022,2022-07-15,9830,2022-04-29,2500,020427,,5,4,9,1500,0,1,3,,2,010,"STATE ROUTE 58 EASTBOUND","BROOME ROAD",4118.00,W,N,A,-,Y,KER,,58,,R,83.733,H,,R,Y,1,1,0,1,A,-,01,23152,F,N,E,I,A,A,H,-,A,D,0,,,,,Y,,A,07,0,0,0,0,0,0,0,0,0,"- ","- ",35.210720062255859,-118.54309844970703,KERN,UNINCORPORATED,-118.54304504394531,35.210788726806641
91817883,2022,2022-07-15,9420,2022-07-04,1640,021572,,1,2,9,1500,0,3,5,,2,060,"VERDUGO LN","PAUL AVE",0.00,,Y,A,-,N,,,,,,,,,,Y,2,0,2,2,A,-,08,22107,,N,A,C,A,A,H,-,A,D,0,,,,,Y,,A,01,1,0,1,0,0,0,0,0,0,"- ","- ",35.394859313964844,-119.11892700195312,KERN,UNINCORPORATED,-119.11891174316406,35.394847869873047
91818173,2022,2022-07-15,9420,2022-07-14,1045,020782,,4,1,9,1500,0,3,5,,2,320,"BODFISH CANYON ROAD","LAKE ISABELLA BOULEVARD",528.00,E,N,A,-,N,,,,,,,,,,Y,2,0,1,1,A,-,08,22107,,N,F,I,A,A,H,-,A,D,0,,,,,Y,,D,22,1,0,0,0,0,0,0,0,0,"- ","- ",35.595199584960938,-118.48998260498047,KERN,UNINCORPORATED,-118.49037933349609,35.595657348632812
91819089,2022,2022-07-18,9420,2022-07-03,0210,019901,,7,3,9,1500,0,1,3,,1,650,SR-65,"SNOW QUEEN AVE.",1053.00,N,N,A,-,Y,KER,,65,,,19.770,H,,R,Y,2,0,2,2,A,-,01,23152,A,N,B,C,A,A,H,-,D,D,0,,,,,Y,Y,-,"- ",1,1,0,0,0,0,0,0,0,"- ","- ",35.714191436767578,-119.06491851806641,KERN,UNINCORPORATED,-119.06494903564453,35.714187622070312
91820616,2022,2022-07-19,9426,2022-05-26,1633,018610,,4,2,9,1500,0,2,S,,2,050,"ROSEDALE HIGHWAY","CANNON STREET",0.00,,Y,A,-,N,,,,,,,,,,Y,1,1,1,2,A,-,09,21802,A,N,D,C,A,A,H,-,A,A,0,,,,,Y,,A,07,0,1,0,0,0,0,0,0,0,"- ","- ",35.398471832275391,-119.32360076904297,KERN,UNINCORPORATED,-119.32313537597656,35.398456573486328
91822034,2022,2022-07-21,9420,2022-06-16,1558,019686,,4,2,9,1500,0,1,3,,2,585,"SR-58 W/B","SOUTH H STREET",10.00,E,N,A,-,Y,KER,,58,,R,53.397,H,,L,Y,2,0,6,8,A,-,01,23152,F,N,C,C,A,A,H,-,A,A,0,,,,Y,Y,,G,25,4,1,1,0,0,0,0,0,0,"- ","- ",35.352729797363281,-119.02110290527344,KERN,UNINCORPORATED,-119.02110290527344,35.352725982666016
91823991,2022,2022-07-25,9420,2022-07-02,0421,021632,,6,3,9,1500,0,2,4,,1,072,"NILES STREET","CRESTMONT DRIVE",262.00,E,N,A,-,N,,,,,,,,,,N,2,0,1,2,A,-,11,21954,A,F,G,B,E,A,H,-,D,D,0,Y,,,,Y,,N,60,1,0,0,0,1,0,0,0,0,"- ","- ",35.375991821289062,-118.95317840576172,KERN,UNINCORPORATED,-118.95323944091797,35.375968933105469
91824003,2022,2022-07-25,9420,2022-07-11,0510,021144,,1,3,9,1500,0,1,3,,2,589,"SR-58 W/B","BEALVILLE RD.",1200.00,W,N,A,-,Y,KER,,58,,,76.614,H,,L,Y,2,0,4,3,A,-,03,22350,,N,C,C,A,A,B,-,B,D,0,,,,,Y,,D,22,1,1,2,0,0,0,0,0,0,"- ","- ",35.262859344482422,-118.64096069335938,KERN,UNINCORPORATED,-118.64096069335938,35.262851715087891
91824202,2022,2022-07-25,9426,2022-07-16,1747,016953,,6,2,9,1500,0,1,1,,2,500,"I-5 S/B","TWISSELMAN RD",6864.00,N,N,A,-,Y,KER,,5,,,83.774,H,,L,N,2,0,1,2,A,-,03,22350,,N,C,2,A,A,D,-,A,D,0,,,Y,Y,Y,,C,02,1,0,0,0,0,0,0,0,1,"- ","- ",35.749629974365234,-119.75263977050781,KERN,UNINCORPORATED,-119.75273895263672,35.749584197998047
91824238,2022,2022-08-01,9426,2022-07-17,0345,018023,,7,3,9,1500,0,1,1,,2,500,"I-5 S/B","KERN COUNTY LINE",5808.00,S,N,A,-,Y,,,,,,,,,,Y,2,0,1,2,A,-,03,22350,,N,C,C,A,A,H,-,D,D,0,,,,Y,Y,,A,07,1,0,0,0,0,0,0,0,0,"- ","- ",35.7752685546875,-119.77232360839844,KERN,UNINCORPORATED,-119.77204132080078,35.775474548339844
91832112,2022,2022-08-03,9420,2022-07-13,0740,017256,,3,1,9,1500,0,2,4,,1,051,"NORTH CHESTER AVENUE","EAST WARREN AVENUE",174.00,S,N,A,-,N,,,,,,,,,,N,2,0,1,2,A,-,08,22107,,F,E,I,F,A,H,-,A,D,0,Y,,,,Y,,A,01,1,0,0,0,1,0,0,0,0,"- ","- ",35.411811828613281,-119.02095031738281,KERN,UNINCORPORATED,-119.02097320556641,35.41180419921875
91832233,2022,2022-08-03,9430,2022-03-22,2301,021486,,2,3,9,1500,0,1,1,,2,053,"INTERSTATE 5 NORTHBOUND, SOUTH OF GRAPEVINE ROAD U","GRAPEVINE ROAD UNDERCROSSING",5808.00,S,N,A,-,Y,KER,,5,,,9.144,H,,R,Y,1,1,5,1,A,-,08,22107,,N,E,I,A,A,H,-,D,D,0,,,,,Y,,A,01,3,1,1,0,0,0,0,0,0,"- ","- ",34.925949096679688,-118.92230224609375,KERN,UNINCORPORATED,-118.92220306396484,34.925949096679688
91832858,2022,2022-08-04,9420,2022-06-20,2200,021572,,1,3,9,1500,0,1,3,,1,184,"STATE ROUTE 184","HICKORY LANE",75.00,S,N,A,-,Y,KER,,184,,,0.685,H,,R,N,1,1,0,2,A,-,11,21956,A,N,G,B,E,A,H,-,D,D,0,Y,,,,Y,,N,60,0,0,0,1,0,0,0,0,0,"- ","- ",35.247890472412109,-118.91446685791016,KERN,UNINCORPORATED,-118.9144287109375,35.247890472412109
91832869,2022,2022-08-04,9420,2022-07-23,0726,019686,,6,1,9,1500,0,3,5,,2,320,"SYCAMORE STREET","ASPEN DRIVE",0.00,,Y,A,-,N,,,,,,,,,,N,2,0,2,1,A,-,03,22350,,N,E,I,A,A,H,-,A,D,0,,,Y,,Y,,C,02,1,0,1,0,0,0,0,0,2,"- ","- ",35.587020874023438,-118.48520660400391,KERN,UNINCORPORATED,-118.48506927490234,35.586883544921875
91834894,2022,2022-08-08,9426,2022-07-31,0550,017230,,7,3,9,1500,0,1,3,,2,330,"ELK HILLS ROAD","VALLEY WEST ROAD",3168.00,N,N,A,-,N,,,,,,,,,,N,2,0,1,1,A,-,08,22107,,N,F,A,A,A,H,-,B,D,0,,,,,Y,,D,22,1,0,0,0,0,0,0,0,0,"- ","- ",35.220279693603516,-119.44554138183594,KERN,UNINCORPORATED,-119.44557189941406,35.218265533447266
91834956,2022,2022-08-08,9420,2022-08-04,0130,021566,,4,3,9,1500,0,1,3,,2,587,"SR-58 WESTBOUND","EDISON ROAD",1848.00,E,N,A,-,Y,KER,,58,,R,61.895,H,,L,Y,2,0,1,2,A,-,01,23152,F,N,C,E,A,A,H,-,D,D,0,,,,Y,Y,Y,A,01,1,0,0,0,0,0,0,0,0,"- ","- ",35.344680786132812,-118.87200164794922,KERN,UNINCORPORATED,-118.87200927734375,35.344657897949219
91837519,2022,2022-08-10,9426,2022-06-04,0115,019896,,6,3,9,1500,0,1,3,,1,118,SR-119,"AIRPORT RD",0.00,,Y,A,-,Y,KER,,119,,,4.936,H,,R,Y,1,1,0,2,A,-,01,23152,A,N,D,C,A,A,H,-,D,A,0,,,Y,Y,Y,Y,C,02,0,0,0,0,0,0,0,1,0,"- ","- ",35.193531036376953,-119.42913055419922,KERN,UNINCORPORATED,-119.42914581298828,35.19354248046875
91840347,2022,2022-08-15,9420,2022-08-08,1415,021134,,1,2,6,1502,0,1,3,,2,585,"SR-58 W/B","SOUTH H ST",620.00,E,N,A,-,Y,KER,,58,,R,53.521,H,,L,Y,2,0,3,2,A,-,03,22350,,N,C,C,A,A,H,-,A,D,0,,,,Y,Y,,A,01,1,0,2,0,0,0,0,0,0,"- ","- ",35.352790832519531,-119.01891326904297,KERN,BAKERSFIELD,-119.01891326904297,35.352695465087891
91841509,2022,2022-08-16,9830,2022-06-15,2038,021191,,3,2,9,1500,0,3,5,,2,003,"TEHACHAPI WILLOW SPRINGS ROAD","AQUEDUCT ROAD",1656.00,S,N,A,-,N,,,,,,,,,,Y,1,1,0,1,A,-,01,23152,,N,F,A,A,A,H,-,D,D,0,,,,,Y,Y,A,01,0,0,0,0,0,0,0,0,0,"- ","- ",34.970901489257812,-118.30431365966797,KERN,UNINCORPORATED,,
91843660,2022,2022-08-18,9420,2022-08-17,1708,019868,,3,2,9,1500,0,3,5,,2,620,"NORD AVENUE","BRIMHALL ROAD",0.00,,Y,A,-,N,,,,,,,,,,Y,2,0,1,2,A,-,09,21801,A,N,A,C,A,A,H,-,A,D,0,,,Y,,Y,,A,01,1,0,0,0,0,0,0,0,1,"- ","- ",35.368949890136719,-119.19886016845703,KERN,UNINCORPORATED,-119.19879150390625,35.368911743164062
91843789,2022,2022-08-18,9430,2022-08-10,1305,018627,,3,1,9,1500,0,1,1,,2,052,"I-5 N/B (GOLDEN STATE FREEWAY)","LEBEC O/C BRIDGE#50-270",7920.00,N,N,A,-,Y,KER,,5,,,3.215,H,,R,N,2,0,1,3,A,-,17,23114,A,N,E,J,A,A,H,-,A,D,0,,,Y,,Y,,D,22,1,0,0,0,0,0,0,0,1,"- ","- ",34.856369018554688,-118.87497711181641,KERN,UNINCORPORATED,-118.87500762939453,34.856353759765625
91845559,2022,2022-08-22,9420,2022-08-15,1955,021572,,1,2,9,1500,0,3,5,,2,040,"ALFRED HARRELL HWY","GOODMANVILLE RD",3700.00,E,N,A,-,N,,,,,,,,,,Y,2,0,1,1,A,-,01,23152,A,N,E,I,A,A,H,-,D,D,0,,,,,Y,Y,A,01,1,0,0,0,0,0,0,0,0,"- ","- ",35.445590972900391,-118.935546875,KERN,UNINCORPORATED,-118.93276214599609,35.436038970947266
91847390,2022,2022-08-24,9420,2022-08-03,0240,019901,,3,3,4,1503,0,1,3,,2,091,"SR-99 S/B","COUNTY LINE RD.",2112.00,S,N,A,-,Y,KER,,99,,,57.129,H,,L,N,2,0,1,2,D,-,00,,,F,G,B,E,A,H,-,C,D,0,Y,,,,Y,Y,-,"- ",1,0,0,0,1,0,0,0,0,"- ","- ",35.784351348876953,-119.25200653076172,KERN,DELANO,-119.25192260742188,35.784317016601562
91847875,2022,2022-08-24,9430,2022-08-14,1950,018758,,7,2,9,1500,0,1,1,,2,051,"I-5 N/B",SR-138,5650.00,N,N,A,-,Y,LA,,5,,R,83.201,H,,R,Y,2,0,1,3,A,-,07,21658,A,M,C,C,A,A,H,-,A,D,0,,,Y,,Y,,A,01,1,0,0,0,0,0,0,0,1,"- ","- ",34.778118133544922,-118.81291198730469,KERN,UNINCORPORATED,-118.81291198730469,34.778114318847656
91852024,2022,2022-08-29,9830,2022-08-29,0543,019762,,1,3,9,1500,0,2,4,,1,042,"BUSINESS ROUTE 58 NORTH","ARROYO AVE.",1584.00,N,N,A,-,Y,,,,,,,,,,Y,2,0,1,2,A,-,03,22350,,N,C,C,A,A,H,-,B,D,0,,,,Y,Y,,A,01,1,0,0,0,0,0,0,0,0,"- ","- ",35.072860717773438,-118.18019866943359,KERN,UNINCORPORATED,,
91852855,2022,2022-08-30,9420,2022-08-28,2120,021534,,7,2,9,1500,0,3,5,,2,672,"CALIENTE BODFISH RD","CALIENTE CREEK ROAD",10560.00,N,N,A,-,N,,,,,,,,,,Y,2,0,1,1,A,-,08,22107,,N,F,A,A,A,H,-,D,D,0,,,,,Y,,A,01,1,0,0,0,0,0,0,0,0,"- ","- ",35.322540283203125,-118.59162139892578,KERN,UNINCORPORATED,-118.59022521972656,35.329113006591797
9185471,2020,2021-01-04,1507,2020-10-19,0446,282,27,1,5,3,1507,0,0,0,,0,,"LERDO HWY","CHERRY AV",0.00,,Y,A,-,N,,,,,,,,,,Y,2,0,1,2,A,-,09,21802,A,N,D,C,A,A,H,-,D,D,0,,,,,Y,,D,83,1,0,0,0,0,0,0,0,0,"- ","- ",,,KERN,SHAFTER,-119.24275207519531,35.499858856201172
91857950,2022,2022-09-06,9420,2022-09-05,1447,020782,,1,2,9,1500,0,1,3,,2,155,SR-155,"SAWMILL ROAD",528.00,W,N,A,-,Y,KER,,155,,,66.508,H,,R,Y,2,0,1,1,A,-,08,22107,,N,E,I,A,A,H,-,A,D,0,,,,,Y,,D,22,1,0,0,0,0,0,0,0,0,"- ","- ",35.681648254394531,-118.47016143798828,KERN,UNINCORPORATED,-118.47012329101562,35.681652069091797
91859695,2022,2022-09-08,9420,2022-07-25,2125,018481,,1,2,9,1500,0,1,3,,1,650,SR-65,"MERCED AVE.",12672.00,N,N,A,-,Y,,,,,,,,,,Y,2,0,3,2,A,-,08,22107,,N,A,2,A,A,H,-,A,D,0,,,,,Y,,A,01,1,2,0,0,0,0,0,0,0,"- ","- ",35.564731597900391,-119.008056640625,KERN,UNINCORPORATED,-119.08800506591797,35.564212799072266
91859756,2022,2022-09-08,9420,2022-08-30,1425,021572,,2,2,9,1500,0,3,5,,2,040,"N KING ST","WATER ST",0.00,,Y,A,-,N,,,,,,,,,,Y,2,0,1,2,A,-,09,21802,A,N,D,G,A,A,H,-,A,A,0,,Y,,,Y,,L,04,1,0,0,0,0,0,1,0,0,"- ","- ",35.395469665527344,-118.98599243164062,KERN,UNINCORPORATED,-118.98596954345703,35.395462036132812
91861403,2022,2022-09-12,9420,2022-09-01,1640,017243,,4,2,9,1500,0,1,3,,2,177,SR-178,"DEMOCRAT RD",15840.00,W,N,A,-,Y,KER,,178,,,24.562,H,,R,Y,2,0,2,1,A,-,08,22107,,N,E,I,A,A,H,-,A,D,0,,,,,Y,,A,07,2,0,0,0,0,0,0,0,0,"- ","- ",35.513870239257812,-118.68650817871094,KERN,UNINCORPORATED,-118.68658447265625,35.513999938964844
91861410,2022,2022-09-12,9420,2022-05-10,1542,021133,,2,2,9,1500,0,3,5,,2,050,"JAMES ROAD","OILFIELDS ROAD",1722.00,W,N,A,-,N,,,,,,,,,,Y,1,2,2,2,A,-,09,21804,A,N,D,C,A,A,H,-,A,D,0,,,,,Y,,K,45,0,0,2,0,0,0,0,0,0,"- ","- ",35.462711334228516,-119.0538330078125,KERN,UNINCORPORATED,-119.05400085449219,35.462814331054688
91863256,2022,2022-09-13,9420,2022-01-25,0620,020782,,2,1,9,1500,0,2,4,,1,072,"NILES STREET","BRENTWOOD DRIVE",5.00,E,N,A,-,N,,,,,,,,,,N,1,1,0,2,A,-,11,21950,B,F,G,B,B,A,H,-,C,D,0,Y,,,,Y,,N,60,0,0,0,1,0,0,0,0,0,"- ","- ",35.376121520996094,-118.92304229736328,KERN,UNINCORPORATED,-118.92308044433594,35.376228332519531
91864201,2022,2022-09-14,9426,2022-07-26,2140,017321,,2,2,9,1500,0,3,5,,2,086,"KIMBERLINA ROAD","MAGNOLIA AVENUE",0.00,,Y,A,-,N,,,,,,,,,,Y,1,2,1,2,A,-,09,21802,A,N,D,C,A,A,H,-,D,A,0,,,,,Y,,A,01,1,0,0,0,0,0,0,0,0,"- ","- ",35.557960510253906,-119.36731719970703,KERN,UNINCORPORATED,-119.36736297607422,35.557945251464844
91866487,2022,2022-09-16,9420,2022-09-14,0030,019598,,3,3,9,1500,0,1,3,,1,119,SR-119,"OLD RIVER RD.",0.00,,Y,A,-,Y,KER,,119,,,26.280,H,,R,Y,2,0,4,4,A,-,01,23152,A,N,E,I,F,A,H,-,C,D,0,Y,,,,Y,Y,A,01,3,1,0,0,3,0,0,0,0,"- ","- ",35.267410278320312,-119.10964202880859,KERN,UNINCORPORATED,-119.10964202880859,35.267181396484375
91867972,2022,2022-09-19,9420,2022-09-10,1440,021133,,6,2,9,1500,0,2,4,,1,075,"SOUTH UNION AVENUE","ADAMS STREET",70.00,N,N,A,-,N,,,,,,,,,,N,2,0,1,2,A,-,11,21954,A,F,G,B,D,D,H,-,A,D,0,Y,,,,Y,,N,60,1,0,0,0,1,0,0,0,0,"- ","- ",35.203800201416016,-119.0106201171875,KERN,UNINCORPORATED,-119.00295257568359,35.343803405761719
91870654,2022,2022-09-22,9830,2022-09-12,1259,020866,,1,1,9,1500,0,2,4,,1,032,"SIERRA HWY","DAWN RD.",2640.00,S,N,A,-,N,,,,,,,,,,N,2,0,1,1,A,-,08,22107,,N,F,A,A,A,H,-,A,D,0,,,,,Y,,A,01,1,0,0,0,0,0,0,0,0,"- ","- ",34.90216064453125,-118.15676879882812,KERN,UNINCORPORATED,-118.15685272216797,34.901885986328125
91872223,2022,2022-09-23,9426,2022-09-19,2255,016162,,1,3,9,1500,0,1,3,,2,331,SR-33,"LERDO HWY",12144.00,N,N,A,-,Y,KER,,33,,,51.580,H,,R,N,2,0,1,1,A,-,01,23152,A,N,F,A,A,A,H,-,D,D,0,,,,,Y,Y,A,01,1,0,0,0,0,0,0,0,0,"- ","- ",35.52777099609375,-119.76055145263672,KERN,UNINCORPORATED,-119.76053619384766,35.527782440185547
91874213,2022,2022-09-27,9830,2022-09-21,2142,021851,,3,2,9,1500,0,1,3,,2,030,"SR-14 SOUTHBOUND","SILVER QUEEN ROAD OVERCROSSING",2285.00,S,N,A,-,Y,KER,,14,,R,11.731,H,,R,Y,2,0,1,1,A,-,03,22350,,F,E,I,A,A,D,-,D,D,0,,,,,Y,,A,07,1,0,0,0,0,0,0,0,0,"- ","- ",34.989429473876953,-118.15892028808594,KERN,UNINCORPORATED,-118.15918731689453,34.989421844482422
91874640,2022,2022-09-27,9420,2022-09-25,2028,020634,,7,2,9,1500,0,2,4,,1,051,"N. CHESTER AVENUE","CHINA GRADE LOOP",495.00,N,N,A,-,N,,,,,,,,,,N,2,0,1,1,A,-,08,22107,,N,E,I,A,A,H,-,C,D,0,,,Y,,Y,Y,C,02,1,0,0,0,0,0,0,0,1,"- ","- ",35.428211212158203,-119.02129364013672,KERN,UNINCORPORATED,-119.02120208740234,35.428077697753906
91879218,2022,2022-09-30,9420,2022-08-19,2300,020573,,5,3,9,1500,0,3,5,,2,040,"COLUMBUS STREET","N. KING STREET",0.00,,Y,A,-,N,,,,,,,,,,N,2,0,1,2,A,-,11,21954,A,F,G,B,D,A,H,-,C,D,0,Y,,,,Y,,N,60,1,0,0,0,1,0,0,0,0,"- ","- ",35.397491455078125,-118.98609161376953,KERN,UNINCORPORATED,-118.98597717285156,35.397529602050781
9188654,2020,2020-12-10,1500,2020-10-23,2222,201596,WA02,5,5,3,1510,0,0,0,,0,4401,"OAK AV","SUNSET ST",159.00,N,N,A,-,N,,,,,,,,,,Y,2,0,1,2,A,-,09,21804,A,N,D,C,A,A,H,-,C,A,0,,,Y,,Y,Y,C,02,1,0,0,0,0,0,0,0,1,"- ","- ",,,KERN,WASCO,-119.34153747558594,35.59228515625
91887052,2022,2022-10-11,9830,2022-10-03,2500,021751,,1,4,9,1500,0,3,5,,2,001,UNKNOWN,"ALSO UNKNOWN",0.00,,Y,A,-,N,,,,,,,,,,N,2,0,1,1,D,-,00,,,N,F,A,A,A,H,-,D,D,0,,,Y,,Y,,-,"- ",1,0,0,0,0,0,0,0,1,"- ","- ",35.147968292236328,-118.45053100585938,KERN,UNINCORPORATED,,
91887688,2022,2022-10-11,9830,2022-10-03,1353,020524,,1,1,9,1500,0,1,3,,2,010,"SR-58 W/B",SR-202,112.00,W,N,A,-,Y,KER,,58,,R,90.693,H,,L,Y,2,0,1,1,C,-,18,,,N,E,I,A,A,H,-,A,D,0,,,,,Y,,-,"- ",1,0,0,0,0,0,0,0,0,"- ","- ",35.141609191894531,-118.4677734375,KERN,UNINCORPORATED,-118.46768188476562,35.141689300537109
91888737,2022,2022-10-12,9426,2022-09-10,1336,019442,,6,1,9,1500,0,1,1,,2,500,"INTERSTATE 5 SOUTHBOUND","STATE ROUTE 46",10032.00,N,N,A,-,Y,KER,,5,,,74.952,H,,L,Y,1,1,1,1,A,-,08,22107,,N,F,A,A,A,H,-,A,D,0,,,,,Y,Y,A,07,1,0,0,0,0,0,0,0,0,"- ","- ",35.640121459960938,-119.67122650146484,KERN,UNINCORPORATED,-119.67123413085938,35.640117645263672
91890267,2022,2022-10-14,9420,2022-10-05,1530,021144,,3,2,9,1500,0,2,4,,1,076,"S. DR. MARTIN LUTHER KING, JR BLVD.","E. BELLE TERRACE",0.00,,Y,A,-,N,,,,,,,,,,N,2,0,1,2,A,-,12,21453,A,F,D,C,A,A,H,-,A,A,0,,,Y,,Y,,-,99,1,0,0,0,0,0,0,0,1,"- ","- ",35.346660614013672,-118.98513793945312,KERN,UNINCORPORATED,-118.98545074462891,35.346698760986328
91895515,2022,2022-10-20,9426,2022-10-19,0127,018919,,3,3,9,1500,0,1,3,,1,460,SR-46,"ANNETTE RD",3168.00,E,N,A,-,Y,KER,,46,,,3.983,H,,R,Y,2,0,1,1,A,-,01,23152,A,N,F,A,A,A,H,-,D,D,0,,,,,Y,Y,-,"- ",1,0,0,0,0,0,0,0,0,"- ","- ",35.695590972900391,-120.13371276855469,KERN,UNINCORPORATED,-120.13368988037109,35.69561767578125
91898414,2022,2022-10-25,9420,2022-10-17,1700,021895,,1,2,9,1500,0,1,3,,2,223,SR-223,"BENA RD",5808.00,S,N,A,-,Y,KER,,223,,,30.752,H,,R,Y,2,0,1,1,A,-,08,22107,,N,E,I,A,A,H,-,A,D,0,,,,,Y,,A,01,1,0,0,0,0,0,0,0,0,"- ","- ",35.250499725341797,-118.67092895507812,KERN,UNINCORPORATED,-118.6708984375,35.250480651855469
91899709,2021,2022-10-26,9830,2021-11-09,0812,017237,,2,1,9,1500,0,1,3,,2,010,"STATE ROUTE 58 WESTBOUND FROM KEENE ROAD","KEENE ROAD",262.00,W,N,B,-,Y,,,58,,,,R,,W,N,1,1,0,2,A,-,21,22106,,F,G,B,E,A,H,-,A,D,0,Y,,,Y,Y,,G,25,0,0,0,1,0,0,0,0,0,"- ","- ",35.224418640136719,-118.56735992431641,KERN,UNINCORPORATED,-118.56735992431641,35.224418640136719
91901246,2022,2022-10-27,9420,2022-10-18,1210,019351,,2,1,6,1502,0,2,S,,2,901,"ASHE ROAD","MING AVENUE",0.00,,Y,A,-,N,,,,,,,,,,Y,2,0,1,3,A,-,12,21453,A,F,D,C,A,D,H,-,A,A,0,,,,,Y,,A,01,1,0,0,0,0,0,0,0,0,"- ","- ",35.334800720214844,-119.07450103759766,KERN,BAKERSFIELD,-119.07447052001953,35.334640502929688
91901258,2022,2022-10-27,9420,2022-07-12,0935,017256,,2,1,9,1500,0,2,4,,1,052,"CHINA GRADE LOOP","MCCRAY STREET",0.00,,Y,A,-,N,,,,,,,,,,Y,1,1,1,2,A,-,12,21453,A,N,D,C,A,A,H,-,A,A,0,,,,,Y,,A,07,1,0,0,0,0,0,0,0,0,"- ","- ",35.427108764648438,-119.03014373779297,KERN,UNINCORPORATED,-119.03012084960938,35.427005767822266
91905276,2022,2022-10-31,9830,2022-10-27,0200,021870,,4,3,9,1500,0,1,3,,1,031,"SR-14 N/B","SILVER QUEEN ROAD",7392.00,N,N,A,-,Y,KER,,14,,R,13.632,H,,R,Y,2,0,1,2,A,-,01,23152,A,F,C,C,A,A,H,-,D,D,0,,,,,Y,Y,A,01,1,0,0,0,0,0,0,0,0,"- ","- ",35.015731811523438,-118.16272735595703,KERN,UNINCORPORATED,-118.16275787353516,35.015724182128906
91906374,2022,2022-11-01,9420,2022-10-21,1530,021983,,5,2,9,1500,0,1,3,,2,094,"SR-99 NORTHBOUND",SR-119,500.00,N,N,A,-,Y,,,,,,,,,,N,2,0,4,2,A,-,03,22350,,N,C,C,A,A,D,-,A,D,0,,,,,Y,,D,22,1,0,3,0,0,0,0,0,0,"- ","- ",35.268058776855469,-118.02326202392578,KERN,UNINCORPORATED,-119.02300262451172,35.267787933349609