CASE_ID,ACCIDENT_YEAR,PROC_DATE,JURIS,COLLISION_DATE,COLLISION_TIME,OFFICER_ID,REPORTING_DISTRICT,DAY_OF_WEEK,CHP_SHIFT,POPULATION,CNTY_CITY_LOC,SPECIAL_COND,BEAT_TYPE,CHP_BEAT_TYPE,CITY_DIVISION_LAPD,CHP_BEAT_CLASS,BEAT_NUMBER,PRIMARY_RD,SECONDARY_RD,DISTANCE,DIRECTION,INTERSECTION,WEATHER_1,WEATHER_2,STATE_HWY_IND,CALTRANS_COUNTY,CALTRANS_DISTRICT,STATE_ROUTE,ROUTE_SUFFIX,POSTMILE_PREFIX,POSTMILE,LOCATION_TYPE,RAMP_INTERSECTION,SIDE_OF_HWY,TOW_AWAY,COLLISION_SEVERITY,NUMBER_KILLED,NUMBER_INJURED,PARTY_COUNT,PRIMARY_COLL_FACTOR,PCF_CODE_OF_VIOL,PCF_VIOL_CATEGORY,PCF_VIOLATION,PCF_VIOL_SUBSECTION,HIT_AND_RUN,TYPE_OF_COLLISION,MVIW,PED_ACTION,ROAD_SURFACE,ROAD_COND_1,ROAD_COND_2,LIGHTING,CONTROL_DEVICE,CHP_ROAD_TYPE,PEDESTRIAN_ACCIDENT,BICYCLE_ACCIDENT,MOTORCYCLE_ACCIDENT,TRUCK_ACCIDENT,NOT_PRIVATE_PROPERTY,ALCOHOL_INVOLVED,STWD_VEHTYPE_AT_FAULT,CHP_VEHTYPE_AT_FAULT,COUNT_SEVERE_INJ,COUNT_VISIBLE_INJ,COUNT_COMPLAINT_PAIN,COUNT_PED_KILLED,COUNT_PED_INJURED,COUNT_BICYCLIST_KILLED,COUNT_BICYCLIST_INJURED,COUNT_MC_KILLED,COUNT_MC_INJURED,PRIMARY_RAMP,SECONDARY_RAMP,LATITUDE,LONGITUDE,COUNTY,CITY,POINT_X,POINT_Y
91906424,2022,2023-02-24,9420,2022-06-17,2015,021534,,5,2,9,1500,0,1,3,,2,587,"SR-58 WESTBOUND","GENERAL BEALE ROAD",7920.00,W,N,A,-,Y,KER,,58,,,68.770,H,,L,Y,1,1,0,2,A,-,01,23152,A,N,A,C,A,A,H,-,B,D,0,,,,,Y,Y,A,01,0,0,0,0,0,0,0,0,0,"- ","- ",35.299160003662109,-118.76831817626953,KERN,UNINCORPORATED,-118.76824951171875,35.299228668212891
91907689,2022,2022-11-02,9426,2022-10-29,1039,016804,,6,1,9,1500,0,1,1,,2,500,"NB I-5","TWISSELMAN RD.",2640.00,N,N,A,-,Y,KER,,5,,,82.844,H,,R,Y,2,0,5,5,A,-,03,22350,,N,C,C,A,A,H,-,A,A,0,,,,Y,Y,,G,25,2,3,0,0,0,0,0,0,0,"- ","- ",35.737979888916016,-119.74388122558594,KERN,UNINCORPORATED,-119.74370574951172,35.738067626953125
91908712,2022,2022-11-03,9420,2022-10-29,1819,020634,,6,2,9,1500,0,2,4,,1,051,"N. CHESTER AVENUE","ROBERTS LANE",30.00,S,N,A,-,N,,,,,,,,,,N,2,0,1,1,A,-,21,22106,,N,F,A,A,A,H,-,B,A,0,,,Y,,Y,,C,02,1,0,0,0,0,0,0,0,1,"- ","- ",35.408370971679688,-119.02095031738281,KERN,UNINCORPORATED,-119.02108001708984,35.408557891845703
91908949,2022,2023-08-03,9420,2022-05-29,2001,021365,,7,2,9,1500,0,3,5,,2,040,"ALFRED HARRELL HIGHWAY","LILY DRIVE",2165.00,W,N,A,-,N,,,,,,,,,,Y,1,1,3,1,A,-,01,23152,A,F,E,A,A,A,H,-,D,D,0,,,,,Y,Y,A,01,2,0,1,0,0,0,0,0,0,"- ","- ",35.447071075439453,-118.92902374267578,KERN,UNINCORPORATED,-118.92818200000001,35.446846000000001
91909212,2022,2022-11-03,9426,2022-10-24,2025,019592,,1,2,9,1500,0,3,5,,2,082,"7TH STANDARD","RUDNICK BLVD",0.00,,Y,A,-,N,,,,,,,,,,N,2,0,1,2,A,-,09,21802,A,N,D,C,A,A,H,-,D,A,0,,,,,Y,,E,22,1,0,0,0,0,0,0,0,0,"- ","- ",35.442298889160156,-119.45925140380859,KERN,UNINCORPORATED,-119.458887,35.442303000000003
91911658,2022,2022-11-07,9430,2022-10-29,0920,019845,,6,1,9,1500,0,2,4,,1,024,"MIL POTRERO HIGHWAY","YELLOWSTONE DRIVE",4752.00,E,N,A,-,N,,,,,,,,,,Y,2,0,1,2,A,-,05,21650,,N,B,C,A,A,H,-,A,D,0,,,Y,,Y,,C,02,1,0,0,0,0,0,0,0,1,"- ","- ",34.849910736083984,-119.10608673095703,KERN,UNINCORPORATED,-119.10528564453125,34.849781036376953
91912686,2022,2022-11-08,9426,2022-10-29,0710,018023,,6,1,9,1500,0,3,5,,2,081,"25 HILL ROAD","10 TH STREET",12144.00,S,N,A,-,N,,,,,,,,,,N,2,0,3,1,A,-,01,23152,A,N,F,A,A,A,H,-,B,D,0,,,,,Y,Y,D,22,1,2,0,0,0,0,0,0,0,"- ","- ",35.114360809326172,-119.46555328369141,KERN,UNINCORPORATED,-118.17915344238281,35.095500946044922
91912687,2022,2022-11-08,9830,2022-10-29,0725,020427,,6,1,9,1500,0,1,3,,2,010,"SR-58 W/B",SR-202,6336.00,W,N,A,-,Y,KER,,58,,R,89.601,H,,L,Y,2,0,1,1,A,-,08,22107,,N,E,8,A,A,H,-,A,D,0,,,,,Y,,A,08,1,0,0,0,0,0,0,0,0,"- ","- ",35.157848358154297,-118.47370147705078,KERN,UNINCORPORATED,-118.47377777099609,35.157848358154297
91912772,2022,2022-11-08,9426,2022-10-30,0023,022015,,7,3,9,1500,0,1,3,,1,118,SR-119,"CEDAR ST",0.00,,Y,A,-,N,,,,,,,,,,N,2,0,2,2,A,-,12,22450,A,F,D,C,A,A,H,-,C,D,0,,,Y,,Y,Y,A,08,1,1,0,0,0,0,0,0,2,"- ","- ",35.154579162597656,-119.44786071777344,KERN,UNINCORPORATED,-119.44786071777344,35.154575347900391
91912941,2022,2022-11-08,9426,2022-11-06,0330,021365,,7,3,9,1500,0,1,3,,1,118,SR-119,"HARRISON ST",8.00,N,N,A,-,Y,KER,,119,,,2.145,H,,R,N,2,0,1,2,A,-,11,21954,A,N,G,B,D,A,H,-,C,D,0,Y,,,,Y,,N,60,1,0,0,0,1,0,0,0,0,"- ","- ",35.165699005126953,-119.45332336425781,KERN,UNINCORPORATED,-119.45333099365234,35.165699005126953
91913529,2022,2022-11-09,9420,2022-09-12,2500,019098,,1,4,6,1502,0,1,3,,2,585,"SR-58 W/B FROM OSWELL STREET","OSWELL STREET",650.00,W,N,B,-,Y,KER,,58,,R,57.202,H,,L,Y,1,1,0,1,A,-,08,22107,,N,F,A,A,A,H,-,C,D,0,,,,,Y,,A,01,0,0,0,0,0,0,0,0,0,"- ","- ",35.352581024169922,-118.95379638671875,KERN,BAKERSFIELD,-118.95380401611328,35.352519989013672
91914574,2022,2022-11-10,9420,2022-11-01,1539,021134,,2,2,9,1500,0,3,5,,2,610,"TERRACE WAY","S H ST",0.00,,Y,B,-,N,,,,,,,,,,N,2,0,1,2,A,-,09,21800,A,N,D,G,A,A,H,-,A,A,0,,Y,,,Y,,D,22,1,0,0,0,0,0,1,0,0,"- ","- ",35.350399017333984,-119.02143096923828,KERN,UNINCORPORATED,-119.02130889892578,35.350326538085938
91916739,2022,2022-11-14,9420,2022-09-21,2131,019901,,3,2,9,1500,0,3,5,,2,050,"ROBERTS LANE","BELMONT AVENUE",67.00,W,N,A,-,N,,,,,,,,,,N,1,1,0,2,A,-,11,21954,A,F,G,B,D,A,H,-,D,D,0,Y,,,,Y,Y,N,60,0,0,0,1,0,0,0,0,0,"- ","- ",35.408699035644531,-119.03729248046875,KERN,UNINCORPORATED,-119.03720092773438,35.408618927001953
91918392,2022,2023-01-19,9430,2022-11-07,0955,018631,,1,1,9,1500,0,3,5,,2,004,"WHEELER RIDGE ROUTE (SR-184)","SEBASTIAN ROAD",0.00,,Y,B,-,Y,,,,,,,,,,Y,2,0,3,2,A,-,05,21752,D,N,D,D,A,A,H,-,A,A,0,,,,Y,Y,,D,22,2,0,1,0,0,0,0,0,0,"- ","- ",35.045280456542969,-118.91758728027344,KERN,UNINCORPORATED,-118.91763305664062,35.045398712158203
91920005,2022,2022-11-17,9420,2022-11-05,1856,021133,,6,2,9,1500,0,2,4,,1,051,"N. CHESTER AVENUE","DECATUR STREET",0.00,,Y,A,-,N,,,,,,,,,,Y,2,0,2,3,A,-,11,21950,B,N,G,C,B,A,H,-,C,A,0,Y,,Y,,Y,,N,60,2,0,0,0,1,0,0,0,1,"- ","- ",35.413810729980469,-119.02120208740234,KERN,UNINCORPORATED,-119.02120971679688,35.413669586181641
91925085,2022,2022-11-23,9830,2022-11-13,0840,020866,,7,1,9,1500,0,1,3,,2,030,SR-14,"ROSAMOND BLVD.",7920.00,N,N,A,-,Y,KER,,14,,R,4.629,H,,L,N,2,0,1,2,A,-,03,22350,,N,C,C,A,A,H,-,A,D,0,,,,,Y,,A,01,1,0,0,0,0,0,0,0,0,"- ","- ",34.886589050292969,-118.166259765625,KERN,UNINCORPORATED,-118.16631317138672,34.886592864990234
91930343,2022,2022-11-30,9426,2022-11-27,2015,019658,,7,2,9,1500,0,3,5,,2,085,"KING RD","TWISSLEMAN ROAD",16368.00,N,N,A,-,N,,,,,,,,,,N,2,0,1,1,A,-,08,22107,,N,F,I,A,A,H,-,D,D,0,,,,,Y,,A,07,1,0,0,0,0,0,0,0,0,"- ","- ",35.463291168212891,-119.52052307128906,KERN,UNINCORPORATED,-119.8680419921875,35.775794982910156
91936070,2022,2024-03-06,9420,2022-10-06,0605,019735,,4,1,9,1500,0,2,4,,1,075,"SOUTH UNION AVENUE","MCKEE ROAD",574.00,S,N,A,-,N,,,,,,,,,,Y,1,1,1,1,A,-,01,23152,F,N,E,I,A,A,H,-,C,D,0,,,,,Y,,A,01,1,0,0,0,0,0,0,0,0,"- ","- ",35.272510528564453,-119.00295257568359,KERN,UNINCORPORATED,-119.00314331054688,35.272506713867188
91939364,2022,2022-12-12,9830,2022-11-25,1630,022390,,5,2,9,1500,0,1,2,,1,054,US-395,"DIRT DIGGERS RD",0.00,,Y,A,-,Y,KER,,395,,,11.680,H,,R,Y,2,0,1,2,A,-,09,21804,A,N,D,C,A,A,H,-,A,D,0,,,Y,Y,Y,,C,02,1,0,0,0,0,0,0,0,1,"- ","- ",35.520458221435547,-117.67343139648438,KERN,UNINCORPORATED,-117.67339324951172,35.520473480224609
91943570,2022,2022-12-15,9420,2022-12-07,1506,021826,,3,2,9,1500,0,2,4,,1,051,"AIRPORT DRIVE","OLIVE DRIVE",0.00,,Y,A,-,N,,,,,,,,,,Y,2,0,1,2,A,-,12,21453,A,N,D,C,A,A,H,-,A,A,0,,,,,Y,,A,01,1,0,0,0,0,0,0,0,0,"- ","- ",35.412250518798828,-119.03907012939453,KERN,UNINCORPORATED,-119.03909301757812,35.412273406982422
91944676,2022,2022-12-16,9420,2022-11-07,2022,021534,,1,2,9,1500,0,3,5,,2,672,"WIBLE ROAD","WOOD LANE",10.00,S,N,B,-,N,,,,,,,,,,Y,1,1,0,1,A,-,08,22107,,N,E,I,A,A,H,-,C,D,0,,,Y,,Y,,C,02,0,0,0,0,0,0,0,1,0,"- ","- ",35.344898223876953,-119.03884887695312,KERN,UNINCORPORATED,-119.03904724121094,35.344882965087891
91944855,2022,2023-01-06,9420,2022-11-06,1510,021140,,7,2,9,1500,0,2,4,,1,052,"CHINA GRADE LOOP","JUNCTION ROAD",0.00,,Y,B,-,N,,,,,,,,,,Y,1,1,1,2,A,-,01,23152,A,N,D,C,A,A,H,-,A,D,0,,,Y,,Y,Y,C,02,0,0,1,0,0,0,0,1,0,"- ","- ",35.426898956298828,-118.98130035400391,KERN,UNINCORPORATED,-118.98130798339844,35.426898956298828
91945897,2022,2022-12-19,9420,2022-12-04,1218,020163,,7,1,9,1500,0,1,3,,2,223,"STATE ROUTE 223","EDISON ROAD",0.00,,Y,C,-,Y,KER,,223,,R,18.090,H,,R,Y,1,1,0,2,A,-,05,21752,D,N,D,C,A,B,H,-,A,A,0,,,Y,Y,Y,,C,02,0,0,0,0,0,0,0,1,0,"- ","- ",35.208778381347656,-118.87815093994141,KERN,UNINCORPORATED,-118.87815093994141,35.208820343017578
91945984,2022,2022-12-29,9830,2022-10-03,1622,019400,,1,2,9,1500,0,3,5,,2,001,"TEHACHAPI BOULEVARD","EUMATILLA STREET",3696.00,E,N,A,-,N,,,,,,,,,,Y,1,1,1,2,A,-,01,23152,A,N,A,C,A,A,H,-,A,D,0,,,,,Y,Y,A,01,1,0,0,0,0,0,0,0,0,"- ","- ",35.121139526367188,-118.3642578125,KERN,UNINCORPORATED,-118.36479949951172,35.121162414550781
91946693,2022,2022-12-20,9420,2022-12-06,2013,017243,,2,2,9,1500,0,3,5,,2,040,"RIVER BLVD","JEFFREY ST",27.00,S,N,B,C,N,,,,,,,,,,N,2,0,1,2,A,-,03,22350,,N,H,G,A,B,H,-,C,D,0,,Y,,,Y,,A,01,1,0,0,0,0,0,1,0,0,"- ","- ",35.394691467285156,-118.98519897460938,KERN,UNINCORPORATED,-118.98516082763672,35.394367218017578
91949173,2022,2022-12-22,9426,2022-12-16,0735,017254,,5,1,9,1500,0,3,5,,2,082,"SHAFTER AVE","7TH STANDARD ROAD",0.00,,Y,E,-,N,,,,,,,,,,Y,2,0,2,2,A,-,12,22450,A,N,D,C,A,A,H,-,A,A,0,,,,,Y,,A,08,1,1,0,0,0,0,0,0,0,"- ","- ",35.441799163818359,-119.27899932861328,KERN,UNINCORPORATED,-119.27894592285156,35.441749572753906
91953127,2022,2022-12-27,9420,2022-12-20,2034,021134,,2,2,9,1500,0,1,3,,1,184,SR-184,"BERRY RD",445.00,N,N,A,-,Y,KER,,184,,,5.396,H,,R,Y,2,0,1,1,A,-,01,23152,A,N,E,I,A,A,H,-,D,D,0,,,,,Y,Y,A,01,1,0,0,0,0,0,0,0,0,"- ","- ",35.315650939941406,-118.91423797607422,KERN,UNINCORPORATED,-118.91432189941406,35.315650939941406
91953613,2022,2022-12-27,9426,2022-12-17,0220,021365,,6,3,9,1500,0,3,5,,2,081,"DIRT ROAD","BASIC SCHOOL ROAD",5914.00,W,N,A,-,N,,,,,,,,,,N,2,0,1,2,A,-,01,23152,A,N,G,B,E,A,H,-,D,D,0,Y,,,,Y,Y,A,07,1,0,0,0,1,0,0,0,0,"- ","- ",35.076339721679688,-119.33518981933594,KERN,UNINCORPORATED,-119.33519,35.076340000000002
91955852,2022,2022-12-29,9830,2022-12-25,1550,022246,,7,2,9,1500,0,3,5,,2,003,"140TH ST. WEST","HAMILTON RD",5.00,S,N,A,-,N,,,,,,,,,,N,2,0,1,2,B,-,22,,,N,D,C,A,A,H,-,A,D,0,,,Y,,Y,,C,06,1,0,0,0,0,0,0,0,1,"- ","- ",34.891841888427734,-118.37906646728516,KERN,UNINCORPORATED,-118.37901306152344,34.89178466796875
91956282,2022,2022-12-30,9420,2022-09-27,2115,020451,,2,2,6,1502,0,1,3,,2,092,"SR-99 N/B","STOCKDALE HWY",1013.00,N,N,A,-,Y,KER,,99,,,23.820,H,,R,Y,1,1,1,2,A,-,07,21658,A,F,B,C,A,A,H,-,D,D,0,,,,,Y,,D,22,0,1,0,0,0,0,0,0,0,"- ","- ",35.357089996337891,-119.03936767578125,KERN,BAKERSFIELD,-119.03933715820312,35.357089996337891
91960646,2022,2023-01-05,9420,2022-12-27,2108,021503,,2,2,9,1500,0,2,4,,1,075,"S. UNION AVE","PACHECO ROAD",950.00,N,N,C,-,N,,,,,,,,,,N,2,0,1,1,A,-,01,23152,A,N,E,I,A,B,H,-,C,D,0,,,,,Y,Y,D,22,1,0,0,0,0,0,0,0,0,"- ","- ",35.313228607177734,-119.00324249267578,KERN,UNINCORPORATED,-119.00312042236328,35.312995910644531
91963753,2023,2023-01-09,9420,2023-01-07,1930,021572,,6,2,9,1500,0,2,4,,1,052,"NORRIS RD","SR 99 SOUTHBOUND",121.00,W,N,B,-,N,,,,,,,,,,Y,2,0,1,1,A,-,08,22107,,N,E,I,A,A,H,-,D,D,0,,,,,Y,,A,01,1,0,0,0,0,0,0,0,0,"- ","- ",35.421878814697266,-119.06163024902344,KERN,UNINCORPORATED,,
91965373,2022,2023-01-11,9420,2022-10-16,0541,019184,,7,3,9,1500,0,3,5,,2,060,"ALLEN ROAD","MEACHAM ROAD",293.00,N,N,A,-,N,,,,,,,,,,Y,1,1,0,2,A,-,03,22350,,N,H,G,A,A,H,-,C,D,0,,Y,,,Y,,A,01,0,0,0,0,0,1,0,0,0,"- ","- ",35.391571044921875,-119.14549255371094,KERN,UNINCORPORATED,-119.14551544189453,35.391582489013672
91965652,2023,2023-01-11,9426,2023-01-06,1535,016315,,5,2,9,1500,0,3,5,,2,081,"N. LINCOLN STREET","GREVILLEA STREET",20.00,N,N,A,-,N,,,,,,,,,,Y,2,0,5,2,A,-,03,22350,,N,C,C,A,A,H,-,A,D,0,,,,,Y,,A,07,2,3,0,0,0,0,0,0,0,"- ","- ",35.160911560058594,-119.46527099609375,KERN,UNINCORPORATED,-119.46523284912109,35.160865783691406
91965919,2022,2023-01-11,9830,2022-08-15,2230,020113,,1,3,9,1500,0,3,5,,2,005,"3RD STREET","DRUMMOND AVENUE",407.00,N,N,A,-,N,,,,,,,,,,N,1,1,0,1,A,-,01,23152,G,N,E,I,A,A,H,-,D,D,0,,,Y,,Y,Y,C,02,0,0,0,0,0,0,0,1,0,"- ","- ",35.638580322265625,-117.81668853759766,KERN,UNINCORPORATED,-117.81672668457031,35.638504028320312
91965941,2022,2023-01-11,9830,2022-11-01,2314,021642,,2,3,9,1500,0,1,3,,2,030,"STATE ROUTE 14 NORTHBOUND","BACKUS ROAD",438.00,N,N,A,-,Y,KER,,14,,R,9.184,H,,R,Y,1,3,0,2,A,-,05,21651,B,N,A,C,A,A,H,-,D,D,0,,,,,Y,Y,A,07,0,0,0,0,0,0,0,0,0,"- ","- ",34.952510833740234,-118.16087341308594,KERN,UNINCORPORATED,-118.16091918945312,34.9525146484375
91967069,2023,2023-01-12,9426,2023-01-04,1304,016804,,3,1,9,1500,0,3,5,,2,086,"7TH STANDARD RD.","SCARONI AVE.",2112.00,W,N,B,-,N,,,,,,,,,,Y,2,0,2,2,A,-,08,22107,,N,A,C,A,A,H,-,A,D,0,,,,Y,Y,,A,07,1,1,0,0,0,0,0,0,0,"- ","- ",35.441860198974609,-119.32299041748047,KERN,UNINCORPORATED,-119.32158660888672,35.441905975341797
91967670,2023,2023-01-13,9420,2023-01-09,2200,021503,,1,3,9,1500,0,3,5,,2,672,"EAST BELLE TERRACE","MADISON STREET",80.00,W,N,A,-,N,,,,,,,,,,N,2,0,2,1,A,-,08,22107,,M,E,I,A,B,H,-,D,D,0,,,,,Y,,A,01,1,1,0,0,0,0,0,0,0,"- ","- ",35.344650268554688,-118.99456787109375,KERN,UNINCORPORATED,-118.99447631835938,35.344699859619141
91969418,2022,2023-01-17,9420,2022-12-30,1640,021601,,5,2,9,1500,0,3,5,,2,050,"RAY STREET","HURRLE AVE",0.00,,Y,A,-,N,,,,,,,,,,N,2,0,1,2,A,-,09,21800,B,N,D,C,A,A,H,-,A,D,0,,,Y,,Y,,C,02,1,0,0,0,0,0,0,0,1,"- ","- ",35.422260284423828,-119.02789306640625,KERN,UNINCORPORATED,-119.02784729003906,35.422237396240234
91969422,2022,2023-01-17,9420,2022-12-31,1600,021826,,6,2,9,1500,0,3,5,,2,672,"CANNON AVENUE","JASTRO STREET",0.00,,Y,B,-,N,,,,,,,,,,N,2,0,1,2,A,-,09,21800,A,N,H,G,A,A,H,-,A,D,0,,Y,,,Y,,A,01,1,0,0,0,0,0,1,0,0,"- ","- ",35.348518371582031,-118.98976135253906,KERN,UNINCORPORATED,-118.98975372314453,35.348499298095703
91969608,2023,2023-01-17,9420,2023-01-04,1734,019686,,3,2,9,1500,0,1,3,,2,589,"SR-58 W/B",SR-223,3623.00,W,N,A,-,Y,KER,,58," "," ",74.926,H,,L,Y,2,0,2,3,A,-,03,22350,,N,C,C,A,A,H,-,C,D,0,,,,,Y,,D,22,1,1,0,0,0,0,0,0,0,"- ","- ",35.267288208007812,-118.67005920410156,KERN,UNINCORPORATED,-118.6700439453125,35.267318725585938
91970650,2022,2023-01-18,9420,2022-12-31,1411,021134,,6,2,9,1500,0,3,5,,2,672,"N RANCHO DR","GRASSHOPPER LN",857.00,S,N,A,-,N,,,,,,,,,,Y,2,0,2,1,A,-,08,22107,,N,E,I,A,A,H,-,A,D,0,,,,,Y,,A,01,1,0,1,0,0,0,0,0,0,"- ","- ",35.112178802490234,-118.85066223144531,KERN,UNINCORPORATED,-118.85057067871094,35.112216949462891
91971783,2022,2023-01-19,9420,2022-12-30,0915,020782,,5,1,9,1500,0,1,3,,2,177,"STATE ROUTE-178","MILE POST MARKER 178 KER 17.00",466.00,E,N,B,-,Y,KER,,178,,,17.127,H,,R,Y,1,2,0,2,A,-,03,22350,,N,D,C,A,B,H,-,A,D,0,,,,,Y,,A,01,0,0,0,0,0,0,0,0,0,"- ","- ",35.468368530273438,-118.75380706787109,KERN,UNINCORPORATED,-118.75382232666016,35.468379974365234
91971792,2022,2023-01-19,9420,2022-10-28,0012,019903,,5,3,9,1500,0,3,5,,2,060,"DOWNING AVENUE","FRUITVALE AVENUE",0.00,,Y,A,-,N,,,,,,,,,,Y,1,1,0,2,A,-,01,23152,A,N,E,J,A,A,H,-,D,A,0,,,,,Y,Y,A,01,0,0,0,0,0,0,0,0,0,"- ","- ",35.390499114990234,-119.07422637939453,KERN,UNINCORPORATED,-119.07436370849609,35.390518188476562
91971886,2023,2023-01-19,9420,2023-01-09,"445 ",021773,,1,3,9,1500,0,3,5,,2,040,"LERDO HIGHWAY","INDUSTRIAL FARM ROAD",0.00,,Y,B,-,N,,,,,,,,,,Y,2,0,2,2,A,-,09,21802,A,N,D,C,A,B,H,-,C,A,0,,,,,Y,,A,01,1,1,0,0,0,0,0,0,0,"- ","- ",35.499591827392578,-119.10871887207031,KERN,UNINCORPORATED,-119.10873413085938,35.499580383300781
91972715,2023,2023-01-20,9420,2023-01-15,1253,018807,,7,1,9,1500,0,3,5,,2,620,"VERDUGO LANE","GLENN STREET",59.00,N,N,B,-,N,,,,,,,,,,N,2,0,1,1,A,-,08,22107,,N,F,A,A,B,H,-,A,D,0,,,Y,,Y,,C,02,1,0,0,0,0,0,0,0,1,"- ","- ",35.377658843994141,-119.11895751953125,KERN,UNINCORPORATED,-119.11896514892578,35.377613067626953
91976648,2023,2023-01-25,9830,2023-01-17,1745,019977,,2,2,9,1500,0,1,3,,2,014,"SR-58 E/B","CAMERON CANYON RD",11616.00,E,N,D,-,Y,KER,,58," "," ",104.370,H,,R,Y,2,0,4,2,A,-,01,23152,F,F,E,8,A,B,H,-,D,D,0,,,,,Y,,A,01,3,1,0,0,0,0,0,0,0,"- ","- ",35.105140686035156,-118.25499725341797,KERN,UNINCORPORATED,-118.25502014160156,35.105220794677734
91978390,2022,2023-01-26,9420,2022-11-25,2500,021915,,5,4,9,1500,0,1,3,,2,178,"STATE ROUTE 178","DELONEGHA BRIDGE",15312.00,E,N,A,-,Y,KER,,178,,R,34.691,H,,R,Y,1,1,0,1,A,-,00,22017,,N,F,A,A,A,H,-,D,D,0,,,,,Y,,A,07,0,0,0,0,0,0,0,0,0,"- ","- ",35.567718505859375,-118.58551025390625,KERN,UNINCORPORATED,-118.58528137207031,35.56756591796875
91981600,2023,2023-01-30,9420,2023-01-05,1807,019686,,4,2,9,1500,0,3,5,,2,672,"SOUTH EDISON ROAD","HERMOSA ROAD",3256.00,S,N,B,C,N,,,,,,,,,,Y,2,0,1,2,A,-,08,22107,,N,E,I,A,B,F,-,D,D,0,,,,,Y,,D,22,1,0,0,0,0,0,0,0,0,"- ","- ",35.302059173583984,-118.87848663330078,KERN,UNINCORPORATED,-118.8785400390625,35.301895141601562
91982903,2023,2023-01-31,9420,2023-01-28,"520 ",019735,,6,3,9,1500,0,3,5,,2,520,"FAMOSO PORTERVILLE HIGHWAY","WHISLER ROAD",15.00,N,N,B,-,N,,,,,,,,,,Y,2,0,1,1,A,-,03,22350,,N,E,J,A,A,H,-,A,D,0,,,,,Y,,A,01,1,0,0,0,0,0,0,0,0,"- ","- ",35.645648956298828,-119.20072174072266,KERN,UNINCORPORATED,-119.20069122314453,35.645557403564453
91983110,2023,2023-01-31,9420,2023-01-28,2200,020782,,6,3,9,1500,0,3,5,,2,320,"CALIENTE BODFISH ROAD","RIM ROAD",8448.00,S,N,A,-,N,,,,,,,,,,Y,2,0,1,1,A,-,03,22350,,N,F,A,A,A,H,-,D,D,0,,,,,Y,,A,01,1,0,0,0,0,0,0,0,0,"- ","- ",35.578540802001953,-118.50489807128906,KERN,UNINCORPORATED,-118.49517822265625,35.590068817138672
91983179,2023,2023-01-31,9420,2023-01-29,1625,020634,,7,2,9,1500,0,3,5,,2,050,"OLIVE DRIVE","TEAKWOOD DRIVE",320.00,E,N,A,-,N,,,,,,,,,,Y,2,0,1,2,A,-,08,22100,,N,D,C,A,A,H,-,A,D,0,,,,,Y,,A,01,1,0,0,0,0,0,0,0,0,"- ","- ",35.412319183349609,-119.04077911376953,KERN,UNINCORPORATED,-119.04051971435547,35.412288665771484
91987594,2022,2023-02-06,9420,2022-10-16,2209,021572,,7,3,9,1500,0,3,5,,2,671,"SOUTH VINELAND ROAD","BUENA VISTA BOULEVARD",665.00,N,N,A,-,N,,,,,,,,,,Y,1,2,0,1,A,-,01,23152,A,N,E,I,A,A,H,-,D,D,0,,,,,Y,Y,A,01,0,0,0,0,0,0,0,0,0,"- ","- ",35.239799499511719,-118.89634704589844,KERN,UNINCORPORATED,-118.89621734619141,35.239734649658203
91991846,2022,2023-02-10,9420,2022-08-28,0350,020573,,7,3,9,1500,0,1,3,,1,650,SR-65,"BLOSSOM AVE.",422.00,S,N,A,-,Y,KER,,65,,,18.968,H,,R,Y,1,1,2,2,A,-,08,22107,,N,C,C,A,A,H,-,D,D,0,,,,,Y,,A,07,0,0,2,0,0,0,0,0,0,"- ","- ",35.702739715576172,-119.06257629394531,KERN,UNINCORPORATED,-119.06253051757812,35.702743530273438
91992523,2023,2023-02-13,9830,2023-02-03,1122,019872,,5,1,9,1500,0,1,3,,2,030,"STATE ROUTE 14 N/B","ROSAMOND BOULEVARD",3010.00,N,N,A,-,Y,KER,,14," ",R,3.638,H,,R,Y,2,0,2,1,A,-,08,22107,,N,E,8,A,A,H,-,A,D,0,,,,,Y,,A,01,2,0,0,0,0,0,0,0,0,"- ","- ",34.873191833496094,-118.17073822021484,KERN,UNINCORPORATED,-118.17080688476562,34.873214721679688
91994119,2023,2023-02-14,9420,2023-02-02,1707,019686,,4,2,9,1500,0,2,4,,1,072,"EDISON HWY","OSWELL FRONTAGE ROAD EAST",395.00,E,N,A,-,N,,,,,,,,,,Y,2,0,1,1,A,-,01,23152,A,N,A,I,A,A,H,-,B,D,0,,,,,Y,Y,D,22,1,0,0,0,0,0,0,0,0,"- ","- ",35.366401672363281,-118.94830322265625,KERN,UNINCORPORATED,-118.94931793212891,35.366668701171875