CASE_ID,ACCIDENT_YEAR,PROC_DATE,JURIS,COLLISION_DATE,COLLISION_TIME,OFFICER_ID,REPORTING_DISTRICT,DAY_OF_WEEK,CHP_SHIFT,POPULATION,CNTY_CITY_LOC,SPECIAL_COND,BEAT_TYPE,CHP_BEAT_TYPE,CITY_DIVISION_LAPD,CHP_BEAT_CLASS,BEAT_NUMBER,PRIMARY_RD,SECONDARY_RD,DISTANCE,DIRECTION,INTERSECTION,WEATHER_1,WEATHER_2,STATE_HWY_IND,CALTRANS_COUNTY,CALTRANS_DISTRICT,STATE_ROUTE,ROUTE_SUFFIX,POSTMILE_PREFIX,POSTMILE,LOCATION_TYPE,RAMP_INTERSECTION,SIDE_OF_HWY,TOW_AWAY,COLLISION_SEVERITY,NUMBER_KILLED,NUMBER_INJURED,PARTY_COUNT,PRIMARY_COLL_FACTOR,PCF_CODE_OF_VIOL,PCF_VIOL_CATEGORY,PCF_VIOLATION,PCF_VIOL_SUBSECTION,HIT_AND_RUN,TYPE_OF_COLLISION,MVIW,PED_ACTION,ROAD_SURFACE,ROAD_COND_1,ROAD_COND_2,LIGHTING,CONTROL_DEVICE,CHP_ROAD_TYPE,PEDESTRIAN_ACCIDENT,BICYCLE_ACCIDENT,MOTORCYCLE_ACCIDENT,TRUCK_ACCIDENT,NOT_PRIVATE_PROPERTY,ALCOHOL_INVOLVED,STWD_VEHTYPE_AT_FAULT,CHP_VEHTYPE_AT_FAULT,COUNT_SEVERE_INJ,COUNT_VISIBLE_INJ,COUNT_COMPLAINT_PAIN,COUNT_PED_KILLED,COUNT_PED_INJURED,COUNT_BICYCLIST_KILLED,COUNT_BICYCLIST_INJURED,COUNT_MC_KILLED,COUNT_MC_INJURED,PRIMARY_RAMP,SECONDARY_RAMP,LATITUDE,LONGITUDE,COUNTY,CITY,POINT_X,POINT_Y
91995300,2023,2023-02-15,9830,2023-02-06,2159,021851,,1,2,9,1500,0,3,5,,2,002,"MOJAVE TROPICO ROAD","SWEETSER RD",3168.00,S,N,A,-,N,,,,,,,,,,Y,2,0,2,1,A,-,08,22107,,N,E,I,A,A,H,-,D,D,0,,,,,Y,,A,01,1,0,1,0,0,0,0,0,0,"- ","- ",34.884078979492188,-118.22554016113281,KERN,UNINCORPORATED,-118.22503662109375,34.884799957275391
91995411,2023,2023-02-15,9420,2023-02-03,1348,021144,,5,1,9,1500,0,2,4,,1,075,"S. UNION AVE.","DI GIORGIO RD.",0.00,,Y,A,-,N,,,,,,,,,,Y,2,0,3,3,A,-,09,21801,A,N,D,C,A,A,H,-,A,D,0,,,,,Y,,D,22,2,1,0,0,0,0,0,0,0,"- ","- ",35.252250671386719,-119.0030517578125,KERN,UNINCORPORATED,-119.00299835205078,35.252269744873047
91995921,2023,2023-02-16,9420,2023-02-09,1045,016229,,4,1,3,1507,0,3,5,,2,530,"ORANGE STREET",SR-43,1056.00,E,N,A,-,N,,,,,,,,,,Y,2,0,1,2,A,-,08,22107,,N,B,C,A,A,H,-,A,D,0,,,Y,,Y,,C,06,1,0,0,0,0,0,0,0,1,"- ","- ",35.478031158447266,-119.25507354736328,KERN,SHAFTER,-119.25728607177734,35.478019714355469
92001238,2022,2023-08-04,9420,2022-11-27,0215,021667,,7,3,9,1500,0,1,3,,2,585,"STATE ROUTE-58 WESTBOUND","OSWELL STREET",2095.00,W,N,A,-,Y,KER,,58,,R,57.022,H,,L,Y,1,1,2,2,A,-,01,23153,G,N,C,E,A,A,H,-,C,D,0,,,,,Y,Y,D,22,1,0,1,0,0,0,0,0,0,"- ","- ",35.352779388427734,-118.95696258544922,KERN,UNINCORPORATED,-118.95696258544922,35.352706909179688
92002212,2023,2023-02-24,9420,2023-02-19,"300 ",020093,,7,3,6,1502,0,1,3,,2,095,"SR-99 S/B TO MING AVE E/B","MING AVE",285.00,S,N,A,-,Y,,,,,,,,,,Y,2,0,1,1,A,-,01,23152,A,N,E,8,A,A,H,-,C,D,0,,,,,Y,Y,A,01,1,0,0,0,0,0,0,0,0,"- ","- ",35.338581085205078,-119.04055023193359,KERN,BAKERSFIELD,-119.04055023193359,35.338581085205078
92002624,2023,2023-02-24,9420,2023-01-10,1240,019140,,2,1,9,1500,0,1,3,,2,178,"STATE ROUTE 178","YANKEE CANYON ROAD",380.00,W,N,B,-,Y,KER,,178," "," ",47.241,H,,R,Y,1,1,1,2,A,-,03,22350,,N,D,C,A,B,H,-,A,D,0,,,,,Y,,A,01,0,0,1,0,0,0,0,0,0,"- ","- ",35.656719207763672,-118.44159698486328,KERN,UNINCORPORATED,-118.44159698486328,35.656726837158203
92003739,2023,2023-02-27,9420,2023-02-14,1450,020634,,2,2,9,1500,0,2,4,,1,075,"S. UNION AVENUE","ADAMS STREET",35.00,S,N,A,-,N,,,,,,,,,,N,2,0,1,2,A,-,03,22350,,N,G,B,D,A,H,-,A,D,0,Y,,,,Y,,A,01,1,0,0,0,1,0,0,0,0,"- ","- ",35.343441009521484,-119.00311279296875,KERN,UNINCORPORATED,-119.00295257568359,35.343513488769531
92003910,2023,2023-03-10,9830,2023-01-21,1450,022390,,6,2,9,1500,0,3,5,,2,005,"BUTTE AVENUE","RANDSBURG MOJAVE ROAD",450.00,N,N,A,-,N,,,,,,,,,,N,1,1,0,1,A,-,03,22350,,N,E,I,A,A,H,-,A,D,0,,,Y,,Y,,C,02,0,0,0,0,0,0,0,1,0,"- ","- ",35.340339660644531,-117.63194274902344,KERN,UNINCORPORATED,-117.63194274902344,35.340373992919922
92004376,2023,2023-02-27,9420,2023-02-20,1435,020402,,1,2,9,1500,0,2,4,,1,052,"NORRIS RD","DIANE DR",0.00,,Y,A,-,N,,,,,,,,,,Y,2,0,1,1,A,-,12,22450,A,N,E,J,A,A,H,-,A,A,0,,,Y,,Y,,C,02,1,0,0,0,0,0,0,0,1,"- ","- ",35.419479370117188,-119.03173065185547,KERN,UNINCORPORATED,-119.03163146972656,35.419525146484375
92008094,2023,2023-03-02,9420,2023-02-09,2040,019021,,4,2,6,1502,0,1,3,,2,094,"SR-99 NORTHBOUND","PANAMA LN.",102.00,S,N,A,-,Y,KER,,99," "," ",19.310,H,,R,Y,2,0,1,2,A,-,03,22350,,N,C,C,A,A,D,-,C,D,0,,,,Y,Y,,A,01,1,0,0,0,0,0,0,0,0,"- ","- ",35.292598724365234,-119.02951049804688,KERN,BAKERSFIELD,-119.02953338623047,35.292594909667969
92010174,2023,2023-03-06,9420,2023-02-28,1823,020634,,2,2,9,1500,0,2,4,,1,051,"OILDALE DR","WASHINGTON AVE",49.00,N,N,C,-,N,,,,,,,,,,N,2,0,1,2,A,-,01,23152,A,N,B,E,A,B,H,-,D,D,0,,,,,Y,Y,A,07,1,0,0,0,0,0,0,0,0,"- ","- ",35.41571044921875,-119.03009033203125,KERN,UNINCORPORATED,-119.03012084960938,35.415622711181641
92012354,2023,2023-03-23,9420,2023-02-28,1856,018607,,2,2,9,1500,0,2,4,,2,062,"ROSEDALE HIGHWAY","LASSEN DRIVE",0.00,,Y,C,-,N,,,,,,,,,,Y,2,0,1,2,A,-,09,21801,A,N,D,C,A,B,H,-,C,D,0,,,Y,,Y,,A,07,1,0,0,0,0,0,0,0,1,"- ","- ",35.383491516113281,-119.13890838623047,KERN,UNINCORPORATED,-119.13881683349609,35.383609771728516
92017318,2023,2023-03-14,9420,2023-03-06,"57  ",021826,,1,3,9,1500,0,3,5,,2,610,"PACHECO RD","PAMELA ST",0.00,,Y,B,-,N,,,,,,,,,,Y,2,0,2,2,A,-,09,21801,A,F,D,C,A,A,H,-,D,D,0,,,,,Y,,A,01,1,1,0,0,0,0,0,0,0,"- ","- ",35.310420989990234,-119.00457000732422,KERN,UNINCORPORATED,-119.00480651855469,35.310394287109375
92018608,2023,2023-03-15,9426,2023-03-08,1740,019658,,3,2,9,1500,0,1,3,,2,432,SR-43,"RT 5",690.00,S,N,A,-,Y,KER,,43," "," ",1.759,H,,R,Y,2,0,1,2,A,-,03,22350,,N,C,C,A,A,H,-,A,D,0,,,,,Y,,A,07,1,0,0,0,0,0,0,0,0,"- ","- ",35.291221618652344,-119.25260925292969,KERN,UNINCORPORATED,-119.25251007080078,35.291217803955078
92019430,2023,2023-03-16,9830,2023-02-22,1600,020655,,3,2,3,1509,0,1,3,,2,011,SR-58,"DENNISON RD.",2857.00,W,N,B,D,Y,KER,,58," ",R,92.213,H,,R,Y,2,0,3,3,A,-,03,22350,,N,D,C,A,C,H,-,A,D,0,,,,Y,Y,,-,"- ",1,1,1,0,0,0,0,0,0,"- ","- ",35.139808654785156,-118.44126892089844,KERN,TEHACHAPI,-118.44126892089844,35.139625549316406
92023225,2023,2023-03-21,9420,2023-02-25,1835,021826,,6,2,9,1500,0,2,4,,1,071,"MT VERNON AVENUE","NILES STREET",513.00,S,N,C,-,N,,,,,,,,,,N,2,0,1,2,A,-,10,21950,A,F,G,B,C,B,H,-,C,D,0,Y,,,,Y,,-,99,1,0,0,0,1,0,0,0,0,"- ","- ",35.374881744384766,-118.96755981445312,KERN,UNINCORPORATED,-118.96758270263672,35.375003814697266
92023566,2022,2023-03-21,9830,2022-12-21,1550,021870,,3,2,9,1500,0,3,5,,2,001,"TEHACHAPI WILLOW SPRINGS ROAD","HIGHLINE ROAD",10613.00,N,N,A,-,N,,,,,,,,,,Y,1,1,1,3,A,-,01,23152,F,N,A,C,A,A,H,-,A,D,0,,,,Y,Y,,A,01,0,0,1,0,0,0,0,0,0,"- ","- ",35.078529357910156,-118.39563751220703,KERN,UNINCORPORATED,-118.39649200439453,35.125209808349609
92026687,2023,2023-03-23,9420,2023-03-16,1230,018807,,4,1,9,1500,0,1,3,,2,589,"SR-58 E/B","BEALEVILLE ROAD",0.00,,Y,A,-,Y,KER,,58," "," ",77.056,H,,R,Y,2,0,4,2,A,-,09,21801,A,N,D,C,A,A,H,-,A,D,0,,,,,Y,,A,07,1,3,0,0,0,0,0,0,0,"- ","- ",35.263828277587891,-118.63330078125,KERN,UNINCORPORATED,-118.63329315185547,35.263652801513672
92029122,2023,2023-03-27,9420,2023-03-14,1805,015977,,2,2,9,1500,0,1,3,,2,155,SR-155,"KEYSVILLE RD",1584.00,W,N,C,-,Y,KER,,155," "," ",69.706,H,,R,Y,2,0,2,2,A,-,05,21460,A,N,A,C,A,B,H,-,A,D,0,,,,,Y,,A,08,1,1,0,0,0,0,0,0,0,"- ","- ",35.644138336181641,-118.48667907714844,KERN,UNINCORPORATED,-118.48664855957031,35.644130706787109
92031825,2023,2023-06-07,9420,2023-02-09,"545 ",016229,,4,3,9,1500,0,3,5,,2,540,"SHERWOOD AVENUE","DRIVER ROAD",0.00,,Y,A,-,N,,,,,,,,,,Y,1,1,1,2,A,-,12,22450,A,N,D,C,A,A,H,-,D,A,0,,,,,Y,,A,01,0,1,0,0,0,0,0,0,0,"- ","- ",35.674598693847656,-119.20467376708984,KERN,UNINCORPORATED,-119.20472717285156,35.674613952636719
92031944,2023,2023-03-29,9420,2023-03-24,1724,021144,,5,2,9,1500,0,3,5,,2,070,"FLOWER ST.","MILLER ST.",0.00,,Y,A,-,N,,,,,,,,,,N,2,0,2,2,A,-,12,22450,A,N,E,8,A,A,H,-,A,A,0,,,,,Y,,A,01,1,1,0,0,0,0,0,0,0,"- ","- ",35.384120941162109,-118.98014831542969,KERN,UNINCORPORATED,-118.98028564453125,35.384029388427734
92038290,2023,2023-04-06,9420,2023-04-03,"920 ",018387,,1,1,9,1500,0,3,5,,2,040,"ALFRED HARRELL HWY","GOODMANVILLE RD",1038.00,E,N,A,-,N,,,,,,,,,,Y,2,0,1,1,A,-,08,22107,,N,F,A,A,A,H,-,A,D,0,,,,,Y,,A,01,1,0,0,0,0,0,0,0,0,"- ","- ",35.438949584960938,-118.93251037597656,KERN,UNINCORPORATED,-118.93276214599609,35.436038970947266
92038724,2023,2023-04-11,9420,2023-02-20,"220 ",020573,,1,3,9,1500,0,1,3,,2,096,"SR-99 N/B",SR-166,2120.00,N,N,A,-,Y,KER,,99," "," ",3.131,H,,R,Y,1,1,1,1,A,-,01,23152,A,N,E,I,A,A,H,-,D,D,0,,,,,Y,Y,A,01,0,1,0,0,0,0,0,0,0,"- ","- ",35.063461303710938,-118.96939086914062,KERN,UNINCORPORATED,-118.96955108642578,35.063426971435547
92039900,2023,2023-04-07,9430,2023-03-27,"500 ",022087,,1,3,9,1500,0,1,3,,2,090,"SR-99 N/B",SR-166,7198.00,S,N,A,-,Y,KER,,99," "," ",1.356,H,,R,Y,2,0,1,1,A,-,08,22107,,N,E,8,A,A,H,-,D,D,0,,,,,Y,,A,01,1,0,0,0,0,0,0,0,0,"- ","- ",35.038528442382812,-118.96157836914062,KERN,UNINCORPORATED,-118.96168518066406,35.038509368896484
92044051,2023,2023-04-13,9420,2023-04-08,1510,021144,,6,2,9,1500,0,3,5,,2,610,"PACHECO RD.","GARBER WAY",453.00,E,N,A,-,N,,,,,,,,,,Y,2,0,1,2,A,-,01,23152,A,N,C,C,A,A,H,-,A,D,0,,,,,Y,Y,A,01,1,0,0,0,0,0,0,0,0,"- ","- ",35.310379028320312,-118.99714660644531,KERN,UNINCORPORATED,-118.99710083007812,35.310409545898438
92044060,2023,2023-05-02,9420,2023-04-09,2035,020402,,7,2,9,1500,0,3,5,,2,050,"DECATUR ST","SEQUOIA DR",200.00,W,N,A,-,N,,,,,,,,,,N,2,0,1,2,A,-,11,21954,A,N,G,B,D,A,H,-,C,D,0,Y,,,,Y,Y,N,60,1,0,0,0,1,0,0,0,0,"- ","- ",35.413539886474609,-119.03533935546875,KERN,UNINCORPORATED,-119.03511047363281,35.413581848144531
92045422,2023,2023-06-23,9420,2023-03-01,1541,021144,,3,2,9,1500,0,1,3,,1,650,"STATE ROUTE 65","MERLE HAGGARD DRIVE",0.00,,Y,B,-,Y,KER,,65," "," ",0.667,H,,R,Y,1,1,2,3,A,-,12,21453,A,N,D,C,A,A,H,-,A,A,0,,,,,Y,,A,07,1,1,0,0,0,0,0,0,0,"- ","- ",35.441341400146484,-119.07459259033203,KERN,UNINCORPORATED,-119.07472229003906,35.441341400146484
92047283,2023,2023-04-18,9420,2023-04-08,2152,021826,,6,2,6,1502,0,1,3,,2,095,"SR-99 SB","PANAMA LANE",1650.00,S,N,A,-,Y,KER,,99," "," ",19.187,H,,L,N,2,0,1,2,A,-,11,21954,A,N,G,B,D,A,H,-,C,D,0,Y,,,Y,Y,,N,60,1,0,0,0,1,0,0,0,0,"- ","- ",35.290821075439453,-119.02935028076172,KERN,BAKERSFIELD,-119.02928161621094,35.29083251953125
92047583,2023,2023-06-09,9420,2023-01-06,2225,021766,,5,3,6,1502,0,1,3,,1,176,"SR-178 W/B TO SR-204 N/B","O STREET",339.00,E,N,A,-,Y,KER,,204," "," ",4.359,H,,R,Y,1,1,0,4,C,-,18,,,N,G,B,E,A,H,-,C,D,0,Y,,,,Y,,-,"- ",0,0,0,1,0,0,0,0,0,"- ","- ",35.383148193359375,-119.01181793212891,KERN,BAKERSFIELD,-119.01190948486328,35.383029937744141
92057542,2023,2023-05-01,9830,2023-03-07,1352,020427,,2,1,9,1500,0,1,3,,2,021,"STATE ROUTE 58 WESTBOUND","CALIFORNIA CITY BOULEVARD",0.00,,Y,A,-,Y,KER,,58," ",R,127.636,H,,L,Y,1,1,0,2,A,-,01,23152,G,N,D,C,A,A,H,-,A,A,0,,,,Y,Y,Y,A,01,0,0,0,0,0,0,0,0,0,"- ","- ",35.012420654296875,-117.91693115234375,KERN,UNINCORPORATED,-117.91693115234375,35.012405395507812
92058995,2023,2023-05-02,9830,2023-02-15,1405,019872,,3,2,9,1500,0,3,5,,2,001,"TEHACHAPI WILLOW SPRINGS ROAD","WILDHORSE LANE",169.00,S,N,A,-,N,,,,,,,,,,Y,1,1,1,2,A,-,08,22107,,N,A,C,A,A,H,-,A,D,0,,,,,Y,,A,01,0,1,0,0,0,0,0,0,0,"- ","- ",35.069290161132812,-118.39633178710938,KERN,UNINCORPORATED,,
92062135,2023,2023-05-05,9830,2023-04-26,1830,019977,,3,2,9,1500,0,1,3,,1,052,"SR-178 E/B","BRADY ST",53.00,W,N,A,-,Y,KER,,178," "," ",98.573,H,,R,Y,2,0,1,2,A,-,03,22350,,N,C,C,A,A,H,-,A,D,0,,,Y,,Y,,A,01,1,0,0,0,0,0,0,0,1,"- ","- ",35.651729583740234,-117.70583343505859,KERN,UNINCORPORATED,-117.70583343505859,35.651737213134766
92062278,2023,2023-05-05,9830,2023-04-06,2500,021851,,4,4,9,1500,0,3,5,,2,003,"UNKNOWN 1","UNKNOWN 2",0.00,,Y,A,-,N,,,,,,,,,,N,2,0,1,2,D,-,00,,,F,G,B,E,A,H,-,D,D,0,Y,,,,Y,,-,"- ",1,0,0,0,1,0,0,0,0,"- ","- ",34.871868133544922,-118.15630340576172,KERN,UNINCORPORATED,,
92063845,2023,2023-05-08,9830,2023-05-03,"608 ",020427,,3,1,9,1500,0,2,4,,1,034,"ROSAMOND BLVD.","30TH ST  W",0.00,,Y,A,-,N,,,,,,,,,,Y,2,0,2,2,A,-,12,21453,A,N,A,C,A,A,H,-,A,A,0,,,,,Y,,A,01,1,0,1,0,0,0,0,0,0,"- ","- ",34.864051818847656,-118.18463134765625,KERN,UNINCORPORATED,-118.18489074707031,34.864048004150391
92064090,2023,2023-05-08,9420,2023-05-06,1956,020634,,6,2,9,1500,0,3,5,,2,050,"W. DAY AVE","BIG CREEK WAY",327.00,W,N,A,-,N,,,,,,,,,,N,2,0,1,2,A,-,08,22107,,N,H,G,A,A,H,-,C,D,0,,Y,,,Y,,L,04,1,0,0,0,0,0,1,0,0,"- ","- ",35.435279846191406,-119.02732086181641,KERN,UNINCORPORATED,-119.02760314941406,35.435184478759766
92066026,2023,2023-05-10,9830,2023-02-23,"5   ",021851,,4,3,9,1500,0,1,2,,1,053,"UNITED STATES 395","SEARLES STATION CUTOFF",7075.00,N,N,D,-,Y,KER,,395," "," ",9.576,H,,R,Y,1,1,3,1,A,-,01,23152,G,N,E,I,A,C,H,-,D,D,0,,,,,Y,Y,A,08,1,2,0,0,0,0,0,0,0,"- ","- ",35.491729736328125,-117.66027069091797,KERN,UNINCORPORATED,-117.66013336181641,35.491771697998047
92066051,2023,2023-05-10,9426,2023-04-09,1628,016804,,7,2,9,1500,0,3,5,,2,086,"7TH STANDARD ROAD","MARTIN AVENUE",1336.00,E,N,A,-,N,,,,,,,,,,Y,1,1,0,1,A,-,08,22107,,N,E,I,A,A,H,-,A,D,0,,,,,Y,,A,01,0,0,0,0,0,0,0,0,0,"- ","- ",35.441680908203125,-119.26496887207031,KERN,UNINCORPORATED,-119.26508331298828,35.44171142578125
92066421,2023,2023-05-11,9420,2023-04-27,1743,021134,,4,2,9,1500,0,3,5,,2,070,"EUCALYPTUS DR","STEPHEN KELLY LN",0.00,,Y,A,-,N,,,,,,,,,,Y,2,0,1,2,A,-,01,23152,A,F,D,C,A,A,H,-,A,D,0,,,Y,,Y,Y,A,01,1,0,0,0,0,0,0,0,1,"- ","- ",35.365219116210938,-118.93087005615234,KERN,UNINCORPORATED,-118.93085479736328,35.365165710449219
92070769,2023,2023-05-17,9426,2023-05-15,2055,021572,,1,2,9,1500,0,1,3,,1,118,SR-119,"ORANGE ST",15.00,E,N,A,-,Y,KER,,119," "," ",6.505,H,,R,N,2,0,1,2,A,-,11,21956,A,N,G,B,E,A,H,-,D,D,0,Y,,,,Y,,N,60,1,0,0,0,1,0,0,0,0,"- ","- ",35.20758056640625,-119.408203125,KERN,UNINCORPORATED,-119.40818786621094,35.207569122314453
92070976,2023,2023-05-17,9420,2023-03-22,2237,019903,,3,3,9,1500,0,3,5,,2,050,"JAMES ROAD","N. CHESTER AVENUE EXTENSION",228.00,E,N,B,C,N,,,,,,,,,,N,1,1,0,2,A,-,11,21954,A,F,G,B,E,B,H,-,D,D,0,Y,,,,Y,,N,60,0,0,0,1,0,0,0,0,0,"- ","- ",35.445461273193359,-119.02577209472656,KERN,UNINCORPORATED,-119.02654266357422,35.445831298828125
92071393,2023,2023-05-17,9430,2023-01-16,1850,020875,,1,2,9,1500,0,2,4,,1,022,"FRAZIER MOUNTAIN PARK ROAD","MONTEREY TRAIL",3180.00,W,N,B,-,N,,,,,,,,,,Y,1,1,3,2,A,-,03,22350,,N,D,C,A,C,H,-,D,D,0,,,,,Y,,A,07,2,1,0,0,0,0,0,0,0,"- ","- ",34.819919586181641,-118.95823669433594,KERN,UNINCORPORATED,-118.95597839355469,34.820056915283203
92073526,2023,2023-05-22,9420,2023-05-03,2155,021667,,3,2,9,1500,0,1,3,,1,176,SR-178,"SOUTH UNION AVENUE",800.00,E,N,B,-,Y,KER,,178," ",R,2.605,H,,R,Y,2,0,3,2,C,-,18,,,N,D,C,A,B,H,-,C,D,0,,,,,Y,,-,"- ",1,1,1,0,0,0,0,0,0,"- ","- ",35.383468627929688,-118.99984741210938,KERN,UNINCORPORATED,-118.99984741210938,35.3834228515625
92074506,2023,2023-05-22,9420,2023-05-17,1730,021915,,3,2,9,1500,0,1,3,,2,178,SR-178,"POPLAR STREET",20064.00,E,N,A,-,Y,KER,,178," "," ",50.914,H,,R,Y,2,0,1,1,A,-,08,22107,,N,F,A,A,A,H,-,A,D,0,,,,,Y,,A,01,1,0,0,0,0,0,0,0,0,"- ","- ",35.63494873046875,-118.39557647705078,KERN,UNINCORPORATED,-118.39549255371094,35.635143280029297
92074975,2023,2023-06-19,9420,2023-05-15,2207,019903,,1,3,9,1500,0,1,3,,1,119,"SR-119 (TAFT HWY)","HUGHES LN",127.00,E,N,A,-,Y,KER,,119," "," ",30.740,H,,R,N,1,1,0,2,A,-,11,21954,A,N,G,B,D,A,H,-,D,D,0,Y,,,,Y,,N,60,0,0,0,1,0,0,0,0,0,"- ","- ",35.266880035400391,-119.02970123291016,KERN,UNINCORPORATED,-119.02970123291016,35.266864776611328
92075412,2023,2023-06-06,9426,2023-04-17,1455,016315,,1,2,9,1500,0,1,3,,2,331,SR-33,"CYMRIC ROAD",8976.00,S,N,A,-,Y,KER,,33," "," ",35.652,H,,R,Y,1,1,0,1,A,-,08,22107,,N,F,A,A,A,H,-,A,D,0,,,,,Y,,A,07,0,0,0,0,0,0,0,0,0,"- ","- ",35.327220916748047,-119.62718963623047,KERN,UNINCORPORATED,-119.62718963623047,35.327220916748047
92076355,2023,2023-05-24,9420,2023-05-14,1926,021601,,7,2,9,1500,0,2,4,,1,072,"MT VERNON AVENUE","NILES STREET",0.00,,Y,A,-,N,,,,,,,,,,N,2,0,1,2,A,-,08,22107,,N,G,B,F,A,H,-,A,A,0,Y,,,,Y,,A,08,1,0,0,0,1,0,0,0,0,"- ","- ",35.376270294189453,-118.96764373779297,KERN,UNINCORPORATED,-118.96758270263672,35.376407623291016
92080526,2023,2023-08-04,9420,2023-05-28,1325,020163,,7,1,9,1500,0,3,5,,2,050,"PETROL ROAD","AIRPORT DRIVE",0.00,,Y,A,-,N,,,,,,,,,,Y,1,1,0,2,A,-,12,22450,A,F,D,C,A,A,H,-,A,A,0,,,Y,,Y,,A,07,0,0,0,0,0,0,0,1,0,"- ","- ",35.448539733886719,-119.03848266601562,KERN,UNINCORPORATED,-119.03854370117188,35.448516845703125
92082101,2023,2023-05-31,9420,2023-05-28,1518,020634,,7,2,9,1500,0,3,5,,2,510,"POND RD","CASEY RD",630.00,W,N,A,-,N,,,,,,,,,,Y,2,0,1,1,A,-,08,22107,,N,E,I,A,A,H,-,A,D,0,,,,,Y,,D,22,1,0,0,0,0,0,0,0,0,"- ","- ",35.717681884765625,-119.29795074462891,KERN,UNINCORPORATED,-119.29624938964844,35.717731475830078
92085401,2023,2023-06-05,9420,2023-05-21,1619,021981,,7,2,9,1500,0,1,3,,2,177,SR-178,"LIVE OAK PICNIC SITE",5280.00,W,N,A,-,Y,KER,,178," "," ",17.368,H,,R,Y,2,0,1,1,A,-,05,21460,A,N,F,I,A,A,H,-,A,D,0,,,Y,,Y,,C,02,1,0,0,0,0,0,0,0,1,"- ","- ",35.470260620117188,-118.75048065185547,KERN,UNINCORPORATED,-118.75053405761719,35.470287322998047
92087094,2023,2023-06-06,9420,2023-06-02,1246,021981,,5,1,9,1500,0,1,3,,2,178,SR-178,"LAKE ISABELLA BLVD",0.00,,Y,A,-,Y,KER,,178," "," ",45.523,H,,R,Y,2,0,4,3,A,-,09,21801,A,N,A,C,A,A,H,-,A,D,0,,,,,Y,,D,22,2,2,0,0,0,0,0,0,0,"- ","- ",35.642910003662109,-118.46186828613281,KERN,UNINCORPORATED,-118.46187591552734,35.642913818359375
92088303,2023,2023-06-07,9830,2023-04-29,"610 ",019872,,6,1,9,1500,0,1,3,,1,050,"GARLOCK ROAD","REDROCK RANDSBURG ROAD",144.00,E,N,A,-,N,,,,,,,,,,Y,1,1,1,2,A,-,01,23152,A,N,A,C,A,A,H,-,A,D,0,,,,Y,Y,,A,01,0,0,1,0,0,0,0,0,0,"- ","- ",35.393039703369141,-117.79759979248047,KERN,UNINCORPORATED,-117.79804229736328,35.392925262451172
92090162,2023,2023-06-09,9420,2023-03-16,"409 ",021632,,4,3,9,1500,0,3,5,,2,610,"WIBLE ROAD SOUTHBOUND","WOOD LANE",370.00,S,N,B,-,N,,,,,,,,,,N,1,1,0,2,A,-,11,21954,A,N,G,B,D,A,H,-,C,D,0,Y,,,,Y,,N,60,0,0,0,1,0,0,0,0,0,"- ","- ",35.343830108642578,-119.03901672363281,KERN,UNINCORPORATED,-119.03903961181641,35.343894958496094
92091123,2023,2023-06-12,9420,2023-06-03,"205 ",021632,,6,3,6,1502,0,1,3,,2,585,"SR-58 W/B FROM S. UNION AVENUE S/B","S. UNION AVENUE",120.00,W,N,A,-,Y,KER,,204," ",R,0.034,H,,L,Y,2,0,4,1,A,-,08,22107,,F,F,A,A,A,H,-,C,D,0,,,,,Y,,A,01,2,2,0,0,0,0,0,0,0,"- ","- ",35.352939605712891,-119.00331878662109,KERN,BAKERSFIELD,-119.00308227539062,35.352939605712891
92091124,2023,2023-06-12,9420,2023-04-13,2011,019316,,4,2,9,1500,0,1,3,,1,184,SR-184,"BLACKBURN STREET",2.00,N,N,A,-,Y,KER,,184," "," ",4.765,H,,R,N,1,1,0,2,A,-,08,22107,,F,G,B,D,A,H,-,D,D,0,Y,,,,Y,,-,99,0,0,0,1,0,0,0,0,0,"- ","- ",35.306289672851562,-118.91432952880859,KERN,UNINCORPORATED,-118.91432952880859,35.306289672851562
92096288,2023,2023-06-19,9420,2023-04-17,1605,019021,,1,2,6,1502,0,1,3,,2,093,"SR-99 SOUTHBOUND","OLIVE DRIVE",1012.00,N,N,A,-,Y,KER,,99," ",R,28.058,H,,L,N,1,1,0,2,A,-,11,21954,A,N,G,B,D,A,H,-,A,D,0,Y,,,,Y,,N,60,0,0,0,1,0,0,0,0,0,"- ","- ",35.414451599121094,-119.05744934082031,KERN,BAKERSFIELD,-119.05752563476562,35.414394378662109
92098060,2023,2023-06-20,9420,2023-06-13,1450,020782,,2,2,9,1500,0,1,3,,2,178,SR-178,"BOREL ROAD",2112.00,E,N,A,-,Y,KER,,178," ",R,39.547,H,,R,Y,2,0,1,1,A,-,08,22107,,N,E,I,A,A,H,-,A,D,0,,,,,Y,,D,22,1,0,0,0,0,0,0,0,0,"- ","- ",35.594760894775391,-118.51789855957031,KERN,UNINCORPORATED,-118.51791381835938,35.594764709472656