CASE_ID,ACCIDENT_YEAR,PROC_DATE,JURIS,COLLISION_DATE,COLLISION_TIME,OFFICER_ID,REPORTING_DISTRICT,DAY_OF_WEEK,CHP_SHIFT,POPULATION,CNTY_CITY_LOC,SPECIAL_COND,BEAT_TYPE,CHP_BEAT_TYPE,CITY_DIVISION_LAPD,CHP_BEAT_CLASS,BEAT_NUMBER,PRIMARY_RD,SECONDARY_RD,DISTANCE,DIRECTION,INTERSECTION,WEATHER_1,WEATHER_2,STATE_HWY_IND,CALTRANS_COUNTY,CALTRANS_DISTRICT,STATE_ROUTE,ROUTE_SUFFIX,POSTMILE_PREFIX,POSTMILE,LOCATION_TYPE,RAMP_INTERSECTION,SIDE_OF_HWY,TOW_AWAY,COLLISION_SEVERITY,NUMBER_KILLED,NUMBER_INJURED,PARTY_COUNT,PRIMARY_COLL_FACTOR,PCF_CODE_OF_VIOL,PCF_VIOL_CATEGORY,PCF_VIOLATION,PCF_VIOL_SUBSECTION,HIT_AND_RUN,TYPE_OF_COLLISION,MVIW,PED_ACTION,ROAD_SURFACE,ROAD_COND_1,ROAD_COND_2,LIGHTING,CONTROL_DEVICE,CHP_ROAD_TYPE,PEDESTRIAN_ACCIDENT,BICYCLE_ACCIDENT,MOTORCYCLE_ACCIDENT,TRUCK_ACCIDENT,NOT_PRIVATE_PROPERTY,ALCOHOL_INVOLVED,STWD_VEHTYPE_AT_FAULT,CHP_VEHTYPE_AT_FAULT,COUNT_SEVERE_INJ,COUNT_VISIBLE_INJ,COUNT_COMPLAINT_PAIN,COUNT_PED_KILLED,COUNT_PED_INJURED,COUNT_BICYCLIST_KILLED,COUNT_BICYCLIST_INJURED,COUNT_MC_KILLED,COUNT_MC_INJURED,PRIMARY_RAMP,SECONDARY_RAMP,LATITUDE,LONGITUDE,COUNTY,CITY,POINT_X,POINT_Y
92100020,2023,2023-06-22,9420,2023-06-14,"125 ",020093,,3,3,9,1500,0,3,5,,2,672,"S VINELAND RD","SYCAMORE RD",0.00,,Y,A,-,N,,,,,,,,,,Y,2,0,1,1,A,-,03,22350,,N,E,8,A,A,H,-,D,D,0,,,,,Y,,J,48,1,0,0,0,0,0,0,0,0,"- ","- ",35.194019317626953,-118.89611053466797,KERN,UNINCORPORATED,-118.89617156982422,35.194175720214844
92100118,2023,2023-06-22,9420,2023-06-14,1144,018387,,3,1,9,1500,0,3,5,,2,070,"STERLING RD","EVIE LN",170.00,S,N,A,-,N,,,,,,,,,,Y,2,0,1,2,A,-,08,22107,,N,D,C,A,A,H,-,A,D,0,,,,,Y,,A,01,1,0,0,0,0,0,0,0,0,"- ","- ",35.356769561767578,-118.9410400390625,KERN,UNINCORPORATED,-118.94090270996094,35.356903076171875
92101111,2023,2023-06-23,9420,2023-06-21,1124,020163,,3,1,9,1500,0,2,4,,1,052,"NORRIS RD.","HOWARD AVE.",50.00,W,N,A,-,N,,,,,,,,,,Y,2,0,1,2,A,-,08,22107,,N,A,C,A,A,H,-,A,D,0,,,,,Y,,A,01,1,0,0,0,0,0,0,0,0,"- ","- ",35.419509887695312,-119.02366638183594,KERN,UNINCORPORATED,-119.02360534667969,35.419509887695312
92101789,2023,2023-06-26,9830,2023-06-16,2250,022390,,5,3,9,1500,0,1,3,,1,050,SR-14,"HORSE CANYON RD",5280.00,S,N,A,-,Y,KER,,14," "," ",48.102,H,,R,Y,2,0,3,2,A,-,08,22107,,N,A,C,A,A,D,-,D,D,0,,,,Y,Y,,D,22,1,2,0,0,0,0,0,0,0,"- ","- ",35.470600128173828,-117.96250152587891,KERN,UNINCORPORATED,-117.96255493164062,35.470615386962891
92102498,2023,2023-06-26,9420,2023-06-21,2043,020782,,3,2,9,1500,0,2,4,,2,031,"LAKE ISABELLA BOULEVARD","LAKELAND STREET",445.00,S,N,A,-,N,,,,,,,,,,N,2,0,1,2,A,-,05,21202,A,N,H,G,A,A,H,-,D,D,0,,Y,,,Y,,L,04,1,0,0,0,0,0,1,0,0,"- ","- ",35.637409210205078,-118.46826934814453,KERN,UNINCORPORATED,-118.46807098388672,35.637493133544922
92103436,2023,2023-06-27,9426,2023-06-17,1116,021365,,6,1,9,1500,0,3,5,,2,081,"OLD RIVER RD","I-5 S/B",0.00,,Y,A,-,N,,,,,,,,,,Y,2,0,1,2,A,-,09,21801,A,N,A,C,A,A,H,-,A,D,0,,,Y,Y,Y,,G,25,1,0,0,0,0,0,0,0,1,"- ","- ",35.160358428955078,-119.11105346679688,KERN,UNINCORPORATED,-119.11074829101562,35.161361694335938
92107102,2023,2023-06-30,9830,2023-06-20,1803,021788,,2,2,9,1500,0,1,3,,1,050,SR-14,"HORSE CANYON ROAD",1584.00,S,N,A,-,Y,KER,,14," "," ",48.785,H,,R,N,2,0,3,2,A,-,03,22350,,N,C,C,A,A,D,-,A,A,0,,,,,Y,,A,07,1,2,0,0,0,0,0,0,0,"- ","- ",35.479888916015625,-117.95835113525391,KERN,UNINCORPORATED,-117.95836639404297,35.479896545410156
92108558,2023,2023-07-03,9426,2023-06-24,"252 ",021948,,6,3,9,1500,0,1,3,,1,460,"SR-46 E/B","HOLLOWAY RD",12461.00,W,N,A,-,Y,KER,,46," "," ",25.043,H,,R,Y,2,0,1,2,A,-,03,22350,,F,C,C,A,A,H,-,D,D,0,,,,,Y,,-,99,1,0,0,0,0,0,0,0,0,"- ","- ",35.615608215332031,-119.78679656982422,KERN,UNINCORPORATED,-119.78679656982422,35.6156005859375
92109298,2023,2023-07-04,9830,2023-04-29,"17  ",022246,,6,3,9,1500,0,1,3,,1,031,"STATE ROUTE 14 NORTHBOUND","BUSINESS ROUTE 58 EAST",4224.00,S,N,A,-,Y,KER,,14," ",R,15.552,H,,R,N,1,1,0,2,A,-,11,21954,A,N,G,B,E,A,H,-,D,D,0,Y,,,,Y,,N,60,0,0,0,1,0,0,0,0,0,"- ","- ",35.04119873046875,-118.16999053955078,KERN,UNINCORPORATED,-118.16999053955078,35.04119873046875
92109570,2023,2023-07-05,9420,2023-05-26,2025,021503,,5,2,9,1500,0,2,4,,1,071,"MT. VERNON AVE","BRUNDAGE LANE",840.00,N,N,A,-,N,,,,,,,,,,N,2,0,1,2,A,-,01,23152,A,F,H,G,A,A,H,-,C,D,0,,Y,,,Y,Y,A,01,1,0,0,0,0,0,1,0,0,"- ","- ",35.356441497802734,-118.96766662597656,KERN,UNINCORPORATED,-118.96759796142578,35.356365203857422
92111074,2023,2023-07-06,9420,2023-04-13,"5   ",015977,,4,3,9,1500,0,1,3,,2,178,"STATE ROUTE 178","POPLAR ST",4224.00,E,N,A,-,Y,KER,,178," "," ",51.445,H,,R,N,1,1,0,1,A,-,08,22107,,N,E,I,A,A,H,-,D,D,0,,,Y,,Y,,C,02,0,0,0,0,0,0,0,1,0,"- ","- ",35.632511138916016,-118.38661193847656,KERN,UNINCORPORATED,-118.38661193847656,35.632572174072266
9211277,2020,2021-02-02,1511,2020-11-06,0100,53022,,5,5,2,1511,0,0,0,,0,DIRT,"RUDNICK BL","110TH ST",0.00,,Y,A,-,N,,,,,,,,,,Y,2,0,2,1,A,-,03,22350,,N,F,A,A,A,G,-,D,D,0,,,Y,,Y,,C,06,1,1,0,0,0,0,0,0,2,"- ","- ",35.166000366210938,-117.93556213378906,KERN,"CALIFORNIA CITY",-117.93270111083984,35.169490814208984
92112772,2023,2023-07-10,9420,2023-06-26,2020,021134,,1,2,9,1500,0,1,3,,2,585,"SR-58 W/B","MT VERNON AVE",700.00,W,N,A,-,Y,KER,,58," ",R,56.300,H,,L,N,2,0,1,3,A,-,11,21954,A,N,G,B,E,A,H,-,B,D,0,Y,,,,Y,,N,60,1,0,0,0,1,0,0,0,0,"- ","- ",35.352989196777344,-118.96971893310547,KERN,UNINCORPORATED,-118.9697265625,35.353023529052734
9211548,2020,2022-06-11,1508,2020-12-26,2348,34,4B,6,5,2,1508,0,0,0,,0,,"6TH ST","ASH ST",326.00,S,N,A,-,N,,,,,,,,,,Y,1,2,0,1,A,-,01,23152,A,N,E,I,A,A,H,-,C,D,0,,,Y,,Y,Y,C,02,0,0,0,0,0,0,0,2,0,"- ","- ",35.150821685791016,-119.456298828125,KERN,TAFT,-119.45630645751953,35.150505065917969
9211585,2020,2022-06-14,1506,2020-10-18,2010,3830,903,7,5,4,1506,0,0,0,,0,,"E BOWMAN RD","RICHMOND RD",1134.00,S,N,A,-,N,,,,,,,,,,Y,1,1,0,2,A,-,08,22107,,N,A,C,A,A,H,-,D,D,0,,,Y,,Y,,C,06,0,0,0,0,0,0,0,1,0,"- ","- ",35.608070373535156,-117.65248870849609,KERN,RIDGECREST,-117.64829254150391,35.608081817626953
92116890,2023,2023-07-14,9426,2023-06-29,"347 ",018610,,4,3,9,1500,0,1,1,,2,504,"I-5 S/B","BUENA VISTA ROAD",6864.00,N,N,A,-,Y,KER,,5," "," ",35.884,H,,L,Y,2,0,2,2,A,-,08,22107,,N,B,C,A,A,H,-,D,D,0,,,,Y,Y,,G,27,1,0,1,0,0,0,0,0,0,"- ","- ",35.235321044921875,-119.19077301025391,KERN,UNINCORPORATED,-119.19088745117188,35.235233306884766
9211831,2020,2021-04-15,1500,2020-11-07,0536,202381,WA02,6,5,3,1510,0,0,0,,0,4401,"PALM AV","PALM AV (2000 BLOCK)",0.00,,Y,C,-,N,,,,,,,,,,Y,1,1,1,1,A,-,08,22107,,N,F,I,A,B,H,-,D,-,0,,,,,Y,Y,A,01,1,0,0,0,0,0,0,0,0,"- ","- ",,,KERN,WASCO,-119.349394,35.579275000000003
92118558,2023,2023-07-17,9420,2023-07-01,1724,021773,,6,2,9,1500,0,1,3,,2,585,"STATE ROUTE 58 WESTBOUND","MARTIN LUTHER KING JR. BLVD",900.00,W,N,A,-,Y,KER,,58," ",R,55.219,H,,L,Y,2,0,3,2,A,-,07,21658,A,N,B,2,A,A,H,-,A,D,0,,,,,Y,,A,07,1,0,2,0,0,0,0,0,0,"- ","- ",35.352581024169922,-118.98882293701172,KERN,UNINCORPORATED,-118.98882293701172,35.352561950683594
92121040,2023,2023-07-19,9426,2023-05-31,"525 ",018932,,3,3,9,1500,0,1,3,,1,118,SR-119,"COLES LEVEE",1584.00,E,N,A,-,Y,,,,,,,,,,Y,1,1,2,3,A,-,05,21650,,N,A,C,A,A,H,-,D,D,0,,,,,Y,,D,22,2,0,0,0,0,0,0,0,0,"- ","- ",35.267059326171875,-119.27790069580078,KERN,UNINCORPORATED,-119.27790069580078,35.267463684082031
92125163,2023,2023-07-25,9830,2023-07-12,1705,021191,,3,2,9,1500,0,1,3,,1,040,"STATE ROUTE 14","JAWBONE CANYON ROAD",5280.00,S,N,A,-,Y,KER,,14," "," ",33.927,H,,R,Y,2,0,1,1,A,-,01,23152,A,M,E,I,A,A,H,-,A,D,0,,,,,Y,Y,D,22,1,0,0,0,0,0,0,0,0,"- ","- ",35.284740447998047,-118.01905059814453,KERN,UNINCORPORATED,-118.01913452148438,35.284809112548828
92127898,2023,2023-07-27,9420,2023-07-18,"940 ",016978,,2,1,6,1502,0,1,3,,1,176,"STATE ROUTE 178 (WESTBOUND)","HALEY STREET",180.00,E,N,A,-,Y,KER,,178," ",R,4.143,H,,L,Y,2,0,4,4,A,-,08,22107,,N,E,8,A,A,H,-,A,D,0,,,,,Y,,A,01,1,0,3,0,0,0,0,0,0,"- ","- ",35.392650604248047,-118.97569274902344,KERN,BAKERSFIELD,-118.97563171386719,35.392501831054688
92130956,2023,2023-07-28,9830,2023-03-31,1120,020866,,5,1,9,1500,0,1,3,,1,031,"STATE ROUTE 14","MYER ROAD",104.00,S,N,A,-,Y,KER,,14," ",R,15.582,H,,R,Y,1,1,1,3,A,-,07,21658,A,N,B,C,A,A,H,-,A,D,0,,,,,Y,,D,22,0,1,0,0,0,0,0,0,0,"- ","- ",35.041641235351562,-118.17012786865234,KERN,UNINCORPORATED,-118.17012786865234,35.041641235351562
92136421,2023,2023-08-04,9420,2023-03-28,1600,017243,,2,2,9,1500,0,1,3,,2,154,"STATE ROUTE 155","ZACHARY AVENUE",0.00,,Y,A,-,Y,KER,,155," ",R,3.467,H,,R,Y,1,1,1,2,A,-,09,21802,A,N,D,C,A,A,H,-,A,A,0,,,,,Y,,D,22,1,0,0,0,0,0,0,0,0,"- ","- ",35.761470794677734,-119.18744659423828,KERN,UNINCORPORATED,-119.18744659423828,35.761451721191406
92137900,2023,2023-08-07,9426,2023-07-31,"458 ",021948,,1,3,9,1500,0,3,5,,2,081,"HARRISON ST",SR-119,0.00,,Y,A,-,Y,KER,,119," "," ",2.141,H,,R,Y,2,0,2,2,A,-,12,22450,A,N,D,C,A,A,H,-,C,A,0,,,,,Y,,A,07,1,1,0,0,0,0,0,0,0,"- ","- ",35.165641784667969,-119.45334625244141,KERN,UNINCORPORATED,-119.45332336425781,35.165641784667969
92143430,2023,2023-09-05,9830,2023-08-03,1154,021191,,4,1,9,1500,0,1,3,,2,030,"STATE ROUTE 14","AVENUE A",2112.00,N,N,A,-,Y,KER,,14," ",R,0.290,H,,L,Y,1,1,0,2,A,-,01,23152,F,N,C,2,A,A,H,-,A,D,0,,,,Y,Y,,A,01,0,0,0,0,0,0,0,0,0,"- ","- ",34.824699401855469,-118.17053985595703,KERN,UNINCORPORATED,-118.17052459716797,34.824699401855469
92144251,2023,2023-08-15,9830,2023-04-27,1330,019367,,4,1,9,1500,0,2,4,,1,034,"ROSAMOND BOULEVARD","100TH STREET WEST",0.00,,Y,A,-,N,,,,,,,,,,Y,1,1,1,2,A,-,01,23152,G,N,D,C,A,A,H,-,A,A,0,,,,,Y,Y,A,01,0,0,1,0,0,0,0,0,0,"- ","- ",34.863529205322266,-118.30889892578125,KERN,UNINCORPORATED,-118.30895233154297,34.863498687744141
92147424,2023,2023-09-25,9420,2023-08-11,"540 ",016229,,5,3,2,1505,0,3,5,,2,510,"DRIVER ROAD","ELMO HIGHWAY",0.00,,Y,A,-,N,,,,,,,,,,Y,2,0,4,2,A,-,12,22450,A,N,D,C,A,A,H,-,B,A,0,,,,,Y,,A,01,1,3,0,0,0,0,0,0,0,"- ","- ",35.689140319824219,-119.20481872558594,KERN,MCFARLAND,-119.20481872558594,35.689113616943359
92158192,2023,2023-08-30,9420,2023-08-20,"554 ",019686,,7,3,9,1500,0,1,3,,1,650,SR-65,"JAMES ROAD",0.00,,Y,B,-,Y,KER,,65," "," ",2.902,H,,R,Y,2,0,5,2,A,-,09,21801,A,N,D,C,A,A,H,-,B,D,0,,,,,Y,Y,A,07,4,0,1,0,0,0,0,0,0,"- ","- ",35.473941802978516,-119.07469177246094,KERN,UNINCORPORATED,-119.07465362548828,35.473941802978516
92164375,2023,2023-09-07,9420,2023-08-26,2218,021870,,6,3,9,1500,0,3,5,,2,672,"COMANCHE DR","BARBELA AVE",449.00,S,N,A,-,N,,,,,,,,,,Y,2,0,2,2,A,-,21,22106,,N,D,C,A,A,H,-,D,D,0,,,Y,,Y,,A,07,1,0,1,0,0,0,0,0,1,"- ","- ",35.382621765136719,-118.85076141357422,KERN,UNINCORPORATED,-118.85077667236328,35.382549285888672
92165812,2023,2023-09-08,9420,2023-08-27,2143,021981,,7,2,9,1500,0,1,3,,2,178,"STATE ROUTE 178","178 KER 27.50",1584.00,W,N,A,-,Y,KER,,178," "," ",27.274,H,,R,Y,2,0,2,1,A,-,01,23152,A,N,F,A,A,A,H,-,D,D,0,,,,,Y,Y,A,07,2,0,0,0,0,0,0,0,0,"- ","- ",35.531059265136719,-118.64806365966797,KERN,UNINCORPORATED,-118.64808654785156,35.531147003173828
92166267,2023,2023-09-11,9830,2023-08-09,"130 ",021851,,3,3,9,1500,0,3,5,,2,007,"FOREST RTE 21S44","FOREST RTE 22S05",1320.00,N,N,A,-,N,,,,,,,,,,N,2,0,2,1,A,-,03,22350,,N,E,I,A,A,H,-,D,D,0,,,Y,,Y,,C,06,1,1,0,0,0,0,0,0,2,"- ","- ",36.096088409423828,-118.26593780517578,KERN,UNINCORPORATED,-117.82129669189453,35.126300811767578
92166804,2023,2023-09-11,9420,2023-08-24,1707,021134,,4,2,9,1500,0,3,5,,2,671,"BUENA VISTA BLVD","RALPH AVE",43.00,W,N,A,-,N,,,,,,,,,,Y,2,0,2,2,A,-,03,22350,,N,C,C,A,A,H,-,A,D,0,,,,Y,Y,,A,01,2,0,0,0,0,0,0,0,0,"- ","- ",35.237831115722656,-118.91911315917969,KERN,UNINCORPORATED,-118.91901397705078,35.237831115722656
92168437,2023,2023-09-12,9830,2023-09-07,1335,017237,,4,1,9,1500,0,1,3,,2,030,"SR-14 NORTHBOUND","AVENUE A",22.00,N,N,A,-,Y,KER,,14," ",R,0.009,H,,R,Y,2,0,2,1,A,-,08,22107,,F,E,I,A,A,D,-,A,D,0,,,,,Y,,A,01,1,1,0,0,0,0,0,0,0,"- ","- ",34.820621490478516,-118.17024230957031,KERN,UNINCORPORATED,-118.17022705078125,34.820621490478516
92172234,2023,2023-09-18,9420,2023-08-29,1335,021981,,2,1,9,1500,0,3,5,,2,030,"WALKER BASIN ROAD","PIUTE MOUTNAIN ROAD",17424.00,W,N,A,-,N,,,,,,,,,,Y,2,0,1,1,A,-,08,22107,,N,E,I,A,A,H,-,A,D,0,,,Y,,Y,Y,C,02,1,0,0,0,0,0,0,0,1,"- ","- ",35.399131774902344,-118.46663665771484,KERN,UNINCORPORATED,-118.46297454833984,35.398761749267578
92172265,2023,2023-09-18,9420,2023-09-02,1634,021981,,6,2,9,1500,0,1,3,,2,155,"STATE ROUTE 155","DEADRICH RANCH ROAD",900.00,E,N,A,-,Y,KER,,155," "," ",65.633,H,,R,Y,2,0,1,1,A,-,08,22107,,N,E,I,A,A,H,-,A,D,0,,,,,Y,,A,01,1,0,0,0,0,0,0,0,0,"- ","- ",35.693038940429688,-118.46798706054688,KERN,UNINCORPORATED,-118.46798706054688,35.693038940429688
92173301,2023,2023-09-19,9420,2023-08-10,2223,020573,,4,3,6,1502,0,3,5,,2,671,"S. FAIRFAX RD","HERMOSA RD",0.00,,Y,B,-,N,,,,,,,,,,Y,2,0,3,2,A,-,01,23153,A,N,D,C,A,A,H,-,D,A,0,,,,,Y,Y,A,01,1,1,1,0,0,0,0,0,0,"- ","- ",35.310638427734375,-118.93206787109375,KERN,BAKERSFIELD,-118.93208312988281,35.310592651367188
92173836,2023,2023-09-19,9426,2023-09-08,2019,021948,,5,2,9,1500,0,3,5,,2,082,"STOCKDALE HWY","WASCO WAY",0.00,,Y,A,-,N,,,,,,,,,,Y,2,0,1,1,A,-,03,22350,,N,E,I,A,A,H,-,D,D,0,,,,,Y,,A,01,1,0,0,0,0,0,0,0,0,"- ","- ",35.354660034179688,-119.44777679443359,KERN,UNINCORPORATED,-119.44763946533203,35.354503631591797
92178421,2023,2023-09-25,9830,2023-09-14,2020,022202,,4,2,9,1500,0,1,3,,1,040,SR-14,"BUS RT 58 N",495.00,N,N,A,-,Y,KER,,14," "," ",16.184,H,,R,N,2,0,1,2,A,-,11,21954,A,N,G,B,D,A,H,-,E,D,0,Y,,,,Y,,N,60,1,0,0,0,1,0,0,0,0,"- ","- ",35.067310333251953,-118.17671203613281,KERN,UNINCORPORATED,-118.1766357421875,35.067253112792969
92186790,2023,2023-10-02,9830,2023-09-22,1925,019977,,5,2,9,1500,0,3,5,,2,001,"COMMERCIAL AVE.","SANTA LUCIA ST",0.00,,Y,A,-,N,,,,,,,,,,N,2,0,1,2,A,-,09,21800,A,N,D,C,A,A,H,-,D,D,0,,,Y,,Y,,C,02,1,0,0,0,0,0,0,0,1,"- ","- ",35.120491027832031,-118.49054718017578,KERN,UNINCORPORATED,-118.49052429199219,35.120536804199219
92189971,2023,2023-10-04,9830,2023-09-22,1940,022202,,5,2,9,1500,0,3,5,,2,002,"MOJAVE TROPICO RD","TROTTER AVE",0.00,,Y,A,-,N,,,,,,,,,,Y,2,0,2,1,A,-,08,22107,,N,F,0,A,A,H,-,D,D,0,,,,,Y,,D,22,1,1,0,0,0,0,0,0,0,"- ","- ",34.965438842773438,-118.21269989013672,KERN,UNINCORPORATED,-118.2127685546875,34.965431213378906
92190449,2023,2023-10-04,9420,2023-09-23,1923,020634,,6,2,9,1500,0,2,4,,1,052,"NORRIS RD","MCRAY STREET",10.00,W,N,A,-,N,,,,,,,,,,N,2,0,1,2,D,-,00,,,F,G,B,B,A,H,-,C,A,0,Y,,,,Y,Y,-,"- ",1,0,0,0,1,0,0,0,0,"- ","- ",35.419620513916016,-119.03022766113281,KERN,UNINCORPORATED,-119.03009033203125,35.419548034667969
92194316,2023,2023-10-09,9420,2023-09-22,2030,019903,,5,2,9,1500,0,3,5,,2,060,"PHAIRFIELD ST","POWDER RIVER AVE",0.00,,Y,A,-,N,,,,,,,,,,N,2,0,1,2,A,-,09,21801,A,F,G,B,D,A,H,-,C,D,0,Y,,,,Y,,-,"- ",1,0,0,0,1,0,0,0,0,"- ","- ",35.395988464355469,-119.14998626708984,KERN,UNINCORPORATED,-119.14997863769531,35.396091461181641
92198492,2023,2023-10-13,9420,2023-09-25,1512,021981,,1,2,9,1500,0,3,5,,2,320,"SALAINE DRIVE","COLUMBUS AVENUE",58.00,N,N,A,-,N,,,,,,,,,,Y,2,0,1,1,A,-,08,22107,,N,F,A,A,D,H,-,A,D,0,,,Y,,Y,,C,02,1,0,0,0,0,0,0,0,1,"- ","- ",35.588069915771484,-118.49594116210938,KERN,UNINCORPORATED,-118.493896484375,35.587940216064453
92200003,2023,2023-10-16,9420,2023-10-08,"29  ",021632,,7,3,9,1500,0,2,4,,1,051,"N. CHESTER AVENUE","ROBERTS LANE",0.00,,Y,A,-,N,,,,,,,,,,N,2,0,2,2,A,-,12,21453,A,N,D,C,A,A,H,-,C,A,0,,,,,Y,,M,94,1,0,1,0,0,0,0,0,0,"- ","- ",35.408718109130859,-119.02108001708984,KERN,UNINCORPORATED,-119.02108001708984,35.408638000488281
92200686,2023,2023-10-17,9830,2023-10-08,"136 ",023211,,7,3,9,1500,0,1,3,,2,010,SR-58,"BROOME ROAD",1267.00,E,N,A,-,Y,KER,,58," ",R,85.412,H,,R,Y,2,0,2,1,A,-,08,22107,,N,F,A,A,A,H,-,D,D,0,,,,Y,Y,,G,25,1,1,0,0,0,0,0,0,0,"- ","- ",35.197879791259766,-118.51856231689453,KERN,UNINCORPORATED,-118.51835632324219,35.198081970214844
92201077,2023,2023-10-17,9420,2023-02-14,"350 ",021983,,2,3,9,1500,0,1,3,,1,650,"STATE ROUTE 65","FAMOSO ROAD",4752.00,N,N,A,-,Y,KER,,65," "," ",12.453,H,,R,Y,1,1,2,2,A,-,01,23152,A,N,A,C,A,A,H,-,D,D,0,,,,,Y,Y,D,22,1,1,0,0,0,0,0,0,0,"- ","- ",35.611061096191406,-119.08706665039062,KERN,UNINCORPORATED,-119.08709716796875,35.611061096191406
92201091,2023,2023-10-17,9420,2023-05-14,"420 ",021983,,7,3,9,1500,0,2,4,,1,064,"OLIVE DRIVE","STATE ROAD",216.00,E,N,A,-,N,,,,,,,,,,Y,1,1,0,2,A,-,11,21954,A,N,G,B,D,A,H,-,C,D,0,Y,,,,Y,,N,60,0,0,0,1,0,0,0,0,0,"- ","- ",35.412300109863281,-119.0518798828125,KERN,UNINCORPORATED,-119.05208587646484,35.412273406982422
92201191,2023,2023-10-17,9420,2023-10-12,"155 ",021632,,4,3,9,1500,0,1,3,,2,092,"STATE ROUTE 99 NORTHBOUND TO 7TH STANDARD","7TH STANDARD ROAD",380.00,S,N,A,-,Y,KER,,99," ",R,30.371,H,,R,Y,2,0,1,1,A,-,01,23152,A,N,F,A,A,A,H,-,D,D,0,,,Y,,Y,Y,C,02,1,0,0,0,0,0,0,0,1,"- ","- ",35.439998626708984,-119.08177947998047,KERN,UNINCORPORATED,-119.08200073242188,35.4398193359375
92201554,2023,2023-10-18,9430,2023-10-09,1100,018631,,1,1,9,1500,0,3,5,,2,004,"LAVAL ROAD WEST","DENNIS MCCARTHY DR",395.00,E,N,A,-,N,,,,,,,,,,Y,2,0,1,1,A,-,03,22350,,N,F,I,A,A,H,-,A,D,0,,,,Y,Y,,G,27,1,0,0,0,0,0,0,0,0,"- ","- ",34.984210968017578,-118.94687652587891,KERN,UNINCORPORATED,-118.94728851318359,34.984134674072266
92202857,2023,2023-10-18,9430,2023-10-07,1140,022087,,6,1,9,1500,0,2,4,,1,024,"MIL POTRERO HWY","VOLTAIRE DR",560.00,W,N,A,-,N,,,,,,,,,,Y,2,0,4,2,A,-,05,21650,,N,A,C,A,A,H,-,A,A,0,,,,,Y,,D,22,1,3,0,0,0,0,0,0,0,"- ","- ",34.853618621826172,-119.1339111328125,KERN,UNINCORPORATED,-119.13351440429688,34.853416442871094
92203957,2023,2023-10-19,9420,2023-10-07,2500,019903,,6,4,9,1500,0,2,S,,2,053,"AIRPORT DRIVE","STATE ROAD",792.00,N,N,A,-,N,,,,,,,,,,N,2,0,1,1,A,-,01,23152,A,N,E,I,A,A,H,-,D,D,0,,,Y,,Y,Y,C,02,1,0,0,0,0,0,0,0,1,"- ","- ",35.405288696289062,-119.03951263427734,KERN,UNINCORPORATED,-119.03963470458984,35.405029296875
92207409,2023,2023-10-24,9426,2023-09-09,"229 ",021959,,6,3,2,1508,0,1,3,,1,118,"S/B SR-119","HARRISON ST",1622.00,N,N,A,-,Y,KER,,119," "," ",2.455,H,,R,N,1,1,0,2,A,-,11,21954,A,N,G,B,E,A,H,-,D,D,0,Y,,,,Y,,N,60,0,0,0,1,0,0,0,0,0,"- ","- ",35.170211791992188,-119.45379638671875,KERN,TAFT,-119.45377349853516,35.170211791992188
92209245,2023,2023-10-26,9420,2023-09-11,2000,021915,,1,2,9,1500,0,3,5,,2,320,"EDITH AVENUE","LAKE ISABELLA BOULEVARD",360.00,W,N,A,-,N,,,,,,,,,,Y,1,1,0,2,A,-,08,22107,,F,B,G,A,A,H,-,D,D,0,,Y,Y,,Y,,-,"- ",0,0,0,0,0,0,0,1,0,"- ","- ",35.607009887695312,-118.48629760742188,KERN,UNINCORPORATED,-118.48617553710938,35.60699462890625
92209315,2023,2023-10-26,9830,2023-10-21,"800 ",018700,,6,1,9,1500,0,3,5,,2,001,"TEHACHAPI WILLOW SPRINGS RD","DENNISON RD",30.00,S,N,A,-,N,,,,,,,,,,Y,2,0,5,1,A,-,08,22107,,N,F,A,A,A,H,-,A,D,0,,,,,Y,,A,07,1,1,3,0,0,0,0,0,0,"- ","- ",35.089900970458984,-118.39687347412109,KERN,UNINCORPORATED,,
92209397,2023,2023-10-26,9420,2023-10-20,1740,020402,,5,2,9,1500,0,2,4,,1,052,"ROBERTS LANE SERVICE","STANDFORD DRIVE",308.00,E,N,A,-,N,,,,,,,,,,N,2,0,1,1,C,-,18,,,N,F,A,A,A,H,-,A,D,0,,Y,,,Y,,-,"- ",1,0,0,0,0,0,1,0,0,"- ","- ",35.408748626708984,-119.04173278808594,KERN,UNINCORPORATED,,
92225438,2023,2023-11-01,9420,2023-10-22,"837 ",021144,,7,1,9,1500,0,2,4,,1,072,"BERNARD ST.","ALTA VISTA DR.",0.00,,Y,A,-,N,,,,,,,,,,Y,2,0,1,2,A,-,12,21453,A,N,D,C,A,A,H,-,A,A,0,,,,,Y,,A,07,1,0,0,0,0,0,0,0,0,"- ","- ",35.390251159667969,-118.99482727050781,KERN,UNINCORPORATED,-118.99481964111328,35.3902587890625