CASE_ID,ACCIDENT_YEAR,PROC_DATE,JURIS,COLLISION_DATE,COLLISION_TIME,OFFICER_ID,REPORTING_DISTRICT,DAY_OF_WEEK,CHP_SHIFT,POPULATION,CNTY_CITY_LOC,SPECIAL_COND,BEAT_TYPE,CHP_BEAT_TYPE,CITY_DIVISION_LAPD,CHP_BEAT_CLASS,BEAT_NUMBER,PRIMARY_RD,SECONDARY_RD,DISTANCE,DIRECTION,INTERSECTION,WEATHER_1,WEATHER_2,STATE_HWY_IND,CALTRANS_COUNTY,CALTRANS_DISTRICT,STATE_ROUTE,ROUTE_SUFFIX,POSTMILE_PREFIX,POSTMILE,LOCATION_TYPE,RAMP_INTERSECTION,SIDE_OF_HWY,TOW_AWAY,COLLISION_SEVERITY,NUMBER_KILLED,NUMBER_INJURED,PARTY_COUNT,PRIMARY_COLL_FACTOR,PCF_CODE_OF_VIOL,PCF_VIOL_CATEGORY,PCF_VIOLATION,PCF_VIOL_SUBSECTION,HIT_AND_RUN,TYPE_OF_COLLISION,MVIW,PED_ACTION,ROAD_SURFACE,ROAD_COND_1,ROAD_COND_2,LIGHTING,CONTROL_DEVICE,CHP_ROAD_TYPE,PEDESTRIAN_ACCIDENT,BICYCLE_ACCIDENT,MOTORCYCLE_ACCIDENT,TRUCK_ACCIDENT,NOT_PRIVATE_PROPERTY,ALCOHOL_INVOLVED,STWD_VEHTYPE_AT_FAULT,CHP_VEHTYPE_AT_FAULT,COUNT_SEVERE_INJ,COUNT_VISIBLE_INJ,COUNT_COMPLAINT_PAIN,COUNT_PED_KILLED,COUNT_PED_INJURED,COUNT_BICYCLIST_KILLED,COUNT_BICYCLIST_INJURED,COUNT_MC_KILLED,COUNT_MC_INJURED,PRIMARY_RAMP,SECONDARY_RAMP,LATITUDE,LONGITUDE,COUNTY,CITY,POINT_X,POINT_Y
92226573,2023,2023-11-02,9830,2023-07-11,2500,019367,,2,4,9,1500,0,2,4,,1,034,"ROSAMOND BOULEVARD","APPLEBLOSSOM STREET",6336.00,W,N,A,-,N,,,,,,,,,,Y,1,1,0,1,A,-,01,23152,,N,F,A,A,A,H,-,D,D,0,,,,,Y,Y,A,07,0,0,0,0,0,0,0,0,0,"- ","- ",34.864479064941406,-118.14434814453125,KERN,UNINCORPORATED,-118.16374206542969,34.8643798828125
92226787,2023,2023-11-02,9420,2023-06-04,"159 ",021766,,7,3,9,1500,0,1,3,,2,090,"STATE ROUTE 99","WHISLER ROAD",605.00,S,N,A,-,Y,KER,,99," ",R,47.256,H,,R,Y,1,1,0,1,A,-,01,23152,A,N,E,I,A,A,H,-,D,D,0,,,,,Y,Y,A,07,0,0,0,0,0,0,0,0,0,"- ","- ",35.644050598144531,-119.21984100341797,KERN,UNINCORPORATED,-119.21965789794922,35.644092559814453
92227431,2023,2023-11-03,9420,2023-09-02,"913 ",021144,,6,1,9,1500,0,3,5,,2,050,"YOSEMITE DRIVE","SOUTH ALLEY OF LINCOLN AVENUE",0.00,,Y,A,-,N,,,,,,,,,,Y,1,1,1,2,A,-,01,23152,F,N,B,C,A,A,H,-,A,A,0,,,,,Y,,D,22,1,0,0,0,0,0,0,0,0,"- ","- ",35.414131164550781,-119.03225708007812,KERN,UNINCORPORATED,,
92229755,2023,2023-11-07,9830,2023-10-29,"115 ",023087,,7,3,9,1500,0,1,2,,1,054,US-395,"GARLOCK ROAD",7392.00,N,N,A,-,Y,KER,,395," "," ",6.707,H,,R,Y,2,0,2,1,A,-,01,23152,A,N,F,A,A,A,H,-,D,D,0,,,,,Y,Y,A,01,2,0,0,0,0,0,0,0,0,"- ","- ",35.449050903320312,-117.65821075439453,KERN,UNINCORPORATED,-117.65845489501953,35.449203491210938
92230064,2023,2023-11-07,9420,2023-10-22,"150 ",022151,,7,3,9,1500,0,1,3,,2,090,"SR-99 SOUTHBOUND","LERDO HWY",4752.00,S,N,A,-,Y,KER,,99," "," ",35.903,H,,L,Y,2,0,2,2,A,-,08,22107,,N,B,C,A,A,H,-,D,D,0,,,,Y,Y,,D,22,1,0,1,0,0,0,0,0,0,"- ","- ",35.493251800537109,-119.15605163574219,KERN,UNINCORPORATED,-119.15608215332031,35.493221282958984
92230415,2023,2023-11-07,9420,2023-10-30,"850 ",021144,,1,1,9,1500,0,2,4,,1,072,"NILES ST.","SHALIMAR DR.",0.00,,Y,A,-,N,,,,,,,,,,Y,2,0,3,2,A,-,12,21453,A,N,D,2,A,A,H,-,A,A,0,,,,,Y,,D,22,2,1,0,0,0,0,0,0,0,"- ","- ",35.375949859619141,-118.93634033203125,KERN,UNINCORPORATED,-118.93639373779297,35.375957489013672
92235636,2023,2023-11-14,9420,2023-09-18,"605 ",021133,,1,1,9,1500,0,2,4,,1,075,"SOUTH UNION AVENUE SOUTHBOUND","GARDEN DRIVE",350.00,N,N,A,-,N,,,,,,,,,,N,1,1,0,2,A,-,11,21954,A,N,G,B,D,A,H,-,C,D,0,Y,,,,Y,,N,60,0,0,0,1,0,0,0,0,0,"- ","- ",35.306900024414062,-119.00312805175781,KERN,UNINCORPORATED,-119.00299835205078,35.306850433349609
92236055,2023,2023-11-14,9426,2023-11-04,1908,019611,,6,2,2,1508,0,3,5,,2,081,"WOOD STREET","OLIVE AVENUE",0.00,,Y,A,-,N,,,,,,,,,,Y,2,0,1,2,A,-,09,21801,A,N,D,C,A,A,H,-,C,A,0,,,Y,,Y,,A,07,1,0,0,0,0,0,0,0,1,"- ","- ",35.133319854736328,-119.45594024658203,KERN,TAFT,-119.45622253417969,35.133182525634766
92241463,2023,2023-11-21,9830,2023-11-10,"249 ",021751,,5,3,9,1500,0,2,4,,1,026,"BUSINESS ROUTE 58 EAST","LONE BUTTE ROAD",0.00,,Y,A,-,N,,,,,,,,,,Y,2,0,1,1,A,-,01,23152,G,N,E,I,A,A,H,-,D,D,0,,,Y,,Y,Y,C,02,1,0,0,0,0,0,0,0,1,"- ","- ",35.040668487548828,-118.14048004150391,KERN,UNINCORPORATED,,
92242052,2023,2023-12-19,9420,2023-06-24,"2   ",021826,,6,3,9,1500,0,2,4,,1,051,"NORTH CHESTER AVENUE","COOPER AVENUE",45.00,N,N,A,-,N,,,,,,,,,,N,1,1,1,3,A,-,03,22350,,F,G,B,D,A,H,-,C,D,0,Y,,,,Y,Y,D,22,1,0,0,1,1,0,0,0,0,"- ","- ",35.41448974609375,-119.02111053466797,KERN,UNINCORPORATED,-119.02108001708984,35.414554595947266
92242997,2023,2023-11-22,9420,2023-11-12,2355,021667,,7,3,9,1500,0,1,3,,2,589,"BEALVILLE ROAD","STATE ROUTE 58",2840.00,N,N,A,-,N,,,,,,,,,,Y,2,0,1,1,A,-,01,23152,A,N,E,I,A,A,H,-,D,D,0,,,,,Y,Y,A,01,1,0,0,0,0,0,0,0,0,"- ","- ",35.270050048828125,-118.62763214111328,KERN,UNINCORPORATED,-118.62771606445312,35.269783020019531
92244170,2023,2023-11-27,9830,2023-11-19,1555,020655,,7,2,9,1500,0,2,4,,1,034,"ROSAMOND BLVD","60TH ST WEST",0.00,,Y,A,-,N,,,,,,,,,,N,2,0,1,2,A,-,08,22107,,N,D,C,A,A,H,-,A,D,0,,,Y,,Y,,C,02,1,0,0,0,0,0,0,0,1,"- ","- ",34.863739013671875,-118.23811340332031,KERN,UNINCORPORATED,-118.23799896240234,34.863758087158203
92245130,2023,2023-11-27,9830,2023-11-15,1710,019400,,3,2,9,1500,0,3,5,,2,005,"BROWN ROAD","US-395 S/B",1584.00,S,N,C,-,N,,,,,,,,,,N,2,0,1,2,D,-,00,,,F,G,B,E,B,H,-,D,D,0,Y,,,,Y,,-,"- ",1,0,0,0,1,0,0,0,0,"- ","- ",35.665370941162109,-117.81790924072266,KERN,UNINCORPORATED,-117.87178802490234,35.776340484619141
92245252,2023,2023-11-27,9420,2023-10-27,2256,021667,,5,3,9,1500,0,1,3,,2,095,"STATE ROUTE 99","WHITE LANE",806.00,N,N,A,-,Y,KER,,99," "," ",21.278,H,,R,Y,2,0,2,2,C,-,18,,,N,C,C,A,A,H,-,C,D,0,,,,,Y,,-,"- ",1,0,1,0,0,0,0,0,0,"- ","- ",35.320419311523438,-119.03701019287109,KERN,UNINCORPORATED,-119.03681945800781,35.320453643798828
92246737,2023,2024-02-12,9420,2023-11-12,1748,021882,,7,2,9,1500,0,1,3,,2,090,"SR-99 N/B","LERDO HWY",2640.00,S,N,A,-,Y,KER,,99," "," ",35.403,H,,R,Y,2,0,3,3,A,-,08,22107,,N,D,C,A,A,H,-,C,D,0,,,,,Y,,A,01,1,0,2,0,0,0,0,0,0,"- ","- ",35.488300323486328,-119.14920806884766,KERN,UNINCORPORATED,-119.14918518066406,35.488319396972656
92249599,2023,2023-11-30,9430,2023-11-22,"845 ",018631,,3,1,9,1500,0,3,5,,2,004,"RANCHO ROAD","SEBASTIAN ROAD",0.00,,Y,A,-,N,,,,,,,,,,Y,2,0,3,2,A,-,09,21800,A,N,D,C,A,A,H,-,A,A,0,,,,Y,Y,,A,01,2,1,0,0,0,0,0,0,0,"- ","- ",35.045391082763672,-118.84662628173828,KERN,UNINCORPORATED,-118.84661102294922,35.045398712158203
92249725,2023,2023-12-01,9420,2023-11-19,2240,023401,,7,3,9,1500,0,2,4,,1,051,"NORRIS RD.","PEGASUS DR.",545.00,W,N,A,-,N,,,,,,,,,,N,2,0,1,2,A,-,05,21202,A,F,H,G,A,A,H,-,D,D,0,,Y,,,Y,,L,04,1,0,0,0,0,0,1,0,0,"- ","- ",35.421131134033203,-119.06044006347656,KERN,UNINCORPORATED,-119.060302734375,35.421066284179688
92249804,2023,2023-12-01,9420,2023-11-20,2030,016973,,1,2,9,1500,0,3,5,,2,040,"ROUND MOUNTAIN RD.","GOLDEN HILLS RD.",6336.00,E,N,A,-,N,,,,,,,,,,Y,2,0,1,1,A,-,03,22350,,N,F,A,A,A,H,-,D,D,0,,,,,Y,,A,01,1,0,0,0,0,0,0,0,0,"- ","- ",35.457820892333984,-118.87290954589844,KERN,UNINCORPORATED,,
92251848,2023,2023-12-04,9420,2023-09-30,1936,019686,,6,2,9,1500,0,3,5,,2,510,"CECIL AVENUE","DRIVER ROAD",158.00,E,N,A,-,N,,,,,,,,,,Y,1,1,1,2,A,-,17,24250,,N,C,C,A,A,H,-,D,D,0,,,,,Y,,M,96,0,0,1,0,0,0,0,0,0,"- ","- ",35.775920867919922,-119.19738006591797,KERN,UNINCORPORATED,-119.20476531982422,35.775852203369141
92252309,2023,2023-12-14,9420,2023-01-19,"220 ",018182,,4,3,9,1500,0,3,5,,2,672,"SOUTH VINELAND ROAD","MULLER ROAD",0.00,,Y,B,-,N,,,,,,,,,,Y,1,1,3,2,A,-,12,22450,A,N,D,C,A,A,A,B,D,A,0,,,,,Y,,J,48,3,0,0,0,0,0,0,0,0,"- ","- ",35.325370788574219,-118.89642333984375,KERN,UNINCORPORATED,-118.89640808105469,35.325325012207031
9225261,2021,2021-03-05,1507,2021-01-17,2234,283,100,7,5,3,1507,0,0,0,,0,,"SANTA FE WY","BURBANK ST",1900.00,S,N,A,-,N,,,,,,,,,,Y,2,0,1,1,A,-,01,23152,A,N,E,J,A,A,H,-,D,A,0,,,Y,,Y,Y,C,02,1,0,0,0,0,0,0,0,1,"- ","- ",35.466529846191406,-119.22949981689453,KERN,SHAFTER,-119.23006439208984,35.466972351074219
92252930,2023,2023-12-05,9426,2023-11-23,"618 ",017254,,4,1,9,1500,0,3,5,,2,086,"LERDO HWY","I-5 N/B",300.00,E,N,A,-,Y,,,,,,,,,,Y,2,0,6,2,A,-,08,22107,,N,D,C,A,A,H,-,A,D,0,,,,,Y,,A,01,1,4,1,0,0,0,0,0,0,"- ","- ",35.500469207763672,-119.533203125,KERN,UNINCORPORATED,-119.53312683105469,35.500431060791016
92256321,2023,2023-12-07,9426,2023-11-19,2045,019592,,7,2,9,1500,0,1,3,,2,331,SR-33,"LERDO HIGHWAY",3432.00,N,N,A,-,Y,KER,,33," "," ",50.128,H,,R,Y,2,0,2,2,A,-,08,22107,,N,A,C,A,A,A,G,D,D,0,,,,Y,Y,,A,01,1,0,1,0,0,0,0,0,0,"- ","- ",35.509708404541016,-119.74739074707031,KERN,UNINCORPORATED,-119.74740600585938,35.509700775146484
92256513,2023,2023-12-07,9430,2023-11-28,"640 ",017152,,2,1,9,1500,0,1,1,,2,052,"I-5 N/B","LEBEC SERVICE ROAD O/C",200.00,S,N,A,-,Y,KER,,5," "," ",1.589,H,,R,Y,2,0,2,3,A,-,03,22350,,N,B,C,A,A,H,-,B,D,0,,,,Y,Y,,A,01,1,1,0,0,0,0,0,0,0,"- ","- ",34.835399627685547,-118.86351013183594,KERN,UNINCORPORATED,-118.86354827880859,34.835414886474609
92258581,2023,2023-12-11,9420,2023-11-08,"733 ",021773,,3,1,9,1500,0,3,5,,2,040,"BERNARD ST","CUNHA ST",0.00,,Y,A,-,N,,,,,,,,,,Y,2,0,2,1,A,-,01,23152,A,N,E,8,A,A,H,-,A,D,0,,,,,Y,Y,A,01,1,0,1,0,0,0,0,0,0,"- ","- ",35.390171051025391,-118.97396850585938,KERN,UNINCORPORATED,-118.97380828857422,35.390132904052734
92258686,2023,2023-12-11,9830,2023-09-22,2210,021751,,5,3,9,1500,0,3,5,,2,004,"CALIFORNIA CITY BOULEVARD","STATE ROUTE 14",6336.00,W,N,A,-,N,,,,,,,,,,Y,1,1,3,3,A,-,01,23152,A,N,A,C,A,A,H,-,D,D,0,,,,,Y,Y,D,22,1,2,0,0,0,0,0,0,0,"- ","- ",35.125350952148438,-118.14553833007812,KERN,UNINCORPORATED,-118.12364196777344,35.125438690185547
92259018,2023,2023-12-11,9420,2023-10-08,"935 ",017256,,7,1,9,1500,0,3,5,,2,520,"SCOFIELD AVENUE","MCCOMBS AVENUE",6758.00,N,N,A,-,N,,,,,,,,,,Y,1,1,0,1,A,-,08,22107,,N,E,I,A,A,H,-,A,D,0,,,,,Y,,A,01,0,0,0,0,0,0,0,0,0,"- ","- ",35.634429931640625,-119.40222930908203,KERN,UNINCORPORATED,-119.40235900878906,35.623279571533203
92259903,2023,2023-12-12,9420,2023-08-27,1309,020366,,7,1,9,1500,0,3,5,,2,671,"EAST PANAMA LANE","SOUTH FAIRFAX ROAD",1665.00,E,N,A,-,N,,,,,,,,,,Y,1,1,0,2,A,-,03,22350,,N,C,C,A,A,H,-,A,D,0,,,Y,,Y,,C,02,0,0,0,0,0,0,0,1,0,"- ","- ",35.296051025390625,-118.92646789550781,KERN,UNINCORPORATED,-118.92649078369141,35.296028137207031
92265649,2023,2023-12-19,9830,2023-12-04,1841,023087,,1,2,9,1500,0,1,2,,1,054,US-395,"SEARLES STATION RD",75.00,N,N,A,-,Y,KER,,395," "," ",8.266,H,,R,Y,2,0,2,2,A,-,03,22350,,N,D,C,A,A,C,-,D,D,0,,,,,Y,,A,01,1,0,1,0,0,0,0,0,0,"- ","- ",35.473651885986328,-117.65396881103516,KERN,UNINCORPORATED,-117.65394592285156,35.473648071289062
92265651,2023,2023-12-19,9830,2023-12-04,1840,023087,,1,2,9,1500,0,1,2,,1,054,US-395,"SEARLES STATION RD",0.00,,Y,A,-,Y,KER,,395," "," ",8.247,H,,R,N,2,0,4,2,A,-,09,21802,A,N,D,C,A,A,H,-,D,A,0,,,,,Y,,A,07,2,0,2,0,0,0,0,0,0,"- ","- ",35.473350524902344,-117.65393829345703,KERN,UNINCORPORATED,-117.65397644042969,35.473354339599609
92269274,2023,2023-12-22,9420,2023-10-27,2059,019316,,5,2,9,1500,0,2,4,,1,052,"ROBERTS LANE","PLYMOUTH AVENUE",235.00,E,N,A,-,N,,,,,,,,,,Y,1,1,0,1,A,-,08,22107,,N,E,I,A,A,H,-,C,D,0,,,Y,,Y,,C,02,0,0,0,0,0,0,0,1,0,"- ","- ",35.40863037109375,-119.02478790283203,KERN,UNINCORPORATED,-119.02474975585938,35.40863037109375
92271371,2023,2023-12-26,9420,2023-12-17,2100,022093,,7,2,4,1503,0,1,3,,2,090,"SR-99 NORTHBOUND",SR-155,1030.00,N,N,A,-,Y,KER,,99," "," ",55.719,H,,R,Y,2,0,5,2,A,-,03,22350,,F,C,C,A,A,H,-,C,D,0,,,,,Y,,-,99,1,2,2,0,0,0,0,0,0,"- ","- ",35.764228820800781,-119.24960327148438,KERN,DELANO,-119.24964141845703,35.764225006103516
92280351,2023,2024-01-05,9420,2023-10-07,2342,021981,,6,3,9,1500,0,1,3,,2,178,"STATE ROUTE 178","178 KER 57.00",173.00,E,N,A,-,Y,KER,,178," "," ",56.823,H,,R,Y,1,2,1,4,A,-,01,23152,A,N,A,C,A,A,H,-,D,D,0,,,Y,,Y,Y,A,01,1,0,0,0,0,0,0,1,1,"- ","- ",35.664039611816406,-118.30478668212891,KERN,UNINCORPORATED,-118.30478668212891,35.664016723632812
92283652,2023,2024-01-10,9830,2023-10-18,1110,018700,,3,1,9,1500,0,1,3,,2,014,"STATE ROUTE 58 WESTBOUND","BUSINESS ROUTE 58 (NORTH)",13200.00,W,N,A,-,Y,KER,,58," "," ",106.419,H,,L,Y,1,1,0,1,A,-,01,23152,A,N,F,A,A,A,H,-,A,D,0,,,Y,,Y,Y,C,02,0,0,0,0,0,0,0,1,0,"- ","- ",35.118240356445312,-118.22252655029297,KERN,UNINCORPORATED,-118.22252655029297,35.118202209472656
92285174,2023,2024-01-11,9420,2023-12-28,"155 ",021596,,4,3,6,1502,0,1,3,,2,431,"SR-43 (CENTRAL VALLEY HIGHWAY)","KRATZMEYER ROAD",603.00,S,N,A,-,Y,KER,,43," "," ",10.518,H,,R,Y,2,0,3,2,A,-,08,22107,,N,A,C,A,A,H,-,D,D,0,,,,Y,Y,,A,08,1,1,1,0,0,0,0,0,0,"- ","- ",35.418170928955078,-119.25192260742188,KERN,BAKERSFIELD,-119.25197601318359,35.418170928955078
92288135,2024,2024-01-16,9420,2024-01-01,1305,019868,,1,1,4,1503,0,3,5,,2,310,"SR-99 N/B","11TH AVE",500.00,N,N,A,-,Y,KER,,99," "," ",56.212,H,,R,Y,2,0,2,2,A,-,03,22350,,N,C,C,A,A,H,-,A,D,0,,,,,Y,,D,22,1,0,1,0,0,0,0,0,0,"- ","- ",35.771278381347656,-119.25125122070312,KERN,DELANO,-119.25129699707031,35.771274566650391
92289076,2024,2024-01-17,9420,2024-01-08,1640,020634,,1,2,9,1500,0,2,4,,1,072,"E. CALIFORNIA AVENUE","WASHINGTON ST.",0.00,,Y,A,-,N,,,,,,,,,,Y,2,0,2,2,A,-,12,21453,A,N,B,C,A,A,H,-,A,A,0,,,,,Y,,A,01,1,1,0,0,0,0,0,0,0,"- ","- ",35.368480682373047,-118.97640991210938,KERN,UNINCORPORATED,-118.97635650634766,35.368488311767578
92296689,2023,2024-01-25,9420,2023-10-01,2129,019903,,7,2,9,1500,0,2,4,,1,052,"ROBERTS LANE","MCARTHUR DRIVE",47.00,W,N,A,-,N,,,,,,,,,,N,1,1,0,3,A,-,03,22350,,N,G,B,E,A,H,-,D,D,0,Y,,,,Y,,A,01,0,0,0,1,0,0,0,0,0,"- ","- ",35.408679962158203,-119.03269958496094,KERN,UNINCORPORATED,-119.03316497802734,35.408626556396484
92297120,2023,2024-01-25,9420,2023-10-28,2246,022153,,6,3,9,1500,0,2,4,,1,072,"NILES STREET","BARLOW STREET",140.00,W,N,A,-,N,,,,,,,,,,N,1,1,0,2,A,-,11,21954,A,N,G,B,D,A,H,-,C,D,0,Y,,,,Y,,N,60,0,0,0,1,0,0,0,0,0,"- ","- ",35.375759124755859,-118.95921325683594,KERN,UNINCORPORATED,-118.95902252197266,35.375839233398438
92302995,2024,2024-02-01,9830,2024-01-27,2324,021751,,6,3,9,1500,0,2,4,,1,034,"ROSAMOND BOULEVARD","40TH STREET WEST",0.00,,Y,A,-,N,,,,,,,,,,Y,2,0,4,2,A,-,09,21802,A,N,D,2,A,A,H,-,C,A,0,,,,,Y,,A,01,1,2,1,0,0,0,0,0,0,"- ","- ",34.86370849609375,-118.20256042480469,KERN,UNINCORPORATED,-118.20258331298828,34.863712310791016
92303154,2023,2024-02-01,9420,2023-12-08,2025,020366,,5,2,9,1500,0,2,4,,1,052,"ROBERTS LANE","PLYMOUTH AVENUE",350.00,E,N,A,-,N,,,,,,,,,,N,2,0,1,2,A,-,08,22107,,F,C,G,A,A,H,-,D,D,0,,Y,,,Y,,-,99,1,0,0,0,0,0,1,0,0,"- ","- ",35.408561706542969,-119.02419281005859,KERN,UNINCORPORATED,-119.02436828613281,35.40863037109375
92308007,2024,2024-02-07,9430,2024-02-02,"325 ",022405,,5,3,9,1500,0,1,1,,2,053,"I-5 N/B (GOLDEN STATE FREEWAY)","GRAPEVINE RD.",5280.00,S,N,B,-,Y,KER,,5," "," ",9.213,H,,R,Y,2,0,1,3,A,-,03,22350,,N,C,C,A,B,H,-,D,D,0,,,,Y,Y,,A,01,1,0,0,0,0,0,0,0,0,"- ","- ",34.92694091796875,-118.92231750488281,KERN,UNINCORPORATED,-118.92224884033203,34.926948547363281
92309029,2023,2024-02-08,9420,2023-11-13,1515,022173,,1,2,9,1500,0,3,5,,2,672,"NORTHBOUND WHEELER RIDGE ROAD","HERRING ROAD",400.00,N,N,A,-,N,,,,,,,,,,N,1,1,1,3,A,-,05,21460,A,N,A,C,A,A,H,-,A,D,0,,,,Y,Y,,D,22,0,0,1,0,0,0,0,0,0,"- ","- ",35.152629852294922,-118.91464233398438,KERN,UNINCORPORATED,-118.91461944580078,35.152229309082031
92309321,2024,2024-02-08,9420,2024-01-04,2018,021895,,4,2,9,1500,0,3,5,,2,040,"MERLE HAGGARD DRIVE","MCCRAY STREET",0.00,,Y,A,-,N,,,,,,,,,,Y,1,1,1,2,A,-,12,21453,A,N,D,2,A,A,H,-,C,A,0,,,Y,,Y,,-,"- ",1,0,0,0,0,0,0,1,0,"- ","- ",35.441230773925781,-119.02986145019531,KERN,UNINCORPORATED,-119.02982330322266,35.441154479980469
92309604,2023,2024-02-08,9430,2023-06-25,2100,022093,,7,2,9,1500,0,1,1,,2,052,"I-5 SOUTHBOUND","LEBEC ROAD",4752.00,S,N,A,-,Y,KER,,5," "," ",3.175,H,,L,Y,1,2,0,2,A,-,00,21960,A,N,G,B,E,A,H,-,D,D,0,Y,,,,Y,,N,60,0,0,0,1,0,0,0,0,0,"- ","- ",34.855579376220703,-118.87492370605469,KERN,UNINCORPORATED,-118.87484741210938,34.855617523193359
92312448,2024,2024-02-13,9830,2024-02-10,"230 ",023087,,6,3,9,1500,0,3,5,,2,001,"HIGHLINE ROAD","STEUBER ROAD",929.00,W,N,B,-,N,,,,,,,,,,Y,2,0,3,2,A,-,01,23152,A,N,C,C,A,A,H,-,D,D,0,,,,,Y,Y,A,01,2,0,1,0,0,0,0,0,0,"- ","- ",35.109798431396484,-118.41697692871094,KERN,UNINCORPORATED,-118.41764831542969,35.109760284423828
92320261,2024,2024-02-22,9420,2024-02-12,1806,019903,,1,2,9,1500,0,2,4,,1,071,"VIRGINIA AVE","OSWELL ST",0.00,,Y,A,-,N,,,,,,,,,,Y,2,0,2,3,A,-,12,21453,A,F,D,2,A,A,H,-,A,A,0,,,,,Y,,A,07,1,0,1,0,0,0,0,0,0,"- ","- ",35.36138916015625,-118.9498291015625,KERN,UNINCORPORATED,-118.94986724853516,35.361415863037109
92327857,2024,2024-03-01,9420,2024-01-31,1257,016978,,3,1,9,1500,0,3,5,,2,672,"BENA ROAD","NUEMARKLE ROAD",9504.00,E,N,A,-,N,,,,,,,,,,Y,1,1,0,2,A,-,09,21804,A,N,D,C,A,A,H,-,A,D,0,,,Y,Y,Y,,C,02,0,0,0,0,0,0,0,1,0,"- ","- ",35.329349517822266,-118.75872039794922,KERN,UNINCORPORATED,-118.75881195068359,35.329345703125
92328611,2024,2024-03-04,9420,2024-02-17,"953 ",021773,,6,1,9,1500,0,1,3,,2,586,"SR-58 E/B","VINELAND RD",1350.00,E,N,A,-,Y,KER,,58," ",R,60.721,H,,R,Y,2,0,2,1,A,-,01,23152,A,N,F,I,A,A,H,-,A,D,0,,,,,Y,Y,A,01,1,1,0,0,0,0,0,0,0,"- ","- ",35.348968505859375,-118.89202117919922,KERN,UNINCORPORATED,-118.89195251464844,35.349124908447266
92329136,2024,2024-03-04,9830,2024-02-17,2033,023380,,6,2,9,1500,0,2,4,,1,032,"SIERRA HIGHWAY","PATTERSON ROAD",1001.00,N,N,C,-,N,,,,,,,,,,Y,2,0,2,2,A,-,01,23152,,N,A,C,A,B,H,-,D,D,0,,,,,Y,Y,A,01,1,1,0,0,0,0,0,0,0,"- ","- ",34.838058471679688,-118.1588134765625,KERN,UNINCORPORATED,-118.15885162353516,34.838050842285156
9232971,2021,2021-03-05,1507,2021-01-28,1659,281,27,4,5,3,1507,0,0,0,,0,,"EAST LERDO HWY","DRIVER RD",245.00,E,N,C,-,N,,,,,,,,,,N,2,0,1,1,A,-,03,22350,,N,E,J,A,B,F,-,C,D,0,,,,,Y,,A,01,1,0,0,0,0,0,0,0,0,"- ","- ",35.499759674072266,-119.20577239990234,KERN,SHAFTER,-119.20494842529297,35.499660491943359
92334484,2024,2024-03-11,9420,2024-02-13,"20  ",022355,,2,3,9,1500,0,1,3,,2,093,"STATE ROUTE 99 NORTHBOUND (N/B)","OLIVE DRIVE",1911.00,S,N,A,-,Y,KER,,99," "," ",27.492,H,,R,Y,1,1,0,2,A,-,11,21954,A,N,G,B,E,A,H,-,D,D,0,Y,,,,Y,Y,N,60,0,0,0,1,0,0,0,0,0,"- ","- ",35.408298492431641,-119.05048370361328,KERN,UNINCORPORATED,-119.05039978027344,35.408359527587891
92335182,2023,2024-03-11,9420,2023-12-14,1348,021134,,4,1,9,1500,0,1,3,,2,097,"STATE ROUTE 99 SOUTHBOUND","HERRING ROAD",350.00,N,N,A,-,Y,KER,,99," "," ",9.371,H,,L,Y,1,1,0,1,A,-,08,22107,,N,E,8,A,A,H,-,A,D,0,,,,,Y,,D,22,0,0,0,0,0,0,0,0,0,"- ","- ",35.151149749755859,-118.99765777587891,KERN,UNINCORPORATED,-118.99764251708984,35.151153564453125
92335229,2024,2024-03-11,9420,2024-01-23,"600 ",016229,,2,1,6,1502,0,2,4,,2,062,"ROSEDALE HIGHWAY","HEATH ROAD",1478.00,E,N,B,-,N,,,,,,,,,,N,1,1,0,2,A,-,11,21954,A,N,G,B,D,B,H,-,D,D,0,Y,,,,Y,,N,60,0,0,0,1,0,0,0,0,0,"- ","- ",35.383460998535156,-119.17622375488281,KERN,BAKERSFIELD,-119.17608642578125,35.383491516113281
92336324,2024,2024-03-12,9420,2024-02-29,1821,023531,,4,2,9,1500,0,2,4,,1,077,"S. FAIRFAX RD.","PANAMA LANE",1056.00,N,N,A,-,N,,,,,,,,,,Y,2,0,2,2,A,-,08,22107,,N,A,C,A,A,H,-,D,D,0,,,,,Y,,A,01,1,1,0,0,0,0,0,0,0,"- ","- ",35.299240112304688,-118.93211364746094,KERN,UNINCORPORATED,-118.93209838867188,35.298885345458984
92336946,2024,2024-03-13,9830,2024-01-18,"719 ",019367,,4,1,9,1500,0,3,5,,2,003,"TEHACHAPI WILLOW SPRINGS ROAD","OAK CREEK ROAD",7920.00,S,N,A,-,N,,,,,,,,,,Y,1,1,0,2,A,-,01,23152,G,N,A,C,A,A,H,-,A,D,0,,,,,Y,Y,A,07,0,0,0,0,0,0,0,0,0,"- ","- ",35.027679443359375,-118.35237121582031,KERN,UNINCORPORATED,-118.35202026367188,35.033084869384766