CASE_ID,ACCIDENT_YEAR,PROC_DATE,JURIS,COLLISION_DATE,COLLISION_TIME,OFFICER_ID,REPORTING_DISTRICT,DAY_OF_WEEK,CHP_SHIFT,POPULATION,CNTY_CITY_LOC,SPECIAL_COND,BEAT_TYPE,CHP_BEAT_TYPE,CITY_DIVISION_LAPD,CHP_BEAT_CLASS,BEAT_NUMBER,PRIMARY_RD,SECONDARY_RD,DISTANCE,DIRECTION,INTERSECTION,WEATHER_1,WEATHER_2,STATE_HWY_IND,CALTRANS_COUNTY,CALTRANS_DISTRICT,STATE_ROUTE,ROUTE_SUFFIX,POSTMILE_PREFIX,POSTMILE,LOCATION_TYPE,RAMP_INTERSECTION,SIDE_OF_HWY,TOW_AWAY,COLLISION_SEVERITY,NUMBER_KILLED,NUMBER_INJURED,PARTY_COUNT,PRIMARY_COLL_FACTOR,PCF_CODE_OF_VIOL,PCF_VIOL_CATEGORY,PCF_VIOLATION,PCF_VIOL_SUBSECTION,HIT_AND_RUN,TYPE_OF_COLLISION,MVIW,PED_ACTION,ROAD_SURFACE,ROAD_COND_1,ROAD_COND_2,LIGHTING,CONTROL_DEVICE,CHP_ROAD_TYPE,PEDESTRIAN_ACCIDENT,BICYCLE_ACCIDENT,MOTORCYCLE_ACCIDENT,TRUCK_ACCIDENT,NOT_PRIVATE_PROPERTY,ALCOHOL_INVOLVED,STWD_VEHTYPE_AT_FAULT,CHP_VEHTYPE_AT_FAULT,COUNT_SEVERE_INJ,COUNT_VISIBLE_INJ,COUNT_COMPLAINT_PAIN,COUNT_PED_KILLED,COUNT_PED_INJURED,COUNT_BICYCLIST_KILLED,COUNT_BICYCLIST_INJURED,COUNT_MC_KILLED,COUNT_MC_INJURED,PRIMARY_RAMP,SECONDARY_RAMP,LATITUDE,LONGITUDE,COUNTY,CITY,POINT_X,POINT_Y
92337473,2024,2024-03-13,9420,2024-03-04,"545 ",021773,,1,3,9,1500,0,3,5,,2,070,"MONTEREY ST (2500 BLOCK)","WEBSTER ST",440.00,E,N,A,-,N,,,,,,,,,,Y,2,0,1,2,A,-,01,23152,A,N,E,8,A,A,H,-,B,D,0,,,,,Y,Y,A,01,1,0,0,0,0,0,0,0,0,"- ","- ",35.374980926513672,-118.96148681640625,KERN,UNINCORPORATED,-118.96155548095703,35.374923706054688
92338183,2024,2024-03-14,9420,2024-03-01,1345,019903,,5,1,9,1500,0,3,5,,2,070,"CUNHA STREET","SOLANO DRIVE",7.00,E,N,A,-,N,,,,,,,,,,N,2,0,1,1,A,-,17,27360,A,N,H,A,A,A,H,-,A,D,0,,,,,Y,,A,07,1,0,0,0,0,0,0,0,0,"- ","- ",35.390270233154297,-118.97547149658203,KERN,UNINCORPORATED,-118.97551727294922,35.390262603759766
92339691,2024,2024-03-15,9420,2024-03-08,1210,020634,,5,1,9,1500,0,1,3,,2,588,"SR-223 EB TO SR-58 EB",SR-223,446.00,E,N,A,-,Y,KER,,58," "," ",75.701,H,,R,N,2,0,2,1,A,-,03,22350,,N,F,A,A,A,H,-,A,D,0,,,,,Y,,A,07,1,0,1,0,0,0,0,0,0,"- ","- ",35.263961791992188,-118.65702056884766,KERN,UNINCORPORATED,-118.65701293945312,35.264095306396484
92339942,2024,2024-03-18,9830,2024-03-07,"807 ",019872,,4,1,9,1500,0,1,3,,2,010,"STATE ROUTE 58 E/B","BROOME ROAD",6864.00,E,N,B,C,Y,KER,,58," ",R,87.317,H,,R,Y,2,0,1,2,A,-,03,22350,,N,E,8,A,B,H,-,A,D,0,,,,,Y,,-,"- ",1,0,0,0,0,0,0,0,0,"- ","- ",35.181961059570312,-118.49463653564453,KERN,UNINCORPORATED,-118.49465179443359,35.181911468505859
92340654,2024,2024-03-18,9420,2024-03-08,"200 ",022173,,5,3,9,1500,0,2,4,,1,071,"NORTHBOUND OSWELL STREET","FERNVALE ROAD",150.00,N,N,A,-,N,,,,,,,,,,N,2,0,1,2,A,-,01,23152,A,N,C,C,A,A,H,-,C,D,0,,,,,Y,Y,A,07,1,0,0,0,0,0,0,0,0,"- ","- ",35.380901336669922,-118.94960021972656,KERN,UNINCORPORATED,-118.94976806640625,35.380851745605469
92341780,2024,2024-03-19,9420,2024-01-17,1840,019270,,3,2,9,1500,0,3,5,,2,510,"STATE ROUTE 65 NORTHBOUND","STATE ROUTE 155",1364.00,N,N,A,-,Y,KER,,65," "," ",23.436,H,,R,Y,1,2,1,2,A,-,05,21460,A,N,A,C,A,A,H,-,D,D,0,,,,,Y,Y,A,01,1,0,0,0,0,0,0,0,0,"- ","- ",35.765651702880859,-119.05329132080078,KERN,UNINCORPORATED,-119.05326843261719,35.765651702880859
92344066,2024,2024-03-21,9420,2024-01-03,"325 ",021766,,3,3,9,1500,0,1,3,,2,096,"STATE ROUTE 99","STATE ROUTE 119",946.00,S,N,C,-,Y,KER,,99," "," ",16.810,H,,R,Y,1,1,0,2,A,-,08,22107,,N,C,E,A,B,H,-,D,D,0,,,,Y,Y,,G,25,0,0,0,0,0,0,0,0,0,"- ","- ",35.257118225097656,-119.02014923095703,KERN,UNINCORPORATED,-119.02021026611328,35.257110595703125
92345857,2024,2024-03-25,9420,2024-01-02,1833,021480,,2,2,9,1500,0,1,3,,2,092,"SR-99 NORTHBOUND (N/B)","OLIVE DRIVE",1000.00,N,N,B,E,Y,KER,,99," ",R,28.056,H,,R,N,1,1,0,4,A,-,11,21954,A,F,G,B,D,D,H,-,C,D,0,Y,,,,Y,,N,60,0,0,0,1,0,0,0,0,0,"- ","- ",35.414329528808594,-119.05709838867188,KERN,UNINCORPORATED,-119.05703735351562,35.414379119873047
92346193,2023,2024-03-25,9420,2023-11-17,1440,022093,,5,2,9,1500,0,3,5,,2,510,"BENNER AVENUE","SCHUSTER ROAD",0.00,,Y,A,-,N,,,,,,,,,,Y,1,1,0,4,A,-,12,22450,A,F,D,C,E,A,H,-,A,A,0,Y,,,,Y,,A,07,0,0,0,1,0,0,0,0,0,"- ","- ",35.732200622558594,-119.3118896484375,KERN,UNINCORPORATED,-119.31190490722656,35.732223510742188
92346546,2024,2024-03-25,9420,2024-02-16,1935,021667,,5,2,9,1500,0,1,3,,1,184,SR-184,"NILES STREET",0.00,,Y,A,-,Y,KER,,184," "," ",9.589,H,,R,N,2,0,1,2,A,-,10,21950,A,F,G,B,B,A,H,-,C,A,0,Y,,,,Y,,-,99,1,0,0,0,1,0,0,0,0,"- ","- ",35.376091003417969,-118.91426086425781,KERN,UNINCORPORATED,-118.91419982910156,35.376091003417969
92347597,2024,2024-03-26,9420,2024-03-19,1508,021915,,2,2,9,1500,0,1,3,,2,179,SR-178,"LUPINE LANE",1056.00,E,N,A,-,Y,KER,,178," "," ",77.083,H,,R,Y,2,0,3,1,A,-,08,22107,,N,F,A,A,A,H,-,A,D,0,,,,,Y,,A,07,3,0,0,0,0,0,0,0,0,"- ","- ",35.686920166015625,-118.05133819580078,KERN,UNINCORPORATED,-118.05130767822266,35.686946868896484
92347665,2024,2024-03-26,9420,2024-03-17,2115,021480,,7,2,9,1500,0,3,5,,2,050,"N. CHESTER AVENUE","ROBERTS LANE",0.00,,Y,A,-,N,,,,,,,,,,N,2,0,1,2,A,-,12,21453,A,N,D,C,A,A,H,-,C,A,0,,,,,Y,,M,96,1,0,0,0,0,0,0,0,0,"- ","- ",35.408699035644531,-119.02101898193359,KERN,UNINCORPORATED,-119.02108001708984,35.408638000488281
92350274,2023,2024-03-29,9830,2023-12-24,"113 ",022181,,7,3,9,1500,0,1,3,,2,012,"STATE ROUTE 58 WESTBOUND TO TEHACHAPI BOULEVARD","TEHACHAPI BOULEVARD",1320.00,E,N,A,-,Y,KER,,58," ",R,94.475,H,,L,N,1,1,0,2,A,-,11,21954,A,N,G,B,E,A,H,-,D,D,0,Y,,,Y,Y,Y,N,60,0,0,0,1,0,0,0,0,0,"- ","- ",35.124038696289062,-118.40843200683594,KERN,UNINCORPORATED,-118.40853881835938,35.123935699462891
92350339,2024,2024-03-29,9420,2024-03-25,2305,021915,,1,3,9,1500,0,1,3,,2,178,SR-178,"DEMOCRAT ROAD",3696.00,E,N,A,-,Y,KER,,178," "," ",27.180,H,,R,Y,2,0,1,1,A,-,08,22107,,N,E,I,A,A,H,-,D,D,0,,,,,Y,,D,22,1,0,0,0,0,0,0,0,0,"- ","- ",35.530879974365234,-118.64900970458984,KERN,UNINCORPORATED,-118.64903259277344,35.5308837890625
92352560,2024,2024-04-02,9420,2024-03-25,2330,022464,,1,3,9,1500,0,3,5,,2,540,"ELMO HIGHWAY","DRIVER ROAD",1373.00,W,N,A,-,N,,,,,,,,,,N,2,0,1,1,A,-,08,22107,,N,E,I,A,A,H,-,C,D,0,,,Y,,Y,,C,06,1,0,0,0,0,0,0,0,1,"- ","- ",35.689029693603516,-119.20944213867188,KERN,UNINCORPORATED,-119.20943450927734,35.689067840576172
92357276,2024,2024-04-05,9420,2024-02-28,2305,021596,,3,3,9,1500,0,3,5,,2,672,"TEJON HIGHWAY","EAST PANAMA LANE",17.00,N,N,A,-,N,,,,,,,,,,N,1,1,0,1,A,-,08,22107,,N,E,I,A,A,H,-,D,D,0,,,,,Y,,A,01,0,0,0,0,0,0,0,0,0,"- ","- ",35.296661376953125,-118.82518005371094,KERN,UNINCORPORATED,-118.82504272460938,35.296516418457031
92359622,2024,2024-04-09,9420,2024-03-25,1610,019316,,1,2,9,1500,0,2,4,,1,051,"NORTH CHESTER AVENUE","MERLE HAGGARD DRIVE",0.00,,Y,A,-,N,,,,,,,,,,Y,2,0,1,2,A,-,12,21453,A,N,D,C,A,A,H,-,A,A,0,,,,,Y,,A,01,1,0,0,0,0,0,0,0,0,"- ","- ",35.439891815185547,-119.02158355712891,KERN,UNINCORPORATED,-119.02156829833984,35.44000244140625
92360220,2024,2024-04-09,9420,2024-03-17,1605,021882,,7,2,9,1500,0,2,4,,1,071,"OSWELL ST","CENTER ST",0.00,,Y,A,-,N,,,,,,,,,,Y,2,0,3,2,A,-,01,23152,A,N,D,C,A,A,H,-,A,A,0,,,,,Y,Y,A,07,1,0,2,0,0,0,0,0,0,"- ","- ",35.372299194335938,-118.94979858398438,KERN,UNINCORPORATED,-118.94982147216797,35.372268676757812
92361826,2024,2024-04-11,9420,2024-03-29,"630 ",016828,,5,1,9,1500,0,3,5,,2,672,"COPUS RD","METTLER FRONTAGE ROAD WEST",0.00,,Y,A,-,N,,,,,,,,,,Y,2,0,3,2,A,-,09,21801,A,N,A,C,A,A,H,-,D,A,0,,,,,Y,,D,22,1,1,1,0,0,0,0,0,0,"- ","- ",35.095081329345703,-118.98136901855469,KERN,UNINCORPORATED,-118.98136138916016,35.095077514648438
92362074,2024,2024-04-11,9426,2024-03-22,2500,018610,,5,4,9,1500,0,3,5,,2,086,"SHAFTER AVE","BURBANK STREET",300.00,S,N,B,-,N,,,,,,,,,,Y,2,0,1,2,A,-,03,22350,,F,C,C,A,A,H,-,D,D,0,,,,,Y,,A,01,1,0,0,0,0,0,0,0,0,"- ","- ",35.469989776611328,-119.27877807617188,KERN,UNINCORPORATED,-119.27870178222656,35.469978332519531
92362168,2024,2024-04-11,9420,2024-04-02,"603 ",019311,,2,1,9,1500,0,2,4,,1,071,"MT. VERNON AVE.","E. CALIFORNIA AVE.",0.00,,Y,A,-,N,,,,,,,,,,N,2,0,1,2,A,-,12,21453,A,N,D,G,A,A,H,-,C,A,0,,Y,,,Y,,L,04,1,0,0,0,0,0,1,0,0,"- ","- ",35.368808746337891,-118.96745300292969,KERN,UNINCORPORATED,-118.96762847900391,35.368549346923828
92362206,2024,2024-04-11,9426,2024-03-21,1809,017281,,4,2,9,1500,0,1,3,,2,331,"STATE ROUTE 33","BROWN MATERIAL ROAD",1056.00,N,N,A,-,Y,KER,,33," "," ",55.039,H,,R,Y,1,1,0,1,A,-,08,22107,,N,F,A,A,A,H,-,A,D,0,,,,,Y,,A,01,0,0,0,0,0,0,0,0,0,"- ","- ",35.562850952148438,-119.80386352539062,KERN,UNINCORPORATED,-119.80376434326172,35.56292724609375
92364098,2024,2024-04-24,9830,2024-04-08,1612,019367,,1,2,9,1500,0,1,3,,2,030,SR-14,"AVENUE A",3168.00,N,N,A,-,Y,KER,,14," ",R,0.647,H,,R,Y,2,0,2,2,A,-,08,22107,,N,B,C,A,A,H,-,A,D,0,,,,,Y,,-,"- ",1,0,1,0,0,0,0,0,0,"- ","- ",34.829879760742188,-118.17009735107422,KERN,UNINCORPORATED,-118.16999053955078,34.829883575439453
9236861,2021,2021-04-05,1508,2021-02-22,1556,136,KCS,1,5,2,1508,0,0,0,,0,,"S SIXTH ST","OAK ST",17.00,N,N,A,-,N,,,,,,,,,,Y,2,0,2,1,A,-,01,23152,,N,E,I,A,A,H,-,A,D,0,,,Y,,Y,Y,C,02,1,0,1,0,0,0,0,0,2,"- ","- ",,,KERN,TAFT,-119.46225738525391,35.136856079101562
92372952,2024,2024-04-23,9426,2024-04-17,"522 ",018919,,3,3,9,1500,0,3,5,,2,087,"COPUS ROAD","INTERSTATE 5",6600.00,W,N,A,-,N,,,,,,,,,,Y,2,0,5,2,A,-,06,21751,,N,A,C,A,A,H,-,D,D,0,,,,,Y,,D,22,2,2,1,0,0,0,0,0,0,"- ","- ",35.094890594482422,-119.05985260009766,KERN,UNINCORPORATED,-119.03874969482422,35.095001220703125
92373086,2024,2024-04-23,9420,2024-04-08,1105,016828,,1,1,9,1500,0,2,4,,1,075,"SOUTH UNION AVENUE","DI GIORGIO ROAD",1774.00,S,N,A,-,N,,,,,,,,,,Y,1,1,0,1,A,-,08,22107,,N,E,8,A,A,H,-,A,D,0,,,,,Y,,A,01,0,0,0,0,0,0,0,0,0,"- ","- ",35.247138977050781,-119.00327301025391,KERN,UNINCORPORATED,-119.00303649902344,35.247402191162109
92374345,2023,2024-04-24,9830,2023-12-14,1405,022246,,4,2,9,1500,0,2,4,,1,034,"ROSAMOND BOULEVARD","50TH STREET WEST",250.00,E,N,A,-,N,,,,,,,,,,Y,1,2,1,2,A,-,01,23152,F,N,D,C,A,A,H,-,A,D,0,,,,,Y,,A,01,0,1,0,0,0,0,0,0,0,"- ","- ",34.863788604736328,-118.21929168701172,KERN,UNINCORPORATED,-118.21949005126953,34.863758087158203
92377396,2024,2024-04-29,9420,2024-04-19,1024,021981,,5,1,9,1500,0,1,3,,2,178,"STATE ROUTE 178","VISTA GRANDE DRIVE",300.00,W,N,A,-,Y,KER,,178," "," ",55.207,H,,R,Y,2,0,3,2,A,-,01,23152,F,N,A,C,A,A,H,-,A,D,0,,,Y,,Y,,D,22,2,1,0,0,0,0,0,0,2,"- ","- ",35.656841278076172,-118.32933807373047,KERN,UNINCORPORATED,-118.32933807373047,35.656856536865234
9237774,2021,2021-03-19,1507,2021-03-06,2001,281,27,6,5,3,1507,0,0,0,,0,,"EAST LERDO HWY","CHERRY AV",0.00,,Y,A,-,N,,,,,,,,,,N,2,0,3,2,A,-,01,23153,A,N,D,C,A,A,H,-,D,A,0,,,,,Y,Y,D,22,2,1,0,0,0,0,0,0,0,"- ","- ",35.499858856201172,-119.24275207519531,KERN,SHAFTER,-119.24275207519531,35.499725341796875
92379415,2024,2024-05-01,9430,2024-04-29,"615 ",018631,,1,1,9,1500,0,1,1,,2,054,"I-5 N/B","WHEELER RIDGE ROUTE OVERCROSSING",920.00,S,N,A,-,Y,KER,,5," "," ",13.333,H,,R,Y,2,0,2,2,A,-,03,22350,,N,C,C,A,A,H,-,A,D,0,,,,Y,Y,,D,22,1,0,1,0,0,0,0,0,0,"- ","- ",34.983779907226562,-118.94432830810547,KERN,UNINCORPORATED,-118.9443359375,34.983779907226562
92380323,2024,2024-05-02,9420,2024-04-26,1930,021895,,5,2,9,1500,0,3,5,,2,671,"WHIRLAWAY ST","MAN O WAR AVE",10.00,S,N,A,-,N,,,,,,,,,,N,2,0,2,1,A,-,08,22107,,N,F,I,A,A,H,-,D,D,0,,,Y,,Y,,C,06,1,1,0,0,0,0,0,0,2,"- ","- ",35.285148620605469,-118.91992950439453,KERN,UNINCORPORATED,-118.91989898681641,35.285293579101562
92380535,2024,2024-05-02,9420,2024-03-15,2345,020409,,5,3,9,1500,0,3,5,,2,672,"WHEELER RIDGE ROAD","WHEELRIDGE DRIVE",890.00,S,N,A,-,N,,,,,,,,,,N,1,1,0,2,C,-,18,,,N,G,B,E,A,H,-,D,D,0,Y,,,,Y,,-,"- ",0,0,0,1,0,0,0,0,0,"- ","- ",35.198810577392578,-118.91455841064453,KERN,UNINCORPORATED,-118.94408416748047,34.988037109375
92380536,2024,2024-05-02,9420,2024-03-15,2340,020409,,5,3,9,1500,0,3,5,,2,672,"WHEELER RIDGE ROAD","WHEELRIDGE DRIVE",758.00,S,N,A,-,N,,,,,,,,,,Y,2,0,1,2,A,-,11,21954,A,N,G,B,E,A,H,-,D,D,0,Y,,,,Y,,N,60,1,0,0,0,1,0,0,0,0,"- ","- ",35.199138641357422,-118.91458129882812,KERN,UNINCORPORATED,-118.94385528564453,34.988346099853516
92381135,2024,2024-05-03,9830,2024-04-26,1710,022181,,5,2,9,1500,0,1,3,,1,040,SR-14,"PINE TREE CANYON RD",6336.00,N,N,G,-,Y,KER,,14," "," ",31.092,H,,R,Y,2,0,1,1,C,-,18,,,N,F,A,A,A,H,-,A,D,0,,,,Y,Y,,-,"- ",1,0,0,0,0,0,0,0,0,"- ","- ",35.2493896484375,-118.04136657714844,KERN,UNINCORPORATED,-118.04113006591797,35.249332427978516
92381447,2024,2024-05-03,9426,2024-04-20,2350,018610,,6,3,9,1500,0,3,5,,2,086,"HONOLULU HILLS ROAD","AIRPORT ROAD",7920.00,W,N,A,-,N,,,,,,,,,,Y,2,0,2,1,A,-,03,22350,,N,F,A,A,A,H,-,D,D,0,,,,,Y,Y,A,01,2,0,0,0,0,0,0,0,0,"- ","- ",35.166488647460938,-119.39504241943359,KERN,UNINCORPORATED,,
92384173,2024,2024-08-14,9830,2024-04-27,"857 ",022202,,6,1,9,1500,0,2,4,,1,034,"SIERRA HWY","ORANGE ST",0.00,,Y,G,-,N,,,,,,,,,,Y,2,0,3,2,A,-,03,22350,,N,C,C,A,A,H,-,A,A,0,,,,,Y,,A,01,1,2,0,0,0,0,0,0,0,"- ","- ",34.857200622558594,-118.16216278076172,KERN,UNINCORPORATED,-118.16220092773438,34.857288360595703
92387418,2024,2024-05-13,9830,2024-04-20,1150,019872,,6,1,9,1500,0,3,5,,2,004,SC175,"JAWBONE CANYON",1200.00,S,N,A,-,N,,,,,,,,,,Y,2,0,5,2,D,-,00,,,N,A,C,A,A,H,-,A,D,0,,,Y,,Y,,-,"- ",1,1,3,0,0,0,0,0,5,"- ","- ",35.308460235595703,-118.02268981933594,KERN,UNINCORPORATED,,
92387987,2024,2024-05-13,9420,2024-04-28,"250 ",021849,,7,3,9,1500,0,1,3,,2,096,"SR-99 N/B","HOUGHTON ROAD",1531.00,S,N,A,-,Y,KER,,99," "," ",15.135,H,,R,Y,2,0,1,3,C,-,18,,,N,B,B,E,A,H,-,D,D,0,Y,,,Y,Y,Y,-,"- ",1,0,0,0,1,0,0,0,0,"- ","- ",35.233348846435547,-119.01405334472656,KERN,UNINCORPORATED,-119.01406860351562,35.233348846435547
92388570,2024,2024-05-13,9420,2024-05-05,1520,022305,,7,2,9,1500,0,3,5,,2,070,"BRENTWOOD DR","PIONEER DR",0.00,,Y,A,-,N,,,,,,,,,,N,2,0,1,2,A,-,12,22450,A,N,D,G,A,A,H,-,A,A,0,,Y,,,Y,,L,04,1,0,0,0,0,0,1,0,0,"- ","- ",35.368911743164062,-118.92315673828125,KERN,UNINCORPORATED,-118.92311096191406,35.368846893310547
92390594,2024,2024-05-15,9420,2024-05-05,1641,022385,,7,2,6,1502,0,2,S,,2,901,"BEECH STREET","DRAKE STREET",25.00,S,N,A,-,N,,,,,,,,,,Y,2,0,1,1,A,-,03,22350,,N,E,I,A,A,H,-,A,D,0,,,Y,,Y,,C,02,1,0,0,0,0,0,0,0,1,"- ","- ",35.386749267578125,-119.03166961669922,KERN,BAKERSFIELD,-119.03155517578125,35.386707305908203
92390846,2024,2024-05-15,9420,2024-05-04,1325,022387,,6,1,9,1500,0,3,5,,2,672,"DON ST","SPERRY ST",35.00,S,N,A,-,N,,,,,,,,,,N,2,0,1,2,A,-,08,22107,,N,C,E,A,A,H,-,A,D,0,,,Y,,Y,,C,03,1,0,0,0,0,0,0,0,1,"- ","- ",35.303958892822266,-118.99642181396484,KERN,UNINCORPORATED,-118.99642181396484,35.303993225097656
92391742,2024,2024-05-16,9830,2024-03-02,1842,023211,,6,2,9,1500,0,3,5,,2,003,"LONE BUTTE RD","SOPP RD",3311.00,N,N,B,C,N,,,,,,,,,,Y,2,0,1,3,A,-,08,22107,,M,E,8,F,B,H,-,D,D,0,Y,,,,Y,,D,22,1,0,0,0,1,0,0,0,0,"- ","- ",34.946781158447266,-118.14079284667969,KERN,UNINCORPORATED,-118.14076995849609,34.946769714355469
92393963,2024,2024-05-20,9420,2024-05-06,2000,019903,,1,2,9,1500,0,3,5,,2,672,"AIM AVE","MACHADO AVE",170.00,S,N,A,-,N,,,,,,,,,,Y,2,0,1,1,A,-,01,23152,A,N,F,A,A,A,H,-,D,D,0,,,Y,,Y,Y,C,02,1,0,0,0,0,0,0,0,1,"- ","- ",35.264209747314453,-119.00543975830078,KERN,UNINCORPORATED,-119.00541687011719,35.264244079589844
92395324,2024,2024-05-21,9426,2024-05-11,"546 ",019442,,6,3,9,1500,0,1,3,,1,460,"MARTIN AVE",SR-46,0.00,,Y,A,-,Y,KER,,46," "," ",30.388,H,,R,Y,2,0,2,2,A,-,09,21802,A,N,D,C,A,A,H,-,B,A,0,,,,,Y,,D,22,1,0,1,0,0,0,0,0,0,"- ","- ",35.616069793701172,-119.69143676757812,KERN,UNINCORPORATED,-119.69143676757812,35.616077423095703
92395425,2024,2024-05-21,9426,2024-05-11,1815,021572,,6,2,9,1500,0,3,5,,2,085,"POSO DR","CENTRAL AVE",75.00,W,N,A,-,N,,,,,,,,,,Y,2,0,1,2,A,-,08,22107,,N,C,E,A,A,H,-,A,D,0,,,,,Y,,D,22,1,0,0,0,0,0,0,0,0,"- ","- ",35.587059020996094,-119.35845184326172,KERN,UNINCORPORATED,-119.35816955566406,35.587009429931641
92399783,2024,2024-05-28,9420,2024-05-03,1308,021144,,5,1,9,1500,0,3,5,,2,610,"WHITE LN.","GORDON ST.",0.00,,Y,A,-,N,,,,,,,,,,Y,2,0,1,2,A,-,09,21801,A,N,D,C,A,A,H,-,A,A,0,,,Y,,Y,,A,07,1,0,0,0,0,0,0,0,1,"- ","- ",35.317848205566406,-119.00591278076172,KERN,UNINCORPORATED,-119.00579071044922,35.317630767822266
92400074,2024,2024-05-28,9420,2024-05-17,2325,022415,,5,3,6,1502,0,1,3,,1,176,"SR-178 E/B","M STREET",200.00,E,N,A,-,Y,KER,,178," ",R,1.902,H,,R,N,2,0,1,2,A,-,11,21954,A,F,G,B,D,A,H,-,C,D,0,Y,,,,Y,,N,60,1,0,0,0,1,0,0,0,0,"- ","- ",35.381160736083984,-119.01151275634766,KERN,BAKERSFIELD,-119.01152801513672,35.381191253662109
92401215,2024,2024-05-29,9426,2024-05-20,"220 ",018932,,1,3,9,1500,0,1,1,,2,502,"I-5 N/B","ROWLEE RD",1848.00,N,N,A,-,Y,KER,,5," "," ",58.294,H,,R,Y,2,0,2,2,A,-,08,22107,,N,F,C,A,A,H,-,D,A,0,,,,Y,Y,,A,01,2,0,0,0,0,0,0,0,0,"- ","- ",35.458278656005859,-119.47882843017578,KERN,UNINCORPORATED,-119.47870635986328,35.458393096923828
92402250,2024,2024-05-30,9420,2024-05-06,2032,019316,,1,2,9,1500,0,2,4,,1,052,"ROBERTS LANE","CENTRAL AVENUE",0.00,,Y,A,-,N,,,,,,,,,,N,2,0,1,2,A,-,17,24250,,N,D,C,A,A,H,-,A,D,0,,,Y,,Y,,C,03,1,0,0,0,0,0,0,0,1,"- ","- ",35.408699035644531,-119.02332305908203,KERN,UNINCORPORATED,-119.02329254150391,35.408626556396484
92405931,2024,2024-06-04,9426,2024-05-26,1957,021959,,7,2,9,1500,0,1,3,,1,460,"SR-33 S/B","BROWN MATERIAL RD",12144.00,S,N,A,-,Y,KER,,33," "," ",52.058,H,,L,N,2,0,4,1,A,-,08,22107,,N,F,I,A,B,H,-,D,D,0,,,,,Y,,D,22,2,1,1,0,0,0,0,0,0,"- ","- ",35.532630920410156,-119.76657867431641,KERN,UNINCORPORATED,-119.76652526855469,35.532672882080078
92406959,2024,2024-06-05,9420,2024-05-23,1832,022305,,4,2,9,1500,0,2,4,,1,051,"JAMES RD","N CHESTER EXT AVE",230.00,E,N,A,-,N,,,,,,,,,,N,2,0,1,1,C,-,18,,,N,E,8,A,A,H,-,A,D,0,,,,,Y,,-,"- ",1,0,0,0,0,0,0,0,0,"- ","- ",35.445228576660156,-119.02529144287109,KERN,UNINCORPORATED,-119.02654266357422,35.445831298828125
92407792,2024,2024-06-06,9420,2024-05-26,1753,021534,,7,2,9,1500,0,1,3,,2,583,"ROSEDALE HIGHWAY","NORD AVENUE",0.00,,Y,A,-,N,,,,,,,,,,Y,2,0,3,2,A,-,09,21802,A,N,D,C,A,A,H,-,A,A,0,,,,,Y,,D,22,1,0,2,0,0,0,0,0,0,"- ","- ",35.383468627929688,-119.19882965087891,KERN,UNINCORPORATED,-119.19878387451172,35.38348388671875
92408051,2024,2024-06-06,9830,2024-02-16,1532,019872,,5,2,9,1500,0,1,3,,1,040,"STATE ROUTE 14","BUSINESS ROUTE 58 NORTH",1320.00,N,N,A,-,Y,KER,,14," "," ",16.330,H,,R,Y,1,1,3,2,A,-,09,21801,A,N,D,2,A,A,H,-,A,D,0,,,,,Y,,A,01,0,2,1,0,0,0,0,0,0,"- ","- ",35.068668365478516,-118.17497253417969,KERN,UNINCORPORATED,-118.17502593994141,35.068714141845703
92408083,2024,2024-06-06,9420,2024-05-24,2112,022305,,5,2,9,1500,0,3,5,,2,070,"PIONEER DR","STERLING RD",0.00,,Y,A,-,N,,,,,,,,,,N,2,0,1,2,A,-,10,21950,A,F,G,B,D,A,H,-,A,A,0,Y,,,,Y,,A,08,1,0,0,0,1,0,0,0,0,"- ","- ",35.368659973144531,-118.94087219238281,KERN,UNINCORPORATED,-118.94085693359375,35.368705749511719
92411880,2024,2024-06-11,9420,2024-05-25,2000,021895,,6,2,9,1500,0,3,5,,2,672,"S. COMANCHE DR","HERMOSA RD",0.00,,Y,A,-,N,,,,,,,,,,N,2,0,3,2,A,-,09,21802,A,F,D,C,A,A,H,-,B,D,0,,,,,Y,,A,01,1,1,1,0,0,0,0,0,0,"- ","- ",35.311019897460938,-118.84298706054688,KERN,UNINCORPORATED,-118.84297943115234,35.311012268066406
92411902,2024,2024-06-11,9420,2024-06-03,1500,023401,,1,2,9,1500,0,2,4,,2,031,"LAKE ISABELLA BLVD.","DEERPOINT WAY",32.00,N,N,A,-,N,,,,,,,,,,N,2,0,1,1,A,-,08,22107,,N,F,A,A,A,H,-,A,D,0,,Y,,,Y,,L,04,1,0,0,0,0,0,1,0,0,"- ","- ",35.592128753662109,-118.49291229248047,KERN,UNINCORPORATED,-118.49300384521484,35.592063903808594