CASE_ID,ACCIDENT_YEAR,PROC_DATE,JURIS,COLLISION_DATE,COLLISION_TIME,OFFICER_ID,REPORTING_DISTRICT,DAY_OF_WEEK,CHP_SHIFT,POPULATION,CNTY_CITY_LOC,SPECIAL_COND,BEAT_TYPE,CHP_BEAT_TYPE,CITY_DIVISION_LAPD,CHP_BEAT_CLASS,BEAT_NUMBER,PRIMARY_RD,SECONDARY_RD,DISTANCE,DIRECTION,INTERSECTION,WEATHER_1,WEATHER_2,STATE_HWY_IND,CALTRANS_COUNTY,CALTRANS_DISTRICT,STATE_ROUTE,ROUTE_SUFFIX,POSTMILE_PREFIX,POSTMILE,LOCATION_TYPE,RAMP_INTERSECTION,SIDE_OF_HWY,TOW_AWAY,COLLISION_SEVERITY,NUMBER_KILLED,NUMBER_INJURED,PARTY_COUNT,PRIMARY_COLL_FACTOR,PCF_CODE_OF_VIOL,PCF_VIOL_CATEGORY,PCF_VIOLATION,PCF_VIOL_SUBSECTION,HIT_AND_RUN,TYPE_OF_COLLISION,MVIW,PED_ACTION,ROAD_SURFACE,ROAD_COND_1,ROAD_COND_2,LIGHTING,CONTROL_DEVICE,CHP_ROAD_TYPE,PEDESTRIAN_ACCIDENT,BICYCLE_ACCIDENT,MOTORCYCLE_ACCIDENT,TRUCK_ACCIDENT,NOT_PRIVATE_PROPERTY,ALCOHOL_INVOLVED,STWD_VEHTYPE_AT_FAULT,CHP_VEHTYPE_AT_FAULT,COUNT_SEVERE_INJ,COUNT_VISIBLE_INJ,COUNT_COMPLAINT_PAIN,COUNT_PED_KILLED,COUNT_PED_INJURED,COUNT_BICYCLIST_KILLED,COUNT_BICYCLIST_INJURED,COUNT_MC_KILLED,COUNT_MC_INJURED,PRIMARY_RAMP,SECONDARY_RAMP,LATITUDE,LONGITUDE,COUNTY,CITY,POINT_X,POINT_Y
92412527,2024,2024-06-12,9420,2024-05-27,"854 ",020163,,1,1,9,1500,0,1,3,,2,204,"STATE ROUTE 204 (GOLDEN STATE AVENUE)","KERN RIVER BRIDGE",353.00,N,N,A,-,Y,KER,,204," "," ",5.990,H,,R,Y,2,0,1,1,A,-,01,23152,A,N,F,0,A,A,H,-,A,D,0,,,,,Y,Y,E,22,1,0,0,0,0,0,0,0,0,"- ","- ",35.398040771484375,-119.03401184082031,KERN,UNINCORPORATED,-119.03404998779297,35.398006439208984
92413640,2024,2024-06-13,9830,2024-02-21,1055,020866,,3,1,9,1500,0,1,3,,1,040,"STATE ROUTE 14","STATE ROUTE 58",624.00,N,N,A,-,Y,KER,,14," "," ",19.242,H,,R,N,1,1,1,2,A,-,09,21802,A,N,D,C,A,A,H,-,A,A,0,,,,,Y,,D,22,0,1,0,0,0,0,0,0,0,"- ","- ",35.100460052490234,-118.14289093017578,KERN,UNINCORPORATED,-118.14293670654297,35.100486755371094
92414028,2024,2024-06-13,9430,2024-06-03,1125,020875,,1,1,9,1500,0,1,1,,2,052,"I-5 S/B (GOLDEN STATE FREEWAY)","LEBEC SERVICE ROAD",7920.00,N,N,B,-,Y,KER,,5," "," ",3.295,H,,L,Y,2,0,2,2,A,-,07,21658,A,N,B,C,A,A,H,-,A,D,0,,,,,Y,,A,01,1,1,0,0,0,0,0,0,0,"- ","- ",34.857021331787109,-118.87605285644531,KERN,UNINCORPORATED,-118.87591552734375,34.857086181640625
92415925,2024,2024-06-17,9420,2024-06-06,"114 ",021802,,4,3,9,1500,0,3,5,,2,672,"E CASA LOMA DRIVE","MADISON STREET",310.00,E,N,A,-,N,,,,,,,,,,Y,2,0,1,3,A,-,01,23152,A,N,E,9,A,A,H,-,D,A,0,,,,,Y,Y,A,07,1,0,0,0,0,0,0,0,0,"- ","- ",35.339851379394531,-118.99315643310547,KERN,UNINCORPORATED,-118.99322509765625,35.339450836181641
92416414,2024,2024-06-17,9420,2024-06-06,1556,022305,,4,2,9,1500,0,2,4,,1,072,"NILES ST","VALE ST",49.00,W,N,A,-,N,,,,,,,,,,N,2,0,1,2,A,-,11,21954,A,F,G,B,D,A,H,-,A,D,0,Y,,,,Y,,N,60,1,0,0,0,1,0,0,0,0,"- ","- ",35.375949859619141,-118.94660186767578,KERN,UNINCORPORATED,-118.946533203125,35.375934600830078
92417101,2024,2024-06-18,9420,2024-06-14,1605,022385,,5,2,9,1500,0,1,3,,2,093,"SR-99 S/B","CALIFORNIA AVENUE",200.00,S,N,A,-,Y,KER,,99," "," ",24.563,H,,L,Y,2,0,5,4,A,-,07,21658,A,F,B,A,A,A,H,-,A,D,0,,,,,Y,,-,99,1,4,0,0,0,0,0,0,0,"- ","- ",35.367630004882812,-119.04167175292969,KERN,UNINCORPORATED,-119.04164123535156,35.367637634277344
92417618,2024,2024-06-18,9420,2024-06-17,"540 ",019868,,1,3,9,1500,0,3,5,,2,530,SR-155,"DRIVER RD",2221.00,E,N,A,-,Y,KER,,155," ",R,2.872,H,,R,Y,2,0,1,1,A,-,08,22107,,N,F,A,A,A,H,-,A,D,0,,,,,Y,,A,07,1,0,0,0,0,0,0,0,0,"- ","- ",35.761348724365234,-119.19808197021484,KERN,UNINCORPORATED,-119.19808197021484,35.761417388916016
92418102,2024,2024-06-19,9420,2024-03-01,1730,019686,,5,2,9,1500,0,1,3,,1,650,"STATE ROUTE 65","STATE ROUTE 155",3395.00,N,N,B,-,Y,KER,,65," "," ",23.606,H,,R,Y,1,1,1,4,A,-,16,24002,,F,E,9,A,A,H,-,A,D,0,,,,Y,Y,,-,99,0,1,0,0,0,0,0,0,0,"- ","- ",35.768100738525391,-119.05329132080078,KERN,UNINCORPORATED,-119.05330657958984,35.768100738525391
92420521,2024,2024-06-21,9830,2024-06-12,2500,021751,,3,4,9,1500,0,3,5,,2,005,"REDROCK RANDSBURG ROAD","BUTTE AVENUE",20064.00,W,N,A,-,N,,,,,,,,,,N,2,0,1,2,A,-,11,21954,A,N,G,B,E,A,H,-,D,D,0,Y,,,,Y,,N,60,1,0,0,0,1,0,0,0,0,"- ","- ",35.384788513183594,-117.72164916992188,KERN,UNINCORPORATED,-117.71746063232422,35.384376525878906
92421865,2024,2024-06-24,9420,2024-06-16,"11  ",021826,,7,3,9,1500,0,2,4,,1,072,"NILES STREET","OSWELL ST",0.00,,Y,A,-,N,,,,,,,,,,Y,2,0,6,12,A,-,12,21453,A,N,B,2,F,A,H,-,C,A,0,Y,,,,Y,,A,01,1,2,3,0,4,0,0,0,0,"- ","- ",35.375820159912109,-118.94966125488281,KERN,UNINCORPORATED,-118.94982147216797,35.375965118408203
92422017,2024,2024-06-24,9426,2024-06-13,1827,018610,,4,2,9,1500,0,3,5,,2,081,"ELM STREET","PIERCE STREET",0.00,,Y,A,-,N,,,,,,,,,,Y,2,0,1,2,A,-,09,21800,A,N,D,C,A,A,H,-,A,D,0,,,Y,,Y,,C,02,1,0,0,0,0,0,0,0,1,"- ","- ",35.157768249511719,-119.46279907226562,KERN,UNINCORPORATED,-119.46266937255859,35.157573699951172
92422241,2024,2024-06-24,9430,2024-06-14,2205,022345,,5,3,9,1500,0,2,4,,1,021,"MOUNT PINOS WAY","WALNUT TRAIL",35.00,E,N,A,-,N,,,,,,,,,,N,2,0,1,2,A,-,08,22107,,F,A,C,A,A,H,-,D,D,0,,,,,Y,,-,"- ",1,0,0,0,0,0,0,0,0,"- ","- ",34.823799133300781,-118.95658111572266,KERN,UNINCORPORATED,-118.95664215087891,34.823783874511719
92422266,2024,2024-06-24,9426,2024-04-06,"540 ",016953,,6,3,9,1500,0,1,3,,1,460,"STATE ROUTE 46","LOST HILLS RD",2640.00,E,N,A,-,Y,KER,,46," "," ",30.983,H,,R,Y,1,1,0,2,A,-,08,22107,,N,C,G,A,A,H,-,D,D,0,,Y,,,Y,,D,22,0,0,0,0,0,1,0,0,0,"- ","- ",35.616199493408203,-119.68083190917969,KERN,UNINCORPORATED,-119.68083190917969,35.616001129150391
92422793,2024,2024-06-25,9830,2024-06-13,1534,020866,,4,2,9,1500,0,3,5,,2,004,"NEURALIA RD","ANNE AVE",2640.00,N,N,A,-,N,,,,,,,,,,Y,2,0,1,1,A,-,08,22107,,N,F,A,A,A,H,-,A,D,0,,,,Y,Y,,G,25,1,0,0,0,0,0,0,0,0,"- ","- ",35.246341705322266,-117.98593139648438,KERN,UNINCORPORATED,-117.98593902587891,35.249546051025391
92422819,2024,2024-06-25,9830,2024-06-13,1608,020866,,4,2,9,1500,0,1,3,,1,040,"SR-14 S/B","PHILLIPS RD",3168.00,S,N,A,-,Y,KER,,14," "," ",26.611,H,,R,N,2,0,2,2,A,-,01,23152,,N,A,C,A,A,H,-,A,A,0,,,,,Y,Y,A,01,1,1,0,0,0,0,0,0,0,"- ","- ",35.190399169921875,-118.07272338867188,KERN,UNINCORPORATED,-118.07271575927734,35.190399169921875
92424098,2024,2024-06-26,9420,2024-06-15,"600 ",020163,,6,1,9,1500,0,3,5,,2,550,"KIMBERLINA RD","POPLAR AVE",600.00,E,N,A,-,N,,,,,,,,,,Y,2,0,1,1,A,-,08,22107,,N,E,I,A,A,H,-,A,D,0,,,,,Y,,A,07,1,0,0,0,0,0,0,0,0,"- ","- ",35.558181762695312,-119.29290771484375,KERN,UNINCORPORATED,-119.29325866699219,35.558151245117188
92425815,2024,2024-06-28,9830,2024-06-16,1815,023211,,7,2,9,1500,0,1,3,,1,040,SR-14,"JAWBONE CANYON ROAD",16685.00,S,N,G,-,Y,KER,,14," "," ",32.203,H,,R,Y,2,0,1,1,A,-,03,22350,,N,F,A,A,A,H,-,A,D,0,,,Y,,Y,,C,02,1,0,0,0,0,0,0,0,1,"- ","- ",35.26483154296875,-118.03565216064453,KERN,UNINCORPORATED,-118.03546905517578,35.264785766601562
92427120,2024,2024-07-01,9420,2024-06-15,"145 ",021144,,6,3,9,1500,0,1,3,,2,223,SR-223,"RT 5",1500.00,E,N,A,-,Y,KER,,223," "," ",2.517,H,,R,Y,2,0,2,1,A,-,01,23152,A,N,E,I,A,A,H,-,D,D,0,,,,,Y,Y,A,01,1,1,0,0,0,0,0,0,0,"- ","- ",35.208919525146484,-119.15122222900391,KERN,UNINCORPORATED,-119.15122222900391,35.208950042724609
92428247,2024,2024-07-02,9420,2024-06-06,2230,021849,,4,3,9,1500,0,3,5,,2,060,"CALLOWAY DRIVE","SLIKKER DRIVE",170.00,S,N,A,-,N,,,,,,,,,,N,2,0,1,2,A,-,01,23152,A,N,G,G,A,A,H,-,C,D,0,,Y,,,Y,Y,D,22,1,0,0,0,0,0,1,0,0,"- ","- ",35.372768402099609,-119.10997772216797,KERN,UNINCORPORATED,-119.11006927490234,35.372825622558594
92429688,2024,2024-07-03,9420,2024-06-27,"708 ",020782,,4,1,9,1500,0,2,4,,1,052,"CHINA GRADE LOOP","GETTY FWY",420.00,E,N,A,-,N,,,,,,,,,,Y,2,0,3,2,A,-,05,21460,,N,A,C,A,A,H,-,A,D,0,,,,,Y,,D,22,1,0,2,0,0,0,0,0,0,"- ","- ",35.426929473876953,-118.97998046875,KERN,UNINCORPORATED,-118.97990417480469,35.426914215087891
92429827,2024,2024-07-03,9426,2024-06-22,"420 ",022015,,6,3,9,1500,0,1,3,,1,118,SR-119,SR-43,5808.00,W,N,A,-,Y,KER,,119," "," ",17.026,H,,R,Y,2,0,2,1,A,-,08,22107,,N,E,I,A,A,H,-,D,D,0,,,,,Y,,A,01,1,1,0,0,0,0,0,0,0,"- ","- ",35.267391204833984,-119.27288818359375,KERN,UNINCORPORATED,-119.27288818359375,35.267417907714844
92432645,2024,2024-07-08,9426,2024-05-26,2308,019896,,7,3,9,1500,0,1,1,,2,502,"INTERSTATE-5 N/B","EAST SIDE CANAL",1685.00,N,N,A,-,Y,KER,,5," "," ",68.351,H,,R,Y,1,1,0,1,A,-,08,22107,,N,F,0,A,A,H,-,D,D,0,,,,,Y,,A,01,0,0,0,0,0,0,0,0,0,"- ","- ",35.562740325927734,-119.60276794433594,KERN,UNINCORPORATED,-119.60282897949219,35.562698364257812
92435201,2024,2024-07-10,9426,2024-06-30,1614,019442,,7,2,9,1500,0,1,1,,2,500,"I-5 N/B","TWISSELMAN RD",2112.00,N,N,A,-,Y,KER,,5," "," ",82.884,H,,R,Y,2,0,1,1,A,-,01,23152,A,N,E,8,A,A,H,-,A,D,0,,,,,Y,Y,A,01,1,0,0,0,0,0,0,0,0,"- ","- ",35.738601684570312,-119.7440185546875,KERN,UNINCORPORATED,-119.74407958984375,35.738571166992188
92440438,2024,2024-07-16,9420,2024-07-02,"735 ",019140,,2,1,9,1500,0,1,3,,2,178,"STATE ROUTE 178","MOBILE DRIVE",4570.00,W,N,A,-,Y,KER,,178," "," ",48.907,H,,R,Y,1,1,0,1,A,-,08,22107,,N,E,I,A,A,H,-,A,D,0,,,Y,,Y,,C,02,0,0,0,0,0,0,0,1,0,"- ","- ",35.651279449462891,-118.42162322998047,KERN,UNINCORPORATED,-118.42159271240234,35.651233673095703
92440494,2024,2024-07-16,9420,2024-06-27,2119,021882,,4,2,9,1500,0,1,3,,2,584,"FAIRFAX RD",SR-58,100.00,S,N,A,-,N,,,,,,,,,,Y,2,0,2,2,A,-,01,23152,A,N,A,C,A,A,H,-,C,D,0,,,,,Y,Y,D,22,1,1,0,0,0,0,0,0,0,"- ","- ",35.351238250732422,-118.93199157714844,KERN,UNINCORPORATED,-118.93196868896484,35.352546691894531
92442458,2024,2024-11-15,9420,2024-05-11,2021,019686,,6,2,9,1500,0,1,3,,2,090,"SR-99 N/B","SHERWOOD AVENUE",2640.00,S,N,A,-,Y,KER,,99," "," ",48.432,H,,R,Y,1,1,1,1,A,-,01,23152,F,N,F,A,A,A,H,-,D,D,0,,,,,Y,,A,01,1,0,0,0,0,0,0,0,0,"- ","- ",35.660991668701172,-119.22281646728516,KERN,UNINCORPORATED,-119.22299194335938,35.660964965820312
92443548,2024,2024-07-19,9420,2024-06-14,"935 ",019658,,5,1,9,1500,0,1,3,,1,650,"STATE ROUTE-65","STATE ROUTE-155",6336.00,S,N,A,-,Y,KER,,65," "," ",21.940,H,,R,Y,1,1,1,2,A,-,08,22107,,N,A,C,A,A,H,-,A,D,0,,,,Y,Y,,A,01,0,0,1,0,0,0,0,0,0,"- ","- ",35.744319915771484,-119.05510711669922,KERN,UNINCORPORATED,-119.05510711669922,35.744319915771484
92443554,2024,2024-08-14,9420,2024-06-25,2215,021915,,2,3,9,1500,0,1,3,,2,155,"STATE ROUTE 155","SAWMILL ROAD",2640.00,W,N,A,-,Y,KER,,155," "," ",66.126,H,,R,Y,1,1,1,2,A,-,05,21460,A,N,A,C,A,A,H,-,D,D,0,,,,,Y,,A,01,1,0,0,0,0,0,0,0,0,"- ","- ",35.686660766601562,-118.46755218505859,KERN,UNINCORPORATED,-118.46753692626953,35.686649322509766
9245592,2021,2021-04-01,1509,2021-02-09,1440,1002,W,2,5,3,1509,0,0,0,,0,,"TUCKER RD","VALLEY BL",0.00,,Y,A,-,N,,,202,,,,,,,N,2,0,1,2,A,-,11,21456,,N,G,B,B,A,H,-,A,A,0,Y,,,,Y,,N,60,1,0,0,0,1,0,0,0,0,"- ","- ",35.124320983886719,-118.4677734375,KERN,TEHACHAPI,-118.46779632568359,35.124343872070312
92554907,2024,2024-07-23,9420,2024-07-15,1455,020402,,1,2,9,1500,0,1,3,,1,650,"SR-65 HIGHWAY","FAMOSO ROAD",4270.00,S,N,A,-,Y,KER,,65," "," ",11.048,H,,R,Y,2,0,7,2,C,-,18,,,N,D,C,A,A,H,-,A,D,0,,,,,Y,,-,"- ",3,3,1,0,0,0,0,0,0,"- ","- ",35.590850830078125,-119.08969116210938,KERN,UNINCORPORATED,-119.08971405029297,35.590850830078125
9256125,2021,2023-06-20,1507,2021-03-09,1537,281,27,2,5,3,1507,0,0,0,,0,,"EAST LERDO HWY","VULTEE ST",0.00,,Y,A,-,N,,,,,,,,,,N,1,1,1,2,A,-,09,21802,A,N,D,C,A,A,H,-,A,A,0,,,Y,,Y,,D,72,0,1,0,0,0,0,0,1,0,"- ","- ",35.499809265136719,-119.18173980712891,KERN,SHAFTER,-119.18177032470703,35.499671936035156
92596541,2024,2024-07-24,9420,2024-07-18,2154,021915,,4,2,9,1500,0,3,5,,2,320,"SALAINE DRIVE","COLUMBUS AVENUE",167.00,S,N,A,-,N,,,,,,,,,,N,2,0,3,2,A,-,08,22107,,F,A,G,A,A,H,-,D,D,0,,,Y,,Y,,C,02,1,1,1,0,0,0,0,0,3,"- ","- ",35.587528228759766,-118.49395751953125,KERN,UNINCORPORATED,-118.49393463134766,35.587482452392578
9263431,2021,2021-05-13,1511,2021-03-15,1756,53316,2,1,5,2,1511,0,0,0,,0,00A,"NEURALIA RD","POPPY BL",0.00,,Y,A,-,N,,,,,,,,,,N,2,0,1,2,A,-,09,21802,A,N,B,C,A,A,H,-,A,A,0,,,,,Y,,A,08,1,0,0,0,0,0,0,0,0,"- ","- ",35.133079528808594,-117.98584747314453,KERN,"CALIFORNIA CITY",-117.98586273193359,35.133056640625
9264053,2021,2021-05-26,1500,2021-04-29,1533,201111,WA02,4,5,3,1510,0,0,0,,0,4401,"RT 43","FILBURN AV",0.00,,Y,A,-,Y,KER,6,43,-,R,23.624,I,5,S,Y,2,0,2,2,A,-,09,21802,A,N,D,C,A,A,H,-,A,A,0,,,Y,,Y,,A,01,1,1,0,0,0,0,0,0,1,"- ","- ",,,KERN,WASCO,-119.33409881591797,35.579723358154297
9268862,2021,2021-06-07,1507,2021-04-15,1241,281,21,4,5,3,1507,0,0,0,,0,,"RIVERSIDE ST","CHERRY AV",0.00,,Y,A,-,N,,,,,,,,,,N,2,0,1,2,A,-,12,22450,A,N,D,D,A,A,H,-,A,A,0,,,,,Y,,-,,1,0,0,0,0,0,0,0,0,"- ","- ",35.485210418701172,-119.24294281005859,KERN,SHAFTER,-119.24296569824219,35.485210418701172
9270923,2021,2021-06-29,1503,2021-01-26,1759,10160,2007,2,5,4,1503,0,0,0,,0,,"CECELIA CT",POLE,3.00,W,N,A,-,N,,,,,,,,,,Y,2,0,3,3,A,-,04,21703,,N,C,D,A,A,H,-,D,D,0,,,,,Y,Y,A,01,3,0,0,0,0,0,0,0,0,"- ","- ",35.775859832763672,-119.27631378173828,KERN,DELANO,,
9271839,2021,2021-06-11,1509,2021-05-31,0940,1005,E,1,5,3,1509,0,0,0,,0,,"EAST TEHACHAPI BL","STEUBER RD",175.00,W,N,A,-,N,,,,,,,,,,N,2,0,1,1,A,-,08,22107,,N,E,I,A,A,H,-,A,-,0,,,Y,,Y,,C,02,1,0,0,0,0,0,0,0,1,"- ","- ",35.127689361572266,-118.41423797607422,KERN,TEHACHAPI,-118.41480255126953,35.127758026123047
9278113,2021,2021-06-25,1511,2021-05-16,1634,53303,2,7,5,2,1511,0,0,0,,0,00A,"CALIFORNAI CITY BL","REFERENCE PONT",18.00,W,N,A,-,N,,,,,,,,,,Y,2,0,3,3,A,-,09,21801,A,N,D,C,A,A,H,-,A,D,0,,,,,Y,,A,01,1,2,0,0,0,0,0,0,0,"- ","- ",35.126308441162109,-118.00124359130859,KERN,"CALIFORNIA CITY",,
9283734,2021,2021-08-02,1511,2021-06-09,2024,53324,7,3,5,2,1511,0,0,0,,0,00A,"SHERIDAN ST","IVES DR",60.00,E,N,A,-,N,,,,,,,,,,N,2,0,2,3,A,-,08,22107,,N,G,B,E,A,H,-,B,D,0,Y,,,,Y,,A,07,1,1,0,0,2,0,0,0,0,"- ","- ",35.134048461914062,-117.93913269042969,KERN,"CALIFORNIA CITY",-117.93917083740234,35.134128570556641
9286148,2021,2021-07-15,1501,2021-06-21,1746,997,12,1,5,3,1501,0,0,0,,0,001,"MEYER ST","BEAR MOUNTAIN BL",0.00,,Y,A,-,Y,KER,6,223,-,-,20.660,I,5,E,Y,2,0,3,3,A,-,12,21453,A,F,D,D,A,A,H,-,A,A,0,,,,,Y,Y,A,01,1,2,0,0,0,0,0,0,0,"- ","- ",35.209129333496094,-118.83321380615234,KERN,ARVIN,-118.83313751220703,35.209079742431641
9292466,2021,2021-07-27,1511,2021-03-18,0719,53338,5,4,5,2,1511,0,0,0,,0,00A,"CALIFORNIA CITY BL","SOUTH LOOP BL",419.00,E,N,A,-,N,,,,,,,,,,N,2,0,1,2,A,-,11,21954,A,F,G,B,E,A,H,-,A,D,0,Y,,,,Y,Y,-,,1,0,0,0,1,0,0,0,0,"- ","- ",35.119239807128906,-117.93874359130859,KERN,"CALIFORNIA CITY",-117.97306823730469,35.125690460205078
9299712,2021,2021-09-13,1508,2021-07-17,1625,130,,6,5,2,1508,0,0,0,,0,,"FRONT ST","AMBER ST",83.00,W,N,A,-,N,,,,,,,,,,N,2,0,1,2,A,-,09,21802,A,N,H,G,A,A,H,-,A,D,0,,Y,,,Y,,L,04,1,0,0,0,0,0,1,0,0,"- ","- ",35.138431549072266,-119.46189117431641,KERN,TAFT,-119.46103668212891,35.138130187988281
9299713,2021,2021-09-13,1508,2021-07-17,0150,136,3B,6,5,2,1508,0,0,0,,0,,"SUPPLY ROW","2ND ST",500.00,E,N,A,-,N,,,,,,,,,,Y,2,0,2,1,A,-,01,23153,A,N,H,A,A,A,H,-,C,D,0,,,,,Y,Y,A,01,2,0,0,0,0,0,0,0,0,"- ","- ",35.143119812011719,-119.45297241210938,KERN,TAFT,-119.45565032958984,35.137531280517578
93051187,2024,2024-07-31,9420,2024-07-20,"804 ",021144,,6,1,9,1500,0,3,5,,2,070,"COLUMBUS ST.","LOMA LINDA DR.",296.00,E,N,A,-,N,,,,,,,,,,Y,2,0,1,1,A,-,01,23152,A,N,E,8,A,A,H,-,A,D,0,,,,,Y,Y,A,01,1,0,0,0,0,0,0,0,0,"- ","- ",35.397449493408203,-118.99729919433594,KERN,UNINCORPORATED,-118.99745178222656,35.397480010986328
9316311,2021,2021-09-22,1507,2021-08-22,2008,297,20,7,5,3,1507,0,0,0,,0,,"S SHAFTER AV","E LOS ANGELES",262.00,N,N,A,-,N,,,,,,,,,,Y,2,0,1,2,A,-,09,21801,,N,A,C,A,A,H,-,D,D,0,,,Y,,Y,,A,01,1,0,0,0,0,0,0,0,1,"- ","- ",35.492591857910156,-119.27838897705078,KERN,SHAFTER,-119.27841186523438,35.493309020996094
9320088,2020,2022-06-14,1502,2020-08-14,2216,1265,,5,5,6,1502,0,0,0,,0,METRO,"UNION AV","8TH ST",63.00,N,N,A,-,Y,KER,6,204,-,-,2.820,H,-,N,,1,1,0,2,A,-,11,21956,A,N,G,B,E,A,H,-,C,D,0,Y,,,,Y,,N,60,0,0,0,1,0,0,0,0,0,"- ","- ",,,KERN,BAKERSFIELD,-119.00296020507812,35.364646911621094
9320636,2022,2022-04-26,1500,2022-02-24,1945,202354,WA-02,4,5,3,1510,0,0,0,,0,4401,"N PALM AV","GROMER AV",110.00,S,N,A,-,N,,,,,,,,,,N,1,1,0,2,A,-,11,21954,A,N,G,B,D,A,H,-,C,A,0,Y,,,,Y,,N,60,0,0,0,1,0,0,0,0,0,"- ","- ",,,KERN,WASCO,-119.34915924072266,35.608489990234375
9320682,2021,2023-06-21,1511,2021-10-14,1943,53338,4,4,5,2,1511,0,0,0,,0,00A,"SHAW ST","SUSAN AV",17.00,W,N,A,-,N,,,,,,,,,,Y,1,1,0,2,A,-,08,22107,,F,G,B,E,A,H,-,D,D,0,Y,,,,Y,,A,01,0,0,0,1,0,0,0,0,0,"- ","- ",35.13690185546875,-117.95823669433594,KERN,"CALIFORNIA CITY",-117.95823669433594,35.135910034179688
9321091,2021,2023-06-20,1502,2021-03-13,1844,1225,,6,5,6,1502,0,0,0,,0,CENTRA,"COFFEE RD","BRIMHALL RD",964.00,N,N,A,-,N,,,,,,,,,,Y,1,1,0,2,A,-,05,21650,1,N,H,G,A,A,H,-,D,D,0,,Y,,,Y,,L,04,0,0,0,0,0,1,0,0,0,"- ","- ",35.371311187744141,-119.0926513671875,KERN,BAKERSFIELD,-119.09236907958984,35.371414184570312
9321094,2021,2022-08-23,1502,2021-08-14,1935,P63,,6,5,6,1502,0,0,0,,0,HILL,"CHESTER AV","GARCES CIR",151.00,,N,A,-,N,,,,,,,,,,Y,1,1,1,2,A,-,01,23152,A,F,C,C,A,A,H,-,B,D,0,,,,,Y,Y,A,01,0,1,0,0,0,0,0,0,0,"- ","- ",35.387760162353516,-119.01808166503906,KERN,BAKERSFIELD,-119.01905059814453,35.386524200439453
9321098,2021,2023-06-20,1502,2021-11-05,0142,1168,,5,5,6,1502,0,0,0,,0,CENTRA,"MING AV","CALLE HIJA",165.00,W,N,A,-,N,,,,,,,,,,N,1,1,0,2,A,-,11,21956,A,N,G,B,E,A,H,-,C,D,0,Y,,,,Y,Y,N,60,0,0,0,1,0,0,0,0,0,"- ","- ",35.339008331298828,-119.08683776855469,KERN,BAKERSFIELD,-119.08705139160156,35.338951110839844
9321101,2021,2022-08-24,1502,2021-11-28,1248,1322,,7,5,6,1502,0,0,0,,0,HILL,"GOLDEN STATE RD","Q ST",0.00,,Y,A,-,N,,,,,,,,,,Y,1,1,2,2,A,-,12,21453,A,N,D,C,A,A,H,-,A,A,0,,,,,Y,,A,07,0,1,1,0,0,0,0,0,0,"- ","- ",35.382839202880859,-119.01061248779297,KERN,BAKERSFIELD,-119.01058197021484,35.382427215576172
9321102,2021,2022-08-24,1502,2021-12-08,1316,1188,,3,5,6,1502,0,0,0,,0,VALLEY,"PANAMA LN","HAMMOND WY",0.00,,Y,A,-,N,,,,,,,,,,Y,1,2,1,3,A,-,01,23152,F,N,G,B,F,A,H,-,A,D,0,Y,,,,Y,,A,07,0,0,1,2,0,0,0,0,0,"- ","- ",35.295848846435547,-119.01821899414062,KERN,BAKERSFIELD,-119.01773071289062,35.295875549316406
9321104,2021,2023-06-20,1502,2021-12-31,1853,1322,,5,5,6,1502,0,0,0,,0,NORTH,"CALLOWAY DR","STOCKDALE HWY",485.00,N,N,B,-,N,,,,,,,,,,N,1,1,0,2,A,-,11,21954,A,F,G,B,D,A,H,-,D,D,0,Y,,,,Y,,N,60,0,0,0,1,0,0,0,0,0,"- ","- ",35.354621887207031,-119.11585235595703,KERN,BAKERSFIELD,-119.11537170410156,35.354629516601562
9324231,2021,2021-09-24,1507,2021-08-27,1700,289,21,5,5,3,1507,0,0,0,,0,,"CENTRAL VALLEY HWY","BEECH AV",647.00,N,N,A,-,N,,,43,,,,,,,Y,2,0,2,3,A,-,04,21703,,N,C,C,A,A,H,-,A,D,0,,,,,Y,,A,01,1,0,1,0,0,0,0,0,0,"- ","- ",35.492210388183594,-119.26091766357422,KERN,SHAFTER,-119.26092529296875,35.492202758789062
93243613,2024,2024-08-01,9420,2024-07-17,"532 ",020366,,3,3,9,1500,0,2,4,,1,075,"S. UNION AVENUE","DI GIORGIO ROAD",0.00,,Y,A,-,N,,,,,,,,,,Y,2,0,4,2,A,-,09,21802,A,N,D,C,A,A,H,-,A,A,0,,,,,Y,,A,01,1,3,0,0,0,0,0,0,0,"- ","- ",35.252300262451172,-119.00302124023438,KERN,UNINCORPORATED,-119.00299835205078,35.252269744873047
9327467,2021,2021-09-28,1509,2021-08-11,1452,1005,,3,5,3,1509,0,0,0,,0,,"S CURRY ST","SOUTH ALDER",452.00,N,N,B,-,N,,,,,,,,,,Y,2,0,1,1,A,-,08,22107,,N,E,I,A,A,H,-,A,D,0,,,,,Y,,-,,1,0,0,0,0,0,0,0,0,"- ","- ",35.113670349121094,-118.4500732421875,KERN,TEHACHAPI,-118.45004272460938,35.112270355224609