CASE_ID,ACCIDENT_YEAR,PROC_DATE,JURIS,COLLISION_DATE,COLLISION_TIME,OFFICER_ID,REPORTING_DISTRICT,DAY_OF_WEEK,CHP_SHIFT,POPULATION,CNTY_CITY_LOC,SPECIAL_COND,BEAT_TYPE,CHP_BEAT_TYPE,CITY_DIVISION_LAPD,CHP_BEAT_CLASS,BEAT_NUMBER,PRIMARY_RD,SECONDARY_RD,DISTANCE,DIRECTION,INTERSECTION,WEATHER_1,WEATHER_2,STATE_HWY_IND,CALTRANS_COUNTY,CALTRANS_DISTRICT,STATE_ROUTE,ROUTE_SUFFIX,POSTMILE_PREFIX,POSTMILE,LOCATION_TYPE,RAMP_INTERSECTION,SIDE_OF_HWY,TOW_AWAY,COLLISION_SEVERITY,NUMBER_KILLED,NUMBER_INJURED,PARTY_COUNT,PRIMARY_COLL_FACTOR,PCF_CODE_OF_VIOL,PCF_VIOL_CATEGORY,PCF_VIOLATION,PCF_VIOL_SUBSECTION,HIT_AND_RUN,TYPE_OF_COLLISION,MVIW,PED_ACTION,ROAD_SURFACE,ROAD_COND_1,ROAD_COND_2,LIGHTING,CONTROL_DEVICE,CHP_ROAD_TYPE,PEDESTRIAN_ACCIDENT,BICYCLE_ACCIDENT,MOTORCYCLE_ACCIDENT,TRUCK_ACCIDENT,NOT_PRIVATE_PROPERTY,ALCOHOL_INVOLVED,STWD_VEHTYPE_AT_FAULT,CHP_VEHTYPE_AT_FAULT,COUNT_SEVERE_INJ,COUNT_VISIBLE_INJ,COUNT_COMPLAINT_PAIN,COUNT_PED_KILLED,COUNT_PED_INJURED,COUNT_BICYCLIST_KILLED,COUNT_BICYCLIST_INJURED,COUNT_MC_KILLED,COUNT_MC_INJURED,PRIMARY_RAMP,SECONDARY_RAMP,LATITUDE,LONGITUDE,COUNTY,CITY,POINT_X,POINT_Y
93281285,2024,2024-08-02,9430,2024-07-28,2210,021296,,7,3,9,1500,0,1,1,,2,052,"I-5 N/B","FORT TEJON ROAD",1189.00,S,N,A,-,Y,KER,,5," "," ",4.811,H,,R,Y,2,0,1,1,A,-,08,22107,,N,E,I,A,A,H,-,D,A,0,,,,,Y,,A,01,1,0,0,0,0,0,0,0,0,"- ","- ",34.874900817871094,-118.89182281494141,KERN,UNINCORPORATED,-118.89205169677734,34.874729156494141
9336902,2021,2021-09-30,1506,2021-08-21,2201,3232,27,6,5,4,1506,0,0,0,,0,,"N NORMA ST","W COSO AV",0.00,,Y,A,-,N,,,,,,,,,,Y,2,0,1,1,-,-,"- ",,,N,F,A,A,A,H,-,C,D,0,,,,,Y,,A,07,1,0,0,0,0,0,0,0,0,"- ","- ",35.622798919677734,-117.67881774902344,KERN,RIDGECREST,-117.67881011962891,35.627975463867188
9350780,2021,2021-11-06,1506,2021-10-14,1727,1304,50,4,5,4,1506,0,0,0,,0,,"S INYO ST","W BOWMAN RD",22.00,S,N,A,-,N,,,,,,,,,,N,2,0,1,2,A,-,09,21804,,N,D,C,A,A,H,-,A,D,0,,,Y,,Y,,C,02,1,0,0,0,0,0,0,0,1,"- ","- ",35.607780456542969,-117.69239807128906,KERN,RIDGECREST,-117.69240570068359,35.607707977294922
93521470,2024,2024-08-05,9420,2024-07-25,2328,021870,,4,3,9,1500,0,3,5,,2,060,"NORRIS ROAD","CRESTMORE STREET",251.00,E,N,A,-,N,,,,,,,,,,N,2,0,4,2,A,-,01,23152,A,N,B,E,A,A,H,-,D,D,0,,,,,Y,Y,A,01,1,1,2,0,0,0,0,0,0,"- ","- ",35.419639587402344,-119.07743835449219,KERN,UNINCORPORATED,-119.07747650146484,35.419681549072266
9360301,2021,2021-12-16,1511,2021-09-30,1806,53316,4,4,5,2,1511,0,0,0,,0,00A,"POPPY BL","NEURALIA RD",0.00,,Y,A,-,N,,,,,,,,,,N,2,0,3,2,A,-,09,21802,A,N,D,C,A,A,H,-,A,A,0,,,,,Y,,-,,1,0,2,0,0,0,0,0,0,"- ","- ",35.133079528808594,-117.98584747314453,KERN,"CALIFORNIA CITY",-117.98586273193359,35.133056640625
93764218,2024,2024-08-06,9420,2024-07-30,1920,021845,,2,2,9,1500,0,1,3,,2,587,"SR-58 W/B",SR-184,2112.00,E,N,A,-,Y,KER,,58," ",R,59.833,H,,L,Y,2,0,2,1,A,-,08,22107,,N,F,I,A,A,H,-,A,D,0,,,,,Y,,A,07,1,1,0,0,0,0,0,0,0,"- ","- ",35.352001190185547,-118.90724945068359,KERN,UNINCORPORATED,-118.90725708007812,35.351951599121094
93768759,2024,2024-08-07,9420,2024-07-09,2040,021534,,2,2,9,1500,0,2,4,,1,051,"N. CHESTER AVE","ROBERTS LANE",110.00,N,N,A,-,N,,,,,,,,,,N,2,0,1,2,A,-,11,21954,A,F,G,B,D,A,H,-,C,D,0,Y,,,,Y,,N,60,1,0,0,0,1,0,0,0,0,"- ","- ",35.408969879150391,-119.02108764648438,KERN,UNINCORPORATED,-119.02108764648438,35.408943176269531
9379296,2021,2022-01-14,1508,2021-12-12,2009,138,3B,7,5,2,1508,0,0,0,,0,00B,"6TH ST","RT 33",0.00,,Y,A,-,Y,KER,6,33,-,-,18.790,I,5,S,Y,2,0,1,2,A,-,01,23153,B,F,D,C,A,A,H,-,C,A,0,,,,,Y,Y,A,07,1,0,0,0,0,0,0,0,0,"- ","- ",35.143161773681641,-119.45963287353516,KERN,TAFT,-119.45942687988281,35.143104553222656
9380362,2021,2022-06-03,1511,2021-10-22,1740,53341,,5,5,2,1511,0,0,0,,0,00A,"RT 58","EDISON POLE 4421951E",182.00,W,N,A,-,Y,KER,6,58,-,R,121.250,H,-,W,Y,2,0,1,1,A,-,03,22350,,N,B,I,A,A,H,-,A,D,0,,,,,Y,,D,22,1,0,0,0,0,0,0,0,0,"- ","- ",,,KERN,"CALIFORNIA CITY",-118.02838134765625,35.020671844482422
9380455,2021,2022-01-18,1511,2021-11-27,1548,53085,,6,5,2,1511,0,0,0,,0,DIRT,"155TH ST",MCDONALD,0.00,,Y,A,-,N,,,,,,,,,,N,2,0,1,1,A,-,09,21800,D,N,H,A,A,A,G,-,A,D,0,,,Y,,Y,,-,"- ",1,0,0,0,0,0,0,0,1,"- ","- ",,,KERN,"CALIFORNIA CITY",-117.85320281982422,35.177192687988281
9391797,2021,2022-01-21,1511,2021-12-19,0159,53324,3,7,5,2,1511,0,0,0,,0,00A,"CALIFORNIA CITY BL","BARON BL",190.00,W,N,A,-,N,,,,,,,,,,Y,2,0,3,2,A,-,08,22107,,N,B,C,A,A,H,-,C,D,0,,,,,Y,,A,01,1,2,0,0,0,0,0,0,0,"- ","- ",35.125621795654297,-118.02130889892578,KERN,"CALIFORNIA CITY",-118.02196502685547,35.125633239746094
94109206,2024,2024-08-12,9426,2024-07-15,"57  ",021365,,1,3,9,1500,0,1,3,,1,332,"STATE ROUTE 33","CADET ROAD",2690.00,S,N,A,-,Y,KER,,33," "," ",13.947,H,,R,N,1,1,0,2,A,-,08,22107,,N,C,G,A,A,H,-,D,D,0,,Y,,,Y,,L,04,0,0,0,0,0,1,0,0,0,"- ","- ",35.090408325195312,-119.40548706054688,KERN,UNINCORPORATED,-119.40549468994141,35.090408325195312
9414126,2022,2022-03-04,1506,2022-02-14,1659,8772,43,1,5,4,1506,0,0,0,,0,,"S GORDON ST","VICTORIA CT",16.00,E,N,A,-,N,,,,,,,,,,N,2,0,1,1,A,-,03,22350,A,N,H,A,A,A,H,-,A,D,0,,,Y,,Y,,C,02,1,0,0,0,0,0,0,0,1,"- ","- ",35.612220764160156,-117.68544769287109,KERN,RIDGECREST,-117.68569946289062,35.612388610839844
94176461,2024,2024-08-13,9420,2024-07-04,2100,022615,,4,2,9,1500,0,1,3,,1,176,"STATE ROUTE 178 WESTBOUND","BEALE AVENUE",556.00,E,N,A,-,Y,KER,,178," ",R,3.521,H,,L,Y,1,1,0,2,A,-,11,21954,A,N,G,B,D,A,H,-,D,D,0,Y,,,,Y,,N,60,0,0,0,1,0,0,0,0,0,"- ","- ",35.387199401855469,-118.98439025878906,KERN,UNINCORPORATED,-118.98445892333984,35.387264251708984
9425210,2022,2022-04-14,1508,2022-03-02,2023,141,2B,3,5,2,1508,0,0,0,,0,,"CHURCH ST","APLINE AV",225.00,N,N,A,-,N,,,,,,,,,,N,2,0,1,2,A,-,03,22350,,N,D,C,A,A,H,-,C,D,0,,,Y,,Y,,C,02,1,0,0,0,0,0,0,0,1,"- ","- ",35.141391754150391,-119.47149658203125,KERN,TAFT,-119.47103881835938,35.142215728759766
94353608,2024,2024-08-14,9426,2024-08-11,2007,022015,,7,2,9,1500,0,1,3,,2,432,SR-43,"RT 5",700.00,S,N,A,-,N,,,,,,,,,,N,2,0,2,2,A,-,09,21801,A,N,D,C,A,A,H,-,B,D,0,,,,,Y,,A,01,1,1,0,0,0,0,0,0,0,"- ","- ",35.291049957275391,-119.25248718261719,KERN,UNINCORPORATED,-119.27375030517578,35.502296447753906
94375944,2024,2024-08-29,9430,2024-08-21,"615 ",019845,,3,1,9,1500,0,2,4,,1,023,"CUDDY VALLEY ROAD","O'BRIEN DRIVE",59.00,W,N,A,-,N,,,,,,,,,,Y,2,0,2,2,A,-,08,22107,,N,D,C,A,A,H,-,B,D,0,,,Y,,Y,,A,01,1,1,0,0,0,0,0,0,1,"- ","- ",34.829471588134766,-119.024658203125,KERN,UNINCORPORATED,-119.03723907470703,34.83441162109375
94380796,2024,2024-10-28,9830,2024-08-28,1608,023954,,3,2,9,1500,0,1,3,,1,040,"SR-14 SOUTHBOUND","BUSINESS 58 NORTH",91.00,N,N,A,-,Y,KER,,14," "," ",16.096,H,,L,Y,2,0,4,4,A,-,03,22350,,N,C,C,A,A,H,-,A,D,0,,,,,Y,,A,01,1,2,1,0,0,0,0,0,0,"- ","- ",35.066699981689453,-118.17787933349609,KERN,UNINCORPORATED,-118.17787933349609,35.066699981689453
94391469,2024,2024-09-12,9420,2024-08-20,1658,022305,,2,2,9,1500,0,2,4,,1,072,"EDISON HIGHWAY","STERLING RD",0.00,,Y,A,-,N,,,,,,,,,,Y,2,0,2,3,A,-,03,22350,,F,D,C,A,A,H,-,A,D,0,,,Y,,Y,,C,02,1,1,0,0,0,0,0,0,1,"- ","- ",35.364681243896484,-118.94091033935547,KERN,UNINCORPORATED,-118.94084930419922,35.364700317382812
94392306,2024,2024-09-12,9426,2024-09-01,1240,016828,,7,1,9,1500,0,3,5,,2,082,"ADOHR ROAD","DAIRY ROAD",4752.00,W,N,A,-,N,,,,,,,,,,Y,2,0,1,2,A,-,09,21804,A,N,D,C,A,A,H,-,A,D,0,,,Y,,Y,,C,06,1,0,0,0,0,0,0,0,1,"- ","- ",35.340198516845703,-119.40743255615234,KERN,UNINCORPORATED,-119.41038513183594,35.340240478515625
94392905,2024,2024-09-13,9420,2024-08-28,1710,019903,,3,2,9,1500,0,3,5,,2,060,"SNOW RD","DOLE CT",0.00,,Y,A,-,N,,,,,,,,,,Y,2,0,1,2,A,-,09,21804,A,N,D,C,A,A,H,-,A,D,0,,,,Y,Y,,G,25,1,0,0,0,0,0,0,0,0,"- ","- ",35.42694091796875,-119.07112884521484,KERN,UNINCORPORATED,-119.07118225097656,35.426914215087891
94394806,2024,2025-03-13,9420,2024-07-11,1744,021134,,4,2,9,1500,0,3,5,,2,671,"EAST PANAMA LANE","SOUTH VINELAND ROAD",246.00,E,N,A,-,N,,,,,,,,,,Y,1,1,1,2,A,-,01,23152,A,N,A,C,A,A,H,-,A,D,0,,,,,Y,Y,A,01,1,0,0,0,0,0,0,0,0,"- ","- ",35.296218872070312,-118.89555358886719,KERN,UNINCORPORATED,-118.89556884765625,35.296192169189453
94394827,2024,2024-09-16,9420,2024-07-17,"604 ",020366,,3,1,9,1500,0,3,5,,2,672,"COPUS ROAD","BYRON ROAD",9.00,W,N,A,-,N,,,,,,,,,,Y,1,1,4,1,A,-,03,22350,,N,F,I,A,A,H,-,A,D,0,,,,,Y,,A,07,0,4,0,0,0,0,0,0,0,"- ","- ",35.095291137695312,-119.011962890625,KERN,UNINCORPORATED,-119.011962890625,35.095291137695312
94398769,2024,2024-09-18,9430,2024-08-26,1655,017187,,1,2,9,1500,0,1,1,,2,054,"I-5 N/B","GRAPEVINE ROAD U/C",3168.00,N,N,A,-,Y,KER,,5," "," ",10.798,H,,R,Y,2,0,1,2,A,-,08,22107,,N,B,C,A,A,H,-,A,A,0,,,,,Y,,-,"- ",1,0,0,0,0,0,0,0,0,"- ","- ",34.948078155517578,-118.93314361572266,KERN,UNINCORPORATED,-118.93304443359375,34.948101043701172
94400460,2024,2024-09-19,9420,2024-06-21,"300 ",021905,,5,3,9,1500,0,1,3,,2,090,"FAMOSO POTERVILLE HIGHWAY","CECIL AVENUE",0.00,,Y,A,-,N,,,,,,,,,,Y,1,1,1,2,A,-,01,23152,A,N,D,C,A,A,H,-,D,A,0,,,,,Y,Y,A,01,1,0,0,0,0,0,0,0,0,"- ","- ",35.776321411132812,-119.12361145019531,KERN,UNINCORPORATED,-119.12369537353516,35.776180267333984
94400476,2024,2024-09-19,9420,2024-09-08,1139,020402,,7,1,6,1502,0,1,3,,2,092,"SR-99 NORTHBOUND","CALIFORNIA AVENUE",650.00,N,N,A,-,Y,KER,,99," "," ",24.744,H,,R,Y,2,0,1,2,A,-,03,22350,,N,C,D,A,A,H,-,A,D,0,,,Y,,Y,,C,02,1,0,0,0,0,0,0,0,1,"- ","- ",35.370170593261719,-119.04245758056641,KERN,BAKERSFIELD,-119.04256439208984,35.370140075683594
94403877,2024,2024-09-23,9420,2024-05-31,"135 ",022151,,5,3,9,1500,0,1,3,,2,090,"STATE ROUTE 99","LERDO HIGHWAY",3221.00,N,N,A,-,Y,KER,,99," "," ",37.154,H,,R,N,1,1,0,2,A,-,08,22107,,F,G,B,E,A,H,-,D,D,0,Y,,,,Y,,-,"- ",0,0,0,1,0,0,0,0,0,"- ","- ",35.505588531494141,-119.17183685302734,KERN,UNINCORPORATED,-119.17185974121094,35.505573272705078
94405639,2024,2024-09-24,9830,2024-09-16,"105 ",023954,,1,3,9,1500,0,3,5,,2,001,"WESTWOOD BLVD","FONTANA ST",160.00,W,N,A,-,N,,,,,,,,,,Y,2,0,1,1,A,-,08,22107,,N,E,I,A,A,H,-,D,D,0,,,,,Y,,A,01,1,0,0,0,0,0,0,0,0,"- ","- ",35.146259307861328,-118.48922729492188,KERN,UNINCORPORATED,-118.48954010009766,35.146099090576172
94406679,2024,2024-09-24,9420,2024-09-23,"645 ",016978,,1,1,9,1500,0,3,5,,2,672,"DAVID ROAD","S. EDISON ROAD",0.00,,Y,A,-,N,,,,,,,,,,Y,2,0,3,2,A,-,09,21802,B,N,D,C,A,A,H,-,D,A,0,,,,,Y,,A,01,1,0,2,0,0,0,0,0,0,"- ","- ",35.092781066894531,-118.8773193359375,KERN,UNINCORPORATED,-118.87776184082031,35.092819213867188
94407240,2024,2024-09-25,9420,2024-09-15,"215 ",022774,,7,3,9,1500,0,1,3,,2,091,"SR-99 N/B","LERDO HIGHWAY",2956.00,N,N,A,-,Y,KER,,99," "," ",37.100,H,,R,Y,2,0,1,1,A,-,01,23152,A,N,E,I,A,A,H,-,D,D,0,,,,,Y,Y,A,07,1,0,0,0,0,0,0,0,0,"- ","- ",35.504970550537109,-119.17124938964844,KERN,UNINCORPORATED,-119.17118835449219,35.505020141601562
94416663,2024,2024-10-02,9426,2024-07-02,2500,017321,,2,4,9,1500,0,1,1,,2,506,"INTERSTATE 5 N/B","STATE ROUTE 223",264.00,S,N,A,-,Y,,,,,,,,,,N,1,1,0,2,D,-,00,,,F,G,B,E,A,H,-,D,D,0,Y,,,,Y,,-,"- ",0,0,0,1,0,0,0,0,0,"- ","- ",35.020351409912109,-119.01566314697266,KERN,UNINCORPORATED,-119.16302490234375,35.209476470947266
94417771,2024,2024-10-03,9420,2024-09-22,1825,023531,,7,2,9,1500,0,1,3,,2,179,"SR-178 E/B","MILE POST MARKER 74",300.00,W,N,A,-,Y,KER,,178," "," ",73.969,H,,R,Y,2,0,2,1,A,-,03,22350,,N,E,I,A,A,H,-,A,D,0,,,Y,,Y,,C,02,1,1,0,0,0,0,0,0,2,"- ","- ",35.725028991699219,-118.07701873779297,KERN,UNINCORPORATED,-118.07695007324219,35.725059509277344
94419660,2024,2024-10-04,9426,2024-09-27,2253,022687,,5,3,9,1500,0,3,5,,2,081,SR-119,"TANK FARM RD",85.00,W,N,A,-,Y,KER,,119," "," ",8.092,H,,R,N,2,0,1,2,A,-,11,21954,A,N,G,B,D,A,H,-,D,D,0,Y,,,,Y,,N,60,1,0,0,0,1,0,0,0,0,"- ","- ",35.21697998046875,-119.39417266845703,KERN,UNINCORPORATED,-119.3941650390625,35.216976165771484
94421089,2024,2024-10-07,9420,2024-07-19,1942,021134,,5,2,9,1500,0,2,4,,1,075,"SOUTH UNION AVENUE SOUTHBOUND","DI GIORGIO ROAD",553.00,N,N,A,-,N,,,,,,,,,,Y,1,1,0,1,A,-,08,22107,,N,E,I,A,A,H,-,A,D,0,,,Y,,Y,,C,02,0,0,0,0,0,0,0,1,0,"- ","- ",35.253849029541016,-119.00321197509766,KERN,UNINCORPORATED,-119.00299835205078,35.253787994384766
94422499,2024,2025-03-13,9420,2024-07-24,1247,021981,,3,1,9,1500,0,1,3,,2,177,"STATE ROUTE 178","178 KER 24.50",107.00,W,N,A,-,Y,KER,,178," "," ",24.696,H,,R,Y,1,1,0,1,A,-,01,23152,A,N,E,I,A,A,H,-,A,D,0,,,,,Y,Y,D,22,0,0,0,0,0,0,0,0,0,"- ","- ",35.514739990234375,-118.68443298339844,KERN,UNINCORPORATED,-118.68440246582031,35.51470947265625
94422984,2024,2024-10-08,9420,2024-09-25,1605,021845,,3,2,9,1500,0,1,3,,2,090,"SR-99 N/B",SR-46,1056.00,N,N,A,-,Y,KER,,99," "," ",44.505,H,,R,Y,2,0,1,1,A,-,08,22107,,N,E,I,A,A,H,-,A,D,0,,,,,Y,,A,01,1,0,0,0,0,0,0,0,0,"- ","- ",35.604831695556641,-119.21156311035156,KERN,UNINCORPORATED,-119.21162414550781,35.604827880859375
94425497,2024,2024-10-10,9430,2024-09-30,1445,019845,,1,2,9,1500,0,1,1,,2,054,"I-5 (NORTHBOUND)","LAVAL ROAD OVER-CROSSING",7496.00,N,N,A,-,Y,KER,,5," "," ",14.991,H,,R,Y,2,0,1,2,A,-,02,22400,A,N,C,2,A,A,H,-,A,D,0,,,,,Y,,A,07,1,0,0,0,0,0,0,0,0,"- ","- ",35.006931304931641,-118.95172882080078,KERN,UNINCORPORATED,-118.95159149169922,35.006954193115234
94425917,2024,2024-10-10,9830,2024-10-01,1738,023045,,2,2,9,1500,0,1,3,,1,041,"STATE ROUTE 14","PINE TREE CANYON ROAD",5280.00,S,N,A,-,Y,KER,,14," "," ",30.282,H,,L,N,2,0,1,1,A,-,08,22107,,N,F,A,A,A,H,-,A,D,0,,,,,Y,,A,07,1,0,0,0,0,0,0,0,0,"- ","- ",35.238208770751953,-118.04562377929688,KERN,UNINCORPORATED,-118.045654296875,35.23822021484375
94437545,2024,2024-10-21,9830,2024-10-12,"438 ",023211,,6,3,9,1500,0,3,5,,2,003,"SILVER QUEEN ROAD",SR-14,3800.00,W,N,A,-,N,,,,,,,,,,Y,2,0,1,1,A,-,08,22107,,N,F,A,A,A,H,-,D,D,0,,,,,Y,,A,01,1,0,0,0,0,0,0,0,0,"- ","- ",34.995071411132812,-118.17279815673828,KERN,UNINCORPORATED,-118.17032623291016,34.995162963867188
94444314,2024,2025-03-13,9420,2024-09-07,"305 ",021981,,6,3,9,1500,0,1,3,,2,178,"STATE ROUTE 178","MILE POST MARKER 178 KER 22.00",1056.00,E,N,A,-,Y,KER,,178," "," ",22.273,H,,R,Y,1,1,0,1,A,-,01,23152,A,N,E,I,A,A,H,-,D,D,0,,,,,Y,Y,A,07,0,0,0,0,0,0,0,0,0,"- ","- ",35.492420196533203,-118.70892333984375,KERN,UNINCORPORATED,-118.70890808105469,35.492408752441406
94445506,2024,2024-10-25,9830,2024-10-13,1957,023087,,7,2,9,1500,0,3,5,,2,005,"BOWMAN RD",US-395,6336.00,E,N,A,-,N,,,,,,,,,,Y,2,0,1,1,A,-,01,23152,A,N,F,0,A,A,H,-,D,D,0,,,,,Y,Y,A,01,1,0,0,0,0,0,0,0,0,"- ","- ",35.607669830322266,-117.74250793457031,KERN,UNINCORPORATED,-117.76270294189453,35.607601165771484
94447111,2024,2024-10-28,9420,2024-06-25,"244 ",022153,,2,3,9,1500,0,3,5,,2,050,"AIRPORT DRIVE","WASHINGTON AVENUE",42.00,S,N,A,-,N,,,,,,,,,,Y,1,1,0,2,A,-,03,22350,,F,G,B,E,A,H,-,C,D,0,Y,,,,Y,,A,01,0,0,0,1,0,0,0,0,0,"- ","- ",35.415328979492188,-119.03913879394531,KERN,UNINCORPORATED,-119.03894805908203,35.415355682373047
94447633,2024,2024-10-28,9420,2024-08-02,"542 ",019311,,5,3,9,1500,0,3,5,,2,672,"SOUTH EDISON ROAD","HERRING ROAD",0.00,,Y,A,-,N,,,,,,,,,,Y,1,1,6,2,A,-,12,22450,A,N,D,C,A,A,H,-,B,A,0,,,,,Y,,A,01,1,4,1,0,0,0,0,0,0,"- ","- ",35.150699615478516,-118.87809753417969,KERN,UNINCORPORATED,-118.8780517578125,35.150688171386719
94447880,2024,2024-10-28,9420,2024-10-15,2123,020634,,2,2,9,1500,0,3,5,,2,050,"UNIVERSE AVENUE","N. CHESTER AVENUE",300.00,W,N,A,-,N,,,,,,,,,,N,2,0,1,2,A,-,08,22107,,F,G,B,D,A,H,-,D,D,0,Y,,,,Y,,-,"- ",1,0,0,0,1,0,0,0,0,"- ","- ",35.431308746337891,-119.02288818359375,KERN,UNINCORPORATED,-119.02237701416016,35.431201934814453
94456880,2024,2024-11-04,9420,2024-05-12,"310 ",022153,,7,3,9,1500,0,1,3,,2,430,"STATE ROUTE 43","SCHUSTER ROAD",3432.00,N,N,A,-,Y,KER,,43," "," ",35.206,H,,R,Y,1,2,3,2,A,-,01,23152,A,N,A,C,A,A,H,-,D,D,0,,,,,Y,Y,A,01,2,1,0,0,0,0,0,0,0,"- ","- ",35.741298675537109,-119.33833312988281,KERN,UNINCORPORATED,-119.33833312988281,35.741298675537109
94457006,2024,2024-11-04,9420,2024-10-08,1550,021480,,2,2,9,1500,0,1,3,,2,094,"SR-99 N/B FROM WHITE LANE","WHITE LANE",40.00,N,N,A,-,Y,,,,,,,,,,N,2,0,1,2,A,-,11,21954,A,N,G,B,D,A,H,-,A,A,0,Y,,,,Y,,N,60,1,0,0,0,1,0,0,0,0,"- ","- ",35.317958831787109,-119.03513336181641,KERN,UNINCORPORATED,,
94464189,2024,2024-11-12,9420,2024-07-20,"155 ",022093,,6,3,9,1500,0,3,5,,2,672,"BUENA VISTA BOULEVARD","ADOBE ROAD",1690.00,W,N,A,-,N,,,,,,,,,,Y,1,2,1,2,A,-,01,23152,A,N,A,C,A,A,H,-,D,D,0,,,,,Y,Y,A,07,0,0,1,0,0,0,0,0,0,"- ","- ",35.237781524658203,-118.97341156005859,KERN,UNINCORPORATED,-118.97332000732422,35.23779296875
94464451,2024,2024-11-11,9830,2024-10-29,2230,019872,,2,3,9,1500,0,3,5,,2,003,"GASKELL RD","30TH ST  W",300.00,W,N,A,-,N,,,,,,,,,,N,2,0,1,1,B,-,22,,,N,F,A,A,A,A,-,D,D,0,,,Y,,Y,,C,02,1,0,0,0,0,0,0,0,1,"- ","- ",34.834808349609375,-118.18843841552734,KERN,UNINCORPORATED,-118.18596649169922,34.834846496582031
94466233,2024,2024-11-12,9420,2024-10-31,1550,019903,,4,2,9,1500,0,2,4,,1,064,"OLIVE DRIVE","KNUDSEN DRIVE",285.00,W,N,A,-,N,,,,,,,,,,N,2,0,1,2,A,-,11,21954,A,N,G,B,D,A,H,-,A,D,0,Y,,,,Y,,N,60,1,0,0,0,1,0,0,0,0,"- ","- ",35.412429809570312,-119.05985260009766,KERN,UNINCORPORATED,-119.05973815917969,35.412273406982422
94466310,2024,2024-11-12,9426,2024-10-28,1630,022687,,1,2,9,1500,0,3,5,,2,081,"NAYLOR AVENUE","WOOD STREET",0.00,,Y,A,-,N,,,,,,,,,,Y,1,1,1,2,A,-,01,23153,A,N,D,C,A,A,H,-,A,A,0,,,,,Y,Y,A,01,0,0,1,0,0,0,0,0,0,"- ","- ",35.133201599121094,-119.45744323730469,KERN,UNINCORPORATED,-119.45742034912109,35.133182525634766
94467464,2024,2024-11-13,9420,2024-11-03,1400,021882,,7,2,9,1500,0,1,3,,2,094,"S/B SR-99 TO MING AVE","MING AVE",400.00,S,N,A,-,Y,,,,,,,,,,N,2,0,1,1,A,-,08,22107,,N,B,C,A,A,H,-,A,D,0,,,Y,,Y,,C,03,1,0,0,0,0,0,0,0,1,"- ","- ",35.338619232177734,-119.04013061523438,KERN,UNINCORPORATED,,
94468032,2024,2024-11-13,9830,2024-09-22,"331 ",023045,,7,3,9,1500,0,2,4,,1,034,"ROSAMOND BOULEVARD","50TH STREET WEST",1320.00,E,N,A,-,N,,,,,,,,,,N,1,1,0,2,A,-,11,21954,A,N,G,B,E,A,H,-,D,D,0,Y,,,,Y,,N,60,0,0,0,1,0,0,0,0,0,"- ","- ",34.863761901855469,-118.21836853027344,KERN,UNINCORPORATED,-118.21592712402344,34.863758087158203
94471022,2024,2024-11-15,9420,2024-11-07,1840,022740,,4,2,9,1500,0,2,4,,1,072,"NILES STREET","FAIRFAX ROAD",90.00,E,N,A,-,N,,,,,,,,,,N,2,0,1,2,A,-,11,21954,A,F,G,B,D,A,H,-,C,D,0,Y,,,,Y,,N,60,1,0,0,0,1,0,0,0,0,"- ","- ",35.376029968261719,-118.93154907226562,KERN,UNINCORPORATED,-118.93173980712891,35.375991821289062
9447478,2022,2022-08-11,1507,2022-06-03,0456,301,100,5,5,3,1507,0,0,0,,0,,"7TH STANDARD","WEIDENACH ST",891.00,W,N,A,-,N,,,,,,,,,,Y,2,0,1,1,A,-,08,22107,,N,E,I,A,A,H,-,B,D,0,,,,,Y,,D,22,1,0,0,0,0,0,0,0,0,"- ","- ",35.441638946533203,-119.19953918457031,KERN,SHAFTER,-119.22824096679688,35.441661834716797
94474972,2024,2024-11-19,9830,2024-11-10,1418,024033,,7,2,9,1500,0,3,5,,2,003,"LONE BUTTE RD","SOPP RD",5808.00,N,N,A,-,N,,,,,,,,,,Y,2,0,1,1,A,-,08,22107,,N,F,0,A,A,H,-,A,D,0,,,,,Y,,D,22,1,0,0,0,0,0,0,0,0,"- ","- ",34.953578948974609,-118.14060211181641,KERN,UNINCORPORATED,-118.14080047607422,34.95361328125
94475434,2024,2024-11-19,9830,2024-08-22,2046,022701,,4,2,9,1500,0,1,3,,1,020,"STATE ROUTE 14 (SIERRA HIGHWAY)","CERRO GORDO STREET",170.00,N,N,A,-,Y,KER,,14," ",L,16.524,H,,R,N,1,1,0,2,A,-,11,21954,A,F,G,B,E,A,H,-,C,D,0,Y,,,,Y,Y,N,60,0,0,0,1,0,0,0,0,0,"- ","- ",35.053890228271484,-118.17404174804688,KERN,UNINCORPORATED,-118.17408752441406,35.053878784179688
94478443,2024,2024-11-21,9430,2024-11-02,2130,022533,,6,2,9,1500,0,1,3,,2,167,SR-166,"PENTLAND RD",150.00,E,N,A,-,Y,KER,,166," "," ",3.139,H,,R,Y,2,0,5,1,A,-,08,22107,,N,F,A,A,A,H,-,D,D,0,,,,,Y,,A,07,2,3,0,0,0,0,0,0,0,"- ","- ",35.058261871337891,-119.34610748291016,KERN,UNINCORPORATED,-119.34610748291016,35.058193206787109