CASE_ID,ACCIDENT_YEAR,PROC_DATE,JURIS,COLLISION_DATE,COLLISION_TIME,OFFICER_ID,REPORTING_DISTRICT,DAY_OF_WEEK,CHP_SHIFT,POPULATION,CNTY_CITY_LOC,SPECIAL_COND,BEAT_TYPE,CHP_BEAT_TYPE,CITY_DIVISION_LAPD,CHP_BEAT_CLASS,BEAT_NUMBER,PRIMARY_RD,SECONDARY_RD,DISTANCE,DIRECTION,INTERSECTION,WEATHER_1,WEATHER_2,STATE_HWY_IND,CALTRANS_COUNTY,CALTRANS_DISTRICT,STATE_ROUTE,ROUTE_SUFFIX,POSTMILE_PREFIX,POSTMILE,LOCATION_TYPE,RAMP_INTERSECTION,SIDE_OF_HWY,TOW_AWAY,COLLISION_SEVERITY,NUMBER_KILLED,NUMBER_INJURED,PARTY_COUNT,PRIMARY_COLL_FACTOR,PCF_CODE_OF_VIOL,PCF_VIOL_CATEGORY,PCF_VIOLATION,PCF_VIOL_SUBSECTION,HIT_AND_RUN,TYPE_OF_COLLISION,MVIW,PED_ACTION,ROAD_SURFACE,ROAD_COND_1,ROAD_COND_2,LIGHTING,CONTROL_DEVICE,CHP_ROAD_TYPE,PEDESTRIAN_ACCIDENT,BICYCLE_ACCIDENT,MOTORCYCLE_ACCIDENT,TRUCK_ACCIDENT,NOT_PRIVATE_PROPERTY,ALCOHOL_INVOLVED,STWD_VEHTYPE_AT_FAULT,CHP_VEHTYPE_AT_FAULT,COUNT_SEVERE_INJ,COUNT_VISIBLE_INJ,COUNT_COMPLAINT_PAIN,COUNT_PED_KILLED,COUNT_PED_INJURED,COUNT_BICYCLIST_KILLED,COUNT_BICYCLIST_INJURED,COUNT_MC_KILLED,COUNT_MC_INJURED,PRIMARY_RAMP,SECONDARY_RAMP,LATITUDE,LONGITUDE,COUNTY,CITY,POINT_X,POINT_Y
94479159,2024,2024-11-21,9426,2024-09-12,"258 ",019611,,4,3,9,1500,0,1,1,,2,504,"INTERSTATE 5 S/B","STOCKDALE HIGHWAY",3168.00,S,N,A,-,Y,KER,,5," "," ",46.959,H,,L,Y,1,1,0,1,A,-,08,22107,,N,F,I,A,A,H,-,D,D,0,,,,Y,Y,,G,25,0,0,0,0,0,0,0,0,0,"- ","- ",35.349319458007812,-119.32840728759766,KERN,UNINCORPORATED,-119.32838439941406,35.349346160888672
94481455,2024,2024-11-25,9830,2024-11-15,"245 ",022701,,5,3,9,1500,0,1,3,,2,010,"SR-58 WESTBOUND","TEHACHAPI CREEK",2218.00,E,N,C,-,Y,KER,,58," ",R,83.133,H,,L,Y,2,0,1,1,A,-,01,23152,A,N,E,8,A,B,H,-,D,D,0,,,,Y,Y,Y,F,26,1,0,0,0,0,0,0,0,0,"- ","- ",35.215839385986328,-118.55155944824219,KERN,UNINCORPORATED,-118.55174255371094,35.215732574462891
94482343,2024,2024-11-25,9420,2024-11-10,"245 ",021983,,7,3,9,1500,0,1,3,,2,430,"WHISLER ROAD","STATE ROUTE 43",0.00,,Y,A,-,Y,KER,,43," "," ",28.369,H,,R,Y,2,0,3,1,A,-,01,23152,A,N,E,J,A,A,H,-,D,A,0,,,,,Y,Y,A,07,3,0,0,0,0,0,0,0,0,"- ","- ",35.645179748535156,-119.33101654052734,KERN,UNINCORPORATED,-119.33103179931641,35.645179748535156
94484428,2024,2024-11-26,9420,2024-11-20,1628,020782,,3,2,9,1500,0,3,5,,2,060,"ALLEN ROAD","OLD TOWN ROAD",0.00,,Y,A,-,N,,,,,,,,,,Y,2,0,1,2,A,-,09,21801,A,N,D,C,A,A,H,-,A,D,0,,,Y,,Y,,D,22,1,0,0,0,0,0,0,0,1,"- ","- ",35.373409271240234,-119.14563751220703,KERN,UNINCORPORATED,-119.14553070068359,35.373394012451172
94486310,2024,2024-11-27,9420,2024-08-30,2500,021981,,5,4,9,1500,0,1,3,,2,178,"STATE ROUTE 178","178 KER 54.00",186.00,E,N,A,-,Y,KER,,178," "," ",53.866,H,,R,N,1,1,0,2,A,-,08,22107,,F,G,B,F,A,H,-,D,D,0,Y,,,,Y,,-,99,0,0,0,1,0,0,0,0,0,"- ","- ",35.652500152587891,-118.35222625732422,KERN,UNINCORPORATED,-118.35223388671875,35.652503967285156
94492485,2024,2024-12-04,9420,2024-11-26,1410,019903,,2,2,9,1500,0,3,5,,2,060,"NORRIS RD","MIGNONETTE ST",0.00,,Y,C,-,N,,,,,,,,,,Y,2,0,2,2,A,-,09,21802,A,N,D,C,A,B,H,-,A,A,0,,,,,Y,,A,01,1,0,1,0,0,0,0,0,0,"- ","- ",35.419719696044922,-119.07967376708984,KERN,UNINCORPORATED,-119.07967376708984,35.419681549072266
94493024,2024,2024-12-05,9420,2024-11-24,1245,020634,,7,1,9,1500,0,3,5,,2,040,"GRANITE  ROAD","FAMOSO ROAD",1252.00,S,N,A,-,N,,,,,,,,,,Y,2,0,1,2,A,-,05,21460,,N,A,A,A,A,H,-,A,D,0,,,Y,,Y,,C,02,1,0,0,0,0,0,0,0,1,"- ","- ",35.60430908203125,-118.95056915283203,KERN,UNINCORPORATED,-118.95042419433594,35.604564666748047
94493547,2024,2024-12-05,9420,2024-11-29,"45  ",021849,,5,3,9,1500,0,1,3,,2,092,"SR-99 N/B","PALM STREET",282.00,N,N,A,-,Y,KER,,99," "," ",24.176,H,,R,Y,2,0,1,1,A,-,01,23152,A,N,E,I,A,A,H,-,C,D,0,,,,,Y,Y,A,01,1,0,0,0,0,0,0,0,0,"- ","- ",35.362270355224609,-119.03961944580078,KERN,UNINCORPORATED,-119.03951263427734,35.362281799316406
94496789,2024,2024-12-13,9420,2024-11-27,2037,022740,,3,2,9,1500,0,3,5,,2,520,"WHISLER RD","GARZOLI AVE",120.00,W,N,A,-,N,,,,,,,,,,Y,2,0,1,2,A,-,09,21804,A,N,D,C,A,A,H,-,D,D,0,,,,,Y,,A,01,1,0,0,0,0,0,0,0,0,"- ","- ",35.645439147949219,-119.24149322509766,KERN,UNINCORPORATED,-119.241455078125,35.645423889160156
94497009,2024,2024-12-13,9420,2024-11-24,1855,022415,,7,2,9,1500,0,1,3,,2,584,"SR-58 E/B TO SR-184",SR-184,300.00,W,N,A,-,Y,KER,,58," ",R,59.273,H,,R,N,2,0,2,1,A,-,01,23152,A,N,E,I,A,A,H,-,D,D,0,,,,,Y,Y,A,01,1,0,1,0,0,0,0,0,0,"- ","- ",35.351978302001953,-118.91716766357422,KERN,UNINCORPORATED,-118.91716766357422,35.352230072021484
94501881,2024,2024-12-13,9830,2024-10-03,"449 ",019400,,4,3,9,1500,0,1,3,,2,011,"STATE ROUTE 58 WESTBOUND","MILL STREET",3168.00,W,N,A,-,Y,KER,,58," ",R,91.142,H,,L,Y,1,1,0,1,A,-,08,22107,,N,E,8,A,A,H,-,D,D,0,,,,,Y,,D,22,0,0,0,0,0,0,0,0,0,"- ","- ",35.139869689941406,-118.46013641357422,KERN,UNINCORPORATED,-118.46013641357422,35.139907836914062
94504273,2024,2024-12-16,9420,2024-12-06,"550 ",022050,,5,3,9,1500,0,2,4,,1,071,"MT VERNON AVE","QUINCY ST",190.00,S,N,A,-,N,,,,,,,,,,N,2,0,1,2,A,-,11,21954,A,F,G,B,D,A,H,-,C,D,0,Y,,,,Y,,N,60,1,0,0,0,1,0,0,0,0,"- ","- ",35.379261016845703,-118.96755981445312,KERN,UNINCORPORATED,-118.96739959716797,35.379280090332031
94508432,2024,2024-12-18,9420,2024-09-14,"200 ",022355,,6,3,9,1500,0,1,3,,2,584,"STATE ROUTE 58 WESTBOUND","EDISON ROAD",1848.00,E,N,A,-,Y,KER,,58," ",R,61.874,H,,L,Y,1,1,1,2,A,-,01,23152,A,N,A,C,A,A,H,-,D,D,0,,,,,Y,Y,A,01,1,0,0,0,0,0,0,0,0,"- ","- ",35.344669342041016,-118.87239074707031,KERN,UNINCORPORATED,-118.87237548828125,35.344715118408203
94510595,2024,2025-01-23,9420,2024-12-15,2140,022774,,7,2,9,1500,0,1,3,,2,091,"SR-99 S/B TO 7TH STANDARD RD","7TH STANDARD RD",610.00,N,N,B,-,Y,,,,,,,,,,Y,1,1,0,1,A,-,08,22107,,N,E,8,A,A,H,-,C,D,0,,,,,Y,,A,07,0,0,0,0,0,0,0,0,0,"- ","- ",35.442298889160156,-119.08818817138672,KERN,UNINCORPORATED,-119.08536529541016,35.442089080810547
94515260,2024,2024-12-24,9420,2024-11-30,1932,023531,,6,2,9,1500,0,3,5,,2,310,"SIERRA VISTA DRIVE","HEIM LANE",528.00,N,N,A,-,N,,,,,,,,,,Y,1,1,0,1,A,-,08,22107,,N,E,I,A,A,H,-,D,D,0,,,,,Y,,A,07,0,0,0,0,0,0,0,0,0,"- ","- ",35.715469360351562,-118.46437835693359,KERN,UNINCORPORATED,-118.46489715576172,35.716342926025391
94516488,2024,2025-04-25,9420,2024-12-22,1910,022740,,7,2,9,1500,0,3,5,,2,610,"S DR MARTIN LUTHER KING BLVD","FELIZ DR",0.00,,Y,A,-,N,,,,,,,,,,N,1,1,0,2,A,-,11,21950,B,N,G,B,B,A,H,-,C,A,0,Y,,,,Y,,N,60,0,0,0,1,0,0,0,0,0,"- ","- ",35.350440979003906,-118.98525238037109,KERN,UNINCORPORATED,-118.98538970947266,35.350315093994141
94517203,2024,2024-12-26,9420,2024-12-25,"820 ",023401,,3,1,9,1500,0,3,5,,2,030,"EAST EVANS ROAD","WILLIAMS STREET",60.00,W,N,B,-,N,,,,,,,,,,Y,2,0,1,1,A,-,08,22107,,N,E,8,A,B,H,-,A,D,0,,,,,Y,,A,01,1,0,0,0,0,0,0,0,0,"- ","- ",35.705760955810547,-118.45117950439453,KERN,UNINCORPORATED,-118.45107269287109,35.705684661865234
94519053,2024,2025-01-15,9420,2024-12-21,1255,022173,,6,1,9,1500,0,3,5,,2,530,"EASTBOUND 7TH STANDARD ROAD","GOLDEN STATE HIGHWAY",165.00,W,N,A,-,N,,,,,,,,,,N,1,1,0,2,A,-,03,22350,,N,C,C,A,A,H,-,A,D,0,,,Y,,Y,,C,02,0,0,0,0,0,0,0,1,0,"- ","- ",35.441009521484375,-119.08737182617188,KERN,UNINCORPORATED,-119.08720397949219,35.441192626953125
94521406,2024,2024-12-31,9420,2024-11-05,1914,021882,,2,2,9,1500,0,2,4,,1,051,"OLIVE DRIVE","TEAKWOD DRIVE",259.00,E,N,A,-,N,,,,,,,,,,N,1,1,0,2,A,-,11,21954,A,N,G,B,D,A,H,-,C,D,0,Y,,,,Y,,N,60,0,0,0,1,0,0,0,0,0,"- ","- ",35.412220001220703,-119.04061126708984,KERN,UNINCORPORATED,-119.04071807861328,35.412288665771484
94530236,2024,2025-01-08,9420,2024-12-27,1820,021915,,5,2,9,1500,0,1,3,,2,178,SR-178,"ELIZABETH NORRIS ROAD",1056.00,W,N,A,-,Y,KER,,178," ",R,41.451,H,,R,Y,2,0,1,1,A,-,08,22107,,N,F,I,A,A,H,-,D,D,0,,,,,Y,,A,07,1,0,0,0,0,0,0,0,0,"- ","- ",35.609390258789062,-118.49173736572266,KERN,UNINCORPORATED,-118.49160766601562,35.609275817871094
94530242,2024,2025-01-08,9420,2024-12-29,2145,021905,,7,2,9,1500,0,2,4,,1,052,"ROBERTS LANE","NORRIS ROAD",115.00,S,N,A,-,N,,,,,,,,,,N,2,0,2,1,A,-,01,23152,A,N,E,I,A,A,H,-,C,D,0,,,,,Y,Y,A,01,1,0,1,0,0,0,0,0,0,"- ","- ",35.420021057128906,-119.05879974365234,KERN,UNINCORPORATED,-119.05870056152344,35.420116424560547
94530381,2024,2025-01-08,9420,2024-12-28,1720,019868,,6,2,9,1500,0,3,5,,2,630,"CURRAN ST","FRAZIER AVE",50.00,N,N,A,-,N,,,,,,,,,,Y,2,0,2,2,A,-,09,21801,A,N,D,C,A,A,H,-,D,D,0,,,Y,,Y,,A,01,1,1,0,0,0,0,0,0,2,"- ","- ",35.353420257568359,-119.05094146728516,KERN,UNINCORPORATED,-119.05094146728516,35.353336334228516
94531999,2024,2025-06-03,9426,2024-12-25,1830,022873,,3,2,9,1500,0,1,3,,1,118,"SR-119 W/B","AIRPORT RD",0.00,,Y,A,-,Y,KER,,119," "," ",4.951,H,,L,N,2,0,1,2,A,-,01,23152,A,N,D,2,A,A,H,-,C,D,0,,,Y,,Y,Y,C,06,1,0,0,0,0,0,0,0,1,"- ","- ",35.193649291992188,-119.42893218994141,KERN,UNINCORPORATED,-119.428955078125,35.193672180175781
94532810,2024,2025-01-10,9420,2024-10-16,2338,021905,,3,3,9,1500,0,2,4,,2,062,"ROSEDALE HIGHWAY","MOHAWK STREET",0.00,,Y,A,-,N,,,,,,,,,,N,2,0,3,2,A,-,12,21453,A,F,D,C,A,A,H,-,C,A,0,,,,,Y,,A,01,2,1,0,0,0,0,0,0,0,"- ","- ",35.383220672607422,-119.06535339355469,KERN,UNINCORPORATED,-119.06544494628906,35.38330078125
9453620,2022,2022-06-21,1500,2022-05-31,0956,202421,"WA 02",2,5,3,1510,0,0,0,,0,4401,"POPLAR AV","7TH ST",0.00,,Y,A,-,N,,,,,,,,,,N,2,0,1,2,A,-,12,22450,,N,D,G,A,A,H,-,A,A,0,,Y,,,Y,,L,04,1,0,0,0,0,0,1,0,0,"- ","- ",,,KERN,WASCO,-119.3448486328125,35.594272613525391
94539240,2025,2025-01-16,9420,2025-01-05,1535,022882,,7,2,9,1500,0,1,3,,2,090,"SR-99 NB",SR-46,4752.00,S,N,A,-,Y,KER,,99," ",R,43.336,H,,R,Y,2,0,1,2,A,-,01,23152,A,N,B,C,A,A,H,-,A,D,0,,,Y,Y,Y,Y,C,02,1,0,0,0,0,0,0,0,1,"- ","- ",35.589710235595703,-119.2041015625,KERN,UNINCORPORATED,-119.20410919189453,35.589710235595703
94545911,2025,2025-01-22,9420,2025-01-11,1205,021802,,6,1,9,1500,0,2,4,,1,075,"S UNION AVENUE","CURNOW ROAD",0.00,,Y,A,-,N,,,,,,,,,,Y,2,0,3,2,A,-,09,21802,B,N,D,C,A,A,H,-,A,A,0,,,,,Y,,D,22,1,0,2,0,0,0,0,0,0,"- ","- ",35.259590148925781,-119.00302124023438,KERN,UNINCORPORATED,-119.00313568115234,35.259552001953125
94548658,2025,2025-01-24,9430,2025-01-16,2025,022345,,4,2,9,1500,0,2,4,,1,021,"CUDDY VALLEY RD","IVINS RD",2380.00,W,N,A,-,N,,,,,,,,,,Y,2,0,1,1,A,-,01,23152,A,N,E,I,A,A,H,-,D,D,0,,,,,Y,Y,D,22,1,0,0,0,0,0,0,0,0,"- ","- ",34.824348449707031,-119.00971221923828,KERN,UNINCORPORATED,-119.00974273681641,34.824314117431641
94550844,2025,2025-01-27,9420,2025-01-15,1755,021915,,3,2,9,1500,0,1,3,,2,179,SR-178,"THOROUGHBRED STREET",2640.00,E,N,A,-,Y,KER,,178," "," ",65.763,H,,R,N,2,0,1,2,A,-,11,21954,A,N,G,B,E,A,H,-,D,D,0,Y,,,,Y,,N,60,1,0,0,0,1,0,0,0,0,"- ","- ",35.712471008300781,-118.17417144775391,KERN,UNINCORPORATED,-118.17417144775391,35.712471008300781
94553156,2025,2025-01-28,9426,2025-01-14,"801 ",018610,,2,1,9,1500,0,1,1,,2,500,"I-5 S/B","WEISER RD",1584.00,S,N,A,-,Y,KER,,5," "," ",79.677,H,,R,Y,2,0,1,2,A,-,03,22350,,N,C,C,A,A,H,-,A,D,0,,,,Y,Y,,G,27,1,0,0,0,0,0,0,0,0,"- ","- ",35.698829650878906,-119.7144775390625,KERN,UNINCORPORATED,-119.71446990966797,35.698833465576172
94556265,2024,2025-01-30,9426,2024-11-05,"230 ",018023,,2,3,9,1500,0,3,5,,2,082,"HAGEMAN ROAD","MARTIN AVENUE",496.00,E,N,A,-,N,,,,,,,,,,Y,1,1,0,2,A,-,08,22107,,F,B,C,A,A,H,-,D,D,0,,,,Y,Y,,B,01,0,0,0,0,0,0,0,0,0,"- ","- ",35.398189544677734,-119.26808166503906,KERN,UNINCORPORATED,,
94556277,2025,2025-01-30,9420,2025-01-22,2331,022464,,3,3,9,1500,0,2,4,,1,064,"OLIVE DRIVE","KNUDSEN DRIVE",0.00,,Y,A,-,N,,,,,,,,,,Y,2,0,3,2,A,-,12,21453,A,N,D,2,A,A,H,-,C,A,0,,,,,Y,,A,01,2,1,0,0,0,0,0,0,0,"- ","- ",35.412281036376953,-119.05883026123047,KERN,UNINCORPORATED,-119.05878448486328,35.412273406982422
94562021,2025,2025-02-03,9430,2025-01-18,2320,022345,,6,3,9,1500,0,2,4,,1,021,"FRAZIER MOUNTAIN PARK ROAD","GRAND TERRACE ESTATES DRIVE",2482.00,W,N,A,-,N,,,,,,,,,,Y,2,0,3,2,A,-,01,23152,A,N,A,C,A,A,H,-,D,D,0,,,,,Y,Y,-,"- ",2,0,1,0,0,0,0,0,0,"- ","- ",34.821109771728516,-118.92188262939453,KERN,UNINCORPORATED,-118.92171478271484,34.821067810058594
94565036,2025,2025-02-04,9830,2025-01-24,1300,019762,,5,1,9,1500,0,1,3,,1,040,"CALIFORNIA CITY BLVD.",SR-14,104.00,E,N,A,-,Y,KER,,14," "," ",21.273,H,,R,Y,2,0,1,1,A,-,08,22107,,N,F,A,A,A,H,-,A,D,0,,,Y,,Y,,-,"- ",1,0,0,0,0,0,0,0,1,"- ","- ",35.125160217285156,-118.12380218505859,KERN,UNINCORPORATED,-118.12385559082031,35.125190734863281
94566617,2025,2025-02-05,9420,2025-01-18,1520,023124,,6,2,9,1500,0,1,3,,2,584,"SR-58 W/B TO SR-99 S/B","SR-99 S/B",227.00,W,N,A,-,Y,,,,,,,,,,Y,2,0,1,1,A,-,03,22350,,N,F,A,A,A,H,-,A,D,0,,,,Y,Y,,G,25,1,0,0,0,0,0,0,0,0,"- ","- ",35.35369873046875,-119.04048919677734,KERN,UNINCORPORATED,-119.03948211669922,35.359432220458984
94567373,2025,2025-02-06,9420,2025-01-24,"245 ",021826,,5,3,9,1500,0,2,4,,1,071,"MT VERNON AVE","TEXAS ST",0.00,,Y,A,-,N,,,,,,,,,,Y,2,0,1,2,A,-,03,22350,,N,C,C,A,A,H,-,D,D,0,,,,Y,Y,,A,01,1,0,0,0,0,0,0,0,0,"- ","- ",35.357631683349609,-118.96748352050781,KERN,UNINCORPORATED,-118.96761322021484,35.357688903808594
94574257,2025,2025-02-11,9420,2025-01-26,2115,023089,,7,2,9,1500,0,2,4,,1,051,"CHESTER AVENUE","COOPER AVENUE",40.00,N,N,B,C,N,,,,,,,,,,N,2,0,1,2,A,-,11,21954,A,N,G,B,D,B,H,-,D,D,0,Y,,,,Y,,N,60,1,0,0,0,1,0,0,0,0,"- ","- ",35.414649963378906,-119.02101135253906,KERN,UNINCORPORATED,-119.02108001708984,35.414539337158203
94574403,2024,2025-02-11,9830,2024-11-08,1627,022202,,5,2,9,1500,0,3,5,,2,003,"OAK CREEK ROAD","70TH STREET WEST",320.00,W,N,A,-,N,,,,,,,,,,Y,1,1,0,2,A,-,01,23152,A,N,C,C,A,A,H,-,A,D,0,,,,Y,Y,Y,A,01,0,0,0,0,0,0,0,0,0,"- ","- ",35.038631439208984,-118.25666809082031,KERN,UNINCORPORATED,-118.25775146484375,35.038501739501953
94582773,2024,2025-02-18,9420,2024-10-31,1835,019903,,4,2,9,1500,0,1,3,,2,583,"STATE ROUTE 58 WESTBOUND","ALLEN ROAD",1373.00,E,N,A,-,Y,KER,,58," ",R,46.100,H,,L,N,1,1,0,2,A,-,11,21954,A,N,G,B,E,A,H,-,D,D,0,Y,,,,Y,,N,60,0,0,0,1,0,0,0,0,0,"- ","- ",35.362110137939453,-119.13278198242188,KERN,UNINCORPORATED,-119.13278198242188,35.362094879150391
94582781,2024,2025-02-18,9420,2024-11-13,"546 ",019903,,3,3,9,1500,0,2,4,,1,052,"CHINA GRADE LOOP","BEDFORD WAY",115.00,W,N,G,-,N,,,,,,,,,,N,1,1,0,2,A,-,11,21954,A,N,G,B,D,A,H,-,D,D,0,Y,,,,Y,,N,60,0,0,0,1,0,0,0,0,0,"- ","- ",35.426780700683594,-119.01882171630859,KERN,UNINCORPORATED,-119.01870727539062,35.426971435546875
94582784,2024,2025-02-18,9420,2024-07-12,2126,022151,,5,2,9,1500,0,2,4,,1,051,"UNIVERSE AVENUE","NORTH CHESTER AVENUE",436.00,W,N,A,-,N,,,,,,,,,,N,1,1,0,2,A,-,11,21954,A,F,G,B,D,A,H,-,C,D,0,Y,,,,Y,,A,07,0,0,0,1,0,0,0,0,0,"- ","- ",35.431278228759766,-119.02297210693359,KERN,UNINCORPORATED,-119.02283477783203,35.431209564208984
94582799,2024,2025-02-18,9420,2024-12-07,"730 ",021547,,6,1,9,1500,0,3,5,,2,530,"KIMBERLINA ROAD","ROOT AVENUE",0.00,,Y,E,-,N,,,,,,,,,,Y,1,1,0,2,A,-,03,22350,,N,D,C,A,A,H,-,A,A,0,,,,,Y,,D,22,0,0,0,0,0,0,0,0,0,"- ","- ",35.558021545410156,-119.31304168701172,KERN,UNINCORPORATED,-119.31314086914062,35.558063507080078
94582844,2025,2025-02-18,9420,2025-02-05,1150,019901,,3,1,9,1500,0,2,4,,1,072,"EDISON HWY.","EXCHANGE ST.",200.00,W,N,B,-,N,,,,,,,,,,Y,2,0,1,3,A,-,08,22107,,N,C,E,A,A,H,-,A,D,0,,,,,Y,,A,01,1,0,0,0,0,0,0,0,0,"- ","- ",35.370620727539062,-118.9659423828125,KERN,UNINCORPORATED,-118.96575164794922,35.370662689208984
94586396,2024,2025-02-21,9830,2024-09-13,1905,022701,,5,2,9,1500,0,3,5,,2,002,"GEPHART ROAD","LOCUST AVENUE",4277.00,N,N,A,-,N,,,,,,,,,,Y,1,1,0,1,A,-,01,23152,A,N,F,A,A,A,G,-,D,D,0,,,Y,,Y,,C,02,0,0,0,0,0,0,0,1,0,"- ","- ",35.047248840332031,-117.73916625976562,KERN,UNINCORPORATED,,
94589461,2025,2025-02-25,9420,2025-02-11,"355 ",022882,,2,3,9,1500,0,3,5,,2,672,"HERRING ROAD","WHEELER RIDGE ROAD",5280.00,W,N,A,-,N,,,,,,,,,,Y,2,0,3,1,A,-,01,23152,A,N,E,I,A,A,H,-,D,D,0,,,,,Y,Y,A,01,1,0,2,0,0,0,0,0,0,"- ","- ",35.150928497314453,-118.93235015869141,KERN,UNINCORPORATED,-118.93225860595703,35.150920867919922
94591015,2025,2025-02-26,9830,2025-02-17,1020,024285,,1,1,9,1500,0,3,5,,2,003,"20TH STREET WEST","PATTERSON RD",24.00,N,N,A,-,N,,,,,,,,,,Y,2,0,3,2,A,-,05,21460,C,N,C,2,A,A,H,-,A,D,0,,,,,Y,,A,01,1,1,1,0,0,0,0,0,0,"- ","- ",34.835170745849609,-118.16694641113281,KERN,UNINCORPORATED,-118.1669921875,34.83526611328125
94594418,2024,2025-03-03,9420,2024-09-01,2300,022173,,7,3,9,1500,0,2,4,,1,075,"SOUTH UNION AVENUE NORTHBOUND","WHITE LANE",230.00,S,N,A,-,N,,,,,,,,,,N,1,1,0,2,A,-,11,21954,A,N,G,B,D,A,H,-,D,D,0,Y,,,,Y,,N,60,0,0,0,1,0,0,0,0,0,"- ","- ",35.316970825195312,-119.00302886962891,KERN,UNINCORPORATED,-119.00312805175781,35.316978454589844
94594476,2025,2025-03-03,9420,2025-02-15,"550 ",021895,,6,3,9,1500,0,3,5,,2,672,"BELLE TERRACE","BUNTING DR",330.00,E,N,A,-,N,,,,,,,,,,N,2,0,1,1,A,-,08,22107,,N,E,I,A,A,H,-,D,D,0,,,,,Y,,A,07,1,0,0,0,0,0,0,0,0,"- ","- ",35.34661865234375,-118.99748229980469,KERN,UNINCORPORATED,-118.99749755859375,35.346584320068359
94601456,2025,2025-03-18,9420,2025-02-18,"410 ",022806,,2,3,9,1500,0,1,3,,2,094,"SR-99 N/B FROM PANAMA LANE","PANAMA LANE",20.00,N,N,A,-,Y,,,,,,,,,,N,2,0,1,2,A,-,10,21950,A,N,G,B,B,A,H,-,D,D,0,Y,,,,Y,,A,07,1,0,0,0,1,0,0,0,0,"- ","- ",35.296070098876953,-119.02897644042969,KERN,UNINCORPORATED,-119.03038024902344,35.296012878417969
94607728,2025,2025-03-18,9430,2025-03-08,1120,021296,,6,1,9,1500,0,2,4,,1,024,"MIL POTRERO HWY","CEDARWOOD DRIVE",1576.00,W,N,A,-,N,,,,,,,,,,Y,2,0,1,1,A,-,03,22350,,N,E,I,A,A,H,-,A,D,0,,,Y,,Y,,C,02,1,0,0,0,0,0,0,0,1,"- ","- ",34.852939605712891,-119.17945861816406,KERN,UNINCORPORATED,-119.18063354492188,34.853084564208984
94607955,2025,2025-03-18,9420,2025-03-13,"725 ",020782,,4,1,9,1500,0,1,3,,1,176,"SR1-178 E/B","BERNARD STREET",135.00,W,N,B,C,Y,KER,,178," ",R,3.764,H,,R,Y,2,0,3,2,A,-,03,22350,,N,B,C,A,B,H,-,A,D,0,,,,,Y,,D,22,1,2,0,0,0,0,0,0,0,"- ","- ",35.389518737792969,-118.98116302490234,KERN,UNINCORPORATED,-118.98114776611328,35.389511108398438
94609041,2024,2025-03-18,9830,2024-11-20,"722 ",022181,,3,1,9,1500,0,3,5,,2,001,"TEHACHAPI WILLOW SPRINGS ROAD","OAK CREEK ROAD",568.00,N,N,A,-,N,,,,,,,,,,Y,1,2,5,4,A,-,05,21460,,N,B,C,A,A,H,-,A,D,0,,,,,Y,,D,22,1,0,4,0,0,0,0,0,0,"- ","- ",35.051040649414062,-118.35578918457031,KERN,UNINCORPORATED,-118.36119079589844,35.052845001220703
94612234,2025,2025-03-20,9420,2025-03-17,1339,023531,,1,1,9,1500,0,1,3,,2,179,"SR-178 W/B","ALTA VISTA WAY",528.00,W,N,C,-,Y,KER,,178," "," ",68.228,H,,L,Y,2,0,1,1,A,-,08,22107,,N,F,I,A,B,H,-,A,D,0,,,,,Y,,D,22,1,0,0,0,0,0,0,0,0,"- ","- ",35.725669860839844,-118.14881896972656,KERN,UNINCORPORATED,-118.14881134033203,35.725723266601562
94627146,2025,2025-03-26,9830,2025-03-12,"436 ",024289,,3,3,9,1500,0,2,4,,1,032,"SIERRA HIGHWAY","PATTERSON ROAD",264.00,N,N,A,-,N,,,,,,,,,,Y,2,0,2,3,A,-,08,22107,,N,B,C,A,A,A,-,D,D,0,,,,,Y,,A,07,1,1,0,0,0,0,0,0,0,"- ","- ",34.843090057373047,-118.15972900390625,KERN,UNINCORPORATED,-118.15852355957031,34.836048126220703
94631871,2025,2025-03-31,9420,2025-03-09,1125,021981,,7,1,9,1500,0,3,5,,2,030,"SCODIE PARK ROAD","STATE ROUTE 178",20.00,S,N,A,-,N,,,,,,,,,,Y,2,0,2,1,A,-,08,22107,,F,E,I,A,A,H,-,A,A,0,,,,,Y,,D,22,1,0,1,0,0,0,0,0,0,"- ","- ",35.694469451904297,-118.21904754638672,KERN,UNINCORPORATED,-118.21907043457031,35.694664001464844
94632429,2025,2025-04-01,9420,2025-03-20,1843,021882,,4,2,9,1500,0,2,4,,1,051,"ROUND MOUNTAIN","CHINA GRADE LOOP",528.00,E,N,A,-,N,,,,,,,,,,Y,2,0,1,2,A,-,05,21460,A,N,A,C,A,A,H,-,A,D,0,,,Y,,Y,,C,02,1,0,0,0,0,0,0,0,1,"- ","- ",35.432029724121094,-118.95374298095703,KERN,UNINCORPORATED,-118.96597290039062,35.427742004394531