CASE_ID,ACCIDENT_YEAR,PROC_DATE,JURIS,COLLISION_DATE,COLLISION_TIME,OFFICER_ID,REPORTING_DISTRICT,DAY_OF_WEEK,CHP_SHIFT,POPULATION,CNTY_CITY_LOC,SPECIAL_COND,BEAT_TYPE,CHP_BEAT_TYPE,CITY_DIVISION_LAPD,CHP_BEAT_CLASS,BEAT_NUMBER,PRIMARY_RD,SECONDARY_RD,DISTANCE,DIRECTION,INTERSECTION,WEATHER_1,WEATHER_2,STATE_HWY_IND,CALTRANS_COUNTY,CALTRANS_DISTRICT,STATE_ROUTE,ROUTE_SUFFIX,POSTMILE_PREFIX,POSTMILE,LOCATION_TYPE,RAMP_INTERSECTION,SIDE_OF_HWY,TOW_AWAY,COLLISION_SEVERITY,NUMBER_KILLED,NUMBER_INJURED,PARTY_COUNT,PRIMARY_COLL_FACTOR,PCF_CODE_OF_VIOL,PCF_VIOL_CATEGORY,PCF_VIOLATION,PCF_VIOL_SUBSECTION,HIT_AND_RUN,TYPE_OF_COLLISION,MVIW,PED_ACTION,ROAD_SURFACE,ROAD_COND_1,ROAD_COND_2,LIGHTING,CONTROL_DEVICE,CHP_ROAD_TYPE,PEDESTRIAN_ACCIDENT,BICYCLE_ACCIDENT,MOTORCYCLE_ACCIDENT,TRUCK_ACCIDENT,NOT_PRIVATE_PROPERTY,ALCOHOL_INVOLVED,STWD_VEHTYPE_AT_FAULT,CHP_VEHTYPE_AT_FAULT,COUNT_SEVERE_INJ,COUNT_VISIBLE_INJ,COUNT_COMPLAINT_PAIN,COUNT_PED_KILLED,COUNT_PED_INJURED,COUNT_BICYCLIST_KILLED,COUNT_BICYCLIST_INJURED,COUNT_MC_KILLED,COUNT_MC_INJURED,PRIMARY_RAMP,SECONDARY_RAMP,LATITUDE,LONGITUDE,COUNTY,CITY,POINT_X,POINT_Y
94632438,2025,2025-04-01,9420,2025-03-21,"750 ",020402,,5,1,6,1502,0,1,3,,2,092,"SR-99 N/B","OLIVE DRIVE",2000.00,S,N,A,-,Y,KER,,99," "," ",27.464,H,,R,Y,2,0,1,1,A,-,08,22107,,N,E,I,A,A,H,-,A,D,0,,,,,Y,,A,01,1,0,0,0,0,0,0,0,0,"- ","- ",35.408050537109375,-119.05008697509766,KERN,BAKERSFIELD,-119.05007171630859,35.408065795898438
94634379,2025,2025-04-02,9420,2025-03-25,2255,023079,,2,3,9,1500,0,1,3,,1,184,"SR-184 SOUTHBOUND","BRUNDAGE LANE",581.00,N,N,A,-,N,,,,,,,,,,Y,2,0,3,4,A,-,03,22350,,N,C,4,E,A,H,-,D,D,0,Y,,,,Y,,A,01,1,1,1,0,2,0,0,0,0,"- ","- ",35.356109619140625,-118.91429901123047,KERN,UNINCORPORATED,-118.91427612304688,35.355972290039062
94636714,2025,2025-04-03,9420,2025-03-21,"435 ",019140,,5,3,9,1500,0,1,3,,2,178,"STATE ROUTE 178","KERN CANYON ROAD",0.00,,Y,A,-,Y,KER,,178," ",R,28.531,H,,R,Y,2,0,1,1,A,-,08,22107,,N,F,A,A,A,H,-,C,D,0,,,,,Y,,J,48,1,0,0,0,0,0,0,0,0,"- ","- ",35.532150268554688,-118.632080078125,KERN,UNINCORPORATED,-118.63220977783203,35.532234191894531
94637420,2025,2025-04-04,9420,2025-03-28,"35  ",021915,,5,3,9,1500,0,1,3,,2,177,SR-178,"EDISON POWERHOUSE 1",70.00,W,N,A,-,Y,KER,,178," "," ",15.270,H,,R,Y,2,0,1,1,A,-,08,22107,,N,E,I,A,A,H,-,D,D,0,,,,,Y,,A,01,1,0,0,0,0,0,0,0,0,"- ","- ",35.458389282226562,-118.77969360351562,KERN,UNINCORPORATED,-118.77971649169922,35.458400726318359
94642694,2025,2025-04-09,9420,2025-03-28,"800 ",019901,,5,1,9,1500,0,3,5,,2,540,"GARCES HWY.","JUMPER AVE.",2112.00,W,N,A,-,N,,,,,,,,,,Y,2,0,1,1,A,-,08,22107,,N,E,I,A,A,H,-,A,D,0,,,,,Y,,A,01,1,0,0,0,0,0,0,0,0,"- ","- ",35.7611083984375,-119.42552185058594,KERN,UNINCORPORATED,-119.42616271972656,35.761070251464844
94645886,2025,2025-04-11,9420,2025-03-24,"157 ",022806,,1,3,9,1500,0,2,4,,1,075,"S. UNION AVE","WILSON ROAD",1150.00,S,N,A,-,N,,,,,,,,,,N,2,0,1,2,A,-,08,22107,,F,E,8,A,A,H,-,D,D,0,,,,,Y,,A,07,1,0,0,0,0,0,0,0,0,"- ","- ",35.328960418701172,-119.00302886962891,KERN,UNINCORPORATED,-119.00310516357422,35.329025268554688
94651390,2025,2025-04-16,9420,2025-04-06,2055,022083,,7,2,9,1500,0,2,4,,1,072,"NILES ST","MOUNT VERNON AVE",170.00,E,N,A,-,N,,,,,,,,,,N,2,0,2,2,A,-,05,21650,,N,D,G,A,A,H,-,C,D,0,,Y,,,Y,,L,04,1,0,1,0,0,0,2,0,0,"- ","- ",35.376331329345703,-118.96676635742188,KERN,UNINCORPORATED,-118.96703338623047,35.37628173828125
94652084,2025,2025-04-16,9830,2025-01-22,2122,023380,,3,2,9,1500,0,1,3,,1,015,"STATE ROUTE 202","CUMMINGS VALLEY ROAD",1635.00,E,N,A,-,Y,KER,,202," ",R,2.470,H,,R,N,1,1,0,2,A,-,11,21954,A,N,G,B,E,A,H,-,D,D,0,Y,,,,Y,,N,60,0,0,0,1,0,0,0,0,0,"- ","- ",35.134880065917969,-118.56432342529297,KERN,UNINCORPORATED,-118.56427764892578,35.134838104248047
94652243,2025,2025-04-16,9420,2025-04-10,"720 ",020634,,4,1,6,1502,0,1,3,,2,584,"SR-58 EASTBOUND","OSWELL STREET",1245.00,W,N,A,-,Y,KER,,58," ",R,56.993,H,,R,N,2,0,1,2,A,-,11,21954,A,N,G,B,D,A,H,-,A,D,0,Y,,,,Y,,N,60,1,0,0,0,1,0,0,0,0,"- ","- ",35.352409362792969,-118.95748901367188,KERN,BAKERSFIELD,-118.95748901367188,35.352447509765625
94658158,2025,2025-04-22,9420,2025-04-10,"930 ",020634,,4,1,9,1500,0,1,3,,2,584,"SR-58 EASTBOUND","EAST OF HUGHES LN",600.00,E,N,A,-,Y,KER,,58," ",R,52.949,H,,R,Y,2,0,3,3,C,-,18,,,N,H,C,A,A,H,-,A,D,0,,,,Y,Y,,-,"- ",1,1,1,0,0,0,0,0,0,"- ","- ",35.352439880371094,-119.02902221679688,KERN,UNINCORPORATED,-119.02902221679688,35.352466583251953
94659935,2025,2025-04-23,9830,2025-04-10,1540,020866,,4,2,9,1500,0,3,5,,2,003,"MOJAVE TROPICO RD.","FICKETT AVE",50.00,N,N,A,-,N,,,,,,,,,,Y,2,0,2,1,A,-,01,23152,A,N,F,A,A,A,H,-,A,D,0,,,,,Y,Y,A,01,1,1,0,0,0,0,0,0,0,"- ","- ",34.940059661865234,-118.21266174316406,KERN,UNINCORPORATED,-118.21250152587891,34.940116882324219
94662314,2025,2025-04-24,9420,2025-04-15,2305,021915,,2,3,9,1500,0,1,3,,2,155,SR-155,"SAWMILL ROAD",2376.00,W,N,A,-,Y,KER,,155," "," ",66.231,H,,R,Y,2,0,1,1,A,-,01,23152,A,N,E,I,A,A,H,-,D,D,0,,,,,Y,Y,A,01,1,0,0,0,0,0,0,0,0,"- ","- ",35.685348510742188,-118.46846008300781,KERN,UNINCORPORATED,-118.46846771240234,35.685352325439453
94662823,2025,2025-04-24,9830,2025-02-22,1725,023211,,6,2,9,1500,0,1,3,,2,043,"BUSINESS ROUTE 58 NORTH","MINARD TRAIL",66.00,N,N,A,-,N,,,,,,,,,,Y,1,1,1,2,A,-,08,22107,,N,D,C,A,A,H,-,A,D,0,,,,,Y,,A,01,1,0,0,0,0,0,0,0,0,"- ","- ",35.110431671142578,-118.18061828613281,KERN,UNINCORPORATED,,
94663203,2025,2025-04-24,9420,2025-03-09,2241,023204,,7,3,9,1500,0,2,4,,1,072,"EDISON HIGHWAY","THE EAST ROAD EDGE OF THE MOUNT VERNON AVENUE OVER",10.00,W,N,A,-,N,,,,,,,,,,Y,1,1,0,2,A,-,11,21954,A,N,G,B,D,A,H,-,C,D,0,Y,,,,Y,Y,N,60,0,0,0,1,0,0,0,0,0,"- ","- ",35.371120452880859,-118.96743011474609,KERN,UNINCORPORATED,,
94663213,2025,2025-04-24,9426,2025-03-19,2145,016828,,3,2,9,1500,0,1,1,,2,504,"I-5 S/B","STATION ROAD",5280.00,N,N,A,-,Y,KER,,5," "," ",45.886,H,,R,Y,2,0,2,2,A,-,05,21650,,F,A,C,A,A,H,-,D,D,0,,,,,Y,,A,07,2,0,0,0,0,0,0,0,0,"- ","- ",35.339260101318359,-119.31356811523438,KERN,UNINCORPORATED,-119.31357574462891,35.339256286621094
94666124,2025,2025-04-28,9420,2025-03-29,1940,022872,,6,2,9,1500,0,1,3,,1,176,"ALFRED HARRELL HIGHWAY","MC MANNUS ROAD",2640.00,W,N,A,-,N,,,,,,,,,,Y,2,0,1,1,A,-,03,22350,,N,E,I,A,A,H,-,D,D,0,,,Y,,Y,,C,02,1,0,0,0,0,0,0,0,1,"- ","- ",35.417751312255859,-118.95778656005859,KERN,UNINCORPORATED,,
94667811,2025,2025-04-29,9420,2025-04-13,"217 ",022355,,7,3,9,1500,0,2,4,,1,072,"EDISON HIGHWAY","OSWELL FRONTAGE ROAD NORTH",0.00,,Y,A,-,Y,,,,,,,,,,Y,2,0,1,2,D,-,00,,,F,D,C,A,A,H,-,C,A,0,,,,,Y,Y,-,"- ",1,0,0,0,0,0,0,0,0,"- ","- ",35.366748809814453,-118.94967651367188,KERN,UNINCORPORATED,,
94669034,2025,2025-04-29,9420,2025-04-21,1040,022083,,1,1,9,1500,0,3,5,,2,040,"GURLEY ST","HEIGHT ST",340.00,S,N,A,-,N,,,,,,,,,,N,2,0,1,2,C,-,18,,,N,G,B,E,A,H,-,A,D,0,Y,,,,Y,,-,"- ",1,0,0,0,1,0,0,0,0,"- ","- ",35.392890930175781,-118.97731018066406,KERN,UNINCORPORATED,-118.97734069824219,35.392948150634766
94670447,2025,2025-04-30,9830,2025-04-20,1410,022390,,7,2,9,1500,0,3,5,,2,005,"BROWN RD","WIKNICH RD",1056.00,S,N,A,-,N,,,,,,,,,,Y,2,0,1,1,A,-,08,22107,,N,E,I,A,A,H,-,A,D,0,,,Y,,Y,,C,02,1,0,0,0,0,0,0,0,1,"- ","- ",35.564441680908203,-117.77728271484375,KERN,UNINCORPORATED,-117.7772216796875,35.564491271972656
94672226,2025,2025-05-01,9420,2025-04-16,"230 ",019140,,3,3,9,1500,0,1,3,,2,177,"STATE ROUTE 178","LIVE OAK ROAD",20592.00,W,N,A,-,Y,KER,,178," "," ",15.235,H,,R,Y,2,0,2,1,A,-,01,23152,A,N,E,I,A,A,H,-,D,D,0,,,,,Y,Y,A,01,1,1,0,0,0,0,0,0,0,"- ","- ",35.457908630371094,-118.77964019775391,KERN,UNINCORPORATED,-118.77969360351562,35.457901000976562
94680098,2025,2025-06-26,9420,2025-05-02,"425 ",021632,,5,3,9,1500,0,2,4,,1,051,"MANOR STREET","ROBERTS LANE",10.00,N,N,A,-,N,,,,,,,,,,Y,2,0,1,1,A,-,08,22107,,N,E,8,A,A,H,-,D,D,0,,,,,Y,,D,22,1,0,0,0,0,0,0,0,0,"- ","- ",35.410621643066406,-119.01248931884766,KERN,UNINCORPORATED,-119.01235961914062,35.410415649414062
94683485,2025,2025-05-12,9420,2025-05-02,1715,023229,,5,2,9,1500,0,2,4,,1,075,"SOUTH UNION AVE","FAIRVIEW ROAD",0.00,,Y,A,-,N,,,,,,,,,,Y,2,0,2,2,A,-,12,21453,A,N,D,2,A,A,H,-,A,A,0,,,,,Y,,D,22,1,0,1,0,0,0,0,0,0,"- ","- ",35.30316162109375,-119.00299072265625,KERN,UNINCORPORATED,-119.00312805175781,35.303131103515625
94688732,2025,2025-05-15,9420,2025-01-31,1229,020366,,5,1,9,1500,0,1,3,,1,119,"STATE ROUTE 119","BUENA VISTA ROAD",0.00,,Y,A,-,Y,KER,,119," "," ",25.259,H,,R,Y,1,1,1,2,A,-,12,22450,A,N,D,2,A,A,H,-,A,A,0,,,,,Y,,A,08,0,0,1,0,0,0,0,0,0,"- ","- ",35.267261505126953,-119.12835693359375,KERN,UNINCORPORATED,-119.12835693359375,35.267234802246094
94692169,2025,2025-05-19,9420,2025-03-04,2245,021766,,2,3,9,1500,0,3,5,,2,671,"DIGIORGIO RD.","EDISON RD.",600.00,E,N,A,-,N,,,,,,,,,,Y,2,0,2,2,A,-,05,21650,,F,A,C,A,A,H,-,C,D,0,,,,Y,Y,,A,01,2,0,0,0,0,0,0,0,0,"- ","- ",35.252559661865234,-118.87631225585938,KERN,UNINCORPORATED,-118.87638092041016,35.252574920654297
94692965,2025,2025-05-19,9420,2025-05-11,2100,023030,,7,2,9,1500,0,3,5,,2,520,"DAVIS AVE.","ELMO HWY.",1645.00,N,N,A,-,N,,,,,,,,,,N,2,0,1,2,A,-,03,22350,,F,B,G,A,A,H,-,D,D,0,,Y,,,Y,,-,99,1,0,0,0,0,0,1,0,0,"- ","- ",35.693790435791016,-119.23116302490234,KERN,UNINCORPORATED,-119.23103332519531,35.693233489990234
94693742,2025,2025-05-20,9420,2025-05-12,1818,021144,,1,2,9,1500,0,2,4,,1,051,"N. CHESTER AVE.","DAY AVE.",8.00,S,N,A,-,N,,,,,,,,,,N,2,0,1,2,A,-,11,21954,A,N,G,B,D,A,H,-,A,A,0,Y,,,,Y,Y,N,60,1,0,0,0,1,0,0,0,0,"- ","- ",35.435211181640625,-119.02134704589844,KERN,UNINCORPORATED,-119.02140045166016,35.435169219970703
94694625,2025,2025-05-20,9420,2025-05-09,"120 ",018610,,5,3,9,1500,0,1,3,,2,178,SR-178,"FLY CATCHER DRIVE",2640.00,W,N,A,-,Y,KER,,178," "," ",54.357,H,,R,Y,2,0,1,1,A,-,08,22107,,N,F,A,A,A,H,-,D,D,0,,,,,Y,,D,22,1,0,0,0,0,0,0,0,0,"- ","- ",35.654331207275391,-118.34385681152344,KERN,UNINCORPORATED,-118.34389495849609,35.654422760009766
94695784,2025,2025-05-21,9420,2025-05-14,2038,021144,,3,2,9,1500,0,2,4,,1,051,"OILDALE DR.","BELLE AVE.",160.00,N,N,A,-,N,,,,,,,,,,Y,2,0,1,2,A,-,05,21460,,N,D,2,A,A,H,-,C,D,0,,,Y,,Y,,C,02,1,0,0,0,0,0,0,0,1,"- ","- ",35.410938262939453,-119.02999877929688,KERN,UNINCORPORATED,-119.02997589111328,35.410877227783203
94701660,2025,2025-05-27,9420,2025-05-09,"550 ",019311,,5,3,9,1500,0,3,5,,2,672,"RANCHO ROAD","DAVID ROAD",4541.00,N,N,A,-,N,,,,,,,,,,Y,2,0,3,2,A,-,05,21650,,N,A,C,A,A,H,-,A,D,0,,,,Y,Y,,A,01,3,0,0,0,0,0,0,0,0,"- ","- ",35.10504150390625,-118.85054016113281,KERN,UNINCORPORATED,-118.84652709960938,35.092750549316406
94702028,2025,2025-05-27,9420,2025-03-24,"751 ",019311,,1,1,9,1500,0,3,5,,2,510,"STRADLEY AVENUE","PETERSON ROAD",0.00,,Y,A,-,N,,,,,,,,,,Y,1,1,0,2,A,-,03,22350,,N,D,C,A,A,H,-,A,A,0,,,,Y,Y,,A,01,0,0,0,0,0,0,0,0,0,"- ","- ",35.703330993652344,-119.25855255126953,KERN,UNINCORPORATED,-119.25852203369141,35.703289031982422
94702165,2025,2025-05-27,9420,2025-03-10,"0   ",023079,,1,3,9,1500,0,3,5,,2,671,"PANAMA ROAD","FAIRFAX ROAD",6600.00,W,N,A,-,N,,,,,,,,,,N,1,1,1,1,A,-,08,22107,,N,E,8,A,A,H,-,D,D,0,,,,,Y,,A,01,0,0,1,0,0,0,0,0,0,"- ","- ",35.266990661621094,-118.95423126220703,KERN,UNINCORPORATED,-118.95420837402344,35.266910552978516
94705738,2025,2025-05-29,9420,2025-05-22,1954,022740,,4,2,9,1500,0,2,4,,1,072,"NILES STREET","MOUNT VERNON AVENUE",145.00,E,N,A,-,N,,,,,,,,,,Y,2,0,2,2,A,-,01,23152,A,N,E,I,A,A,H,-,A,A,0,,,,,Y,Y,A,01,1,0,1,0,0,0,0,0,0,"- ","- ",35.376251220703125,-118.96671295166016,KERN,UNINCORPORATED,-118.96710968017578,35.376300811767578
94708666,2025,2025-06-02,9430,2025-05-23,"105 ",022644,,5,3,9,1500,0,1,1,,2,053,"I-5 N/B","GRAPEVINE ROAD",1850.00,S,N,A,-,Y,KER,,5," "," ",9.813,H,,R,Y,2,0,3,2,C,-,18,,,N,D,C,A,A,H,-,D,D,0,,,,,Y,,-,"- ",1,2,0,0,0,0,0,0,0,"- ","- ",34.934780120849609,-118.92665100097656,KERN,UNINCORPORATED,-118.92656707763672,34.934818267822266
94711729,2025,2025-06-03,9426,2025-05-24,1803,022349,,6,2,9,1500,0,1,3,,2,581,SR-58,"SEVEN MILE DR",15840.00,E,N,A,-,Y,KER,,58," "," ",0.846,H,,R,Y,2,0,1,1,A,-,03,22350,,N,E,I,A,A,H,-,A,D,0,,,Y,,Y,,C,02,1,0,0,0,0,0,0,0,1,"- ","- ",35.354759216308594,-119.82295227050781,KERN,UNINCORPORATED,-119.82299041748047,35.354766845703125
94714574,2025,2025-06-05,9420,2025-05-31,2207,023531,,6,3,9,1500,0,3,5,,2,320,"CALIENTE BODFISH RD","RIM RD",4752.00,N,N,A,-,N,,,,,,,,,,Y,2,0,2,1,A,-,08,22107,,N,E,I,A,A,H,-,D,D,0,,,,,Y,,D,22,2,0,0,0,0,0,0,0,0,"- ","- ",35.576179504394531,-118.50396728515625,KERN,UNINCORPORATED,-118.50334167480469,35.578189849853516
94715172,2025,2025-06-05,9426,2025-05-26,2323,018919,,1,3,9,1500,0,3,5,,2,081,"D STREET","4TH AVENUE",271.00,W,N,A,-,N,,,,,,,,,,Y,2,0,1,2,A,-,08,22107,,N,E,E,A,A,H,-,D,D,0,,,Y,,Y,,C,02,1,0,0,0,0,0,0,0,1,"- ","- ",35.134281158447266,-119.47013092041016,KERN,UNINCORPORATED,-119.47003173828125,35.134246826171875
94723812,2025,2025-06-12,9420,2025-03-29,1927,022093,,6,2,9,1500,0,1,3,,1,650,"STATE ROUTE 65","DALLY LANE",1426.00,N,N,A,-,Y,KER,,65," "," ",11.425,H,,R,Y,1,1,3,2,A,-,08,22107,,N,B,C,A,A,H,-,D,D,0,,,,,Y,,A,07,1,1,1,0,0,0,0,0,0,"- ","- ",35.596309661865234,-119.08915710449219,KERN,UNINCORPORATED,-119.08913421630859,35.596309661865234
94725840,2025,2025-06-16,9830,2025-06-05,2028,024033,,4,2,9,1500,0,2,4,,1,032,"SIERRA HIGHWAY","MARIE AVENUE",165.00,N,N,A,-,N,,,,,,,,,,Y,2,0,2,2,A,-,01,23152,A,N,A,C,A,A,H,-,C,D,0,,,,,Y,Y,D,22,2,0,0,0,0,0,0,0,0,"- ","- ",34.850601196289062,-118.16082763671875,KERN,UNINCORPORATED,-118.16080474853516,34.850349426269531
94726195,2025,2025-06-16,9830,2025-02-21,1830,023147,,5,2,9,1500,0,1,3,,2,010,"STATE ROUTE-58 WESTBOUND","BROOME ROAD",11616.00,E,N,A,-,Y,KER,,58," ",R,87.590,H,,L,Y,1,1,1,1,A,-,08,22107,,N,F,A,A,A,H,-,D,D,0,,,,Y,Y,,G,25,0,1,0,0,0,0,0,0,0,"- ","- ",35.181529998779297,-118.4901123046875,KERN,UNINCORPORATED,-118.4901123046875,35.181507110595703
94727797,2025,2025-06-16,9420,2025-03-12,1412,021845,,3,2,9,1500,0,1,3,,2,154,"STATE ROUTE 155","DRIVER ROAD",0.00,,Y,B,-,Y,KER,,155," ",R,2.473,H,,R,Y,1,1,1,2,A,-,09,21802,A,F,E,I,A,A,H,-,A,A,0,,,,,Y,,-,99,0,0,1,0,0,0,0,0,0,"- ","- ",35.761421203613281,-119.2052001953125,KERN,UNINCORPORATED,-119.2052001953125,35.761390686035156
94729436,2025,2025-06-17,9426,2025-06-10,"950 ",022535,,2,1,9,1500,0,1,3,,1,118,"SR-119 (TAFT HIGHWAY)","TAMARISK RD",880.00,E,N,A,-,Y,KER,,119," "," ",7.410,H,,R,Y,2,0,2,4,A,-,01,23152,A,N,A,2,A,A,H,-,A,D,0,,,,Y,Y,Y,A,01,1,0,1,0,0,0,0,0,0,"- ","- ",35.212921142578125,-119.40017700195312,KERN,UNINCORPORATED,-119.40019226074219,35.212932586669922
94730522,2025,2025-06-18,9426,2025-06-02,1816,021365,,1,2,9,1500,0,1,1,,2,502,"INTERSTATE 5 SOUTHBOUND","STATE ROUTE 46",7075.00,S,N,A,-,Y,KER,,5," "," ",71.675,H,,L,Y,1,1,0,1,A,-,08,22107,,N,E,8,A,A,H,-,A,D,0,,,,,Y,,A,07,0,0,0,0,0,0,0,0,0,"- ","- ",35.599918365478516,-119.64022064208984,KERN,UNINCORPORATED,-119.64012908935547,35.599979400634766
94731892,2025,2025-06-19,9420,2025-06-02,"815 ",021134,,1,1,9,1500,0,3,5,,2,671,"TEJON HWY","MOUNTAIN VIEW RD",1217.00,N,N,A,-,N,,,,,,,,,,Y,2,0,2,2,A,-,08,22107,,N,A,C,A,A,H,-,A,D,0,,,,Y,Y,,A,01,1,0,1,0,0,0,0,0,0,"- ","- ",35.285308837890625,-118.82499694824219,KERN,UNINCORPORATED,-118.82497406005859,35.285259246826172
94735432,2025,2025-06-23,9420,2025-06-09,2336,022153,,1,3,9,1500,0,3,5,,2,672,"DI GIORGIO ROAD","S VINELAND ROAD",845.00,E,N,A,-,N,,,,,,,,,,Y,2,0,2,2,A,-,01,23152,A,N,A,C,A,A,H,-,D,D,0,,,,,Y,Y,A,07,2,0,0,0,0,0,0,0,0,"- ","- ",35.252521514892578,-118.89325714111328,KERN,UNINCORPORATED,-118.89345550537109,35.252487182617188
94738055,2024,2025-06-24,9420,2024-10-14,1620,021144,,1,2,9,1500,0,3,5,,2,520,"ELMO HIGHWAY","SCOFIELD AVENUE",0.00,,Y,A,-,N,,,,,,,,,,N,1,3,1,2,A,-,03,22350,,N,D,2,A,A,H,-,A,C,0,,,,,Y,,D,22,0,1,0,0,0,0,0,0,0,"- ","- ",35.688671112060547,-119.40174102783203,KERN,UNINCORPORATED,-119.40174102783203,35.688663482666016
94738866,2025,2025-06-25,9420,2025-03-08,1500,022415,,6,2,9,1500,0,1,3,,1,176,"STATE ROUTE-178 EASTBOUND","ALTA VISTA DRIVE",700.00,W,N,A,-,Y,KER,,178," ",R,2.608,H,,R,N,1,1,0,2,A,-,11,21954,A,N,G,B,E,A,H,-,A,D,0,Y,,,,Y,,N,60,0,0,0,1,0,0,0,0,0,"- ","- ",35.383438110351562,-118.99978637695312,KERN,UNINCORPORATED,-118.99978637695312,35.3834228515625
94742010,2025,2025-06-27,9420,2025-06-12,"150 ",021905,,4,3,9,1500,0,3,5,,2,050,"SEQUOIA DRIVE","BELLE AVE",0.00,,Y,A,-,N,,,,,,,,,,N,2,0,2,2,A,-,01,23152,A,N,D,C,A,A,H,-,C,A,0,,,Y,,Y,Y,A,01,1,1,0,0,0,0,0,0,1,"- ","- ",35.410659790039062,-119.03414154052734,KERN,UNINCORPORATED,-119.03414916992188,35.410598754882812
94742106,2025,2025-06-27,9420,2025-06-19,1305,022050,,4,1,9,1500,0,3,5,,2,530,"7TH STANDARD RD","CHERRY AVE",370.00,W,N,A,-,N,,,,,,,,,,N,2,0,1,2,A,-,05,21460,,N,A,C,A,A,H,-,A,D,0,,,,Y,Y,,D,22,1,0,0,0,0,0,0,0,0,"- ","- ",35.44171142578125,-119.24491882324219,KERN,UNINCORPORATED,-119.24478149414062,35.441673278808594
94742551,2025,2025-06-27,9830,2025-04-06,1840,023380,,7,2,9,1500,0,1,3,,1,022,"STATE ROUTE 58 WESTBOUND","GEPHART ROAD",2112.00,E,N,A,-,Y,KER,,58," ",R,138.078,H,,L,Y,1,1,2,1,A,-,08,22107,,N,F,A,A,A,H,-,B,D,0,,,,,Y,,A,07,1,1,0,0,0,0,0,0,0,"- ","- ",35.006858825683594,-117.73365783691406,KERN,UNINCORPORATED,-117.73365783691406,35.007057189941406
94743867,2025,2025-08-11,9420,2025-06-21,"230 ",021905,,6,3,9,1500,0,3,5,,2,672,"MULLER ROAD",SR-184,2110.00,W,N,A,-,N,,,,,,,,,,N,2,0,2,1,A,-,08,22107,,N,E,J,A,A,H,-,D,D,0,,,,,Y,,A,07,1,0,1,0,0,0,0,0,0,"- ","- ",35.325210571289062,-118.9215087890625,KERN,UNINCORPORATED,-118.92136383056641,35.325218200683594
94744211,2025,2025-06-30,9420,2025-04-16,1944,022701,,3,2,9,1500,0,1,3,,2,223,"STATE ROUTE 223","ROCKPILE ROAD",5537.00,E,N,A,-,Y,KER,,223," "," ",24.248,H,,R,Y,1,1,1,2,A,-,08,22107,,N,A,C,A,A,H,-,B,D,0,,,,Y,Y,,A,01,1,0,0,0,0,0,0,0,0,"- ","- ",35.209339141845703,-118.76950836181641,KERN,UNINCORPORATED,-118.76950836181641,35.209354400634766
94744530,2025,2025-06-30,9830,2025-06-25,"850 ",019883,,3,1,9,1500,0,1,3,,1,051,"SR-178 WEST",SR-14,39072.00,W,N,A,-,Y,KER,,178," "," ",80.954,H,,R,Y,2,0,1,1,A,-,08,22107,,N,F,I,A,A,H,-,A,D,0,,,Y,,Y,,C,02,1,0,0,0,0,0,0,0,1,"- ","- ",35.655300140380859,-118.0115966796875,KERN,UNINCORPORATED,-118.01155853271484,35.655376434326172
94744671,2025,2025-06-30,9420,2025-06-09,2055,022872,,1,2,9,1500,0,1,3,,1,650,SR-65,"FAMOSO RD",2112.00,S,N,A,-,Y,KER,,65," "," ",11.363,H,,R,Y,2,0,1,1,A,-,01,23152,A,N,F,0,A,A,H,-,D,D,0,,,,,Y,Y,D,22,1,0,0,0,0,0,0,0,0,"- ","- ",35.595409393310547,-119.08917999267578,KERN,UNINCORPORATED,-119.0892333984375,35.595413208007812
94747437,2025,2025-07-07,9420,2025-06-15,1855,023259,,7,2,9,1500,0,1,3,,1,184,SR-184,"E BRUNDAGE LANE",230.00,N,N,A,-,Y,KER,,184," "," ",8.135,H,,R,N,2,0,1,2,A,-,03,22350,,F,C,C,A,A,H,-,A,D,0,,,Y,,Y,,-,99,1,0,0,0,0,0,0,0,1,"- ","- ",35.355171203613281,-118.91407775878906,KERN,UNINCORPORATED,-118.91412353515625,35.355171203613281
94752147,2025,2025-07-07,9830,2025-06-13,2100,023045,,5,2,9,1500,0,3,5,,2,002,"NICHOLS ST.","NANCY AVE",264.00,E,N,A,-,N,,,,,,,,,,N,2,0,1,1,A,-,08,22107,,N,F,A,A,A,H,-,C,D,0,,,Y,,Y,,C,06,1,0,0,0,0,0,0,0,1,"- ","- ",34.99774169921875,-117.65306091308594,KERN,UNINCORPORATED,-117.65331268310547,34.997722625732422
94753463,2025,2025-07-08,9420,2025-06-30,2100,022615,,1,2,9,1500,0,2,4,,1,051,"AIRPORT DRIVE","EL TEJON AVE",0.00,,Y,A,-,N,,,,,,,,,,N,2,0,1,2,A,-,10,21950,A,N,G,1,B,A,H,-,C,A,0,Y,,,,Y,,A,07,1,0,0,0,1,0,0,0,0,"- ","- ",35.41802978515625,-119.0389404296875,KERN,UNINCORPORATED,-119.03916168212891,35.418067932128906