CASE_ID,ACCIDENT_YEAR,PROC_DATE,JURIS,COLLISION_DATE,COLLISION_TIME,OFFICER_ID,REPORTING_DISTRICT,DAY_OF_WEEK,CHP_SHIFT,POPULATION,CNTY_CITY_LOC,SPECIAL_COND,BEAT_TYPE,CHP_BEAT_TYPE,CITY_DIVISION_LAPD,CHP_BEAT_CLASS,BEAT_NUMBER,PRIMARY_RD,SECONDARY_RD,DISTANCE,DIRECTION,INTERSECTION,WEATHER_1,WEATHER_2,STATE_HWY_IND,CALTRANS_COUNTY,CALTRANS_DISTRICT,STATE_ROUTE,ROUTE_SUFFIX,POSTMILE_PREFIX,POSTMILE,LOCATION_TYPE,RAMP_INTERSECTION,SIDE_OF_HWY,TOW_AWAY,COLLISION_SEVERITY,NUMBER_KILLED,NUMBER_INJURED,PARTY_COUNT,PRIMARY_COLL_FACTOR,PCF_CODE_OF_VIOL,PCF_VIOL_CATEGORY,PCF_VIOLATION,PCF_VIOL_SUBSECTION,HIT_AND_RUN,TYPE_OF_COLLISION,MVIW,PED_ACTION,ROAD_SURFACE,ROAD_COND_1,ROAD_COND_2,LIGHTING,CONTROL_DEVICE,CHP_ROAD_TYPE,PEDESTRIAN_ACCIDENT,BICYCLE_ACCIDENT,MOTORCYCLE_ACCIDENT,TRUCK_ACCIDENT,NOT_PRIVATE_PROPERTY,ALCOHOL_INVOLVED,STWD_VEHTYPE_AT_FAULT,CHP_VEHTYPE_AT_FAULT,COUNT_SEVERE_INJ,COUNT_VISIBLE_INJ,COUNT_COMPLAINT_PAIN,COUNT_PED_KILLED,COUNT_PED_INJURED,COUNT_BICYCLIST_KILLED,COUNT_BICYCLIST_INJURED,COUNT_MC_KILLED,COUNT_MC_INJURED,PRIMARY_RAMP,SECONDARY_RAMP,LATITUDE,LONGITUDE,COUNTY,CITY,POINT_X,POINT_Y
94755059,2025,2025-07-09,9830,2025-06-22,1115,022390,,7,1,9,1500,0,1,3,,1,050,SR-14,SR-178W,528.00,N,N,A,-,Y,KER,,14," "," ",57.898,H,,R,Y,2,0,1,2,A,-,09,21804,A,N,D,C,A,A,H,-,A,D,0,,,Y,,Y,,C,02,1,0,0,0,0,0,0,0,1,"- ","- ",35.603359222412109,-117.90213012695312,KERN,UNINCORPORATED,-117.90216827392578,35.603374481201172
94756544,2025,2025-07-10,9420,2025-04-26,"334 ",022774,,6,3,9,1500,0,1,3,,2,588,"STATE ROUTE 58 EASTBOUND","BENA ROAD",0.00,,Y,B,-,Y,KER,,58," "," ",77.064,H,,R,Y,1,1,2,2,A,-,01,23152,A,N,C,C,A,A,H,-,C,D,0,,,,Y,Y,Y,D,22,0,1,1,0,0,0,0,0,0,"- ","- ",35.263648986816406,-118.63314819335938,KERN,UNINCORPORATED,-118.63314819335938,35.263656616210938
94760698,2025,2025-07-14,9420,2025-05-17,1600,023030,,6,2,9,1500,0,1,3,,2,154,"SR-155 W/B","ELLIOTT LAKE",1950.00,W,N,A,-,N,,,,,,,,,,N,2,0,1,1,A,-,03,22350,,F,F,A,A,A,H,-,A,D,0,,,Y,,Y,,C,02,1,0,0,0,0,0,0,0,1,"- ","- ",35.705379486083984,-118.76199340820312,KERN,UNINCORPORATED,-118.76199340820312,35.705379486083984
94772550,2025,2025-07-22,9420,2025-05-23,1655,023259,,5,2,9,1500,0,1,3,,2,155,"STATE ROUTE 155","DUTCH FLAT ROAD",1056.00,E,N,A,-,Y,KER,,155," "," ",69.221,H,,R,Y,1,1,0,1,A,-,08,22107,,N,F,I,A,A,H,-,A,D,0,,,,,Y,,A,07,0,0,0,0,0,0,0,0,0,"- ","- ",35.650810241699219,-118.48581695556641,KERN,UNINCORPORATED,-118.48604583740234,35.6507568359375
9477488,2022,2022-08-08,1507,2022-07-09,0957,292,100,6,5,3,1507,0,0,0,,0,,"BURBANK ST","CHERRY AV",0.00,,Y,A,-,N,,,,,,,,,,Y,2,0,1,3,A,-,09,21802,A,N,D,C,A,A,H,-,A,D,0,,,,,Y,,-,,1,0,0,0,0,0,0,0,0,"- ","- ",35.470699310302734,-119.24314117431641,KERN,SHAFTER,-119.24315643310547,35.470691680908203
94782865,2025,2025-07-30,9420,2025-06-22,1448,023531,,7,2,9,1500,0,3,5,,2,320,"BARLOW ROAD","BARLOW DRIVE",350.00,N,N,A,-,N,,,,,,,,,,Y,1,1,0,1,A,-,08,22107,,N,F,A,A,A,H,-,A,D,0,,,Y,,Y,,C,02,0,0,0,0,0,0,0,1,0,"- ","- ",35.639610290527344,-118.47045135498047,KERN,UNINCORPORATED,,
94791855,2025,2025-08-06,9420,2025-05-30,2058,022701,,5,2,9,1500,0,3,5,,2,671,"DI GIORGIO ROAD","MYRTLE AVENUE",0.00,,Y,A,-,N,,,,,,,,,,N,1,1,0,2,A,-,11,21954,A,N,G,B,E,A,H,-,C,D,0,Y,,,,Y,,N,60,0,0,0,1,0,0,0,0,0,"- ","- ",35.252449035644531,-118.90985870361328,KERN,UNINCORPORATED,-118.90980529785156,35.252433776855469
94807494,2025,2025-08-18,9420,2025-05-07,1535,022701,,3,2,9,1500,0,3,5,,2,510,"CECIL AVENUE","WALLACE ROAD",0.00,,Y,A,-,N,,,,,,,,,,Y,1,1,3,2,A,-,01,23152,A,N,D,C,A,A,H,-,A,A,0,,,,,Y,Y,A,01,1,2,0,0,0,0,0,0,0,"- ","- ",35.7760009765625,-119.16963195800781,KERN,UNINCORPORATED,-119.16966247558594,35.775981903076172
94810355,2025,2025-08-20,9420,2025-04-18,2200,021905,,5,3,9,1500,0,1,3,,1,184,"STATE ROUTE 184","EAST WILSON ROAD",443.00,N,N,A,-,Y,KER,,184," "," ",6.667,H,,R,Y,1,1,1,2,A,-,01,23152,A,N,A,C,A,A,H,-,D,D,0,,,,,Y,Y,D,22,0,1,0,0,0,0,0,0,0,"- ","- ",35.333858489990234,-118.91429138183594,KERN,UNINCORPORATED,-118.91429138183594,35.333858489990234
94811233,2025,2025-08-20,9430,2025-05-18,2140,021296,,7,2,9,1500,0,1,3,,2,167,"STATE ROUTE 166","OLD RIVER ROAD",5808.00,W,N,A,-,N,,,,,,,,,,Y,1,1,4,2,A,-,06,21751,,N,A,C,A,A,H,-,D,D,0,,,,,Y,,D,22,4,0,0,0,0,0,0,0,0,"- ","- ",35.058700561523438,-119.15947723388672,KERN,UNINCORPORATED,-119.15822601318359,35.058681488037109
94821428,2025,2025-08-28,9830,2025-03-12,1950,023400,,3,2,9,1500,0,1,3,,1,040,"STATE ROUTE 14 NORTHBOUND","PINE TREE CANYON ROAD",3168.00,S,N,A,-,Y,KER,,14," "," ",29.279,H,,R,Y,1,1,2,1,A,-,08,22107,,N,E,I,A,A,H,-,D,D,0,,,,,Y,,A,07,1,1,0,0,0,0,0,0,0,"- ","- ",35.22412109375,-118.05030059814453,KERN,UNINCORPORATED,-118.05037689208984,35.224140167236328
9482402,2022,2022-07-26,1506,2022-06-03,1913,0242,11,5,5,4,1506,0,0,0,,0,,"W JOYNER AV","N NORMA ST",1.00,W,N,A,-,N,,,,,,,,,,N,2,0,1,1,A,-,03,22350,,N,H,A,A,B,H,-,A,D,0,,,Y,,Y,,C,02,1,0,0,0,0,0,0,0,1,"- ","- ",35.643459320068359,-117.67877960205078,KERN,RIDGECREST,-117.67874145507812,35.643451690673828
9483915,2022,2022-08-10,1511,2022-07-13,0620,53341,9,3,5,2,1511,0,0,0,,0,DIRT,"TWENTY MULE TEAM PKWY","COLUMBIA RD",0.00,,Y,A,-,N,,,,,,,,,,Y,2,0,1,1,A,-,03,22350,,N,F,A,A,A,H,-,A,D,0,,,,,Y,,A,01,1,0,0,0,0,0,0,0,0,"- ","- ",35.188430786132812,-117.79112243652344,KERN,"CALIFORNIA CITY",-117.63259124755859,35.246871948242188
9490951,2022,2022-09-01,1500,2022-08-16,1649,202473,WA02,2,5,3,1510,0,0,0,,0,4401,"FILBURN AV",BROADWAY,122.00,E,N,A,-,N,,,,,,,,,,Y,2,0,2,2,A,-,09,21804,A,N,D,C,A,A,H,-,A,D,0,,,Y,,Y,,C,06,1,1,0,0,0,0,0,0,2,"- ","- ",,,KERN,WASCO,-119.33786773681641,35.579746246337891
9492068,2022,2022-09-13,1501,2022-08-23,1553,999,12,2,5,3,1501,0,0,0,,0,001,"BEAR MOUNTAIN BL","WALNUT DR",0.00,,Y,A,-,N,,,,,,,,,,Y,2,0,1,3,A,-,03,22350,,F,C,C,A,A,H,-,A,D,0,,,,,Y,,A,01,1,0,0,0,0,0,0,0,0,"- ","- ",35.209110260009766,-118.83767700195312,KERN,ARVIN,-118.83767700195312,35.208999633789062
9496186,2022,2022-08-24,1507,2022-07-28,0523,300,6,4,5,3,1507,0,0,0,,0,,"N CENTRAL VALLEY HWY","VENABLE LN",0.00,,Y,A,-,N,,,,,,,,,,N,2,0,5,2,A,-,09,21801,,N,D,C,A,A,H,-,B,D,0,,,,,Y,,D,22,4,0,1,0,0,0,0,0,0,"- ","- ",35.509769439697266,-119.28269958496094,KERN,SHAFTER,-119.28285980224609,35.509967803955078
9498730,2022,2022-12-14,1506,2022-11-26,1930,7598,37,6,5,4,1506,0,0,0,,0,,"S GOLD CANYON ST","RT 178",135.00,S,N,A,-,Y,KER,6,178,-,-,102.800,I,6,E,N,2,0,1,2,A,-,01,23153,G,F,G,B,E,A,H,-,C,A,0,Y,,,,Y,Y,E,22,1,0,0,0,1,0,0,0,0,"- ","- ",35.622489929199219,-117.66660308837891,KERN,RIDGECREST,-117.66664123535156,35.622467041015625
9500521,2022,2022-11-17,1506,2022-08-01,2050,7598,58,1,5,4,1506,0,0,0,,0,,"S MAHAN ST","W DOLPHIN AV",0.00,,Y,A,-,N,,,,,,,,,,N,2,0,3,4,A,-,06,21755,,N,G,B,E,A,H,-,C,A,0,Y,,,,Y,,A,01,3,0,0,0,2,0,0,0,0,"- ","- ",35.600429534912109,-117.69663238525391,KERN,RIDGECREST,-117.69696807861328,35.600704193115234
9504028,2022,2022-10-06,1502,2022-05-14,1157,1359,,6,5,6,1502,0,0,0,,0,HILL,"SAN DIMAS ST","38TH ST",217.00,S,N,A,-,N,,,,,,,,,,Y,1,1,0,1,A,-,08,22107,,N,E,I,A,A,H,-,A,D,0,,,,,Y,,A,01,0,0,0,0,0,0,0,0,0,"- ","- ",35.394191741943359,-119.00808715820312,KERN,BAKERSFIELD,-119.0081787109375,35.393703460693359
9504065,2022,2022-10-13,1506,2022-03-03,0022,1304,50,4,5,4,1506,0,0,0,,0,,"W BOWMAN AV","S DOWNS ST",234.00,W,N,A,-,N,,,,,,,,,,Y,1,1,1,1,A,-,00,23103,A,N,E,I,A,A,H,-,D,A,0,,,,,Y,,A,01,1,0,0,0,0,0,0,0,0,"- ","- ",35.607791900634766,-117.68997955322266,KERN,RIDGECREST,-117.68886566162109,35.607765197753906
9504975,2022,2022-11-03,1506,2022-10-04,1301,1304,26,2,5,4,1506,0,0,0,,0,,"WEST RIDGECREST BL","N MAHAN ST",0.00,,Y,A,-,N,,,,,,,,,,Y,2,0,3,2,A,-,09,21801,A,N,D,C,A,A,H,-,A,A,0,,,,,Y,,A,01,1,0,2,0,0,0,0,0,0,"- ","- ",35.622520446777344,-117.69667816162109,KERN,RIDGECREST,-117.69672393798828,35.622512817382812
9506698,2022,2022-10-18,1507,2022-09-02,0800,292,100,5,5,3,1507,0,0,0,,0,,"SANTA FE WY",CHERRY,0.00,,Y,A,-,N,,,,,,,,,,Y,2,0,2,2,A,-,12,22450,A,N,B,C,A,A,H,-,A,D,0,,,,,Y,,D,22,2,0,0,0,0,0,0,0,0,"- ","- ",35.477588653564453,-119.2430419921875,KERN,SHAFTER,-119.24305725097656,35.477611541748047
9507334,2022,2022-11-03,1507,2022-10-01,1348,281,20,6,5,3,1507,0,0,0,,0,,"S SHAFTER AV","W LOS ANGELES AVE",0.00,,N,A,-,N,,,,,,,,,,Y,2,0,1,2,A,-,03,22350,,N,C,C,A,A,H,-,A,A,0,,,,,Y,,A,01,1,0,0,0,0,0,0,0,0,"- ","- ",35.492591857910156,-119.27838897705078,KERN,SHAFTER,-119.27841949462891,35.492588043212891
9520047,2022,2022-11-15,1509,2022-10-24,1550,1005,W,1,5,3,1509,0,0,0,,0,,"TUCKER RD","POLE 4747002E",42.00,S,N,A,-,Y,KER,6,202,-,R,9.070,H,-,E,Y,1,1,0,2,A,-,05,21650,,N,D,G,A,A,H,-,A,-,0,,Y,,,Y,,L,04,0,0,0,0,0,1,0,0,0,"- ","- ",35.12799072265625,-118.46768188476562,KERN,TEHACHAPI,-118.4676513671875,35.127231597900391
9520210,2021,2023-06-20,1502,2021-09-21,1639,1359,,2,5,6,1502,0,0,0,,0,HILL,"UNION AV","COLUMBUS ST",176.00,N,N,A,-,N,,,,,,,,,,Y,1,1,0,3,A,-,03,22350,,F,B,C,A,A,H,-,A,A,0,,,,Y,Y,Y,A,01,0,0,0,0,0,0,0,0,0,"- ","- ",35.39788818359375,-119.00270843505859,KERN,BAKERSFIELD,-119.00279998779297,35.397941589355469
9520211,2021,2023-01-12,1502,2021-10-09,0436,1338,,6,5,6,1502,0,0,0,,0,VALLEY,"PANAMA LN","COTTONWOOD RD",1165.00,E,N,A,-,N,,,,,,,,,,Y,1,1,2,2,A,-,01,23152,G,N,A,C,A,A,H,-,D,D,0,,,,,Y,Y,A,01,0,0,2,0,0,0,0,0,0,"- ","- ",35.295608520507812,-118.98197174072266,KERN,BAKERSFIELD,-118.98146057128906,35.295940399169922
9520212,2021,2023-06-20,1502,2021-10-10,1931,1268,,7,5,6,1502,0,0,0,,0,SOUTH,"WHITE LN","ASHE RD",455.00,E,N,A,-,N,,,,,,,,,,Y,1,1,0,2,A,-,03,22350,,N,D,C,A,A,H,-,C,D,0,,,Y,,Y,Y,C,02,0,0,0,0,0,0,0,0,0,"- ","- ",35.318191528320312,-119.07293701171875,KERN,BAKERSFIELD,-119.07293701171875,35.318122863769531
9520213,2021,2023-01-12,1502,2021-10-17,1705,1188,,7,5,6,1502,0,0,0,,0,HILL,"UNION AV","BERNARD ST",0.00,,Y,A,-,N,,,,,,,,,,Y,1,1,0,2,A,-,12,21453,A,N,D,C,A,A,H,-,A,A,0,,,Y,,Y,,C,02,0,0,0,0,0,0,0,1,0,"- ","- ",35.390640258789062,-119.00279998779297,KERN,BAKERSFIELD,-119.00278472900391,35.390312194824219
9520214,2021,2023-06-20,1502,2021-11-13,1814,1322,,6,5,6,1502,0,0,0,,0,HILL,"AUBURN ST","CATALINA DR",214.00,W,N,A,-,N,,,,,,,,,,Y,1,1,0,2,A,-,11,21954,A,N,G,B,D,A,H,-,D,D,0,Y,,,,Y,,N,60,0,0,0,1,0,0,0,0,0,"- ","- ",35.397750854492188,-118.94544982910156,KERN,BAKERSFIELD,-118.94558715820312,35.397777557373047
9520614,2023,2025-07-22,1511,2023-04-19,2007,53324,1,3,5,2,1511,0,0,0,,0,00A,"CALIFORNIA CITY BL","GANT RD",603.00,W,N,A,-,N,,,,,,,,,,Y,1,1,1,2,A,-,06,21751,,N,A,C,A,A,H,-,D,D,0,,,,,Y,Y,A,01,1,0,0,0,0,0,0,0,0,"- ","- ",35.125530242919922,-118.03912353515625,KERN,"CALIFORNIA CITY",-118.04117584228516,35.125518798828125
9520666,2022,2023-07-06,1502,2022-07-12,0647,1322,,2,5,6,1502,0,0,0,,0,HILL,"BERNARD ST","BEALE AV",193.00,W,N,A,-,N,,,,,,,,,,N,1,1,0,2,A,-,01,23152,A,F,G,B,F,D,G,-,D,D,0,Y,,,,Y,Y,D,22,0,0,0,1,0,0,0,0,0,"- ","- ",35.390708923339844,-118.98491668701172,KERN,BAKERSFIELD,-118.985595703125,35.3902587890625
9520670,2022,2023-07-24,1502,2022-09-11,0413,1322,,7,5,6,1502,0,0,0,,0,NORTH,"RT 58","FRUITVALE AV",800.00,W,N,A,-,N,,,,,,,,,,N,1,1,0,2,A,-,11,21954,A,N,G,B,E,A,H,-,C,D,0,Y,,,Y,Y,,N,60,0,0,0,1,0,0,0,0,0,"- ","- ",35.383029937744141,-119.07440185546875,KERN,BAKERSFIELD,-119.07685852050781,35.383430480957031
9520671,2022,2023-07-05,1502,2022-05-28,2046,1168,,6,5,6,1502,0,0,0,,0,CENTRA,"NEW STINE RD","GORHAM WY",355.00,N,N,A,-,N,,,,,,,,,,N,1,1,0,2,A,-,11,21956,A,N,G,B,E,A,H,-,C,D,0,Y,,,,Y,,N,60,0,0,0,1,0,0,0,0,0,"- ","- ",35.349071502685547,-119.06076049804688,KERN,BAKERSFIELD,-119.06108093261719,35.349155426025391
9520672,2022,2023-07-05,1502,2022-01-04,1228,1338,,2,5,6,1502,0,0,0,,0,,"CALIFORNIA AV","R ST",0.00,,Y,A,-,N,,,,,,,,,,N,1,1,1,3,A,-,03,22350,,N,D,G,A,A,H,-,A,D,0,,Y,,,Y,,A,07,0,0,1,0,0,1,0,0,0,"- ","- ",35.368350982666016,-119.00907897949219,KERN,BAKERSFIELD,-119.00946807861328,35.368381500244141
9520677,2022,2023-07-07,1502,2022-02-06,1845,1188,,7,5,6,1502,0,0,0,,0,VALLEY,"COTTONWOOD RD","HACIENDA DR",47.00,S,N,A,-,N,,,,,,,,,,Y,1,1,1,1,A,-,01,23152,A,N,E,I,A,A,H,-,C,D,0,,,,,Y,Y,A,01,0,0,1,0,0,0,0,0,0,"- ","- ",35.329071044921875,-118.98552703857422,KERN,BAKERSFIELD,-118.98545074462891,35.329471588134766
9520679,2022,2023-07-05,1502,2022-01-11,0554,1185,,2,5,6,1502,0,0,0,,0,METRO,"KENTUCKY ST","WILLIAMS ST",124.00,E,N,E,-,N,,,,,,,,,,Y,1,1,1,2,A,-,03,22350,,N,G,B,D,A,H,-,C,D,0,Y,,,,Y,,A,07,0,1,0,1,0,0,0,0,0,"- ","- ",35.375751495361328,-118.97837829589844,KERN,BAKERSFIELD,-118.97787475585938,35.375419616699219
9520680,2022,2023-07-05,1502,2022-04-16,1959,1168,,6,5,6,1502,0,0,0,,0,VALLEY,"H ST","ISIL AV",35.00,S,N,A,-,N,,,,,,,,,,N,1,1,0,2,A,-,00,21956,B,N,G,B,D,A,H,-,B,D,0,Y,,,,Y,,N,60,0,0,0,1,0,0,0,0,0,"- ","- ",35.304470062255859,-119.0216064453125,KERN,BAKERSFIELD,-119.02130126953125,35.304462432861328
9520681,2022,2023-07-05,1502,2022-01-16,2102,1181,,7,5,6,1502,0,0,0,,0,,"MORNING DR","COLLEGE AV",495.00,N,N,A,-,N,,,,,,,,,,N,1,1,5,1,A,-,01,23152,A,N,F,A,A,A,H,-,D,D,0,,,,,Y,Y,A,08,0,2,3,0,0,0,0,0,0,"- ","- ",35.383228302001953,-118.91423034667969,KERN,BAKERSFIELD,-118.914306640625,35.384784698486328
9520694,2022,2023-07-05,1502,2022-04-16,2130,1343,,6,5,6,1502,0,0,0,,0,VALLEY,"WHITE LN","HUGHES LN",255.00,E,N,A,-,N,,,,,,,,,,Y,1,1,0,2,A,-,11,21954,A,N,G,B,D,A,H,-,C,D,0,Y,,,,Y,Y,N,60,0,0,0,1,0,0,0,0,0,"- ","- ",35.317741394042969,-119.02944946289062,KERN,BAKERSFIELD,-119.02923583984375,35.317611694335938
9520695,2022,2023-07-07,1502,2022-08-30,1657,1336,,2,5,6,1502,0,0,0,,0,HILL,"MOUNT VERNON AV","NOBLE AV",95.00,N,N,A,-,N,,,,,,,,,,Y,1,1,0,2,A,-,08,22107,,N,C,E,A,A,H,-,A,D,0,,,,,Y,,A,01,0,0,0,0,0,0,0,0,0,"- ","- ",35.400218963623047,-118.96733856201172,KERN,BAKERSFIELD,-118.96759796142578,35.40032958984375
9520696,2021,2023-06-28,1502,2021-11-20,2500,018807,,6,5,6,1502,0,0,0,,0,901,"SNOW RD","FRUITVALE AV",555.00,W,N,B,-,N,,,,,,,,,,Y,1,1,0,1,A,-,01,23152,A,N,E,I,A,A,H,-,C,D,0,,,,,Y,Y,A,01,0,0,0,0,0,0,0,0,0,"- ","- ",35.426868438720703,-119.07662963867188,KERN,BAKERSFIELD,-119.07637023925781,35.426933288574219
9526682,2022,2023-02-17,1501,2022-11-07,1458,626,,1,5,3,1501,0,0,0,,0,001,"VARSITY RD","CARMEL ST",328.00,E,N,A,-,N,,,,,,,,,,N,2,0,1,2,A,-,11,21954,A,N,G,B,E,A,H,-,A,D,0,Y,,,,Y,,N,60,1,0,0,0,1,0,0,0,0,"- ","- ",,,KERN,ARVIN,-118.82884979248047,35.216331481933594
9536237,2022,2023-01-06,1506,2022-12-02,1147,1781,39,5,5,4,1506,0,0,0,,0,,"N GATEWAY BL","E RIDGECREST BL",0.00,,Y,A,-,Y,KER,6,178,-,-,103.630,I,5,W,N,2,0,2,2,A,-,09,21800,A,N,D,C,A,A,H,-,A,A,0,,,,,Y,,A,01,1,1,0,0,0,0,0,0,0,"- ","- ",35.622478485107422,-117.65213012695312,KERN,RIDGECREST,-117.65214538574219,35.62255859375
9539697,2022,2023-02-06,1506,2022-12-18,0800,1304,39,7,5,4,1506,0,0,0,,0,,"E RIDGECREST BL","S GATEWAY ST",0.00,,Y,A,-,N,,,,,,,,,,Y,2,0,1,2,A,-,09,21801,,N,A,C,A,A,H,-,A,A,0,,,,,Y,Y,A,08,1,0,0,0,0,0,0,0,0,"- ","- ",35.622478485107422,-117.65213012695312,KERN,RIDGECREST,-117.65222930908203,35.622467041015625
9543459,2022,2023-02-02,1506,2022-12-13,1548,1304,36,2,5,4,1506,0,0,0,,0,,"S WARNER ST","WEST RIDGECREST BL",0.00,,Y,A,-,N,,,,,,,,,,N,2,0,1,1,A,-,08,22107,,N,E,I,A,A,H,-,A,D,0,,Y,,,Y,,L,04,1,0,0,0,0,0,1,0,0,"- ","- ",35.622478485107422,-117.67436981201172,KERN,RIDGECREST,-117.67438507080078,35.622486114501953
9561730,2023,2023-04-04,1506,2023-02-06,1804,7854,36,1,5,4,1506,0,0,0,,0,,"W CHURCH AV","S HELENA ST",0.00,,Y,A,-,N,,,,,,,,,,Y,2,0,1,2,A,-,10,21950,A,N,G,B,B,A,H,-,C,A,0,Y,,,,Y,,A,01,1,0,0,0,1,0,0,0,0,"- ","- ",35.619251251220703,-117.67601776123047,KERN,RIDGECREST,-117.67671966552734,35.618877410888672
9574777,2023,2023-05-18,1506,2023-04-01,1923,304,30,6,5,4,1506,0,0,0,,0,,"N SUNLAND ST","CHEYENNE CIR",0.00,,Y,A,-,N,,,,,,,,,,N,2,0,1,2,A,-,09,21804,A,N,H,A,A,A,H,-,B,D,0,,,,,Y,,A,01,1,0,0,0,0,0,0,0,0,"- ","- ",35.624771118164062,-117.66024017333984,KERN,RIDGECREST,-117.66088104248047,35.624240875244141
9578970,2023,2023-05-23,1507,2023-04-26,1632,302,29,3,5,3,1507,0,0,0,,0,,"ZERKER RD","NEW KAPITTEL CT",1000.00,S,N,A,-,N,,,,,,,,,,Y,2,0,1,1,A,-,01,23152,,N,A,I,A,A,H,-,A,D,0,,,,,Y,Y,A,01,1,0,0,0,0,0,0,0,0,"- ","- ",35.492828369140625,-119.15659332275391,KERN,SHAFTER,-119.15412139892578,35.490970611572266
9593632,2023,2023-07-12,1506,2023-04-30,1410,9922,52,7,5,4,1506,0,0,0,,0,,"W DOLPHIN AV","S COLLEGE HEIGHTS",0.00,,Y,A,-,N,,,,,,,,,,N,2,0,1,2,D,-,00,,,N,H,A,A,A,H,-,A,D,0,,,Y,,Y,,-,"- ",1,0,0,0,0,0,0,0,1,"- ","- ",35.600719451904297,-117.69696807861328,KERN,RIDGECREST,-117.67049407958984,35.600814819335938
9598556,2023,2023-07-24,1507,2023-06-24,1954,299,100,6,5,3,1507,0,0,0,,0,,"LOS ANGELES AV","SPECTRUM ST",0.00,,Y,A,-,N,,,,,,,,,,N,2,0,1,2,A,-,00,38025,B,N,B,C,A,A,H,-,A,D,0,,,Y,,Y,,C,06,1,0,0,0,0,0,0,0,1,"- ","- ",35.441951751708984,-119.20330047607422,KERN,SHAFTER,-119.291729,35.492722000000001
9608272,2023,2023-08-24,1500,2023-07-28,2344,201596,WA02,5,5,3,1510,0,0,0,,0,4401,"KIMBERLINA RD","RT 43",1410.00,E,N,A,-,N,,,,,,,,,,Y,2,0,1,2,A,-,01,23152,A,N,C,C,A,A,H,-,D,A,0,,,,,Y,Y,A,01,1,0,0,0,0,0,0,0,0,"- ","- ",,,KERN,WASCO,-119.32730102539062,35.557998657226562
9622494,2023,2023-12-14,1506,2023-10-12,"700 ",9998,30,4,5,4,1506,0,0,0,,0,,"N SUNLAND DR","N BROADWAY ST",0.00,,Y,A,-,N,,,,,,,,,,Y,2,0,1,2,A,-,09,21804,A,N,D,C,A,A,H,-,B,A,0,,,Y,,Y,,C,02,1,0,0,0,0,0,0,0,1,"- ","- ",35.627079010009766,-117.65617370605469,KERN,RIDGECREST,-117.65679168701172,35.626861572265625
9623206,2023,2023-11-30,1500,2023-10-07,"630 ",201596,WA02,6,5,3,1510,0,0,0,,0,4401,"RT 43","16TH ST",0.00,,Y,A,-,Y,KER,6,43,-,R,23.874,I,5,S,Y,2,0,2,2,A,-,01,23153,,F,-,D,A,A,H,-,B,A,0,,,,,Y,Y,A,08,1,1,0,0,0,0,0,0,0,"- ","- ",,,KERN,WASCO,-119.33415222167969,35.583385467529297
9629605,2023,2024-04-26,1506,2023-10-07,1600,9998,28,6,5,4,1506,0,0,0,,0,,"LAS FLORES ST","N HELENA ST",150.00,E,N,A,-,N,,,,,,,,,,N,2,0,1,2,A,-,00,21807,,N,H,G,A,A,H,-,A,A,0,,Y,,,Y,,L,04,1,0,0,0,0,0,1,0,0,"- ","- ",35.629798889160156,-117.67546081542969,KERN,RIDGECREST,-117.67604827880859,35.629798889160156
9640027,2022,2023-11-29,1502,2022-12-08,1008,1062,,4,5,6,1502,0,0,0,,0,SOUTH,"GRANITE PEAK ST","WILLOW BASIN LN",69.00,N,N,A,-,N,,,,,,,,,,N,1,1,0,2,A,-,03,22350,,N,C,E,A,A,H,-,A,D,0,,,,,Y,,A,01,0,0,0,0,0,0,0,0,0,"- ","- ",35.284618377685547,-119.03531646728516,KERN,BAKERSFIELD,-119.03469848632812,35.284717559814453
9640052,2022,2023-11-30,1502,2022-06-03,0453,1225,,5,5,6,1502,0,0,0,,0,METRO,"UNION AV","CALIFORNIA AV",0.00,,Y,A,-,N,,,,,,,,,,Y,1,1,1,2,A,-,12,21453,A,N,D,C,A,A,H,-,C,A,0,,,,,Y,,A,01,0,1,0,0,0,0,0,0,0,"- ","- ",35.368270874023438,-119.00251770019531,KERN,BAKERSFIELD,-119.00300598144531,35.368362426757812
9640075,2023,2025-06-23,1507,2023-08-14,1630,300,27,1,5,3,1507,0,0,0,,0,,"EAST LERDO HWY","DRIVER RD",0.00,,Y,A,-,N,,,,,,,,,,Y,1,1,0,3,A,-,01,23152,A,N,D,C,A,A,H,-,A,A,0,,,,,Y,Y,A,07,0,0,0,0,0,0,0,0,0,"- ","- ",35.499759674072266,-119.20577239990234,KERN,SHAFTER,-119.20577239990234,35.499664306640625
9640104,2023,2025-06-24,1500,2023-11-12,1816,202543,WA-D2,7,5,3,1510,0,0,0,,0,4401,"PALM AV","POSO DR",372.00,S,N,A,-,N,,,,,,,,,,N,1,1,0,2,A,-,01,23152,A,F,C,G,A,A,H,-,D,A,0,,Y,,,Y,Y,D,22,0,0,0,0,0,1,0,0,0,"- ","- ",35.585830688476562,-119.34916687011719,KERN,WASCO,-119.34937286376953,35.58599853515625
9640261,2024,2024-07-25,1500,2024-02-01,1237,201596,WA-02,4,5,3,1510,0,0,0,,0,4401,"SCOFIELD AV","MCCOMBS RD",0.00,,Y,B,-,N,,,,,,,,,,Y,1,1,2,2,A,-,12,22450,,N,D,D,A,A,H,-,A,A,0,,,,Y,Y,,A,01,0,1,1,0,0,0,0,0,0,"- ","- ",,,KERN,WASCO,-119.40241241455078,35.615951538085938