CASE_ID,ACCIDENT_YEAR,PROC_DATE,JURIS,COLLISION_DATE,COLLISION_TIME,OFFICER_ID,REPORTING_DISTRICT,DAY_OF_WEEK,CHP_SHIFT,POPULATION,CNTY_CITY_LOC,SPECIAL_COND,BEAT_TYPE,CHP_BEAT_TYPE,CITY_DIVISION_LAPD,CHP_BEAT_CLASS,BEAT_NUMBER,PRIMARY_RD,SECONDARY_RD,DISTANCE,DIRECTION,INTERSECTION,WEATHER_1,WEATHER_2,STATE_HWY_IND,CALTRANS_COUNTY,CALTRANS_DISTRICT,STATE_ROUTE,ROUTE_SUFFIX,POSTMILE_PREFIX,POSTMILE,LOCATION_TYPE,RAMP_INTERSECTION,SIDE_OF_HWY,TOW_AWAY,COLLISION_SEVERITY,NUMBER_KILLED,NUMBER_INJURED,PARTY_COUNT,PRIMARY_COLL_FACTOR,PCF_CODE_OF_VIOL,PCF_VIOL_CATEGORY,PCF_VIOLATION,PCF_VIOL_SUBSECTION,HIT_AND_RUN,TYPE_OF_COLLISION,MVIW,PED_ACTION,ROAD_SURFACE,ROAD_COND_1,ROAD_COND_2,LIGHTING,CONTROL_DEVICE,CHP_ROAD_TYPE,PEDESTRIAN_ACCIDENT,BICYCLE_ACCIDENT,MOTORCYCLE_ACCIDENT,TRUCK_ACCIDENT,NOT_PRIVATE_PROPERTY,ALCOHOL_INVOLVED,STWD_VEHTYPE_AT_FAULT,CHP_VEHTYPE_AT_FAULT,COUNT_SEVERE_INJ,COUNT_VISIBLE_INJ,COUNT_COMPLAINT_PAIN,COUNT_PED_KILLED,COUNT_PED_INJURED,COUNT_BICYCLIST_KILLED,COUNT_BICYCLIST_INJURED,COUNT_MC_KILLED,COUNT_MC_INJURED,PRIMARY_RAMP,SECONDARY_RAMP,LATITUDE,LONGITUDE,COUNTY,CITY,POINT_X,POINT_Y
9640339,2023,2024-04-19,1506,2023-08-11,2216,1304,29,5,5,4,1506,0,0,0,,0,,"E RIDGECREST BL","S CHINA LAKE BL",297.00,E,N,A,-,Y,KER,6,178,-,-,102.680,H,-,W,N,1,1,0,1,A,-,17,21200,,N,A,I,A,A,H,-,C,D,0,,Y,,,Y,Y,L,04,0,0,0,0,0,1,0,0,0,"- ","- ",35.62255859375,-117.66961669921875,KERN,RIDGECREST,-117.66877746582031,35.622573852539062
9640797,2024,2024-09-11,1511,2024-05-08,1317,53342,5,3,5,2,1511,0,0,0,,0,00A,"HACIENDA BL","CALIFORNIA CITY BL",0.00,,Y,A,-,N,,,,,,,,,,Y,1,1,0,2,A,-,09,21801,A,N,D,C,A,A,H,-,A,A,0,,,Y,,Y,,A,01,0,0,0,0,0,0,0,1,0,"- ","- ",35.125991821289062,-117.95986938476562,KERN,"CALIFORNIA CITY",-117.96015167236328,35.125740051269531
9640806,2023,2024-08-07,1502,2023-08-27,"9   ",1476,,7,5,6,1502,0,0,0,,0,METRO,"BAKER ST","19TH ST",180.00,S,N,A,-,N,,,,,,,,,,N,1,1,1,3,A,-,21,22106,,F,G,B,E,A,H,-,C,D,0,Y,,,,Y,Y,-,99,1,0,0,1,1,0,0,0,0,"- ","- ",35.375148773193359,-118.99375152587891,KERN,BAKERSFIELD,-118.99379730224609,35.374309539794922
9644225,2023,2024-01-30,1507,2023-11-24,1650,295,27,5,5,3,1507,0,0,0,,0,,"LERDO HWY","CHERRY AV",3900.00,E,N,A,-,N,,,,,,,,,,Y,2,0,1,2,A,-,01,23152,F,N,C,C,A,A,H,-,B,D,0,,,,,Y,,D,22,1,0,0,0,0,0,0,0,0,"- ","- ",35.499759674072266,-119.20577239990234,KERN,SHAFTER,-119.22966003417969,35.499683380126953
9650107,2023,2024-02-20,1500,2023-12-13,1436,203462,WA02,3,5,3,1510,0,0,0,,0,4401,"7TH ST","GRIFFITH AV",0.00,,Y,A,-,N,,,,,,,,,,N,2,0,1,2,A,-,10,21950,A,M,G,B,B,A,H,-,A,A,0,Y,,,,Y,,A,01,1,0,0,0,1,0,0,0,0,"- ","- ",,,KERN,WASCO,-119.34041595458984,35.594242095947266
9650603,2023,2024-02-08,1506,2023-12-24,2000,0619,45,7,5,4,1506,0,0,0,,0,,"S CHINA LAKE BL","W BOWMAN RD",0.00,,Y,A,-,N,,,,,,,,,,Y,2,0,5,2,A,-,12,21453,A,N,D,C,A,A,H,-,C,A,0,,,,,Y,,A,01,2,3,0,0,0,0,0,0,0,"- ","- ",35.607818603515625,-117.67063140869141,KERN,RIDGECREST,-117.67055511474609,35.607814788818359
9660254,2024,2024-03-01,1507,2024-01-23,"347 ",319,7,2,5,3,1507,0,0,0,,0,,"S POPLAR AV","PG&E POLE #19030",139.00,N,N,A,-,N,,,,,,,,,,Y,2,0,3,1,A,-,01,23153,A,N,E,I,A,B,F,H,C,A,0,,,,,Y,Y,A,01,2,1,0,0,0,0,0,0,0,"- ","- ",35.499889373779297,-119.29611206054688,KERN,SHAFTER,,
9664287,2024,2024-04-15,1500,2024-02-07,1736,202421,WA-02,3,5,3,1510,0,0,0,,0,4401,"NORTH PALM AVE","MARGALO ST",0.00,,Y,B,-,N,,,,,,,,,,Y,2,0,1,2,A,-,12,22450,A,N,D,C,A,B,-,-,C,A,0,,,,,Y,,A,01,1,0,0,0,0,0,0,0,0,"- ","- ",,,KERN,WASCO,-119.34918975830078,35.605144500732422
9667714,2024,2024-03-11,1507,2024-01-28,1914,319,33,7,5,3,1507,0,0,0,,0,,"BURBANK ST","DRIVER RD",35.00,E,N,A,-,N,,,,,,,,,,Y,2,0,1,2,A,-,08,22107,,N,A,E,A,A,A,B,C,D,0,,,,,Y,,D,22,1,0,0,0,0,0,0,0,0,"- ","- ",35.470638275146484,-119.20664978027344,KERN,SHAFTER,-119.20652008056641,35.470638275146484
9680572,2024,2024-10-16,1506,2024-10-02,1028,7181,46,3,5,4,1506,0,0,0,,0,,"BOWMAN RD","SUNLAND ST",0.00,,Y,A,-,N,,,,,,,,,,N,2,0,1,2,A,-,09,21800,A,N,D,C,A,A,H,-,A,A,0,,,Y,,Y,,A,01,1,0,0,0,0,0,0,0,1,"- ","- ",35.608009338378906,-117.66713714599609,KERN,RIDGECREST,-117.66124725341797,35.608039855957031
9684842,2024,2024-05-07,1511,2024-03-01,1859,53303,4,5,5,2,1511,0,0,0,,0,00A,"NEURALIA RD","MENDIBURU RD",0.00,,Y,A,-,N,,,,,,,,,,Y,2,0,3,2,A,-,09,21801,A,N,A,C,A,A,H,-,C,D,0,,,,,Y,,D,72,2,1,0,0,0,0,0,0,0,"- ","- ",35.140308380126953,-117.98590087890625,KERN,"CALIFORNIA CITY",-117.98590850830078,35.14031982421875
9686161,2024,2024-07-09,1507,2024-05-14,1735,318,100,2,5,3,1507,0,0,0,,0,,"SANTA FE WY","BURBANK ST",23.00,N,N,A,-,N,,,,,,,,,,Y,2,0,4,2,A,-,08,22107,,N,E,I,A,A,H,-,A,D,0,,,,,Y,,A,01,2,2,0,0,0,0,0,0,0,"- ","- ",35.470001220703125,-119.23400115966797,KERN,SHAFTER,-119.23462677001953,35.470703125
9686162,2024,2024-07-09,1506,2024-05-05,"348 ",0619,46,7,5,4,1506,0,0,0,,0,,"SUNLAND ST","BOWMAN RD",0.00,,Y,G,-,N,,,,,,,,,,Y,2,0,2,2,A,-,01,23153,,N,D,C,A,A,H,-,C,A,0,,,,,Y,Y,A,01,1,0,1,0,0,0,0,0,0,"- ","- ",35.608001708984375,-117.66100311279297,KERN,RIDGECREST,-117.66124725341797,35.608039855957031
9692607,2024,2024-06-03,1501,2024-04-25,1331,638,18,4,5,3,1501,0,0,0,,0,002,"COMANCHE DR","DURHAM ST",1338.00,S,N,A,-,N,,,,,,,,,,N,2,0,2,4,A,-,03,22350,,N,C,C,A,A,H,-,A,D,0,,,,,Y,,D,22,2,0,0,0,0,0,0,0,0,"- ","- ",35.199680328369141,-118.84185791015625,KERN,ARVIN,-118.84203338623047,35.195350646972656
9711004,2024,2024-10-03,1508,2024-06-26,1634,140,5B,3,5,2,1508,0,0,0,,0,,"RT 119","KERN ST",0.00,,Y,A,-,Y,KER,6,119,-,-,0.340,I,5,E,Y,2,0,2,2,A,-,09,21802,A,N,D,C,A,A,H,-,A,A,0,,,,,Y,,A,01,1,1,0,0,0,0,0,0,0,"- ","- ",,,KERN,TAFT,-119.44724273681641,35.140796661376953
9712553,2024,2024-09-26,1506,2024-06-09,"332 ",9922,44,7,5,4,1506,0,0,0,,0,,"CHINA LAKE BL","UPJOHN AV",500.00,E,N,A,-,N,,,,,,,,,,N,2,0,1,1,A,-,12,22450,,N,H,A,A,B,H,-,C,A,0,,,Y,,Y,Y,C,02,1,0,0,0,0,0,0,0,1,"- ","- ",35.615428924560547,-117.66974639892578,KERN,RIDGECREST,-117.67008209228516,35.615268707275391
9728373,2024,2024-09-18,1501,2024-08-11,"206 ",637,50,7,5,3,1501,0,0,0,,0,050,"COMANCHE DR","SYCAMORE RD",352.00,S,N,A,-,N,,,,,,,,,,N,2,0,1,2,A,-,01,23152,A,N,G,B,E,A,H,-,C,D,0,Y,,,,Y,Y,A,07,1,0,0,0,1,0,0,0,0,"- ","- ",35.194469451904297,-118.84195709228516,KERN,ARVIN,-118.84199523925781,35.193485260009766
9729276,2024,2024-09-05,1511,2024-05-12,1816,53341,1,7,5,2,1511,0,0,0,,0,00A,"CALIFORNIA CITY BL","WONDER AV",0.00,,Y,A,-,N,,,,,,,,,,Y,2,0,5,2,A,-,08,22107,,N,A,C,A,A,H,-,A,D,0,,,,,Y,,A,01,2,2,1,0,0,0,0,0,0,"- ","- ",35.125461578369141,-118.11049652099609,KERN,"CALIFORNIA CITY",-118.11054229736328,35.125461578369141
9737105,2024,2024-09-26,1507,2024-08-28,"545 ",318,27,3,5,3,1507,0,0,0,,0,,"EAST LERDO HWY","CHERRY AV",30.00,E,N,A,-,N,,,,,,,,,,Y,2,0,3,2,A,-,08,22107,,N,D,C,A,A,H,-,A,A,0,,,,,Y,,A,01,1,2,0,0,0,0,0,0,0,"- ","- ",35.499858856201172,-119.24275207519531,KERN,SHAFTER,-119.24265289306641,35.499729156494141
9748518,2024,2024-12-06,1511,2024-10-04,1910,53344,,5,5,2,1511,0,0,0,,0,00A,"RT 58","DIRT RD",0.00,,Y,A,-,Y,KER,6,58,-,R,119.950,H,-,E,Y,2,0,2,2,A,-,09,21800,A,N,D,D,A,A,H,-,C,A,0,,,,,Y,,E,22,2,0,0,0,0,0,0,0,0,"- ","- ",,,KERN,"CALIFORNIA CITY",-118.05166625976562,35.023632049560547
9751339,2024,2025-01-16,1507,2024-04-12,"201 ",317,27,5,5,3,1507,0,0,0,,0,,"EAST LERDO HWY","CHERRY AV",435.00,W,N,A,-,N,,,,,,,,,,Y,1,1,0,1,A,-,08,22107,,N,E,I,A,A,H,-,D,D,0,,,,,Y,,A,01,0,0,0,0,0,0,0,0,0,"- ","- ",34.499858856201172,-119.24275207519531,KERN,SHAFTER,-119.24420928955078,35.499732971191406
9751451,2024,2025-02-12,1507,2024-02-27,"650 ",314,200,2,5,3,1507,0,0,0,,0,,"ZERKER RD","STANDARD RD",14256.00,N,N,A,-,N,,,,,,,,,,Y,1,1,2,4,A,-,06,21751,,N,A,C,A,A,H,-,A,D,0,,,,Y,Y,,A,01,0,0,2,0,0,0,0,0,0,"- ","- ",,,KERN,SHAFTER,-119.15318298339844,35.480564117431641
9770285,2024,2025-01-08,1506,2024-12-09,"0   ",7181,35,1,5,4,1506,0,0,0,,0,003,"WEST RIDGECREST BL","DOWNS ST",0.00,,Y,A,-,N,,,,,,,,,,N,2,0,1,2,A,-,12,21453,A,N,D,C,A,A,H,-,A,A,0,,,,,Y,,D,72,1,0,0,0,0,0,0,0,0,"- ","- ",35.622520446777344,-117.68784332275391,KERN,RIDGECREST,-117.68773651123047,35.622512817382812
9786192,2024,2025-05-03,1502,2024-07-04,2039,1213,,4,5,6,1502,0,0,0,,0,HILL,"24TH ST","OAK ST",0.00,,Y,A,-,N,,,,,,,,,,Y,1,1,3,5,A,-,01,23152,A,N,G,B,F,A,H,-,C,A,0,Y,,,,Y,Y,A,01,0,1,2,1,0,0,0,0,0,"- ","- ",35.381309509277344,-119.03804779052734,KERN,BAKERSFIELD,-119.03857421875,35.381187438964844
9786206,2024,2025-05-03,1500,2024-12-07,"0   ",009,,6,5,3,1510,0,0,0,,0,,"N CENTRAL AV","MARGALO ST",0.00,,Y,E,-,N,,,,,,,,,,Y,1,1,0,2,A,-,03,22350,,N,-,-,A,-,-,-,-,-,0,,,,,Y,,A,07,0,0,0,0,0,0,0,0,0,"- ","- ",35.604290008544922,-119.35941314697266,KERN,WASCO,-119.35810089111328,35.605133056640625
9786207,2024,2025-05-14,1500,2024-12-15,1750,025,,7,5,3,1510,0,0,0,,0,,"RT 46","BECKES ST",0.00,,Y,A,-,Y,KER,6,46,-,-,49.690,H,-,W,N,1,1,0,2,A,-,11,21956,A,N,G,B,D,A,H,-,E,D,0,Y,,,,Y,,N,60,0,0,0,1,0,0,0,0,0,"- ","- ",,,KERN,WASCO,-119.35507965087891,35.601539611816406
9786270,2024,2025-05-20,1502,2024-09-28,2314,1343,,6,5,6,1502,0,0,0,,0,METRO,"TRUXTUN AV","ROBINSON ST",200.00,E,N,A,-,N,,,,,,,,,,Y,1,2,0,6,A,-,01,23152,A,N,C,E,A,A,H,-,C,D,0,,,,,Y,Y,A,07,0,0,0,0,0,0,0,0,0,"- ","- ",35.373519897460938,-118.98593139648438,KERN,BAKERSFIELD,-118.985107421875,35.373241424560547
9786272,2023,2025-06-02,1502,2023-06-08,2241,1454,,4,5,6,1502,0,0,0,,0,SOUTH,"GOSFORD RD","DISTRICT BL",0.00,,Y,A,-,N,,,,,,,,,,N,1,1,1,2,A,-,12,21453,A,N,D,C,A,A,H,-,C,A,0,,,,,Y,Y,A,01,0,0,1,0,0,0,0,0,0,"- ","- ",35.313331604003906,-119.09223175048828,KERN,BAKERSFIELD,-119.09226226806641,35.313137054443359
9797322,2025,2025-04-28,1508,2025-03-07,1039,126,6B,5,5,2,1508,0,0,0,,0,,"CADET RD","PETROLEUM CLUB RD",0.00,,Y,A,-,N,,,,,,,,,,Y,2,0,5,2,A,-,09,21802,,N,D,C,A,A,H,-,A,D,0,,,,,Y,,A,07,1,1,3,0,0,0,0,0,0,"- ","- ",35.098758697509766,-119.40241241455078,KERN,TAFT,-119.40238189697266,35.098766326904297
9809668,2025,2025-05-19,1509,2025-04-15,1313,1046,W,2,5,3,1509,0,0,0,,0,,"TEHACHAPI BL","TUCKER RD",279.00,N,N,A,-,N,,,,,,,,,,N,2,0,1,2,A,-,03,22350,,N,A,C,A,A,G,-,A,D,0,,,Y,,Y,,-,"- ",1,0,0,0,0,0,0,0,1,"- ","- ",,,KERN,TEHACHAPI,-118.46723175048828,35.132534027099609
9829998,2025,2025-07-03,1501,2025-06-21,2254,641,13,6,5,3,1501,0,0,0,,0,,"TEJON HWY","VARSITY RD",200.00,S,N,A,-,N,,,,,,,,,,Y,2,0,3,2,A,-,01,23153,A,N,D,C,A,A,H,-,D,D,0,,,,,Y,Y,A,01,1,1,1,0,0,0,0,0,0,"- ","- ",35.209079742431641,-118.82425689697266,KERN,ARVIN,,
9866829,2025,2025-08-21,1506,2025-01-08,1742,4740,58,3,5,4,1506,0,0,0,,0,003,"S CHINA LAKE BL","S RANGER ST",0.00,N,N,A,-,N,,,,,,,,,,Y,1,1,0,2,A,-,11,21954,A,N,G,B,E,A,H,-,C,D,0,Y,,,,Y,,N,60,0,0,0,1,0,0,0,0,0,"- ","- ",35.594791412353516,-117.68878173828125,KERN,RIDGECREST,-117.68975067138672,35.594280242919922
5912148,2014,2015-12-21,9420,2014-01-17,2138,18813,,5,2,9,1500,0,3,5,,2,672,"CENTER ST","REMBRANDT ST",60.00,E,N,A,-,N,,,,,,,,,,Y,1,1,0,2,A,-,08,22107,,N,C,E,A,A,H,-,C,D,0,,,,Y,Y,,A,01,0,0,0,0,0,0,0,0,0,"- ","- ",35.372230000000002,-118.95381999999999,KERN,UNINCORPORATED,-118.95507662999999,35.372235140000001
6290127,2014,2015-12-21,1508,2014-02-09,0149,31,2B,7,5,2,1508,0,0,0,,0,,"PHILIPPINE ST","ARROYO WY",113.00,W,N,B,-,N,,,,,,,,,,Y,1,1,0,1,A,-,01,23153,A,N,H,A,A,A,H,-,C,D,0,,,,,Y,Y,D,22,0,0,0,0,0,0,0,0,0,"- ","- ",,,KERN,TAFT,-119.47880757999999,35.135048419999997
6290372,2014,2014-04-29,9426,2014-03-26,1541,14794,,3,2,9,1500,0,1,3,,2,331,"RT 33","ARNOLD AV",5808.00,S,N,B,F,Y,KER,6,33,-,-,28.140,H,-,N,Y,1,1,0,2,A,-,05,21650,,N,D,C,A,A,H,-,A,D,0,,,,Y,Y,,A,01,0,0,0,0,0,0,0,0,0,"- ","- ",35.231850000000001,-119.57978,KERN,UNINCORPORATED,-119.57996787,35.231963159999999
6290537,2014,2014-12-30,9420,2014-04-12,0735,18486,,6,1,9,1500,0,1,3,,2,585,"RT 58","FAIRFAX RD",945.00,W,N,A,-,Y,KER,6,58,-,R,58.220,H,-,W,Y,1,4,0,2,A,-,01,23152,E,N,D,C,A,A,H,-,A,D,1,,,,,Y,Y,A,08,0,0,0,0,0,0,0,0,0,"- ","- ",35.352060000000002,-118.93662,KERN,UNINCORPORATED,-118.93578874000001,35.352454000000002
6291178,2014,2015-04-20,9420,2014-06-19,1556,17576,,4,2,9,1500,0,3,5,,2,672,"NEUMARKEL RD","BENA RD",7920.00,N,N,A,-,N,,,,,,,,,,Y,1,1,1,2,A,-,01,23152,A,N,A,C,A,A,H,-,A,D,0,,,,Y,Y,Y,D,22,0,1,0,0,0,0,0,0,0,"- ","- ",35.332500000000003,-118.8075,KERN,UNINCORPORATED,-118.76571319,35.330006300000001
6291181,2014,2015-12-30,9426,2014-06-23,1533,16780,,1,2,9,1500,0,1,3,,1,167,"RT 166","OLD RIVER RD",864.00,W,N,A,-,Y,KER,6,166,-,-,14.710,H,-,E,Y,1,1,0,2,A,-,08,22107,,N,A,C,A,A,H,-,A,D,0,,,,,Y,,A,01,0,0,0,0,0,0,0,0,0,"- ","- ",35.058799999999998,-119.14175,KERN,UNINCORPORATED,-119.14174637000001,35.058776469999998
6291569,2014,2016-01-13,9420,2014-10-06,2500,016767,,1,4,9,1500,0,1,3,,2,090,"RT 99","RT 46",775.00,N,N,A,-,Y,KER,6,99,-,-,44.460,H,-,N,Y,1,1,0,1,A,-,08,22107,,N,E,I,A,A,H,-,D,D,1,,,,,Y,Y,D,22,0,0,0,0,0,0,0,0,0,"- ","- ",35.604889999999997,-119.21154,KERN,UNINCORPORATED,-119.21155979,35.604170740000001
6291585,2014,2014-11-19,9426,2014-10-12,2500,18633,,7,4,9,1500,0,1,3,,1,460,"RT 166","PAVILION DR",1056.00,W,N,A,-,Y,KER,6,46,-,-,28.780,H,-,W,Y,1,1,0,1,A,-,08,22107,,N,F,A,A,A,H,-,D,D,0,,,,,Y,,A,01,0,0,0,0,0,0,0,0,0,"- ","- ",35.615960000000001,-119.72093,KERN,UNINCORPORATED,-119.72094868000001,35.615912270000003
6291681,2014,2015-12-23,1502,2014-06-11,0200,1032,WEST,3,5,6,1502,0,0,0,,0,,"PANAMA LN","WIBLE RD",0.00,,Y,F,-,N,,,,,,,,,,Y,1,1,0,2,A,-,12,21453,A,N,D,C,A,A,H,-,C,A,0,,,Y,,Y,Y,C,02,0,0,0,0,0,0,0,1,0,"- ","- ",,,KERN,BAKERSFIELD,-119.03907006,35.29598009
6291694,2014,2016-01-07,1502,2014-09-08,0214,966,,1,5,6,1502,0,0,0,,0,,"COTTONWOOD RD","E WHITE LN",187.00,N,N,A,-,N,,,,,,,,,,Y,1,1,0,1,A,-,08,22107,,N,E,I,A,A,H,-,D,D,0,,,,,Y,Y,A,01,0,0,0,0,0,0,0,0,0,"- ","- ",,,KERN,BAKERSFIELD,-118.98542999999999,35.318203099999998
6291932,2014,2015-12-30,1502,2014-12-08,1047,1167,,1,5,6,1502,0,0,0,,0,,"S H ST","HENDRICKS LN",244.00,N,N,A,-,N,,,,,,,,,,Y,1,1,0,1,A,-,08,22107,,N,E,I,A,A,H,-,A,D,0,,,,,Y,,A,01,0,0,0,0,0,0,0,0,0,"- ","- ",,,KERN,BAKERSFIELD,-119.02133000000001,35.32947952
6291933,2014,2015-02-06,9420,2014-12-10,0515,014850,,3,3,9,1500,0,3,5,,2,672,"PANAMA LN","COTTONWOOD RD",1056.00,E,N,E,-,N,,,,,,,,,,Y,1,1,0,2,A,-,05,21650,,N,A,C,A,A,H,-,D,D,0,,,,Y,Y,,A,01,0,0,0,0,0,0,0,0,0,"- ","- ",35.295819999999999,-118.98107,KERN,UNINCORPORATED,-118.98182577,35.295937969999997
6292142,2015,2017-04-25,9420,2015-02-25,1042,11880,,3,1,9,1500,0,1,3,,2,092,"RT 99","OLIVE DR",160.00,S,N,A,-,Y,KER,6,99,-,-,10.510,H,-,N,Y,1,2,0,2,A,-,07,21658,A,N,C,C,A,A,H,-,A,D,1,,,,Y,Y,,A,01,0,0,0,0,0,0,0,0,0,"- ","- ",35.411879999999996,-119.05419000000001,KERN,UNINCORPORATED,-119.00237909000001,35.167118590000001
6292235,2015,2017-05-09,9420,2015-04-22,2125,19704,,3,2,9,1500,0,1,3,,2,091,"RT 99","RT 155",2.00,S,N,A,-,Y,KER,6,99,-,-,55.510,H,-,S,Y,1,1,0,3,A,-,11,21954,A,N,G,B,D,A,H,-,D,D,1,Y,,,,Y,,N,60,0,0,0,1,0,0,0,0,0,"- ","- ",35.761040000000001,-119.24905,KERN,UNINCORPORATED,-119.24918350999999,35.761239979999999
6292237,2015,2015-06-10,9420,2015-04-24,1545,19098,,5,2,9,1500,0,1,3,,2,096,"RT 99","RT 223",1920.00,N,N,A,-,Y,KER,6,99,-,-,13.780,H,-,N,Y,1,1,0,1,A,-,08,22107,,N,E,I,A,A,H,-,A,D,1,,,,,Y,,A,01,0,0,0,0,0,0,0,0,0,"- ","- ",35.214199999999998,-119.01097,KERN,UNINCORPORATED,-119.01097842999999,35.213835359999997
6292365,2015,2017-06-17,1503,2015-02-15,2130,10116,1503,7,5,4,1503,0,0,0,,0,ALL,"GARCES HWY","HIETT AV",400.00,E,N,A,-,N,,,,,,,,,,Y,1,1,0,1,A,-,00,23153,F,N,A,I,A,A,H,-,D,D,0,,,,,Y,Y,A,01,0,0,0,0,0,0,0,0,0,"- ","- ",,,KERN,DELANO,-119.26734,35.761380000000003
6292403,2015,2017-04-21,1502,2015-02-17,1934,784,,2,5,6,1502,0,0,0,,0,VALLEY,"UNION AV","RADICCHIO AV",455.00,N,N,A,-,N,,,,,,,,,,N,1,1,0,2,A,-,08,22107,,F,H,G,A,A,H,-,C,D,0,,Y,,,Y,Y,-,,0,0,0,0,0,1,0,0,0,"- ","- ",,,KERN,BAKERSFIELD,-119.00314,35.29867848
6292723,2015,2015-10-16,1502,2015-05-03,0144,965,,7,5,6,1502,0,0,0,,0,NORTH,"COFFEE RD","DOWNING AV",493.00,S,N,A,-,N,,,,,,,,,,Y,1,1,0,1,A,-,01,23152,B,N,E,I,A,A,H,-,D,D,0,,,,,Y,Y,A,01,0,0,0,0,0,0,0,0,0,"- ","- ",,,KERN,BAKERSFIELD,-119.09232333,35.389257870000002
6292750,2015,2016-01-26,9830,2015-08-12,1300,17834,,3,1,9,1500,0,1,2,,1,054,"RT 395","COLLEGE HEIGHTS BL",850.00,S,N,A,-,N,,,395,,,,,,,Y,1,1,2,2,A,-,05,21460,A,N,A,C,A,A,H,-,A,D,0,,,,,Y,,A,01,0,2,0,0,0,0,0,0,0,"- ","- ",35.542180000000002,-117.6879,KERN,UNINCORPORATED,-117.68842424,35.541797799999998
6292823,2015,2017-03-30,1502,2015-02-26,0153,1120,,4,5,6,1502,0,0,0,,0,SOUTH,"PANAMA LN","RELIANCE DR",726.00,W,N,A,-,N,,,,,,,,,,N,1,1,0,1,A,-,08,22107,,N,E,I,A,A,H,-,C,D,0,,,,,Y,,A,01,0,0,0,0,0,0,0,0,0,"- ","- ",,,KERN,BAKERSFIELD,-119.08573994,35.29614351
6346339,2014,2014-06-04,1502,2014-01-14,1747,1084,,2,5,6,1502,0,0,0,,0,,"UNION AV","8TH ST",76.00,S,N,A,-,N,,,,,,,,,,N,2,0,1,2,A,-,11,21954,A,F,A,B,D,-,H,-,C,D,0,Y,,,,Y,Y,N,60,1,0,0,0,1,0,0,0,0,"- ","- ",,,KERN,BAKERSFIELD,-119.00306225,35.364331319999998
6379523,2014,2016-03-24,9430,2014-02-14,1205,018209,,5,1,9,1500,0,1,1,,2,053,"RT 5","GRAPEVINE RD",9504.00,N,N,A,-,Y,KER,6,5,-,-,9.070,H,-,N,Y,2,0,1,2,A,-,03,22350,,N,C,C,A,A,H,-,A,D,1,,,Y,Y,Y,,C,02,1,0,0,0,0,0,0,0,1,"- ","- ",34.92859,-118.92874999999999,KERN,UNINCORPORATED,-118.92225567,34.925220080000003
6385358,2014,2015-11-20,9420,2014-02-15,1055,013206,9420,6,1,9,1500,0,1,3,,2,177,"RT 178","EDISON POWERHOUSE #1",17952.00,E,N,B,-,Y,KER,6,178,-,-,18.710,H,-,E,Y,2,0,1,1,A,-,08,22107,,N,E,I,A,A,H,-,A,D,0,,,Y,,Y,,C,02,1,0,0,0,0,0,0,0,1,"- ","- ",35.479709999999997,-118.74254000000001,KERN,UNINCORPORATED,-118.74249236999999,35.479631560000001
6402876,2014,2016-01-20,9420,2014-03-08,0457,20163,,6,3,9,1500,0,1,3,,1,184,"RT 184","MULLER RD",0.00,,Y,A,-,Y,KER,6,184,-,-,6.070,I,5,N,Y,2,0,2,2,A,-,03,22350,,N,D,C,A,A,C,-,D,D,0,,,,Y,Y,,D,22,1,0,1,0,0,0,0,0,0,"- ","- ",35.325139999999998,-118.9143,KERN,UNINCORPORATED,-118.9143109,35.325257559999997
6405008,2014,2014-06-27,9420,2014-03-09,2125,015119,,7,2,9,1500,0,2,4,,1,071,"FAIRFAX RD","EUCALYPTUS DR",38.00,N,N,A,-,N,,,,,,,,,,N,2,0,1,2,C,-,18,,,N,G,B,D,A,H,-,C,D,0,Y,,,,Y,,-,"- ",1,0,0,0,1,0,0,0,0,"- ","- ",35.365270000000002,-118.932,KERN,UNINCORPORATED,-118.93194,35.365264259999996
6425996,2014,2015-11-19,9420,2014-03-16,1145,016784,,7,1,9,1500,0,1,3,,2,178,"RT 178","MOBILE DR",0.00,,Y,A,-,Y,KER,6,178,-,-,49.770,I,5,W,Y,2,0,1,2,A,-,03,22350,,N,C,C,A,A,H,-,A,D,0,,,Y,,Y,,C,02,1,0,0,0,0,0,0,0,1,"- ","- ",35.643369999999997,-118.41315,KERN,UNINCORPORATED,-118.41301643,35.643412779999998
6449884,2014,2014-07-08,9420,2014-03-21,1510,019578,,5,2,9,1500,0,2,4,,1,075,"UNION AV","AMADOR AV",10.00,S,N,A,-,N,,,,,,,,,,N,2,0,1,2,A,-,11,21954,A,N,G,B,D,A,H,-,A,D,0,Y,,,,Y,,N,60,1,0,0,0,1,0,0,0,0,"- ","- ",35.203510000000001,-119.01121000000001,KERN,UNINCORPORATED,-119.00311017,35.34306256
6455881,2014,2014-07-10,9420,2014-04-12,1930,015119,,6,2,9,1500,0,2,4,,1,051,"MANOR ST","FELTON ST",463.00,E,N,A,-,N,,,,,,,,,,N,2,0,1,1,A,-,08,22107,,N,F,A,A,A,H,-,B,D,0,,,Y,,Y,Y,C,02,1,0,0,0,0,0,0,0,1,"- ","- ",35.44003,-119.01861,KERN,UNINCORPORATED,-119.01770455,35.43981909
6459310,2014,2014-07-14,9420,2014-04-22,1010,016784,,2,1,9,1500,0,3,5,,2,310,"SIERRA WY","CAMP 9 RD",528.00,S,N,A,-,N,,,,,,,,,,Y,2,0,2,1,A,-,03,22350,,N,F,A,A,A,H,-,A,D,0,,,,,Y,,A,07,1,1,0,0,0,0,0,0,0,"- ","- ",35.68891,-118.42571,KERN,UNINCORPORATED,-118.42541918000001,35.689889839999999