CASE_ID,ACCIDENT_YEAR,PROC_DATE,JURIS,COLLISION_DATE,COLLISION_TIME,OFFICER_ID,REPORTING_DISTRICT,DAY_OF_WEEK,CHP_SHIFT,POPULATION,CNTY_CITY_LOC,SPECIAL_COND,BEAT_TYPE,CHP_BEAT_TYPE,CITY_DIVISION_LAPD,CHP_BEAT_CLASS,BEAT_NUMBER,PRIMARY_RD,SECONDARY_RD,DISTANCE,DIRECTION,INTERSECTION,WEATHER_1,WEATHER_2,STATE_HWY_IND,CALTRANS_COUNTY,CALTRANS_DISTRICT,STATE_ROUTE,ROUTE_SUFFIX,POSTMILE_PREFIX,POSTMILE,LOCATION_TYPE,RAMP_INTERSECTION,SIDE_OF_HWY,TOW_AWAY,COLLISION_SEVERITY,NUMBER_KILLED,NUMBER_INJURED,PARTY_COUNT,PRIMARY_COLL_FACTOR,PCF_CODE_OF_VIOL,PCF_VIOL_CATEGORY,PCF_VIOLATION,PCF_VIOL_SUBSECTION,HIT_AND_RUN,TYPE_OF_COLLISION,MVIW,PED_ACTION,ROAD_SURFACE,ROAD_COND_1,ROAD_COND_2,LIGHTING,CONTROL_DEVICE,CHP_ROAD_TYPE,PEDESTRIAN_ACCIDENT,BICYCLE_ACCIDENT,MOTORCYCLE_ACCIDENT,TRUCK_ACCIDENT,NOT_PRIVATE_PROPERTY,ALCOHOL_INVOLVED,STWD_VEHTYPE_AT_FAULT,CHP_VEHTYPE_AT_FAULT,COUNT_SEVERE_INJ,COUNT_VISIBLE_INJ,COUNT_COMPLAINT_PAIN,COUNT_PED_KILLED,COUNT_PED_INJURED,COUNT_BICYCLIST_KILLED,COUNT_BICYCLIST_INJURED,COUNT_MC_KILLED,COUNT_MC_INJURED,PRIMARY_RAMP,SECONDARY_RAMP,LATITUDE,LONGITUDE,COUNTY,CITY,POINT_X,POINT_Y
6469531,2014,2016-04-12,9420,2014-04-06,2352,018524,,7,3,6,1502,0,1,3,,2,095,"RT 99","WIBLE RD",150.00,S,N,A,-,Y,KER,6,99,-,-,21.930,H,-,S,Y,2,0,1,1,A,-,01,23152,A,N,F,A,A,A,H,-,C,D,1,,,,,Y,Y,A,01,1,0,0,0,0,0,0,0,0,"- ","- ",35.329169999999998,-119.03936,KERN,BAKERSFIELD,-119.0394549,35.329612269999998
6471211,2014,2016-04-09,9830,2014-04-11,1810,20458,,5,2,9,1500,0,1,3,,1,052,"RT 178","CALVERT BL",0.00,,Y,A,-,Y,KER,6,178,-,-,95.590,I,5,E,Y,2,0,7,2,A,-,09,21801,A,N,D,C,A,A,H,-,A,D,0,,,,,Y,,A,07,2,0,5,0,0,0,0,0,0,"- ","- ",,,KERN,UNINCORPORATED,-117.75869622,35.651872300000001
6477465,2014,2016-04-09,9420,2014-04-26,1912,019098,,6,2,9,1500,0,1,3,,2,587,"RT 99","RT 184",780.00,E,N,B,-,Y,KER,6,58,-,R,59.600,H,-,E,Y,2,0,1,1,A,-,08,22107,,N,E,I,A,A,H,-,A,D,1,,,,,Y,,A,01,1,0,0,0,0,0,0,0,0,"- ","- ",35.35228,-118.9118,KERN,UNINCORPORATED,-118.91138605,35.351958760000002
6507843,2014,2014-07-31,1502,2014-05-03,0730,834,,6,5,6,1502,0,0,0,,0,,"GASOLINE ALLEY DR","HARRIS RD",11.00,N,N,A,-,N,,,,,,,,,,Y,2,0,2,2,A,-,09,21801,A,N,B,C,A,A,H,-,A,D,0,,,Y,,Y,,A,01,1,0,1,0,0,0,0,0,1,"- ","- ",,,KERN,BAKERSFIELD,-119.03549,35.303160179999999
6507863,2014,2014-07-31,1502,2014-05-17,2155,1137,,6,5,6,1502,0,0,0,,0,,"PANAMA LN","WINDRIFT WY",25.00,E,N,A,-,N,,,,,,,,,,N,2,0,1,2,A,-,11,21954,A,N,G,B,D,A,H,-,C,D,0,Y,,,,Y,Y,N,60,1,0,0,0,1,0,0,0,0,"- ","- ",,,KERN,BAKERSFIELD,-119.04556633,35.295929999999998
6517238,2014,2014-08-08,9420,2014-06-07,1948,16691,,6,2,9,1500,0,3,5,,2,040,"ROUND MOUNTAIN RD","CHINA GRADE LOOP",6.00,W,N,A,-,N,,,,,,,,,,Y,2,0,3,1,A,-,01,23152,A,N,E,I,A,A,H,-,A,D,0,,,,,Y,Y,A,01,1,2,0,0,0,0,0,0,0,"- ","- ",35.427399999999999,-118.96778,KERN,UNINCORPORATED,-118.96774000000001,35.427779999999998
6547760,2014,2016-04-26,9830,2014-07-07,1400,018857,,1,2,9,1500,0,1,3,,1,041,"RT 14","ABBOTT DR",3696.00,S,N,A,-,Y,KER,6,14,-,-,39.860,H,-,S,Y,2,0,2,2,A,-,05,21460,A,N,B,C,A,A,D,-,A,D,5,,,,Y,Y,,F,25,1,0,1,0,0,0,0,0,0,"- ","- ",35.356079999999999,-117.97615,KERN,UNINCORPORATED,-117.97623074000001,35.356410339999996
6550412,2014,2014-08-21,1502,2014-07-01,2155,1048,,2,5,6,1502,0,0,0,,0,,"WILSON RD","EMERALD ST",67.00,W,N,A,-,N,,,,,,,,,,N,2,0,1,2,A,-,11,21955,,N,G,B,D,A,H,-,C,D,0,Y,,,,Y,,N,60,1,0,0,0,1,0,0,0,0,"- ","- ",,,KERN,BAKERSFIELD,-119.03140433999999,35.332188619999997
6557679,2014,2014-08-12,9420,2014-06-28,1553,019686,,6,2,9,1500,0,1,3,,2,177,"RT 178","POWERHOUSE #1",2640.00,E,N,A,-,Y,,,178,,,,,,,Y,2,0,8,2,A,-,05,21460,A,N,A,C,A,A,H,-,A,D,0,,,,,Y,,A,01,3,5,0,0,0,0,0,0,0,"- ","- ",35.469659999999998,-118.7508,KERN,UNINCORPORATED,-118.75100773,35.469821260000003
6561591,2014,2014-08-04,1506,2014-06-02,1452,3673,37,1,5,4,1506,0,0,0,,0,,"S LENORE ST","E WILSON AV",0.00,,Y,A,-,N,,,,,,,,,,Y,2,0,1,2,A,-,12,22450,A,F,D,C,A,A,H,-,A,A,0,,,Y,,Y,,A,01,1,0,0,0,0,0,0,0,1,"- ","- ",,,KERN,RIDGECREST,-117.66836013,35.617080020000003
6563959,2014,2014-09-23,1502,2014-08-16,2115,1049,,6,5,6,1502,0,0,0,,0,,"WILSON RD","CALVIN ST",75.00,W,N,A,-,N,,,,,,,,,,N,2,0,4,4,A,-,03,22350,,N,C,C,E,A,H,-,C,D,0,Y,,,,Y,,J,48,1,1,2,0,2,0,0,0,0,"- ","- ",,,KERN,BAKERSFIELD,-119.03305111,35.332182950000004
6571578,2014,2014-08-25,9426,2014-07-22,0550,015633,,2,3,9,1500,0,3,5,,2,087,"OLD RIVER RD","COPUS RD",5808.00,N,N,A,-,N,,,,,,,,,,Y,2,0,7,1,A,-,08,22107,,N,F,A,A,A,H,-,B,D,0,,,,,Y,,M,58,2,3,2,0,0,0,0,0,0,"- ","- ",35.110579999999999,-119.10961,KERN,UNINCORPORATED,-119.10967362,35.11046065
6572233,2014,2014-08-05,9420,2014-06-22,1638,19459,,7,2,9,1500,0,3,5,,2,620,"KRATZMEYER RD","SUPERIOR RD",0.00,,Y,A,-,N,,,,,,,,,,Y,2,0,2,2,A,-,09,21800,A,N,D,C,A,A,H,-,A,D,0,,,Y,,Y,,A,07,1,0,1,0,0,0,0,0,1,"- ","- ",35.419820000000001,-119.23417999999999,KERN,UNINCORPORATED,-119.23418993999999,35.419830109999999
6575316,2014,2014-08-08,1506,2014-04-27,1629,4188,55,7,5,4,1506,0,0,0,,0,,"S NORMA ST","PETRIS AV",0.00,,Y,A,-,N,,,,,,,,,,Y,2,0,4,2,A,-,09,21802,A,N,D,C,A,A,H,-,A,A,0,,,,,Y,,A,08,1,2,1,0,0,0,0,0,0,"- ","- ",35.623620000000003,-117.68640000000001,KERN,RIDGECREST,-117.67903011,35.612770060000003
6578263,2014,2014-08-15,1502,2014-07-19,0334,1083,,6,5,6,1502,0,0,0,,0,,"LAURELGLEN BL","OLYMPIA DR",335.00,W,N,A,-,N,,,,,,,,,,Y,2,0,2,5,A,-,08,22107,,N,C,E,E,A,H,-,C,D,0,Y,,,,Y,,A,01,1,1,0,0,1,0,0,0,0,"- ","- ",,,KERN,BAKERSFIELD,-119.08854082000001,35.325465860000001
6583408,2014,2014-08-18,1511,2014-07-12,2322,53016,8,6,5,2,1511,0,0,0,,0,00A,"HEATHER AV","CALHOUN CT",165.00,E,N,A,-,N,,,,,,,,,,Y,2,0,1,1,A,-,03,22350,,N,H,A,A,A,H,-,D,D,0,,,Y,,Y,,C,02,1,0,0,0,0,0,0,0,1,"- ","- ",35.127989999999997,-117.95859,KERN,"CALIFORNIA CITY",-117.94678943,35.130150059999998
6583415,2014,2014-08-18,9420,2014-07-29,2025,015259,,2,2,9,1500,0,3,5,,2,610,"OPAL ST","HELEN WY",0.00,,Y,B,-,N,,,,,,,,,,Y,2,0,1,1,A,-,03,22350,,N,F,A,A,A,H,-,E,D,0,,,Y,,Y,,C,02,1,0,0,0,0,0,0,0,1,"- ","- ",35.27084,-119.0082,KERN,UNINCORPORATED,-119.00806002,35.270870029999998
6585966,2014,2014-08-18,9426,2014-07-31,0050,015576,,4,3,9,1500,0,3,5,,2,082,"7TH STANDARD RD","MAIN DRAIN RD",117.00,W,N,A,-,N,,,,,,,,,,Y,2,0,3,1,A,-,01,23152,A,N,F,A,A,A,H,-,D,A,0,,,,,Y,Y,A,01,3,0,0,0,0,0,0,0,0,"- ","- ",35.441719999999997,-119.5506,KERN,UNINCORPORATED,-119.55057239,35.441704100000003
6604057,2014,2016-05-11,9420,2014-08-11,1115,19184,,1,1,9,1500,0,1,3,,2,223,"RT 223","GENERAL BEALE RD",4810.00,E,N,A,-,Y,KER,6,223,-,-,26.220,H,-,E,Y,2,0,1,1,A,-,03,22350,,N,E,I,A,A,H,-,A,D,0,,,Y,,Y,,C,02,1,0,0,0,0,0,0,0,1,"- ","- ",35.219929999999998,-118.71934,KERN,UNINCORPORATED,-118.73786515,35.21291437
6606206,2014,2014-10-02,9830,2014-06-10,0455,017834,,2,3,9,1500,0,1,3,,1,052,"RT 178","BRADY ST",250.00,E,N,A,-,Y,KER,6,178,-,-,98.760,H,-,E,Y,1,1,1,2,A,-,03,22350,,N,C,C,A,A,H,-,B,D,0,,,,,Y,,A,01,0,1,0,0,0,0,0,0,0,"- ","- ",35.651679999999999,-117.17045,KERN,UNINCORPORATED,-117.70253253,35.65172639
6606249,2014,2014-10-10,1503,2014-07-19,0910,10136,1503,6,5,4,1503,0,0,0,,0,ALL,"BROWNING RD","GARCES HWY",380.00,N,N,A,-,N,,,,,,,,,,Y,1,1,0,1,A,-,03,22350,,N,E,I,A,A,H,-,A,A,0,,,,,Y,,A,01,0,0,0,0,0,0,0,0,0,"- ","- ",,,KERN,DELANO,-119.22320000000001,35.762492770000001
6614879,2014,2016-05-11,9420,2014-08-24,2020,018445,,7,2,9,1500,0,1,3,,1,462,"RT 46","WILDWOOD RD",1743.00,E,N,A,-,Y,KER,6,46,-,-,45.350,H,-,E,Y,2,0,1,2,A,-,03,22350,,F,C,C,A,A,H,-,D,D,0,,,Y,,Y,,-,99,1,0,0,0,0,0,0,0,1,"- ","- ",35.601410000000001,-119.43174,KERN,UNINCORPORATED,-119.43222239000001,35.601435389999999
6633881,2014,2016-05-11,9420,2014-09-21,1205,019140,,7,1,9,1500,0,1,3,,1,184,"RT 184","BRECKENRIDGE RD",0.00,,Y,A,-,Y,KER,6,184,-,-,8.600,I,5,S,Y,2,0,2,2,A,-,01,23152,A,N,D,C,A,A,H,-,A,A,0,,,,,Y,Y,D,22,1,0,1,0,0,0,0,0,0,"- ","- ",,,KERN,UNINCORPORATED,-118.9142512,35.361823039999997
6634888,2014,2014-10-09,9420,2014-09-09,1952,019461,,2,2,9,1500,0,3,5,,2,070,"WASHINGTON ST","LARCUS AV",84.00,N,N,A,-,N,,,,,,,,,,N,2,0,1,2,A,-,11,21954,A,N,G,B,D,A,H,-,D,D,0,Y,,,,Y,,N,60,1,0,0,0,1,0,0,0,0,"- ","- ",35.367359999999998,-118.97636,KERN,UNINCORPORATED,-118.97636872,35.366920479999997
6638892,2014,2014-10-24,1502,2014-09-02,1958,1028,,2,5,6,1502,0,0,0,,0,,"STOCKDALE HWY","DON HART DR",270.00,W,N,A,-,N,,,,,,,,,,N,2,0,1,2,A,-,01,23152,A,N,B,C,A,A,H,-,A,D,0,,,Y,,Y,Y,C,02,1,0,0,0,0,0,0,0,1,"- ","- ",,,KERN,BAKERSFIELD,-119.10508399,35.35436
6650311,2014,2014-10-27,1502,2014-09-23,1125,965,,2,5,6,1502,0,0,0,,0,,"WILSON RD","H ST",220.00,W,N,A,-,N,,,,,,,,,,Y,2,0,2,2,A,-,03,22350,,N,C,B,A,A,H,-,A,A,0,,,Y,,Y,,C,02,1,0,1,0,0,0,0,0,1,"- ","- ",,,KERN,BAKERSFIELD,-119.02205665,35.332169999999998
6678268,2014,2014-10-31,9430,2014-09-20,0020,17153,,6,3,9,1500,0,2,4,,1,024,"MIL POTRERO HWY","CUDDY VALLEY RD",8976.00,W,N,A,-,N,,,,,,,,,,Y,1,1,0,1,A,-,03,22350,,N,F,A,A,A,H,-,D,D,0,,,Y,,Y,,C,02,0,0,0,0,0,0,0,1,0,"- ","- ",34.825620000000001,-118.87757000000001,KERN,UNINCORPORATED,-119.10508604,34.849762439999999
6682717,2014,2014-12-05,9420,2014-10-18,0645,15259,,6,1,9,1500,0,3,5,,2,520,"WHISLER RD","RT 99",195.00,E,N,B,-,Y,,,,,,,,,,Y,2,0,1,2,A,-,03,22350,,N,H,A,A,A,H,-,B,D,0,,,,Y,Y,,G,25,1,0,0,0,0,0,0,0,0,"- ","- ",35.64564,-119.21952,KERN,UNINCORPORATED,-119.22019,35.645679999999999
6695717,2014,2015-01-06,9830,2014-10-31,1150,12065,,5,1,9,1500,0,3,5,,2,001,"CUMMINGS VALLEY RD","BEAR VALLEY RD",238.00,E,N,A,-,N,,,,,,,,,,Y,2,0,3,2,A,-,08,22107,,N,A,C,A,A,H,-,A,D,0,,,,,Y,,A,08,1,2,0,0,0,0,0,0,0,"- ","- ",35.130899999999997,-118.57373,KERN,UNINCORPORATED,-118.57389551999999,35.130973220000001
6713544,2014,2015-01-23,9426,2014-11-15,2130,18932,,6,2,9,1500,0,1,3,,1,118,"RT 119","HARRISON ST",1293.00,S,N,A,-,Y,,,119,,,,,,,Y,2,0,4,3,A,-,01,23152,A,N,B,C,A,A,H,-,D,D,0,,,,,Y,Y,A,08,3,1,0,0,0,0,0,0,0,"- ","- ",35.16375,-119.45314,KERN,UNINCORPORATED,-119.45306451,35.163764540000003
6718042,2014,2015-01-20,9830,2014-11-30,1040,14986,,7,1,9,1500,0,3,5,,2,003,"MOJAVE TROPICO RD","BACKUS RD",6336.00,N,N,C,-,N,,,,,,,,,,Y,1,1,3,1,A,-,03,22350,,N,F,A,A,B,H,-,A,D,0,,,,,Y,,A,07,1,2,0,0,0,0,0,0,0,"- ","- ",34.968429999999998,-118.21159,KERN,UNINCORPORATED,-118.21177984000001,34.968030319999997
6718072,2014,2016-01-13,1502,2014-12-10,0356,784,,3,5,6,1502,0,0,0,,0,,"CALLOWAY DR","STOCKDALE HWY",0.00,,Y,B,-,N,,,,,,,,,,Y,1,1,1,2,A,-,12,21453,A,N,D,C,A,A,H,-,C,A,0,,,,Y,Y,,A,01,0,1,0,0,0,0,0,0,0,"- ","- ",,,KERN,BAKERSFIELD,-119.11497009,35.35334005
6718367,2015,2017-04-14,9420,2015-01-20,2103,15119,,2,2,9,1500,0,1,3,,1,184,"RT 184","EDISON HWY",282.00,S,N,B,-,Y,KER,6,184,-,-,8.290,H,-,S,Y,1,1,0,2,A,-,01,23152,A,N,A,C,A,A,H,-,C,D,0,,,,Y,Y,Y,A,01,0,0,0,0,0,0,0,0,0,"- ","- ",35.356189999999998,-118.91412,KERN,UNINCORPORATED,-118.9142413,35.357349059999997
6733144,2014,2015-01-29,9420,2014-12-07,1718,019098,,7,2,9,1500,0,3,5,,2,671,"DI GIORGIO RD","S VINELAND RD",1427.00,W,N,A,-,N,,,,,,,,,,Y,2,0,2,2,A,-,01,23152,A,N,A,C,A,A,H,-,C,D,0,,,,,Y,Y,D,22,2,0,0,0,0,0,0,0,0,"- ","- ",35.25235,-118.90183,KERN,UNINCORPORATED,-118.90105294,35.252457020000001
6733652,2014,2015-01-20,9420,2014-11-16,0150,19442,,7,3,9,1500,0,3,5,,2,672,"E FAIRVIEW RD","FARREL DR",90.00,E,N,A,-,N,,,,,,,,,,Y,2,0,1,1,A,-,01,23152,A,N,E,I,A,A,H,-,D,D,0,,,,,Y,Y,A,07,1,0,0,0,0,0,0,0,0,"- ","- ",35.303379999999997,-118.99121,KERN,UNINCORPORATED,-118.99160999999999,35.30321
6733656,2014,2015-01-20,9420,2014-11-30,0015,19845,,7,3,9,1500,0,2,4,,1,051,"AIRPORT DR","EL TEJON AV",90.00,S,N,A,-,N,,,,,,,,,,N,2,0,1,2,A,-,11,21954,A,N,G,B,D,A,H,-,C,D,0,Y,,,,Y,Y,N,60,1,0,0,0,1,0,0,0,0,"- ","- ",35.417850000000001,-119.03921,KERN,UNINCORPORATED,-119.03915695000001,35.417823060000003
6739378,2014,2015-01-21,9420,2014-11-23,1310,18445,,7,1,9,1500,0,3,5,,2,050,"WILSON AV","AIRPORT DR",227.00,W,N,A,-,N,,,,,,,,,,N,2,0,1,2,A,-,11,21954,A,N,G,B,E,A,H,-,A,D,0,Y,,,,Y,,N,60,1,0,0,0,1,0,0,0,0,"- ","- ",34.417270000000002,-119.03994,KERN,UNINCORPORATED,-119.0399109,35.417259999999999
6740058,2015,2015-09-14,9830,2015-05-03,0650,16971,,7,1,9,1500,0,1,3,,2,012,"RT 58","RT 202",1200.00,E,N,A,-,Y,KER,6,58,-,R,90.950,H,-,W,Y,1,1,2,1,A,-,08,22107,,N,F,A,A,A,H,-,A,D,1,,,,,Y,,A,01,2,0,0,0,0,0,0,0,0,"- ","- ",35.140180000000001,-118.46194,KERN,UNINCORPORATED,-118.46340167,35.140419950000002
6768755,2014,2015-02-06,9426,2014-12-22,1225,14716,,1,1,9,1500,0,3,5,,2,085,"WOODWARD ST","TULARE ST",0.00,,Y,A,-,N,,,,,,,,,,N,2,0,1,2,A,-,11,21954,A,F,G,B,D,A,H,-,A,D,0,Y,,,,Y,Y,N,60,1,0,0,0,1,0,0,0,0,"- ","- ",35.613869999999999,-119.68988,KERN,UNINCORPORATED,-119.68992987,35.614010030000003
6770503,2014,2015-02-09,1502,2014-12-20,1726,1137,,6,5,6,1502,0,0,0,,0,,"WHITE LN","AKERS RD",168.00,E,N,A,-,N,,,,,,,,,,N,2,0,1,2,A,-,11,21954,A,N,G,B,D,A,H,-,C,D,0,Y,,,,Y,Y,N,60,1,0,0,0,1,0,0,0,0,"- ","- ",,,KERN,BAKERSFIELD,-119.04725756000001,35.317807170000002
6774747,2014,2015-04-17,9420,2014-12-25,0605,014811,,4,1,9,1500,0,1,3,,2,096,"RT 99","RT 166",613.00,N,N,A,-,Y,KER,6,99,-,-,2.830,H,-,N,Y,1,1,0,1,A,-,08,22107,,N,E,I,A,A,H,-,A,D,1,,,,,Y,,A,07,0,0,0,0,0,0,0,0,0,"- ","- ",35.06035,-118.96823000000001,KERN,UNINCORPORATED,-118.96820722,35.059167719999998
6774833,2014,2015-02-10,9420,2014-12-27,1740,19531,,6,2,9,1500,0,3,5,,2,672,"E CASA LOMA DR","MADISON ST",527.00,E,N,A,-,N,,,,,,,,,,Y,2,0,1,2,A,-,11,21954,A,N,G,B,E,A,H,-,D,D,0,Y,,,,Y,,N,60,1,0,0,0,1,0,0,0,0,"- ","- ",35.33943,-118.99428,KERN,UNINCORPORATED,-118.99249526,35.339450020000001
6783572,2015,2016-09-15,9420,2015-02-22,1617,19185,,7,2,9,1500,0,1,3,,2,091,"RT 99","RT 46",2640.00,S,N,C,-,Y,KER,6,99,-,-,43.810,H,-,S,Y,2,0,1,2,A,-,03,22350,,N,B,C,A,B,H,-,A,D,1,,,,,Y,,D,22,1,0,0,0,0,0,0,0,0,"- ","- ",35.594760000000001,-119.20949,KERN,UNINCORPORATED,-119.20973118000001,35.595180059999997
6788302,2014,2015-02-09,9420,2014-12-31,1650,015466,,3,2,9,1500,0,2,4,,2,021,"SIERRA WAY","PATTERSON LN",4752.00,N,N,A,-,N,,,,,,,,,,Y,2,0,1,1,A,-,01,23152,A,N,E,I,A,A,H,-,A,D,0,,,,,Y,Y,D,22,1,0,0,0,0,0,0,0,0,"- ","- ",35.683680000000003,-118.38512,KERN,UNINCORPORATED,-118.16047287000001,34.848248310000002
6789020,2015,2015-03-03,9420,2015-01-30,1835,19459,,5,2,9,1500,0,3,5,,2,550,"MERCED AV","KYTE RD",2600.00,W,N,A,-,N,,,,,,,,,,Y,2,0,1,2,A,-,03,22350,,N,D,C,A,A,H,-,D,D,0,,,,,Y,,A,01,1,0,0,0,0,0,0,0,0,"- ","- ",35.529780000000002,-119.1661,KERN,UNINCORPORATED,-119.142448,35.529770650000003
6793856,2014,2015-01-28,1502,2014-11-13,1658,784,,4,5,6,1502,0,0,0,,0,,"OLIVE DR","ALDERBROOK LN",0.00,,Y,A,-,N,,,,,,,,,,Y,2,0,3,2,A,-,09,21801,A,N,D,-,A,A,H,-,C,D,0,,,,,Y,,A,01,1,1,1,0,0,0,0,0,0,"- ","- ",,,KERN,BAKERSFIELD,-119.12277011,35.41842011
6796552,2015,2016-09-07,9420,2015-01-06,2105,15466,,2,2,9,1500,0,1,3,,2,178,"RT 178","MOBILE DR",7392.00,W,N,A,-,Y,KER,6,178,-,-,48.510,H,-,E,Y,2,0,2,1,C,-,18,,,N,H,H,A,A,H,-,D,D,0,,,,,Y,,-,"- ",1,1,0,0,0,0,0,0,0,"- ","- ",35.650730000000003,-118.42881,KERN,UNINCORPORATED,-118.42765538,35.64908415
6801981,2015,2015-02-18,1502,2015-01-16,1114,965,,5,5,6,1502,0,0,0,,0,,"30TH ST","Q ST",0.00,,Y,A,-,N,,,,,,,,,,N,2,0,1,2,A,-,12,22450,A,N,D,G,A,A,H,-,A,A,0,,Y,,,Y,,A,01,1,0,0,0,0,0,1,0,0,"- ","- ",,,KERN,BAKERSFIELD,-119.01056010000001,35.386470109999998
6805309,2015,2016-09-07,9420,2015-01-09,1214,016947,,5,1,6,1502,0,1,3,,1,176,"RT 178","SUNNY LN",99.00,W,N,A,-,Y,KER,6,178,-,R,4.330,H,-,E,Y,2,0,2,1,A,-,08,22107,,N,E,I,A,A,H,-,A,D,1,,,,,Y,,A,08,2,0,0,0,0,0,0,0,0,"- ","- ",35.393680000000003,-118.97074000000001,KERN,BAKERSFIELD,-118.97241040999999,35.393070760000001
6814922,2015,2015-04-20,1502,2015-03-22,1927,1177,,7,5,6,1502,0,0,0,,0,HILL,"COLUMBUS ST","RICE ST",174.00,W,N,A,-,N,,,,,,,,,,Y,2,0,1,1,A,-,08,22107,,N,E,I,A,A,H,-,B,D,0,,,,,Y,,A,01,1,0,0,0,0,0,0,0,0,"- ","- ",,,KERN,BAKERSFIELD,-118.964933,35.397642429999998
6833621,2015,2015-03-24,1500,2015-02-08,0041,202141,WA02,7,5,3,1510,0,0,0,,0,4401,"SHAMROCK CT","ADOBE WY",265.00,S,N,E,-,N,,,,,,,,,,Y,2,0,1,2,A,-,01,23153,A,N,G,B,D,B,H,-,C,D,0,Y,,,,Y,Y,A,01,1,0,0,0,1,0,0,0,0,"- ","- ",,,KERN,WASCO,-119.34225746,35.581342720000002
6854240,2015,2015-04-22,9420,2015-02-14,1447,16926,,6,2,6,1502,0,1,3,,2,092,"RT 99","MINKLER UNION PACIFIC",455.00,S,N,A,-,Y,KER,6,99,-,-,27.230,H,-,N,Y,1,1,0,2,A,-,11,21954,A,N,G,B,D,A,H,-,A,D,1,Y,,,,Y,,N,60,0,0,0,1,0,0,0,0,0,"- ","- ",35.406509999999997,-119.04827,KERN,BAKERSFIELD,-119.04725144,35.405604949999997
6854640,2015,2015-06-01,9420,2015-05-01,1435,16691,,5,2,6,1502,1,4,S,,2,901,"E TRUXTUN AV","GAGE ST",0.00,,Y,A,-,N,,,,,,,,,,Y,1,1,3,4,A,-,03,22350,,N,D,C,A,A,H,-,A,D,0,,,,,Y,,A,01,1,0,2,0,0,0,0,0,0,"- ","- ",35.373269999999998,-118.9875,KERN,BAKERSFIELD,-118.98744012,35.373240039999999
6875738,2015,2016-10-19,9426,2015-03-26,2053,018023,,4,2,9,1500,0,1,1,,2,504,"RT 5","RT 119",3168.00,N,N,A,-,Y,KER,6,5,-,-,39.390,H,-,N,Y,2,0,4,1,A,-,08,22107,,N,F,A,A,A,H,-,D,D,1,,,,,Y,,A,07,3,1,0,0,0,0,0,0,0,"- ","- ",,,KERN,UNINCORPORATED,-119.23134193999999,35.273670320000001
6884700,2015,2016-06-13,9420,2015-04-01,1052,015259,,3,1,9,1500,0,3,5,,2,630,"METTLER FRONTAGE RD W","STEVENS DR",140.00,E,N,A,-,N,,,,,,,,,,Y,2,0,2,2,A,-,05,21460,A,N,A,C,A,A,H,-,A,D,0,,,,Y,Y,Y,A,07,1,0,1,0,0,0,0,0,0,"- ","- ",35.059669999999997,-118.96922000000001,KERN,UNINCORPORATED,-118.96936295,35.059485840000001
6885028,2015,2016-09-15,9420,2015-03-30,1450,14850,,1,2,9,1500,0,1,3,,2,091,"RT 99","WHISLER RD",9504.00,S,N,A,-,Y,KER,6,99,-,-,45.560,H,-,N,Y,2,0,1,2,A,-,03,22350,,N,C,E,A,A,H,-,A,D,1,,,,,Y,,A,01,1,0,0,0,0,0,0,0,0,"- ","- ",35.62003,-119.21341,KERN,UNINCORPORATED,-119.2134216,35.620016419999999
6928620,2015,2015-06-26,9420,2015-05-18,0545,13851,,1,3,9,1500,0,3,5,,2,672,"DAVID RD","WHEELER RIDGE RD",1584.00,E,N,-,-,N,,,,,,,,,,Y,2,0,4,2,A,-,09,21801,A,N,D,C,A,-,-,-,-,D,0,,,,,Y,,A,01,1,0,3,0,0,0,0,0,0,"- ","- ",36.092889999999997,-118.90871,KERN,UNINCORPORATED,-118.90943218,35.092904439999998
6935208,2015,2015-07-16,9430,2015-06-23,1015,013402,,2,1,9,1500,0,3,5,,2,002,"VOLTAIRE DR","PINEHURST DR",250.00,N,N,A,-,N,,,,,,,,,,Y,2,0,1,1,A,-,08,22107,,N,E,I,A,A,H,-,A,D,0,,,,,Y,,A,07,1,0,0,0,0,0,0,0,0,"- ","- ",34.852240000000002,-119.13697000000001,KERN,UNINCORPORATED,-119.13854239,34.850785530000003
6944243,2015,2016-12-15,9420,2015-05-27,1615,015119,,3,2,9,1500,0,1,3,,2,177,"RT 178","LOWER RICHBAR",1056.00,W,N,A,-,Y,KER,6,178,-,-,19.480,H,-,W,Y,2,0,3,2,A,-,05,21650,,N,A,C,A,A,H,-,A,D,0,,,,,Y,,D,22,2,1,0,0,0,0,0,0,0,"- ","- ",,,KERN,UNINCORPORATED,-118.73151043999999,35.476964809999998
6946949,2015,2015-06-18,1503,2015-05-01,1917,10105,1503,5,5,4,1503,0,0,0,,0,ALL,"AVENIDA CASTRO AV","CLARK ST",156.00,E,N,A,-,N,,,,,,,,,,N,2,0,1,2,A,-,09,21804,A,N,D,G,A,A,H,-,A,D,0,,Y,,,Y,,L,04,1,0,0,0,0,0,1,0,0,"- ","- ",,,KERN,DELANO,-119.26271457999999,35.787149999999997
6954100,2015,2015-07-14,1502,2015-06-19,1711,1067,,5,5,6,1502,0,0,0,,0,,"MONITOR ST","EVADONNA RD",0.00,,Y,A,-,N,,,,,,,,,,Y,2,0,2,2,A,-,09,21802,A,N,D,C,A,A,H,-,A,A,0,,,Y,,Y,,A,01,1,0,1,0,0,0,0,0,1,"- ","- ",,,KERN,BAKERSFIELD,-119.01194012000001,35.286940010000002
6958156,2015,2015-06-23,1507,2015-05-30,1905,238,20,6,5,3,1507,0,0,0,,0,,"S SHAFTER AV","KATTENHORN RD",58.00,N,N,A,-,N,,,,,,,,,,N,2,0,3,2,A,-,01,23153,A,F,B,C,A,A,H,-,A,D,0,,,,,Y,Y,A,01,1,0,2,0,0,0,0,0,0,"- ","- ",,,KERN,SHAFTER,-119.27843827,35.49058917
6958300,2015,2015-07-11,9420,2015-06-08,0820,017576,,1,1,9,1500,0,3,5,,2,040,"RANCHERIA RD","RT 178",31680.00,N,N,A,-,N,,,,,,,,,,Y,2,0,1,1,A,-,08,22107,,N,E,I,A,A,H,-,A,D,0,,,,,Y,,D,22,1,0,0,0,0,0,0,0,0,"- ","- ",35.473999999999997,-118.82684999999999,KERN,UNINCORPORATED,-118.82713079,35.474139659999999