CASE_ID,ACCIDENT_YEAR,PROC_DATE,JURIS,COLLISION_DATE,COLLISION_TIME,OFFICER_ID,REPORTING_DISTRICT,DAY_OF_WEEK,CHP_SHIFT,POPULATION,CNTY_CITY_LOC,SPECIAL_COND,BEAT_TYPE,CHP_BEAT_TYPE,CITY_DIVISION_LAPD,CHP_BEAT_CLASS,BEAT_NUMBER,PRIMARY_RD,SECONDARY_RD,DISTANCE,DIRECTION,INTERSECTION,WEATHER_1,WEATHER_2,STATE_HWY_IND,CALTRANS_COUNTY,CALTRANS_DISTRICT,STATE_ROUTE,ROUTE_SUFFIX,POSTMILE_PREFIX,POSTMILE,LOCATION_TYPE,RAMP_INTERSECTION,SIDE_OF_HWY,TOW_AWAY,COLLISION_SEVERITY,NUMBER_KILLED,NUMBER_INJURED,PARTY_COUNT,PRIMARY_COLL_FACTOR,PCF_CODE_OF_VIOL,PCF_VIOL_CATEGORY,PCF_VIOLATION,PCF_VIOL_SUBSECTION,HIT_AND_RUN,TYPE_OF_COLLISION,MVIW,PED_ACTION,ROAD_SURFACE,ROAD_COND_1,ROAD_COND_2,LIGHTING,CONTROL_DEVICE,CHP_ROAD_TYPE,PEDESTRIAN_ACCIDENT,BICYCLE_ACCIDENT,MOTORCYCLE_ACCIDENT,TRUCK_ACCIDENT,NOT_PRIVATE_PROPERTY,ALCOHOL_INVOLVED,STWD_VEHTYPE_AT_FAULT,CHP_VEHTYPE_AT_FAULT,COUNT_SEVERE_INJ,COUNT_VISIBLE_INJ,COUNT_COMPLAINT_PAIN,COUNT_PED_KILLED,COUNT_PED_INJURED,COUNT_BICYCLIST_KILLED,COUNT_BICYCLIST_INJURED,COUNT_MC_KILLED,COUNT_MC_INJURED,PRIMARY_RAMP,SECONDARY_RAMP,LATITUDE,LONGITUDE,COUNTY,CITY,POINT_X,POINT_Y
6964264,2015,2015-07-10,1502,2015-06-05,1329,P45,,5,5,6,1502,0,0,0,,0,VALLEY,"H ST","WHITE LN",172.00,S,N,A,-,N,,,,,,,,,,N,2,0,1,2,A,-,11,21954,A,N,G,B,D,A,H,-,A,D,0,Y,,,,Y,,N,60,1,0,0,0,1,0,0,0,0,"- ","- ",,,KERN,BAKERSFIELD,-119.02136,35.317238039999999
6970775,2015,2015-07-27,1507,2015-07-01,1224,256,12,3,5,3,1507,0,0,0,,0,,"EAST LERDO HWY","NICKEL ST",427.00,W,N,A,-,N,,,,,,,,,,Y,2,0,6,2,A,-,09,21801,A,N,D,C,A,A,H,-,A,A,0,,,,,Y,,A,07,2,3,1,0,0,0,0,0,0,"- ","- ",,,KERN,SHAFTER,-119.27748262999999,35.499839119999997
6978077,2015,2016-12-01,9420,2015-06-17,1505,019461,,3,2,9,1500,0,1,3,,2,585,"RT 58","FAIRFAX RD",2112.00,E,N,A,-,Y,KER,6,58,-,R,58.840,H,-,W,Y,2,0,2,1,A,-,08,22107,,N,F,A,A,A,C,-,A,D,1,,,,,Y,,A,01,1,1,0,0,0,0,0,0,0,"- ","- ",35.352670000000003,-118.92542,KERN,UNINCORPORATED,-118.92487215,35.352506150000004
7006551,2015,2015-12-30,1507,2015-11-02,1715,269,27,1,5,3,1507,0,0,0,,0,,"EAST LERDO HWY","DRIVER RD",421.00,E,N,C,-,N,,,,,,,,,,N,1,1,0,1,A,-,03,22350,,N,E,I,A,B,H,-,D,D,0,,,,,Y,,D,22,0,0,0,0,0,0,0,0,0,"- ","- ",,,KERN,SHAFTER,-119.20435755,35.499785549999999
7010558,2015,2016-12-21,9830,2015-07-18,2130,20806,,6,2,9,1500,0,1,3,,1,050,"RT 14","RT 178",0.00,,Y,B,-,Y,KER,6,14,-,-,60.571,I,5,N,Y,2,0,4,2,A,-,09,21801,A,N,D,C,A,A,H,-,C,D,0,,,,,Y,Y,A,01,2,2,0,0,0,0,0,0,0,"- ","- ",35.639270000000003,-117.88354,KERN,UNINCORPORATED,-117.88362718,35.63930379
7040827,2015,2017-01-14,1502,2015-08-08,1210,P63,,6,5,6,1502,0,0,0,,0,METRO,"17TH ST","UNION AV",0.00,,Y,A,-,Y,KER,6,204,-,-,3.500,I,5,N,Y,2,0,1,2,A,-,09,21801,A,N,D,C,A,A,H,-,A,A,0,,,Y,,Y,,A,01,1,0,0,0,0,0,0,0,1,"- ","- ",,,KERN,BAKERSFIELD,-119.00292046,35.374400289999997
7041287,2015,2017-01-12,1502,2015-08-01,0958,P63,,6,5,6,1502,0,0,0,,0,HILL,"FAIRFAX RD","RT 178",15.00,N,N,A,-,Y,KER,6,178,-,R,6.770,I,6,W,N,2,0,2,2,A,-,08,22107,,N,B,C,A,A,H,-,A,D,0,,,Y,,Y,,C,02,2,0,0,0,0,0,0,0,2,"- ",EF,,,KERN,BAKERSFIELD,-118.92988351,35.396700250000002
7079283,2015,2015-10-19,1502,2015-09-23,1846,1067,,3,5,6,1502,0,0,0,,0,,"PANAMA LN","GOSFORD RD",270.00,W,N,A,-,N,,,,,,,,,,Y,2,0,1,3,A,-,01,23152,A,N,C,C,A,A,H,-,A,A,0,,,,,Y,Y,A,01,1,0,0,0,0,0,0,0,0,"- ","- ",35.296309999999998,-119.09246,KERN,BAKERSFIELD,-119.09305372,35.29616
7110517,2015,2016-05-13,1502,2015-10-22,1554,1195,,4,5,6,1502,0,0,0,,0,,"24TH ST","OAK ST",0.00,,Y,A,-,N,,,,,,,,,,Y,2,0,2,2,A,-,12,21453,A,N,D,C,A,A,H,-,A,A,0,,,Y,,Y,,C,02,1,1,0,0,0,0,0,0,1,"- ","- ",35.381320000000002,-119.03805,KERN,BAKERSFIELD,-119.03857010999999,35.38116007
7133038,2015,2015-12-28,1502,2015-12-08,1440,1143,,2,5,6,1502,0,0,0,,0,SOUTH,"OLD RIVER RD","CREEK WY",609.00,S,N,A,-,N,,,,,,,,,,Y,2,0,1,2,A,-,00,23104,A,F,G,B,F,A,H,-,A,D,0,Y,,,,Y,,D,22,1,0,0,0,1,0,0,0,0,"- ","- ",,,KERN,BAKERSFIELD,,
7136660,2015,2015-12-17,1506,2015-10-22,1845,9262,11,4,5,4,1506,0,0,0,,0,,"N NORMA ST","UTILITY POLE 1702333E",10.00,S,N,A,-,N,,,,,,,,,,Y,2,0,1,2,A,-,11,21954,A,N,G,B,D,A,H,-,C,D,0,Y,,,,Y,Y,N,60,1,0,0,0,1,0,0,0,0,"- ","- ",,,KERN,RIDGECREST,,
7184007,2016,2016-02-16,1502,2016-01-27,1855,1048,,3,5,6,1502,0,0,0,,0,,"CHESTER AV","4TH ST",4.00,S,N,A,-,N,,,,,,,,,,N,2,0,1,2,A,-,11,21456,B,N,G,B,B,A,H,-,C,A,0,Y,,,,Y,,N,60,1,0,0,0,1,0,0,0,0,"- ","- ",,,KERN,BAKERSFIELD,-119.01891053,35.360782690000001
7190395,2016,2018-09-27,1502,2016-05-02,2008,1195,,1,5,6,1502,0,0,0,,0,VALLEY,"COTTONWOOD RD","CARVER ST",128.00,S,N,A,-,N,,,,,,,,,,N,1,1,0,2,A,-,11,21954,A,N,G,B,D,A,H,-,C,D,0,Y,,,,Y,Y,N,60,0,0,0,1,0,0,0,0,0,"- ","- ",35.322809999999997,-118.98560000000001,KERN,BAKERSFIELD,-118.98543614,35.322788799999998
7190418,2015,2017-03-29,1502,2015-11-17,1740,1033,,2,5,6,1502,0,0,0,,0,VALLEY,"WILSON RD","AGATE ST",528.00,W,N,A,-,N,,,,,,,,,,Y,1,1,0,2,A,-,11,21955,,N,G,B,D,A,H,-,D,D,0,Y,,,,Y,Y,N,60,0,0,0,1,0,0,0,0,0,"- ","- ",,,KERN,BAKERSFIELD,-119.03689781999999,35.33220025
7193475,2016,2016-03-07,1502,2016-02-14,1809,1181,,7,5,6,1502,0,0,0,,0,CENTRA,"NEW STINE RD","CALIFORNIA AV",223.00,S,N,A,-,N,,,,,,,,,,N,2,0,1,2,A,-,11,21954,A,N,G,B,D,A,H,-,D,D,0,Y,,,,Y,,N,60,1,0,0,0,1,0,0,0,0,"- ","- ",35.354129999999998,-119.0607,KERN,BAKERSFIELD,-119.06126707999999,35.353547890000002
7199909,2017,2019-04-08,1511,2017-01-18,1953,53085,2,3,5,2,1511,0,0,0,,0,00A,"CALIFORNIA CITY BL","VICTORY WY",90.00,W,N,B,C,N,,,,,,,,,,Y,1,1,0,2,A,-,03,22350,,N,G,B,D,B,H,-,C,D,0,Y,,,,Y,Y,A,07,0,0,0,1,0,0,0,0,0,"- ","- ",35.126130000000003,-118.00136000000001,KERN,"CALIFORNIA CITY",-118.00136028999999,35.125787299999999
7200020,2017,2017-08-18,1506,2017-02-23,2100,5977,21,4,5,4,1506,0,0,0,,0,,"RT 178","W HOWELL AV",38.00,S,N,A,-,Y,KER,6,178,-,-,101.730,H,-,W,N,1,1,0,2,A,-,11,21950,B,N,G,B,D,A,H,-,C,D,0,Y,,,,Y,,N,60,0,0,0,1,0,0,0,0,0,"- ","- ",35.635109999999997,-117.66794,KERN,RIDGECREST,-117.66976400999999,35.635077359999997
7200170,2017,2019-04-08,1502,2017-01-16,2130,1212,,1,5,6,1502,0,0,0,,0,HILL,"GOLDEN STATE AV","H ST",54.00,W,N,A,-,N,,,204,,,,,,,Y,1,1,0,2,A,-,05,21202,A,F,H,G,A,A,H,-,C,D,0,,Y,,,Y,Y,L,04,0,0,0,0,0,1,0,0,0,"- ","- ",35.387830000000001,-119.02048000000001,KERN,BAKERSFIELD,-119.02043257,35.387909780000001
7200214,2017,2019-04-08,1507,2017-03-14,2225,269,6,2,5,3,1507,0,0,0,,0,,"N CENTRAL VALLEY HWY","ENGLISH LN",0.00,,Y,A,-,Y,KER,6,43,-,-,17.874,H,-,N,Y,1,1,2,2,A,-,05,21651,C,N,A,C,A,A,H,-,D,D,0,,,,,Y,Y,D,22,1,0,1,0,0,0,0,0,0,"- ","- ",35.513359999999999,-119.28699,KERN,SHAFTER,-119.28694376,35.513400179999998
8004189,2015,2016-04-01,1502,2015-11-18,1733,1149,,3,5,6,1502,0,0,0,,0,HILL,"MOUNT VERNON AV","BERNARD ST",25.00,N,N,A,-,N,,,,,,,,,,Y,2,0,1,2,A,-,11,21456,B,N,G,B,B,A,H,-,A,A,0,Y,,,,Y,,N,60,1,0,0,0,1,0,0,0,0,"- ","- ",35.390419999999999,-118.9674,KERN,BAKERSFIELD,-118.96758,35.390308599999997
8015014,2016,2016-04-13,1508,2016-03-17,2004,111,2B,4,5,2,1508,0,0,0,,0,,"CHURCH ST","ALPINE ST",28.00,N,N,A,-,N,,,,,,,,,,N,2,0,1,2,A,-,00,20001,B,F,G,B,E,A,H,-,C,D,0,Y,,,,Y,,-,,1,0,0,0,1,0,0,0,0,"- ","- ",,,KERN,TAFT,-119.47103095999999,35.141676850000003
8063462,2016,2016-06-23,1502,2016-05-22,2346,1067,,7,5,6,1502,0,0,0,,0,,"ASHE RD","PANAMA LN",36.00,N,N,A,-,N,,,,,,,,,,Y,2,0,1,2,A,-,01,23152,B,N,C,C,A,A,H,-,C,A,0,,,Y,,Y,Y,C,02,1,0,0,0,0,0,0,0,1,"- ","- ",35.296050000000001,-119.07478999999999,KERN,BAKERSFIELD,-119.07454428,35.296143559999997
8067484,2016,2016-07-05,1506,2016-05-29,0500,4188,12,7,5,4,1506,0,0,0,,0,,"N HERITAGE DR","COBBLESTONE AV",238.00,W,N,A,-,N,,,,,,,,,,Y,2,0,2,2,A,-,01,23153,A,N,E,I,A,A,H,-,B,D,0,,,,,Y,Y,A,01,1,1,0,0,0,0,0,0,0,"- ","- ",35.642339999999997,-117.67518,KERN,RIDGECREST,-117.67507003,35.642127170000002
80986778,2019,2019-05-13,1502,2019-05-05,2140,P52,,7,5,6,1502,0,0,0,,0,North,"CALLOWAY DR","HAGEMAN RD",206.00,S,N,A,-,N,,,,,,,,,,Y,2,0,2,2,A,-,09,21804,A,N,D,C,A,A,H,-,C,D,0,,,Y,,Y,,A,07,1,0,1,0,0,0,0,0,1,"- ","- ",35.398078918457031,-119.10997009277344,KERN,BAKERSFIELD,-119.11003875732422,35.397605895996094
81004413,2019,2019-11-18,1502,2019-05-20,1902,1008,,1,5,6,1502,0,0,0,,0,North,"HAGEMAN RD","RIVERLAKES DR",1103.00,W,N,A,-,N,,,,,,,,,,N,2,0,2,2,A,-,12,21453,A,N,D,C,A,A,H,-,B,A,0,,,,,Y,,D,22,1,1,0,0,0,0,0,0,0,"- ","- ",35.4002685546875,-119.09723663330078,KERN,BAKERSFIELD,-119.10051727294922,35.398937225341797
81012855,2019,2019-06-19,1502,2019-06-16,0312,1188,,7,5,6,1502,0,0,0,,0,Valley,"WHITE LN","H ST",395.00,E,N,A,-,N,,,,,,,,,,Y,2,0,1,4,A,-,01,23152,A,N,E,E,A,A,H,-,D,D,0,,,,,Y,Y,A,01,1,0,0,0,0,0,0,0,0,"- ","- ",35.317661285400391,-119.02143096923828,KERN,BAKERSFIELD,-119.02003479003906,35.317718505859375
81030331,2019,2019-07-15,1502,2019-07-11,2217,1223,,4,5,6,1502,0,0,0,,0,South,"PANAMA LN","STINE RD",325.00,W,N,A,-,N,,,,,,,,,,N,2,0,1,2,A,-,11,21954,A,N,G,B,D,A,H,-,C,D,0,Y,,,,Y,,N,60,1,0,0,0,1,0,0,0,0,"- ","- ",35.295818328857422,-119.05697631835938,KERN,BAKERSFIELD,-119.05776977539062,35.295841217041016
81033747,2019,2019-07-19,1502,2019-07-14,2114,1177,,7,5,6,1502,0,0,0,,0,Hill,"AIRPORT DR","GOLDEN STATE OFF TO AIRPORT RAMP",0.00,,Y,A,-,Y,,,,,,,,,,Y,2,0,2,2,A,-,12,21453,A,N,D,D,A,A,H,-,C,A,0,,,,,Y,Y,A,01,1,1,0,0,0,0,0,0,0,"- ","- ",35.402450561523438,-119.04074859619141,KERN,BAKERSFIELD,,
81033767,2019,2019-07-19,1502,2019-07-17,2044,P95,,3,5,6,1502,0,0,0,,0,Centra,"WHITE LN","UMBRELLA PINE WY",35.00,W,N,A,-,N,,,,,,,,,,Y,2,0,1,2,A,-,07,21658,A,N,B,C,A,A,H,-,C,D,0,,,Y,,Y,,A,07,1,0,0,0,0,0,0,0,1,"- ","- ",35.318439483642578,-119.09510040283203,KERN,BAKERSFIELD,-119.09520721435547,35.318309783935547
81043132,2019,2019-08-01,1502,2019-07-30,2030,1177,,2,5,6,1502,0,0,0,,0,South,"STINE RD","DISTRICT BL",120.00,N,N,A,-,N,,,,,,,,,,Y,2,0,1,2,A,-,05,21650,,N,H,G,A,A,H,-,D,D,0,,Y,,,Y,,L,04,1,0,0,0,0,0,1,0,0,"- ","- ",35.312858581542969,-119.05674743652344,KERN,BAKERSFIELD,-119.0567626953125,35.313335418701172
8104924,2016,2016-08-24,1506,2016-06-13,1834,9919,19,1,5,4,1506,0,0,0,,0,,"N DOWNS ST","WEST LAS FLORES AV",12.00,N,N,A,-,N,,,,,,,,,,N,2,0,1,2,A,-,11,21950,B,N,G,B,B,A,H,-,A,A,0,Y,,,,Y,,N,60,1,0,0,0,1,0,0,0,0,"- ","- ",,,KERN,RIDGECREST,-117.68777982,35.629852880000001
81073864,2019,2019-09-13,1502,2019-06-10,2136,1195,,1,5,6,1502,0,0,0,,0,Centra,"MING AV","COURTLEIGH DR",0.00,,Y,A,-,N,,,,,,,,,,N,1,1,0,2,A,-,11,21954,A,N,G,B,D,A,H,-,C,A,0,Y,,,,Y,,N,60,0,0,0,1,0,0,0,0,0,"- ","- ",35.337200164794922,-119.06304931640625,KERN,BAKERSFIELD,-119.06333160400391,35.337371826171875
81073865,2019,2019-09-13,1502,2019-07-23,2119,1223,,2,5,6,1502,0,0,0,,0,Metro,"BAKER ST","CHICO ST",5.00,S,N,A,-,N,,,,,,,,,,Y,1,1,0,2,A,-,05,21650,,N,H,G,A,A,H,-,C,D,0,,Y,,,Y,Y,L,04,0,0,0,0,0,1,0,0,0,"- ","- ",35.369598388671875,-118.99552917480469,KERN,BAKERSFIELD,-118.99513244628906,35.370548248291016
81131517,2019,2019-11-28,1502,2019-08-26,2131,1177,,1,5,6,1502,0,0,0,,0,Hill,"HALEY ST","WATER ST",179.00,S,N,A,-,N,,,,,,,,,,Y,1,1,0,2,A,-,11,21954,A,N,G,B,D,A,H,-,C,D,0,Y,,,,Y,,N,60,0,0,0,1,0,0,0,0,0,"- ","- ",35.395919799804688,-118.97621917724609,KERN,BAKERSFIELD,-118.97633361816406,35.395198822021484
81132199,2019,2019-12-02,1502,2019-09-07,2122,1195,,6,5,6,1502,0,0,0,,0,Metro,"KENTUCKY ST","GAGE ST",161.00,W,N,A,G,N,,,,,,,,,,N,2,0,1,2,C,-,18,,,N,G,B,E,A,H,-,C,D,0,Y,,,,Y,,-,"- ",1,0,0,0,1,0,0,0,0,"- ","- ",35.377670288085938,-118.98609161376953,KERN,BAKERSFIELD,-118.98651123046875,35.377479553222656
81133780,2019,2019-12-03,1502,2019-06-23,0849,1177,,7,5,6,1502,0,0,0,,0,Metro,"L ST","23RD ST",0.00,,Y,A,-,Y,,,,,,,,,,Y,1,1,0,2,A,-,05,21650,,N,B,D,A,A,D,E,A,A,0,,,,,Y,Y,A,07,0,0,0,0,0,0,0,0,0,"- ","- ",35.380001068115234,-119.01584625244141,KERN,BAKERSFIELD,-119.01640319824219,35.380039215087891
81154882,2019,2019-12-30,1502,2019-12-27,1507,1223,,5,5,6,1502,0,0,0,,0,North,"SEVENTH STANDARD RD","CALLOWAY DR",40.00,E,N,A,-,N,,,,,,,,,,Y,2,0,1,1,A,-,17,21658,B,N,E,I,A,A,H,-,A,A,0,,,Y,,Y,,C,02,1,0,0,0,0,0,0,0,1,"- ","- ",35.441379547119141,-119.10933685302734,KERN,BAKERSFIELD,-119.10979461669922,35.441299438476562
8115708,2016,2016-09-02,1501,2016-07-24,0126,962,24,7,5,3,1501,0,0,0,,0,003,"GREGG LN","VALASCO ST",0.00,,Y,A,-,N,,,,,,,,,,Y,2,0,1,1,A,-,01,23152,,N,A,J,A,A,H,-,C,D,0,,,,,Y,Y,A,01,1,0,0,0,0,0,0,0,0,"- ","- ",35.190530000000003,-118.82769,KERN,ARVIN,-118.82771,35.190540040000002
81157228,2019,2020-01-02,1502,2019-12-30,2301,1153,,1,5,6,1502,0,0,0,,0,Hill,"UNIVERSITY AV","BUCKNELL ST",92.00,E,N,A,-,N,,,,,,,,,,Y,2,0,1,1,A,-,01,23152,A,N,E,I,A,A,H,-,C,D,0,,,,,Y,Y,A,01,1,0,0,0,0,0,0,0,0,"- ","- ",35.402359008789062,-118.98172760009766,KERN,BAKERSFIELD,-118.98162841796875,35.402137756347656
81168629,2019,2020-01-21,1502,2019-09-13,1331,1293,,5,5,6,1502,0,0,0,,0,Centra,"GOSFORD RD","DISTRICT BL",492.00,S,N,A,-,N,,,,,,,,,,Y,1,1,1,2,A,-,00,23103,A,N,D,C,A,A,H,-,A,D,0,,,Y,,Y,,C,02,0,1,0,0,0,0,0,1,0,"- ","- ",35.313331604003906,-119.09223175048828,KERN,BAKERSFIELD,-119.09226226806641,35.311790466308594
81193587,2019,2020-02-26,1502,2019-11-24,0257,1177,,7,5,6,1502,0,0,0,,0,South,"HOSKING AV","HUGHES LN",300.00,W,N,A,-,N,,,,,,,,,,N,1,1,0,2,A,-,11,21954,A,F,G,B,E,A,H,-,D,D,0,Y,,,,Y,,N,60,0,0,0,1,0,0,0,0,0,"- ","- ",35.281459808349609,-119.03182220458984,KERN,BAKERSFIELD,-119.03227233886719,35.281391143798828
81198956,2020,2020-03-02,1502,2020-02-22,2356,1285,,6,5,6,1502,0,0,0,,0,Metro,"18TH ST","CHESTER AV",0.00,,Y,-,-,N,,,,,,,,,,Y,2,0,1,2,A,-,01,23152,A,N,D,C,A,A,H,-,D,A,0,,,,,Y,Y,D,22,1,0,0,0,0,0,0,0,0,"- ","- ",35.374500274658203,-119.01914215087891,KERN,BAKERSFIELD,-119.01889038085938,35.375270843505859
81203760,2020,2020-03-09,1502,2020-03-06,1236,1181,,5,5,6,1502,0,0,0,,0,Valley,"HOSKING AV","99 FWY N OFF RAMP TO HOSKING",0.00,,Y,A,-,Y,,,,,,,,,,Y,2,0,2,2,A,-,12,21453,A,N,D,C,A,A,H,-,A,A,0,,,,,Y,,A,01,1,0,1,0,0,0,0,0,0,"- ","- ",,,KERN,BAKERSFIELD,,
81224238,2020,2020-04-13,1502,2020-03-26,1514,1223,,4,5,6,1502,0,0,0,,0,Valley,"BERKSHIRE RD","MONITOR ST",0.00,,Y,A,-,N,,,,,,,,,,Y,2,0,3,2,A,-,12,21453,A,N,D,C,A,A,H,-,A,A,0,,,Y,,Y,,C,02,1,0,2,0,0,0,0,0,1,"- ","- ",35.28778076171875,-119.01339721679688,KERN,BAKERSFIELD,-119.01188659667969,35.288608551025391
81238533,2020,2020-05-18,1502,2020-05-14,1422,P45,,4,5,6,1502,0,0,0,,0,Metro,"CALIFORNIA AV","PINE ST",101.00,E,N,B,-,N,,,,,,,,,,N,2,0,1,2,A,-,11,21954,A,N,G,B,E,A,H,-,A,D,0,Y,,,,Y,Y,N,60,1,0,0,0,1,0,0,0,0,"- ","- ",35.368671417236328,-119.03128051757812,KERN,BAKERSFIELD,-119.03133392333984,35.368667602539062
81254695,2020,2020-06-22,1502,2020-06-17,1803,P82,,3,5,6,1502,0,0,0,,0,Valley,"H ST","FAIRVIEW RD",0.00,,Y,A,-,N,,,,,,,,,,Y,2,0,2,5,A,-,01,23152,A,N,D,C,A,A,H,-,A,A,0,,,,,Y,Y,A,01,1,0,1,0,0,0,0,0,0,"- ","- ",35.302379608154297,-119.02252960205078,KERN,BAKERSFIELD,-119.02130126953125,35.303119659423828
81328316,2020,2020-10-21,1502,2020-09-06,2152,1188,,7,5,6,1502,0,0,0,,0,Metro,"8TH ST","V ST",0.00,,Y,A,-,N,,,,,,,,,,Y,2,0,1,3,A,-,01,23153,A,N,D,C,A,A,H,-,D,A,0,,,,,Y,Y,D,22,1,0,0,0,0,0,0,0,0,"- ","- ",35.363658905029297,-119.00563049316406,KERN,BAKERSFIELD,-119.00514221191406,35.364559173583984
81328383,2020,2020-10-21,1502,2020-09-11,1850,1223,,5,5,6,1502,0,0,0,,0,Hill,"FAIRFAX RD","COLLEGE AV",586.00,N,N,A,F,N,,,,,,,,,,Y,2,0,5,5,A,-,01,23152,F,N,A,C,A,A,H,-,B,D,0,,,,,Y,Y,A,01,5,0,0,0,0,0,0,0,0,"- ","- ",35.381851196289062,-118.93044281005859,KERN,BAKERSFIELD,-118.93004608154297,35.384925842285156
81328543,2020,2020-10-21,1502,2020-09-20,1128,1414,,7,5,6,1502,0,0,0,,0,Metro,"BRUNDAGE LN","H ST",5.00,E,N,A,-,N,,,,,,,,,,Y,2,0,1,1,A,-,08,22107,,N,E,I,A,A,H,-,A,A,0,,,,,Y,,D,22,1,0,0,0,0,0,0,0,0,"- ","- ",35.354000091552734,-119.02104949951172,KERN,BAKERSFIELD,-119.02128601074219,35.354000091552734
81328636,2020,2020-10-21,1502,2020-09-27,0958,1181,,7,5,6,1502,0,0,0,,0,Hill,"CHESTER AV","GARCES CIRCLE (N)",0.00,,Y,A,-,Y,,,204,,,,,,,N,2,0,1,1,A,-,01,23152,A,N,E,I,A,A,H,-,A,A,0,,,Y,,Y,Y,C,02,1,0,0,0,0,0,0,0,1,"- ","- ",35.387340545654297,-119.01809692382812,KERN,BAKERSFIELD,-119.01845550537109,35.386737823486328
8133040,2016,2017-06-01,1511,2016-08-31,0955,53064,5,3,5,2,1511,0,0,0,,0,00A,"CALIFORNIA CITY BL","KERN CO LINE",0.00,,Y,A,-,N,,,,,,,,,,N,1,1,0,3,A,-,09,21801,A,N,B,C,A,A,H,-,A,D,0,,,,Y,Y,,A,01,0,0,0,0,0,0,0,0,0,"- ","- ",35.125959999999999,-117.96782,KERN,"CALIFORNIA CITY",,
81333625,2020,2020-10-29,1502,2020-10-22,0235,1188,,4,5,6,1502,0,0,0,,0,North,"SEVENTH STANDARD RD","COFFEE RD",1953.00,W,N,A,-,N,,,,,,,,,,N,2,0,1,3,A,-,08,22107,,N,F,A,A,A,H,-,D,D,0,,,,,Y,,A,07,1,0,0,0,0,0,0,0,0,"- ","- ",35.441158294677734,-119.09161376953125,KERN,BAKERSFIELD,-119.09873962402344,35.441291809082031
81337485,2020,2020-11-03,1502,2020-06-03,2049,1181,,3,5,6,1502,0,0,0,,0,Valley,"BRUNDAGE LN","KINCAID ST",116.00,E,N,A,-,N,,,,,,,,,,N,2,0,1,2,A,-,11,21954,A,F,G,B,D,A,H,-,C,D,0,Y,,,,Y,,N,60,1,0,0,0,1,0,0,0,0,"- ","- ",35.353691101074219,-118.9927978515625,KERN,BAKERSFIELD,-118.99262237548828,35.353923797607422
81352033,2020,2020-11-24,1502,2020-10-16,0601,1213,,5,5,6,1502,0,0,0,,0,Metro,"UNION AV","19TH ST",0.00,,Y,A,-,N,,,204,,,,,,,N,2,0,1,2,A,-,11,21456,B,N,G,B,B,A,H,-,C,A,0,Y,,,,Y,,N,60,1,0,0,0,1,0,0,0,0,"- ","- ",35.376609802246094,-119.00299835205078,KERN,BAKERSFIELD,-119.00290679931641,35.376609802246094
81352053,2020,2020-11-24,1502,2020-10-31,2356,1338,,6,5,6,1502,0,0,0,,0,Centra,"WESTSIDE PKWY","TRUXTUN AV (E)",0.00,,Y,A,-,Y,,,,,,,,,,Y,2,0,2,1,A,-,01,23152,A,N,E,I,A,A,H,-,D,D,0,,,,,Y,Y,A,01,1,0,1,0,0,0,0,0,0,"- ","- ",35.371189117431641,-119.05638885498047,KERN,BAKERSFIELD,,
81357869,2020,2020-12-03,1502,2020-11-09,2031,1241,,1,5,6,1502,0,0,0,,0,North,"NORIEGA RD","ALLEN RD",445.00,E,N,A,-,N,,,,,,,,,,Y,1,1,0,1,A,-,03,22350,,N,E,I,A,A,H,-,C,D,0,,,,,Y,,D,22,0,0,0,0,0,0,0,0,0,"- ","- ",35.405548095703125,-119.14541625976562,KERN,BAKERSFIELD,-119.14401245117188,35.405197143554688
8137088,2016,2016-10-12,1503,2016-08-27,2215,1089,1501,6,5,4,1503,0,0,0,,0,ALL,"CECIL AV","NORWALK ST",60.00,E,N,A,-,N,,,,,,,,,,Y,2,0,1,2,A,-,03,22350,,N,C,C,A,A,H,-,C,D,0,,,,,Y,,A,01,1,0,0,0,0,0,0,0,0,"- ","- ",,,KERN,DELANO,-119.24079795,35.775910000000003
81371631,2020,2020-12-21,1502,2020-11-28,2143,1223,,6,5,6,1502,0,0,0,,0,Valley,"H ST","JULIAN AV",1081.00,S,N,A,-,N,,,,,,,,,,N,2,0,1,2,C,-,18,,,F,G,B,E,A,H,-,C,D,0,Y,,,,Y,,-,"- ",1,0,0,0,1,0,0,0,0,"- ","- ",35.322689056396484,-119.02223968505859,KERN,BAKERSFIELD,-119.02133178710938,35.32049560546875
81380527,2021,2021-01-05,1502,2021-01-02,1446,1223,,6,5,6,1502,0,0,0,,0,Valley,"WATTS DR","LOTUS LN",0.00,,Y,A,-,N,,,,,,,,,,Y,2,0,4,2,A,-,01,23152,A,N,D,C,A,A,H,-,A,A,0,,,,,Y,Y,A,01,1,0,3,0,0,0,0,0,0,"- ","- ",35.331188201904297,-118.99076843261719,KERN,BAKERSFIELD,-118.98984527587891,35.332191467285156
81385665,2021,2021-01-12,1502,2021-01-11,0617,1338,,1,5,6,1502,0,0,0,,0,Metro,"UNION AV","18TH ST",31.00,S,N,A,-,Y,,,204,,,,,,,N,2,0,1,2,A,-,11,21954,A,N,G,B,D,A,H,-,C,A,0,Y,,,,Y,,N,60,1,0,0,0,1,0,0,0,0,"- ","- ",35.374309539794922,-119.00324249267578,KERN,BAKERSFIELD,-119.00292205810547,35.374309539794922
81391114,2020,2021-01-20,1502,2020-11-04,2311,1188,,3,5,6,1502,0,0,0,,0,South,"HOSKING AV","HUGHES LN",0.00,,Y,A,-,N,,,,,,,,,,Y,1,1,2,2,A,-,09,21801,A,N,A,C,A,A,H,-,C,D,0,,,,,Y,,D,22,0,1,1,0,0,0,0,0,0,"- ","- ",35.28070068359375,-119.03273773193359,KERN,BAKERSFIELD,-119.03127288818359,35.281398773193359
81423901,2021,2021-03-10,1502,2021-03-02,2306,P63,,2,5,6,1502,0,0,0,,0,Centra,"STOCKDALE HWY","MONTCLAIR ST",0.00,,Y,A,-,Y,,,,,,,,,,Y,2,0,3,2,A,-,01,23152,A,N,D,C,A,A,H,-,C,A,0,,,,,Y,Y,A,01,1,2,0,0,0,0,0,0,0,"- ","- ",35.353729248046875,-119.05520629882812,KERN,BAKERSFIELD,-119.05458068847656,35.354267120361328