CASE_ID,ACCIDENT_YEAR,PROC_DATE,JURIS,COLLISION_DATE,COLLISION_TIME,OFFICER_ID,REPORTING_DISTRICT,DAY_OF_WEEK,CHP_SHIFT,POPULATION,CNTY_CITY_LOC,SPECIAL_COND,BEAT_TYPE,CHP_BEAT_TYPE,CITY_DIVISION_LAPD,CHP_BEAT_CLASS,BEAT_NUMBER,PRIMARY_RD,SECONDARY_RD,DISTANCE,DIRECTION,INTERSECTION,WEATHER_1,WEATHER_2,STATE_HWY_IND,CALTRANS_COUNTY,CALTRANS_DISTRICT,STATE_ROUTE,ROUTE_SUFFIX,POSTMILE_PREFIX,POSTMILE,LOCATION_TYPE,RAMP_INTERSECTION,SIDE_OF_HWY,TOW_AWAY,COLLISION_SEVERITY,NUMBER_KILLED,NUMBER_INJURED,PARTY_COUNT,PRIMARY_COLL_FACTOR,PCF_CODE_OF_VIOL,PCF_VIOL_CATEGORY,PCF_VIOLATION,PCF_VIOL_SUBSECTION,HIT_AND_RUN,TYPE_OF_COLLISION,MVIW,PED_ACTION,ROAD_SURFACE,ROAD_COND_1,ROAD_COND_2,LIGHTING,CONTROL_DEVICE,CHP_ROAD_TYPE,PEDESTRIAN_ACCIDENT,BICYCLE_ACCIDENT,MOTORCYCLE_ACCIDENT,TRUCK_ACCIDENT,NOT_PRIVATE_PROPERTY,ALCOHOL_INVOLVED,STWD_VEHTYPE_AT_FAULT,CHP_VEHTYPE_AT_FAULT,COUNT_SEVERE_INJ,COUNT_VISIBLE_INJ,COUNT_COMPLAINT_PAIN,COUNT_PED_KILLED,COUNT_PED_INJURED,COUNT_BICYCLIST_KILLED,COUNT_BICYCLIST_INJURED,COUNT_MC_KILLED,COUNT_MC_INJURED,PRIMARY_RAMP,SECONDARY_RAMP,LATITUDE,LONGITUDE,COUNTY,CITY,POINT_X,POINT_Y
81425757,2020,2021-03-12,1502,2020-09-07,1947,1188,,1,5,6,1502,0,0,0,,0,Metro,"UNION AV","8TH ST (N)",111.00,S,N,A,-,N,,,204,,,,,,,Y,1,1,0,2,A,-,03,22350,,N,G,B,D,A,H,-,C,D,0,Y,,,,Y,,A,01,0,0,0,1,0,0,0,0,0,"- ","- ",35.364398956298828,-119.00258636474609,KERN,BAKERSFIELD,-119.00296783447266,35.364402770996094
81436656,2021,2021-03-26,1502,2021-03-23,1601,1241,,2,5,6,1502,0,0,0,,0,North,"ROSEDALE HWY","VERDUGO LN",197.00,E,N,A,-,N,,,,,,,,,,Y,2,0,2,2,A,-,01,23152,F,N,C,C,A,A,H,-,A,D,0,,,,,Y,,A,01,1,1,0,0,0,0,0,0,0,"- ","- ",35.383571624755859,-119.11917114257812,KERN,BAKERSFIELD,-119.11830902099609,35.383548736572266
81448910,2021,2021-04-13,1502,2021-04-04,1415,1268,,7,5,6,1502,0,0,0,,0,Hill,"BRYN MAWR DR","PRINCETON AV",225.00,N,N,A,-,N,,,,,,,,,,N,2,0,2,1,A,-,08,22107,,N,F,A,A,A,H,-,A,D,0,,,Y,,Y,,C,06,1,1,0,0,0,0,0,0,2,"- ","- ",35.406749725341797,-118.98222351074219,KERN,BAKERSFIELD,-118.98258209228516,35.40838623046875
81478591,2021,2021-05-21,1502,2021-05-06,2216,1362,,4,5,6,1502,0,0,0,,0,Metro,"CHESTER AV","5TH ST",15.00,N,N,A,-,N,,,,,,,,,,N,2,0,1,2,A,-,11,21954,A,N,G,B,D,A,H,-,C,A,0,Y,,,,Y,,N,60,1,0,0,0,1,0,0,0,0,"- ","- ",35.361721038818359,-119.01856231689453,KERN,BAKERSFIELD,-119.01889801025391,35.361770629882812
8147994,2016,2016-10-18,1502,2016-09-28,0712,P24,,3,5,6,1502,0,0,0,,0,NORTH,"CALLOWAY DR","NORIEGA RD",0.00,,Y,A,-,N,,,,,,,,,,Y,2,0,1,1,A,-,08,22107,,N,E,I,A,A,H,-,A,A,0,,,,,Y,,A,01,1,0,0,0,0,0,0,0,0,"- ","- ",35.405329999999999,-119.10988,KERN,BAKERSFIELD,-119.11007008999999,35.405360090000002
81484592,2021,2021-05-28,1502,2021-04-10,2156,1185,,6,5,6,1502,0,0,0,,0,Centra,"BUENA VISTA RD","STOCKDALE HWY",0.00,,Y,A,-,N,,,,,,,,,,Y,2,0,2,2,A,-,12,21453,A,N,D,D,A,A,H,-,C,A,0,,,,,Y,,A,01,1,0,1,0,0,0,0,0,0,"- ","- ",35.34906005859375,-119.12796020507812,KERN,BAKERSFIELD,-119.12738037109375,35.348823547363281
81492553,2021,2021-06-09,1502,2021-04-25,2157,1268,,7,5,6,1502,0,0,0,,0,Centra,"MING AV","STINE RD",117.00,E,N,C,-,N,,,,,,,,,,N,2,0,1,2,A,-,11,21954,A,F,G,B,C,B,H,-,C,A,0,Y,,,,Y,,N,60,1,0,0,0,1,0,0,0,0,"- ","- ",35.339820861816406,-119.05039978027344,KERN,BAKERSFIELD,-119.05008697509766,35.339481353759766
81496963,2021,2021-06-15,1502,2021-03-17,2009,1225,,3,5,6,1502,0,0,0,,0,Valley,"WHITE LN","EL POTRERO LN",165.00,W,N,A,-,N,,,,,,,,,,Y,2,0,1,2,A,-,11,21954,A,N,G,B,D,A,H,-,C,D,0,Y,,,,Y,Y,N,60,1,0,0,0,1,0,0,0,0,"- ","- ",35.317008972167969,-119.03341674804688,KERN,BAKERSFIELD,-119.03289031982422,35.3177490234375
81511666,2021,2021-07-02,1502,2021-06-26,1206,1322,,6,5,6,1502,0,0,0,,0,Centra,"MING AV","COURTLEIGH DR",0.00,,Y,A,-,N,,,,,,,,,,Y,2,0,2,2,A,-,09,21801,A,N,D,C,A,A,H,-,A,D,0,,,,,Y,,A,07,1,0,1,0,0,0,0,0,0,"- ","- ",35.337200164794922,-119.06304931640625,KERN,BAKERSFIELD,-119.06333160400391,35.337364196777344
81528269,2021,2021-07-26,1502,2021-07-22,1258,1185,,4,5,6,1502,0,0,0,,0,Centra,"CALIFORNIA AV","EASTON DR (W)",845.00,E,N,A,-,N,,,,,,,,,,Y,2,0,2,2,A,-,03,22350,,N,C,C,A,A,H,-,A,A,0,,,,,Y,,A,01,1,0,1,0,0,0,0,0,0,"- ","- ",35.365951538085938,-119.05329895019531,KERN,BAKERSFIELD,-119.05128479003906,35.366947174072266
81533295,2021,2021-07-30,1502,2021-07-24,2011,1347,,6,5,6,1502,0,0,0,,0,Centra,"GOSFORD RD","CAMINO MEDIA",157.00,N,N,A,-,N,,,,,,,,,,N,2,0,1,2,C,-,18,,,N,C,C,A,A,H,-,A,A,0,,,,,Y,,-,"- ",1,0,0,0,0,0,0,0,0,"- ","- ",35.344219207763672,-119.09294891357422,KERN,BAKERSFIELD,-119.09230804443359,35.344791412353516
81542049,2021,2021-08-11,1502,2021-07-30,1432,1347,,5,5,6,1502,0,0,0,,0,Metro,"BRUNDAGE LN","P ST",0.00,,Y,A,-,N,,,,,,,,,,Y,2,0,4,3,A,-,12,21453,A,N,D,C,A,A,H,-,A,A,0,,,,,Y,,D,22,1,0,3,0,0,0,0,0,0,"- ","- ",35.353809356689453,-119.01167297363281,KERN,BAKERSFIELD,-119.01189422607422,35.3538818359375
81564855,2021,2021-09-08,1502,2021-06-18,2204,1223,,5,5,6,1502,0,0,0,,0,Metro,"TRUXTUN AV","HALEY ST",178.00,W,N,A,-,N,,,,,,,,,,N,1,1,0,2,A,-,11,21954,A,N,G,B,D,A,H,-,D,D,0,Y,,,,Y,,N,60,0,0,0,1,0,0,0,0,0,"- ","- ",35.373489379882812,-118.98258209228516,KERN,BAKERSFIELD,-118.98299407958984,35.37322998046875
81579905,2021,2021-09-27,1502,2021-09-22,1956,1188,,3,5,6,1502,0,0,0,,0,North,"SEVENTH STANDARD RD","ZERKER RD",0.00,,Y,A,-,N,,,,,,,,,,Y,2,0,2,2,A,-,12,21453,A,N,D,C,A,A,H,-,C,A,0,,,,,Y,,A,01,1,0,1,0,0,0,0,0,0,"- ","- ",35.442008972167969,-119.15367126464844,KERN,BAKERSFIELD,-119.15435791015625,35.441539764404297
81615732,2021,2021-11-04,1502,2021-11-01,2215,P63,,1,5,6,1502,0,0,0,,0,Metro,"PACIFIC ST","HALEY ST",0.00,,Y,A,-,N,,,,,,,,,,Y,2,0,2,3,A,-,12,22450,A,N,D,D,A,A,H,-,C,A,0,,,,,Y,,D,22,1,0,1,0,0,0,0,0,0,"- ","- ",35.381778717041016,-118.97952270507812,KERN,BAKERSFIELD,-118.9794921875,35.381538391113281
81617836,2021,2021-11-08,1502,2021-09-10,1959,1195,,5,5,6,1502,0,0,0,,0,Metro,"CHESTER AV","2ND ST",0.00,,Y,A,-,N,,,,,,,,,,N,1,1,0,2,A,-,17,24250,,N,D,C,A,A,H,-,C,A,0,,,Y,,Y,,C,02,0,0,0,0,0,0,0,1,0,"- ","- ",35.356971740722656,-119.01863861083984,KERN,BAKERSFIELD,-119.0189208984375,35.356986999511719
81636040,2021,2021-11-29,1502,2021-11-22,1312,P17,,1,5,6,1502,0,0,0,,0,Valley,"BERKSHIRE RD","UNION AV",0.00,,Y,A,-,N,,,,,,,,,,Y,2,0,1,2,A,-,12,21453,A,N,D,C,A,A,H,-,A,A,0,,,,,Y,,A,08,1,0,0,0,0,0,0,0,0,"- ","- ",35.288490295410156,-119.00363922119141,KERN,BAKERSFIELD,-119.00313568115234,35.288631439208984
81655892,2021,2021-12-20,1502,2021-09-08,0708,1223,,3,5,6,1502,0,0,0,,0,North,"REINA RD","SAND BAY LN",95.00,W,N,A,-,N,,,,,,,,,,N,1,1,1,3,A,-,08,22107,,N,G,B,F,A,H,-,A,D,0,Y,,,,Y,,A,01,0,0,1,1,1,0,0,0,0,"- ","- ",35.412651062011719,-119.13124847412109,KERN,BAKERSFIELD,-119.13175964355469,35.412448883056641
81657221,2021,2021-12-21,1502,2021-12-16,1920,1336,,4,5,6,1502,0,0,0,,0,North,"JEWETTA AV","MILVERTON WY",0.00,,Y,A,-,N,,,,,,,,,,N,2,0,1,2,A,-,12,21453,A,N,G,B,B,A,H,-,C,A,0,Y,,,,Y,,A,01,1,0,0,0,1,0,0,0,0,"- ","- ",35.358619689941406,-119.13126373291016,KERN,BAKERSFIELD,-119.13079071044922,35.358444213867188
8166727,2016,2017-03-30,1500,2016-06-26,2045,201081,WA02,7,5,3,1510,0,0,0,,0,4401,"RT 46","E ST",0.00,,Y,A,-,Y,KER,6,46,-,-,50.810,H,-,W,Y,1,1,0,2,A,-,11,21954,A,N,G,B,D,A,H,-,C,D,0,Y,,,,Y,Y,N,60,0,0,0,1,0,0,0,0,0,"- ","- ",,,KERN,WASCO,-119.33535841,35.601535339999998
8166881,2016,2017-04-07,1502,2016-07-10,1309,1181,,7,5,6,1502,0,0,0,,0,HILL,"ALFRED HARRELL HWY","OLD ALFRED HARRELL HWY",580.00,W,N,A,-,N,,,,,,,,,,Y,1,1,1,1,A,-,08,22107,,N,E,I,A,A,H,-,A,D,0,,,Y,,Y,,C,02,0,1,0,0,0,0,0,1,1,"- ","- ",35.419029999999999,-118.96259000000001,KERN,BAKERSFIELD,-118.98057,35.409829999999999
8166927,2016,2017-04-29,1502,2016-09-29,1548,965,,4,5,6,1502,0,0,0,,0,CENTRA,"CHUMLEY ST","PLANZ RD",0.00,,Y,A,-,N,,,,,,,,,,Y,1,1,0,2,A,-,09,21802,A,N,D,C,A,A,H,-,A,A,0,,,Y,,Y,,D,22,0,0,0,0,0,0,0,1,0,"- ","- ",35.325119999999998,-119.04006,KERN,BAKERSFIELD,-119.03993011999999,35.324970010000001
8167038,2017,2019-04-08,1502,2017-07-21,0229,1167,,5,5,6,1502,0,0,0,,0,CENTRA,"STOCKDALE HWY","VILLAGE LN",318.00,W,N,A,-,N,,,,,,,,,,Y,1,1,0,2,A,-,11,21954,A,N,G,B,E,A,H,-,D,D,0,Y,,,,Y,Y,N,60,0,0,0,1,0,0,0,0,0,"- ","- ",35.354529999999997,-119.0574,KERN,BAKERSFIELD,-119.05876512,35.35416
8167274,2017,2019-04-09,1502,2017-09-07,1440,1177,,4,5,6,1502,0,0,0,,0,HILL,"RT 178","RANCHERIA RD",1524.00,W,N,A,-,Y,KER,6,178,-,-,10.670,H,-,E,Y,1,1,3,2,A,-,08,22107,,N,A,C,A,A,H,-,A,D,0,,,,,Y,,A,01,0,2,1,0,0,0,0,0,0,"- ","- ",35.415750000000003,-118.83109,KERN,BAKERSFIELD,-118.83627873,35.415079650000003
8167568,2017,2019-04-09,1502,2017-11-02,2015,1167,,4,5,6,1502,0,0,0,,0,CENTRA,"CALIFORNIA AV","MARELLA WY",328.00,W,N,A,-,N,,,,,,,,,,Y,1,1,0,2,A,-,11,21954,A,N,G,B,D,A,H,-,D,D,0,Y,,,,Y,,N,60,0,0,0,1,0,0,0,0,0,"- ","- ",35.364179999999998,-119.05670000000001,KERN,BAKERSFIELD,-119.0579668,35.363387240000002
8167569,2017,2018-05-21,1502,2017-09-16,1739,1185,,6,5,6,1502,0,0,0,,0,VALLEY,"HUGHES LN","WHITE LN",1326.00,S,N,A,-,N,,,,,,,,,,Y,1,1,0,2,A,-,11,21954,A,N,G,B,D,A,H,-,A,D,0,Y,,,,Y,,N,60,0,0,0,1,0,0,0,0,0,"- ","- ",35.317749999999997,-119.0303,KERN,BAKERSFIELD,-119.03007129,35.314091560000001
81678054,2021,2022-01-14,1502,2021-04-24,1812,1338,,6,5,6,1502,0,0,0,,0,HILL,"GOLDEN STATE AV","Q ST",200.00,E,N,A,-,Y,,,204,,,,,,,Y,1,2,0,1,A,-,01,23152,G,N,E,I,A,A,H,-,A,D,0,,,,,Y,Y,A,01,0,0,0,0,0,0,0,0,0,"- ","- ",35.381500244140625,-119.01081848144531,KERN,BAKERSFIELD,-119.01048278808594,35.382305145263672
81716027,2021,2022-03-07,1502,2021-02-25,2028,1213,,4,5,6,1502,0,0,0,,0,HILL,"CHESTER AV","COLUMBUS ST",218.00,S,N,A,-,N,,,,,,,,,,N,1,1,0,2,A,-,11,21954,A,F,G,B,D,A,H,-,C,D,0,Y,,,,Y,,N,60,0,0,0,1,0,0,0,0,0,"- ","- ",35.3973388671875,-119.01870727539062,KERN,BAKERSFIELD,-119.01879119873047,35.397541046142578
81740859,2022,2022-04-05,1502,2022-03-30,2253,P63,,3,5,6,1502,0,0,0,,0,METRO,"BROWN ST","NILES ST",133.00,S,N,A,-,N,,,,,,,,,,Y,2,0,1,1,A,-,01,23152,F,N,E,I,A,A,H,-,C,A,0,,,Y,,Y,,C,02,1,0,0,0,0,0,0,0,1,"- ","- ",35.377948760986328,-118.97897338867188,KERN,BAKERSFIELD,-118.97878265380859,35.378738403320312
81743894,2021,2022-04-08,1502,2021-04-06,2358,1291,,2,5,6,1502,0,0,0,,0,NORTH,"CALLOWAY DR","TUMWATER AV",0.00,,Y,A,-,N,,,,,,,,,,Y,1,1,0,2,A,-,03,22350,,N,A,C,A,A,H,-,D,A,0,,,,,Y,Y,A,01,0,0,0,0,0,0,0,0,0,"- ","- ",35.395370483398438,-119.10999298095703,KERN,BAKERSFIELD,-119.10987091064453,35.395378112792969
81744614,2021,2022-04-11,1502,2021-06-22,1621,1291,,2,5,6,1502,0,0,0,,0,,"UNIVERSITY AV","COLUMBUS ST",0.00,,Y,A,-,N,,,,,,,,,,Y,1,1,2,2,A,-,12,21453,A,N,D,C,A,A,H,-,A,A,0,,,,,Y,,-,"- ",1,0,1,0,0,0,0,0,0,"- ","- ",35.403751373291016,-118.94975280761719,KERN,BAKERSFIELD,-118.94989776611328,35.405071258544922
81758460,2022,2022-04-28,1502,2022-04-20,2138,P63,,3,5,6,1502,0,0,0,,0,METRO,"BAKER ST","BUTTE ST",64.00,S,N,A,-,N,,,,,,,,,,N,2,0,1,2,A,-,05,21650,1,F,H,G,A,A,H,-,D,D,0,,Y,,,Y,,L,04,1,0,0,0,0,0,1,0,0,"- ","- ",35.369888305664062,-118.99568939208984,KERN,BAKERSFIELD,-118.99556732177734,35.369331359863281
81761849,2022,2022-05-02,1502,2022-04-28,2007,1185,,4,5,6,1502,0,0,0,,0,CENTRA,"SUTTON PL","CHESHIRE DR",150.00,S,N,A,-,N,,,,,,,,,,Y,2,0,1,2,A,-,08,22107,,F,H,G,A,A,H,-,B,D,0,,Y,,,Y,,D,22,1,0,0,0,0,0,1,0,0,"- ","- ",35.333209991455078,-119.07182312011719,KERN,BAKERSFIELD,-119.07231903076172,35.332916259765625
81820996,2022,2022-07-20,1502,2022-07-18,1339,P63,,1,5,6,1502,0,0,0,,0,METRO,"PACIFIC ST","MILLER ST",54.00,E,N,A,-,N,,,,,,,,,,Y,2,0,1,3,A,-,08,22107,,N,B,E,A,A,H,-,A,D,0,,,Y,,Y,,C,03,1,0,0,0,0,0,0,0,1,"- ","- ",35.382160186767578,-118.98105621337891,KERN,BAKERSFIELD,-118.98082733154297,35.381866455078125
81823883,2022,2022-07-25,1502,2022-07-21,0633,1185,,4,5,6,1502,0,0,0,,0,NORTH,"COFFEE RD","BRIMHALL RD",0.00,,Y,A,-,N,,,,,,,,,,Y,2,0,2,2,A,-,12,21453,A,N,D,C,A,A,H,-,A,A,0,,,,,Y,,A,01,1,0,1,0,0,0,0,0,0,"- ","- ",35.368659973144531,-119.09264373779297,KERN,BAKERSFIELD,-119.09235382080078,35.368766784667969
8183900,2016,2016-12-12,1508,2016-11-03,0802,48,4B,4,5,2,1508,0,0,0,,0,,"5TH ST","WARREN ST",0.00,,Y,A,-,N,,,,,,,,,,N,2,0,1,2,A,-,10,21950,A,N,G,B,B,A,G,-,A,A,0,Y,,,,Y,,A,01,1,0,0,0,1,0,0,0,0,"- ","- ",35.146360000000001,-119.45649,KERN,TAFT,-119.45645987,35.146310059999998
81866221,2022,2022-09-16,1502,2022-09-09,1128,1062,,5,5,6,1502,0,0,0,,0,SOUTH,"WHITE LN","GOSFORD RD",0.00,,Y,B,-,N,,,,,,,,,,N,2,0,1,2,A,-,08,22100,B,N,D,C,A,A,H,-,A,A,0,,,,,Y,,A,01,1,0,0,0,0,0,0,0,0,"- ","- ",35.318088531494141,-119.09323883056641,KERN,BAKERSFIELD,-119.09228515625,35.318168640136719
81871703,2022,2022-09-23,1502,2022-09-11,0412,1322,,7,5,6,1502,0,0,0,,0,NORTH,"ROSEDALE HWY","FRUITVALE AV",800.00,W,N,A,-,N,,,,,,,,,,N,2,0,1,2,A,-,11,21954,A,N,G,B,E,A,H,-,C,D,0,Y,,,Y,Y,,N,60,1,0,0,0,1,0,0,0,0,"- ","- ",35.383029937744141,-119.07440185546875,KERN,BAKERSFIELD,-119.07685852050781,35.383430480957031
8188479,2016,2017-02-17,1500,2016-10-25,1935,202381,WA02,2,5,3,1510,0,0,0,,0,4401,"RT 46","BECKES ST",215.00,E,N,A,-,Y,KER,6,46,-,-,49.840,H,-,W,N,2,0,1,2,D,-,00,,,N,G,B,D,A,H,-,D,D,0,Y,,,,Y,,-,"- ",1,0,0,0,1,0,0,0,0,"- ","- ",,,KERN,WASCO,-119.35248468,35.601553080000002
81893726,2022,2022-10-19,1502,2022-08-20,1133,1213,,6,5,6,1502,0,0,0,,0,VALLEY,"58 E ON FR S UNION RAMP","UNION AV (N)",85.00,E,N,A,-,Y,,,,,,,,,,Y,2,0,2,1,B,-,22,,,N,E,I,A,A,H,-,A,D,0,,,,,Y,,J,48,1,1,0,0,0,0,0,0,0,"- ","- ",35.351768493652344,-119.00279235839844,KERN,BAKERSFIELD,,
81912033,2022,2022-11-08,1502,2022-09-16,2310,1223,,5,5,6,1502,0,0,0,,0,NORTH,"OLIVE DR","AGOURA HILLS WY",110.00,W,N,A,-,N,,,,,,,,,,N,1,1,0,2,A,-,11,21954,A,F,G,B,E,A,H,-,C,D,0,Y,,,,Y,,N,60,0,0,0,1,0,0,0,0,0,"- ","- ",35.419929504394531,-119.13310241699219,KERN,BAKERSFIELD,-119.13373565673828,35.419658660888672
81966324,2023,2023-01-12,1502,2023-01-11,1711,P63,,3,5,6,1502,0,0,0,,0,CENTRA,"MING AV","STINE RD",0.00,,Y,A,-,N,,,,,,,,,,N,2,0,1,2,A,-,12,21453,A,N,G,B,B,A,H,-,C,A,0,Y,,,,Y,,A,08,1,0,0,0,1,0,0,0,0,"- ","- ",35.339820861816406,-119.05039978027344,KERN,BAKERSFIELD,-119.05047607421875,35.339481353759766
81983771,2023,2023-02-01,1502,2023-01-24,"946 ",1062,,2,5,6,1502,0,0,0,,0,VALLEY,"BRUNDAGE LN","MOUNT VERNON AV",0.00,,Y,A,-,N,,,,,,,,,,N,2,0,1,2,D,-,00,,,N,D,C,A,A,H,-,A,A,0,,,,,Y,,-,"- ",1,0,0,0,0,0,0,0,0,"- ","- ",35.352878570556641,-118.9681396484375,KERN,BAKERSFIELD,-118.96761322021484,35.354061126708984
81989321,2022,2023-02-08,1502,2022-12-29,1725,1418,,4,5,6,1502,0,0,0,,0,VALLEY,"BRUNDAGE LN","T ST",50.00,E,N,A,-,N,,,,,,,,,,N,1,1,0,2,A,-,11,21954,A,F,G,B,D,A,H,-,C,D,0,Y,,,,Y,,N,60,0,0,0,1,0,0,0,0,0,"- ","- ",35.353801727294922,-119.00830841064453,KERN,BAKERSFIELD,-119.00836181640625,35.353919982910156
81994809,2023,2023-02-15,1502,2023-01-06,1016,1149,,5,5,6,1502,0,0,0,,0,VALLEY,"H ST","LACEY ST",186.00,S,N,A,-,N,,,,,,,,,,Y,1,1,0,2,A,-,08,22107,,N,C,E,A,A,H,-,A,D,0,,,,Y,Y,,A,01,0,0,0,0,0,0,0,0,0,"- ","- ",35.326980590820312,-119.02130889892578,KERN,BAKERSFIELD,-119.02133941650391,35.326480865478516
82002845,2023,2023-02-27,1502,2023-02-23,"744 ",P45,,4,5,6,1502,0,0,0,,0,CENTRA,"WILSON RD","BRIARWOOD LN",214.00,N,N,B,-,N,,,,,,,,,,N,2,0,2,2,A,-,03,22350,,N,C,C,A,A,H,-,A,D,0,,,,,Y,,D,22,1,0,1,0,0,0,0,0,0,"- ","- ",35.326801300048828,-119.06562042236328,KERN,BAKERSFIELD,-119.06571197509766,35.327457427978516
82023139,2022,2023-03-21,1502,2022-11-21,0242,1322,,1,5,6,1502,0,0,0,,0,HILL,"BUCK OWENS BL","GILMORE AV",559.00,S,N,A,-,N,,,,,,,,,,N,2,0,1,2,A,-,10,21954,B,F,G,B,D,A,H,-,C,D,0,Y,,,,Y,,A,01,1,0,0,0,1,0,0,0,0,"- ","- ",35.388900756835938,-119.04331207275391,KERN,BAKERSFIELD,-119.04314422607422,35.387897491455078
82044787,2023,2023-04-14,1502,2023-04-10,2012,P63,,1,5,6,1502,0,0,0,,0,METRO,"UNION AV","BRUNDAGE LN",248.00,N,N,A,-,Y,,,,,,,,,,N,2,0,1,2,A,-,11,21954,A,F,G,B,D,A,H,-,C,D,0,Y,,,,Y,,N,60,1,0,0,0,1,0,0,0,0,"- ","- ",35.352951049804688,-119.00361633300781,KERN,BAKERSFIELD,-119.00300598144531,35.352947235107422
82059788,2023,2023-05-03,1502,2023-04-01,2118,1418,,6,5,6,1502,0,0,0,,0,SOUTH,"PANAMA LN","ASHE RD",161.00,E,N,A,-,N,,,,,,,,,,Y,2,0,1,2,A,-,01,23152,A,F,C,C,A,A,H,-,C,A,0,,,Y,,Y,Y,D,22,1,0,0,0,0,0,0,0,1,"- ","- ",35.296051025390625,-119.07479095458984,KERN,BAKERSFIELD,-119.07395172119141,35.296119689941406
82070583,2023,2023-05-17,1502,2023-05-14,1852,P63,,7,5,6,1502,0,0,0,,0,METRO,"UNION AV","11TH ST",0.00,,Y,A,-,Y,,,,,,,,,,Y,2,0,2,2,A,-,09,21804,A,F,D,C,A,A,H,-,A,D,0,,,,,Y,,A,07,1,1,0,0,0,0,0,0,0,"- ","- ",35.366500854492188,-119.00337982177734,KERN,BAKERSFIELD,-119.00286865234375,35.367389678955078
82073863,2023,2023-05-22,1502,2023-05-16,1044,1249,,2,5,6,1502,0,0,0,,0,,"WHITE LN","HUGHES LN",7.00,E,N,A,-,N,,,,,,,,,,N,2,0,1,2,A,-,11,21950,B,N,G,B,B,A,H,-,A,A,0,Y,,,,Y,,N,60,1,0,0,0,1,0,0,0,0,"- ","- ",35.3177490234375,-119.03029632568359,KERN,BAKERSFIELD,-119.03006744384766,35.317611694335938
82096214,2022,2023-06-19,1502,2022-06-23,0917,1268,,4,5,6,1502,0,0,0,,0,NORTH,"WESTSIDE PKWY W OFF TO COFFEE RD","COFFEE RD",1478.00,E,N,-,-,Y,,,,,,,,,,Y,1,1,0,1,A,-,03,22350,,N,E,I,A,A,H,-,-,A,0,,,,,Y,,A,01,0,0,0,0,0,0,0,0,0,"- ","- ",,,KERN,BAKERSFIELD,-119.08788299560547,35.368595123291016
82138228,2023,2023-08-08,1502,2023-08-02,1603,P94,,3,5,6,1502,0,0,0,,0,METRO,"L ST","8TH ST",0.00,,Y,A,-,N,,,,,,,,,,Y,2,0,2,3,A,-,12,22450,A,N,D,C,A,A,H,-,A,A,0,,,,,Y,,A,01,1,0,1,0,0,0,0,0,0,"- ","- ",35.364559173583984,-119.01612091064453,KERN,BAKERSFIELD,-119.01646423339844,35.364589691162109
82150883,2023,2023-08-23,1502,2023-08-12,"121 ",1309,,6,5,6,1502,0,0,0,,0,,"18TH ST","F ST",0.00,,Y,A,-,N,,,,,,,,,,Y,2,0,1,2,A,-,01,23152,A,N,C,C,A,A,H,-,C,A,0,,,Y,,Y,Y,A,01,1,0,0,0,0,0,0,0,1,"- ","- ",35.374561309814453,-119.02384948730469,KERN,BAKERSFIELD,-119.02349090576172,35.375293731689453
82156445,2023,2023-08-28,1503,2023-08-21,1200,10188,,1,5,4,1503,0,0,0,,0,,"RANDOLPH ST","20TH AVENUE",0.00,,Y,A,-,N,,,,,,,,,,Y,2,0,2,2,B,-,22,,,N,A,C,A,A,H,-,A,A,0,,,,,Y,,A,01,1,1,0,0,0,0,0,0,0,"- ","- ",35.783180236816406,-119.23197937011719,KERN,DELANO,-119.23197174072266,35.783172607421875
82158049,2022,2023-08-30,1502,2022-09-03,0313,1194,,6,5,6,1502,0,0,0,,0,VALLEY,"UNION AV","BERKSHIRE RD",380.00,S,N,A,-,Y,,,,,,,,,,N,1,1,0,2,A,-,11,21955,,F,G,B,E,A,H,-,C,D,0,Y,,,,Y,,N,60,0,0,0,1,0,0,0,0,0,"- ","- ",35.288490295410156,-119.00363922119141,KERN,BAKERSFIELD,-119.00314331054688,35.287586212158203
82164183,2023,2023-09-07,1502,2023-09-02,1737,P63,,6,5,6,1502,0,0,0,,0,VALLEY,"CHESTER AV","WILSON RD",0.00,,Y,A,-,N,,,,,,,,,,Y,2,0,1,2,A,-,12,21453,A,N,D,D,A,A,H,-,A,A,0,,,Y,,Y,Y,C,02,1,0,0,0,0,0,0,0,1,"- ","- ",35.332130432128906,-119.01409912109375,KERN,BAKERSFIELD,-119.01412963867188,35.332191467285156
82166697,2023,2023-09-11,1502,2023-09-05,2003,1334,,2,5,6,1502,0,0,0,,0,,"ASHE RD","BERKSHIRE RD",0.00,,Y,A,-,N,,,,,,,,,,N,2,0,2,2,A,-,08,22107,,N,A,C,A,A,H,-,C,D,0,,,,,Y,,A,01,1,0,1,0,0,0,0,0,0,"- ","- ",35.288501739501953,-119.07594299316406,KERN,BAKERSFIELD,-119.0743408203125,35.288883209228516
82168788,2023,2023-09-13,1502,2023-09-05,1620,P94,,2,5,6,1502,0,0,0,,0,NORTH,"SNOW RD","PATTON WY",0.00,,Y,A,-,N,,,,,,,,,,N,2,0,1,2,A,-,05,21651,B,N,D,C,A,A,H,-,A,A,0,,,Y,,Y,,C,03,1,0,0,0,0,0,0,0,1,"- ","- ",35.426731109619141,-119.08302307128906,KERN,BAKERSFIELD,-119.08338165283203,35.426944732666016