CASE_ID,ACCIDENT_YEAR,PROC_DATE,JURIS,COLLISION_DATE,COLLISION_TIME,OFFICER_ID,REPORTING_DISTRICT,DAY_OF_WEEK,CHP_SHIFT,POPULATION,CNTY_CITY_LOC,SPECIAL_COND,BEAT_TYPE,CHP_BEAT_TYPE,CITY_DIVISION_LAPD,CHP_BEAT_CLASS,BEAT_NUMBER,PRIMARY_RD,SECONDARY_RD,DISTANCE,DIRECTION,INTERSECTION,WEATHER_1,WEATHER_2,STATE_HWY_IND,CALTRANS_COUNTY,CALTRANS_DISTRICT,STATE_ROUTE,ROUTE_SUFFIX,POSTMILE_PREFIX,POSTMILE,LOCATION_TYPE,RAMP_INTERSECTION,SIDE_OF_HWY,TOW_AWAY,COLLISION_SEVERITY,NUMBER_KILLED,NUMBER_INJURED,PARTY_COUNT,PRIMARY_COLL_FACTOR,PCF_CODE_OF_VIOL,PCF_VIOL_CATEGORY,PCF_VIOLATION,PCF_VIOL_SUBSECTION,HIT_AND_RUN,TYPE_OF_COLLISION,MVIW,PED_ACTION,ROAD_SURFACE,ROAD_COND_1,ROAD_COND_2,LIGHTING,CONTROL_DEVICE,CHP_ROAD_TYPE,PEDESTRIAN_ACCIDENT,BICYCLE_ACCIDENT,MOTORCYCLE_ACCIDENT,TRUCK_ACCIDENT,NOT_PRIVATE_PROPERTY,ALCOHOL_INVOLVED,STWD_VEHTYPE_AT_FAULT,CHP_VEHTYPE_AT_FAULT,COUNT_SEVERE_INJ,COUNT_VISIBLE_INJ,COUNT_COMPLAINT_PAIN,COUNT_PED_KILLED,COUNT_PED_INJURED,COUNT_BICYCLIST_KILLED,COUNT_BICYCLIST_INJURED,COUNT_MC_KILLED,COUNT_MC_INJURED,PRIMARY_RAMP,SECONDARY_RAMP,LATITUDE,LONGITUDE,COUNTY,CITY,POINT_X,POINT_Y
82173154,2023,2023-09-19,1502,2023-09-12,1611,1359,,2,5,6,1502,0,0,0,,0,SOUTH,"WHITE LN","GRISSOM ST",0.00,,Y,A,-,N,,,,,,,,,,Y,2,0,1,2,A,-,12,21453,A,N,D,D,A,A,H,-,A,A,0,,,Y,,Y,,C,02,1,0,0,0,0,0,0,0,1,"- ","- ",35.318019866943359,-119.06141662597656,KERN,BAKERSFIELD,-119.06140899658203,35.318187713623047
82175618,2023,2023-09-21,1502,2023-09-19,1945,1360,,2,5,6,1502,0,0,0,,0,METRO,"CHESTER AV","4TH ST",208.00,S,N,A,-,N,,,,,,,,,,N,2,0,1,2,A,-,01,23152,G,N,G,B,D,A,H,-,C,D,0,Y,,,,Y,Y,D,22,1,0,0,0,1,0,0,0,0,"- ","- ",35.36077880859375,-119.01856994628906,KERN,BAKERSFIELD,-119.01890563964844,35.3602294921875
82176771,2023,2023-09-22,1502,2023-06-25,"315 ",1268,,7,5,6,1502,0,0,0,,0,SOUTH,"AKERS RD","NORTHWIND DR",82.00,N,N,A,-,N,,,,,,,,,,Y,1,1,2,2,A,-,01,23152,A,N,C,C,A,A,H,-,C,A,0,,,,,Y,Y,A,07,2,0,0,0,0,0,0,0,0,"- ","- ",35.294960021972656,-119.04812622070312,KERN,BAKERSFIELD,-119.04779052734375,35.295394897460938
82203133,2023,2023-10-19,1502,2023-01-20,"100 ",1268,,5,5,6,1502,0,0,0,,0,,"OLIVE DR","SANTA FE WY",247.00,E,N,A,-,Y,,,,,,,,,,N,1,1,1,1,A,-,03,22350,,N,E,I,A,A,H,-,C,A,0,,,,,Y,,A,08,1,0,0,0,0,0,0,0,0,"- ","- ",35.420341491699219,-119.17215728759766,KERN,BAKERSFIELD,-118.22945404052734,33.968784332275391
82203167,2023,2023-10-19,1502,2023-09-17,"233 ",1185,,7,5,6,1502,0,0,0,,0,NORTH,"MEACHAM RD","ABBOTT DR",196.00,E,N,A,-,N,,,,,,,,,,N,1,1,0,2,A,-,01,23152,A,N,G,B,E,A,H,-,C,D,0,Y,,,,Y,Y,A,01,0,0,0,1,0,0,0,0,0,"- ","- ",35.390720367431641,-119.10845184326172,KERN,BAKERSFIELD,-119.10767364501953,35.390655517578125
82203431,2023,2023-10-19,1502,2023-03-31,"315 ",1362,,5,5,6,1502,0,0,0,,0,VALLEY,"H ST","MC KEE RD",1393.00,N,N,A,-,N,,,,,,,,,,N,1,1,0,2,A,-,11,21954,A,N,G,B,E,A,H,-,D,D,0,Y,,,,Y,,N,60,0,0,0,1,0,0,0,0,0,"- ","- ",35.274089813232422,-119.02201080322266,KERN,BAKERSFIELD,-119.02126312255859,35.277931213378906
82205395,2023,2023-10-23,1503,2023-10-09,"600 ",10109,3010,1,5,4,1503,0,0,0,,0,,"11TH AV","GLENWOOD ST",137.00,E,-,A,-,N,,,,,,,,,,N,2,0,1,2,A,-,11,21954,A,N,G,B,D,A,H,-,C,D,0,Y,,,,Y,,N,60,1,0,0,0,1,0,0,0,0,"- ","- ",35.76995849609375,-119.24900054931641,KERN,DELANO,-119.24853515625,35.769954681396484
82221075,2022,2023-10-27,1502,2022-12-26,0645,1338,,1,5,6,1502,0,0,0,,0,NORTH,"COFFEE RD","COFFEE FRONTAGE RD (1)",1439.00,S,N,E,-,N,,,,,,,,,,Y,1,1,1,3,A,-,03,22350,,N,C,C,F,A,H,-,B,D,0,Y,,,,Y,,A,07,1,0,0,0,1,0,0,0,0,"- ","- ",35.372718811035156,-119.09317016601562,KERN,BAKERSFIELD,-119.092339,35.368977999999998
82273283,2023,2023-12-28,1502,2023-12-18,1432,P17,,1,5,6,1502,0,0,0,,0,HILL,"PARK DR","RYAN DR",104.00,N,N,A,-,N,,,,,,,,,,N,2,0,1,2,A,-,11,21954,A,N,G,B,D,A,H,-,A,D,0,Y,,,,Y,,N,60,1,0,0,0,1,0,0,0,0,"- ","- ",35.381900787353516,-118.91867828369141,KERN,BAKERSFIELD,-118.91862487792969,35.382404327392578
82329460,2024,2024-03-04,1503,2024-02-02,1715,10195,3010,5,5,4,1503,0,0,0,,0,,"500 BLOCK CECIL AVENUE","FREMONT STREET",38.00,W,-,A,-,N,,,,,,,,,,N,2,0,1,2,A,-,11,21954,A,N,G,B,D,A,H,-,A,D,0,Y,,,,Y,,N,60,1,0,0,0,1,0,0,0,0,"- ","- ",35.775920867919922,-119.25039672851562,KERN,DELANO,-119.25187683105469,35.775947570800781
82336847,2024,2024-03-13,1502,2024-01-07,"609 ",1249,,7,5,6,1502,0,0,0,,0,,"MANOR ST","DENISE AV",97.00,S,N,A,-,N,,,,,,,,,,Y,2,0,5,3,A,-,05,21651,B,N,A,C,A,B,H,-,C,D,0,,,,,Y,,A,01,3,0,2,0,0,0,0,0,0,"- ","- ",35.404941558837891,-119.00676727294922,KERN,BAKERSFIELD,-119.00693511962891,35.404285430908203
82359478,2024,2024-04-09,1502,2024-01-10,2333,1185,,3,5,6,1502,0,0,0,,0,CENTRA,"STOCKDALE HWY","GARNSEY AV",27.00,W,N,A,-,N,,,,,,,,,,N,1,1,0,2,A,-,11,21954,A,F,G,B,D,A,H,-,C,D,0,Y,,,,Y,,N,60,0,0,0,1,0,0,0,0,0,"- ","- ",35.354381561279297,-119.04566955566406,KERN,BAKERSFIELD,-119.04621887207031,35.354118347167969
82381735,2023,2024-05-06,1502,2023-11-10,2244,1418,,5,5,6,1502,0,0,0,,0,METRO,"CHESTER AV","BRUNDAGE LN",387.00,N,N,A,-,N,,,,,,,,,,Y,1,1,4,1,A,-,03,22350,,N,E,I,A,A,H,-,C,D,0,,,,,Y,Y,A,07,1,3,0,0,0,0,0,0,0,"- ","- ",35.353969573974609,-119.01869964599609,KERN,BAKERSFIELD,-119.01893615722656,35.355060577392578
82384500,2024,2024-05-08,1502,2024-04-13,"207 ",1362,,6,5,6,1502,0,0,0,,0,VALLEY,"MING AV","P ST",200.00,W,N,A,-,N,,,,,,,,,,N,1,1,0,2,A,-,11,21954,A,F,G,B,E,A,H,-,D,D,0,Y,,,,Y,Y,D,22,0,0,0,1,0,0,0,0,0,"- ","- ",35.339378356933594,-119.01181793212891,KERN,BAKERSFIELD,-119.01252746582031,35.339481353759766
82390141,2024,2024-05-15,1502,2024-05-10,"402 ",1149,,5,5,6,1502,0,0,0,,0,HILL,"STERLING RD","EDISON HWY",12.00,S,N,A,-,N,,,,,,,,,,Y,2,0,2,1,A,-,03,22350,,F,E,I,A,A,H,-,C,D,0,,,,,Y,,A,07,1,0,1,0,0,0,0,0,0,"- ","- ",35.364631652832031,-118.94110870361328,KERN,BAKERSFIELD,-118.94084930419922,35.364665985107422
82392396,2024,2024-05-17,1502,2024-05-08,2316,1523,,3,5,6,1502,0,0,0,,0,,"9TH ST","TULARE ST",0.00,,Y,A,-,N,,,,,,,,,,N,2,0,1,2,A,-,03,22350,,F,G,B,E,A,H,-,C,D,0,Y,,,,Y,,-,99,1,0,0,0,1,0,0,0,0,"- ","- ",35.365341186523438,-118.99900054931641,KERN,BAKERSFIELD,-118.99938201904297,35.365516662597656
82393536,2024,2024-05-20,1503,2024-05-13,1441,10198,,1,5,4,1503,0,0,0,,0,,"POND RD","GARZOLI HWY",0.00,,Y,A,-,N,,,,,,,,,,Y,2,0,3,2,A,-,03,22350,,N,C,C,A,A,H,-,A,D,0,,,,,Y,,A,01,2,0,1,0,0,0,0,0,0,"- ","- ",35.717910766601562,-119.24082946777344,KERN,DELANO,-119.24085235595703,35.717922210693359
82408437,2024,2024-06-07,1502,2024-05-26,1049,P17,,7,5,6,1502,0,0,0,,0,SOUTH,"MC NAIR LN","RIDE ST",0.00,,Y,A,-,N,,,,,,,,,,Y,2,0,2,2,A,-,05,21752,D,N,D,C,A,A,H,-,A,A,0,,,Y,,Y,,C,02,1,1,0,0,0,0,0,0,1,"- ","- ",35.316780090332031,-119.09023284912109,KERN,BAKERSFIELD,-119.09020233154297,35.316612243652344
82416896,2024,2024-06-18,1502,2024-06-11,1031,1334,,2,5,6,1502,0,0,0,,0,,"CALIFORNIA AV","CHESTER LN",0.00,,Y,A,-,N,,,,,,,,,,N,2,0,1,2,A,-,05,21650,1,N,D,G,A,A,H,-,A,A,0,,Y,,,Y,,L,04,1,0,0,0,0,0,1,0,0,"- ","- ",35.367618560791016,-119.04736328125,KERN,BAKERSFIELD,-119.04775238037109,35.367362976074219
82427860,2024,2024-07-01,1503,2024-06-09,1855,10143,,7,5,4,1503,0,0,0,,0,,"HIGH ST","13TH AV",11.00,E,-,A,-,N,,,,,,,,,,Y,2,0,1,2,A,-,03,22350,,N,A,C,A,A,H,-,C,D,0,,,Y,,Y,,C,02,1,0,0,0,0,0,0,0,1,"- ","- ",35.772769927978516,-119.24786376953125,KERN,DELANO,-119.24786376953125,35.772731781005859
8293164,2017,2017-01-27,1502,2017-01-11,1831,1195,,3,5,6,1502,0,0,0,,0,METRO,"CHESTER AV","CALIFORNIA AV",76.00,N,N,B,-,N,,,,,,,,,,N,2,0,1,2,A,-,11,21954,A,N,G,B,D,A,H,-,C,D,0,Y,,,,Y,,N,60,1,0,0,0,1,0,0,0,0,"- ","- ",35.368470000000002,-119.01844,KERN,BAKERSFIELD,-119.0189189,35.368608330000001
8308064,2017,2017-03-28,1502,2017-03-06,1140,1048,,1,5,6,1502,0,0,0,,0,CENTRA,"COFFEE RD","TRUXTUN AV",244.00,S,N,A,-,N,,,,,,,,,,Y,2,0,2,2,A,-,09,21801,A,N,D,C,A,A,H,-,A,A,0,,,Y,,Y,,A,01,1,0,1,0,0,0,0,0,2,"- ","- ",35.36177,-119.09232,KERN,BAKERSFIELD,-119.09212589000001,35.361221239999999
8322649,2016,2017-03-14,1502,2016-12-16,1714,1195,,5,5,6,1502,0,0,0,,0,SOUTH,"STINE RD","RIBBON GRASS DR",26.00,S,N,A,-,N,,,,,,,,,,N,2,0,1,2,A,-,10,21950,A,N,G,B,B,A,H,-,C,A,0,Y,,,,Y,,A,07,1,0,0,0,1,0,0,0,0,"- ","- ",35.270400000000002,-119.0573,KERN,BAKERSFIELD,-119.05670784,35.270438679999998
8369929,2017,2017-06-01,1502,2017-05-11,1229,1212,,4,5,6,1502,0,0,0,,0,CENTRA,"WESTSIDE PKWY","TRUXTUN AV E",184.00,E,N,A,-,N,,,,,,,,,,Y,2,0,1,1,A,-,08,22107,,N,F,A,A,A,H,-,A,D,0,,,Y,,Y,,C,02,1,0,0,0,0,0,0,0,1,"- ","- ",35.371960000000001,-119.05556,KERN,BAKERSFIELD,-119.05806004999999,35.369830030000003
8377153,2017,2017-06-06,1502,2017-05-24,1706,1195,,3,5,6,1502,0,0,0,,0,METRO,"TRUXTUN AV","HALEY ST",0.00,,Y,A,-,N,,,,,,,,,,Y,2,0,1,2,A,-,09,21802,A,N,D,C,A,A,H,-,A,A,0,,,Y,,Y,,A,07,1,0,0,0,0,0,0,0,1,"- ","- ",35.373489999999997,-118.98258,KERN,BAKERSFIELD,-118.9824,35.373220009999997
8400121,2017,2017-08-15,1502,2017-07-02,2327,1241,,7,5,6,1502,0,0,0,,0,CENTRA,"GOSFORD RD","WHITE LN",0.00,,Y,A,-,N,,,,,,,,,,Y,2,0,5,3,A,-,03,22350,,N,C,C,A,A,H,-,C,A,0,,,,,Y,,A,01,1,2,2,0,0,0,0,0,0,"- ","- ",35.31841,-119.09216000000001,KERN,BAKERSFIELD,-119.09229012,35.318340030000002
8404334,2017,2019-04-09,1507,2017-06-06,1455,251,20,2,5,3,1507,0,0,0,,0,,"SANTA FE WY","E LOS ANGELES AV",1584.00,S,N,A,-,N,,,,,,,,,,Y,1,2,2,2,A,-,05,21460,A,N,A,C,A,A,H,-,A,D,0,,,,,Y,Y,A,07,0,2,0,0,0,0,0,0,0,"- ","- ",35.485259999999997,-119.25242,KERN,SHAFTER,-119.25719798,35.489153350000002
8404357,2017,2017-07-28,1501,2017-04-30,2030,933,,7,5,3,1501,0,0,0,,0,002,"TEJON HWY","VALASCO ST",107.00,S,N,A,-,N,,,,,,,,,,Y,1,1,0,1,A,-,05,21650,,N,A,E,A,A,H,-,D,D,0,,,Y,,Y,Y,C,06,0,0,0,0,0,0,0,1,0,"- ","- ",35.190550000000002,-118.82404,KERN,ARVIN,-118.82404203999999,35.19025645
8404415,2017,2019-04-09,1503,2017-03-16,0530,10159,1053,4,5,4,1503,0,0,0,,0,ALL,"WEST GRACE HWY","UTILITY POLE# 818672E",127.00,W,N,A,-,N,,,,,,,,,,Y,1,1,0,2,A,-,11,21956,,N,G,B,E,A,H,-,C,D,0,Y,,,,Y,Y,N,60,0,0,0,1,0,0,0,0,0,"- ","- ",,,KERN,DELANO,,
8404671,2017,2018-05-23,1502,2017-04-30,2147,784,,7,5,6,1502,0,0,0,,0,VALLEY,"FAIRVIEW RD","WALKABOUT DR",321.00,E,N,A,-,N,,,,,,,,,,N,1,1,0,2,A,-,11,21954,A,F,G,B,D,A,H,-,D,D,0,Y,,,,Y,Y,N,60,0,0,0,1,0,0,0,0,0,"- ","- ",,,KERN,BAKERSFIELD,-119.00487556,35.303130009999997
8404686,2017,2019-04-09,1502,2017-04-12,2209,784,,3,5,6,1502,0,0,0,,0,,"CALIFORNIA AV","TULARE ST",93.00,W,N,A,-,N,,,,,,,,,,Y,1,1,0,2,A,-,11,21954,A,N,G,B,D,A,H,-,C,D,0,Y,,,,Y,Y,N,60,0,0,0,1,0,0,0,0,0,"- ","- ",35.368259999999999,-118.99885,KERN,BAKERSFIELD,-119.0000915,35.368384050000003
8404688,2017,2018-06-04,1502,2017-07-05,0606,784,,3,5,6,1502,0,0,0,,0,HILL,"JEFFERSON ST","MAGNOLIA ST",276.00,W,N,A,-,N,,,,,,,,,,N,1,1,0,2,A,-,06,21750,,N,H,G,A,A,H,-,A,D,0,,Y,,Y,Y,,L,04,0,0,0,0,0,1,0,0,0,"- ","- ",,,KERN,BAKERSFIELD,-118.99809472,35.389310369999997
8404696,2017,2019-04-09,1502,2017-06-16,2124,784,,5,5,6,1502,0,0,0,,0,,"STOCKDALE HWY","CALIFORNIA AV",13.00,W,N,A,-,N,,,,,,,,,,Y,1,1,0,2,A,-,11,21456,B,N,G,B,B,A,H,-,C,A,0,Y,,,,Y,,N,60,0,0,0,1,0,0,0,0,0,"- ","- ",35.354129999999998,-119.0607,KERN,BAKERSFIELD,-119.06129353999999,35.354290450000001
8404827,2018,2018-06-19,1502,2018-01-25,1758,1185,,4,5,6,1502,0,0,0,,0,METRO,"CHESTER AV","10TH ST",69.00,N,N,A,-,N,,,,,,,,,,N,1,1,0,2,A,-,11,21954,A,N,G,B,D,A,H,-,C,D,0,Y,,,,Y,,N,60,0,0,0,1,0,0,0,0,0,"- ","- ",35.366489410400391,-119.01847076416016,KERN,BAKERSFIELD,-119.01887512207031,35.366683959960938
8408379,2017,2018-01-18,1502,2017-04-02,1232,1181,,7,5,6,1502,0,0,0,,0,NORTH,"NORIEGA RD","VERDUGO LN",0.00,,Y,A,-,N,,,,,,,,,,Y,1,1,1,2,A,-,12,21453,A,N,D,C,A,A,H,-,A,A,0,,,,,Y,,D,22,1,0,0,0,0,0,0,0,0,"- ","- ",35.405349999999999,-119.11881,KERN,BAKERSFIELD,-119.11889001,35.405250090000003
8432051,2017,2017-08-22,1502,2017-08-04,2328,1077,,5,5,6,1502,0,0,0,,0,CENTRA,"UNION AV","EUREKA ST",46.00,S,N,A,-,N,,,204,,,,,,,N,2,0,1,2,A,-,11,21954,A,N,G,B,D,A,H,-,C,D,0,Y,,,,Y,,N,60,1,0,0,0,1,0,0,0,0,"- ","- ",35.375010000000003,-119.00303,KERN,BAKERSFIELD,-119.00291774,35.375009499999997
84353337,2024,2024-08-14,1502,2024-08-06,2311,1408,,2,5,6,1502,0,0,0,,0,CENTRA,"REAL RD","WILSON RD",795.00,N,N,A,-,N,,,,,,,,,,Y,2,0,1,2,A,-,08,22107,,N,C,E,A,A,H,-,C,D,0,,,,,Y,,A,01,1,0,0,0,0,0,0,0,0,"- ","- ",35.331668853759766,-119.04429626464844,KERN,BAKERSFIELD,-119.04336547851562,35.334419250488281
84359298,2024,2024-08-19,1502,2024-08-06,2234,1322,,2,5,6,1502,0,0,0,,0,HILL,"AIRPORT DR","STATE RD",0.00,,Y,A,-,N,,,,,,,,,,N,2,0,1,2,A,-,01,23152,F,N,G,B,B,A,H,-,C,A,0,Y,,,,Y,Y,A,01,1,0,0,0,1,0,0,0,0,"- ","- ",35.402450561523438,-119.04074859619141,KERN,BAKERSFIELD,-119.04087829589844,35.403110504150391
8439699,2017,2018-05-08,1502,2017-08-14,1621,1137,,1,5,6,1502,0,0,0,,0,,"ASHE RD","TAFT HWY",358.00,N,N,A,-,N,,,,,,,,,,Y,2,0,2,2,A,-,03,22350,,M,B,C,A,A,H,-,A,D,0,,,,Y,Y,,A,01,1,0,1,0,0,0,0,0,0,"- ","- ",,,KERN,BAKERSFIELD,-119.07441905,35.26808226
84415744,2024,2024-10-02,1502,2024-08-25,1636,1396,,7,5,6,1502,0,0,0,,0,HILL,"UNIVERSITY AV","DANA ST",0.00,,Y,A,-,N,,,,,,,,,,N,2,0,1,2,A,-,03,22350,,N,D,C,A,A,H,-,A,A,0,,,Y,,Y,,C,02,1,0,0,0,0,0,0,0,1,"- ","- ",35.405101776123047,-118.96427154541016,KERN,BAKERSFIELD,-118.96450042724609,35.404975891113281
84434163,2024,2024-10-17,1502,2024-09-22,2024,P75,,7,5,6,1502,0,0,0,,0,CENTRA,"AKERS RD","WHITE LN",0.00,,Y,A,-,N,,,,,,,,,,Y,2,0,4,3,A,-,12,21453,A,N,D,C,A,A,H,-,C,A,0,,,,,Y,,A,01,1,2,1,0,0,0,0,0,0,"- ","- ",35.317520141601562,-119.04782867431641,KERN,BAKERSFIELD,-119.04782104492188,35.317672729492188
84477932,2024,2024-11-21,1502,2024-11-16,1310,P45,,6,5,6,1502,0,0,0,,0,HILL,"GOLDEN STATE AV","Q ST",0.00,,Y,A,-,N,,,,,,,,,,N,2,0,1,2,A,-,12,21453,A,N,H,G,A,A,H,-,A,A,0,,Y,,,Y,,L,04,1,0,0,0,0,0,1,0,0,"- ","- ",35.382839202880859,-119.01061248779297,KERN,BAKERSFIELD,-119.01058197021484,35.382427215576172
8448023,2017,2017-09-15,1507,2017-09-01,0539,268,16,5,5,3,1507,0,0,0,,0,,"BETH EDEN AV","S SHAFTER AV",173.00,W,N,A,-,N,,,,,,,,,,N,2,0,1,2,A,-,09,21804,A,F,G,B,D,A,H,-,B,D,0,Y,,,,Y,,A,01,1,0,0,0,1,0,0,0,0,"- ","- ",35.498710000000003,-119.27903000000001,KERN,SHAFTER,-119.27892056,35.498935260000003
84483519,2024,2024-11-26,1503,2024-11-24,"126 ",10205,,7,5,4,1503,0,0,0,,0,,"30313 W CECIL AV","METTLER AV",338.00,E,-,A,-,N,,,,,,,,,,Y,2,0,2,1,A,-,08,22107,,F,E,I,A,A,H,-,D,D,0,,,,,Y,,A,01,1,1,0,0,0,0,0,0,0,"- ","- ",35.775581359863281,-119.28398895263672,KERN,DELANO,-119.28410339355469,35.775829315185547
84496159,2024,2024-12-10,1502,2024-12-04,1652,1408,,3,5,6,1502,0,0,0,,0,VALLEY,"PLANZ RD","MESA GRANDE ST",0.00,,Y,A,-,N,,,,,,,,,,Y,2,0,2,2,A,-,09,21801,A,N,D,C,A,A,H,-,C,D,0,,,,,Y,,A,07,1,0,1,0,0,0,0,0,0,"- ","- ",35.325061798095703,-119.03465270996094,KERN,BAKERSFIELD,-119.03452301025391,35.324928283691406
8450070,2017,2018-05-21,1502,2017-09-05,2253,1177,,2,5,6,1502,0,0,0,,0,,"RT 178","KERN CANYON RD",0.00,,Y,A,-,Y,KER,6,178,-,T,9.614,I,5,W,Y,2,0,1,1,A,-,01,23152,A,N,E,I,A,A,H,-,D,A,0,,,,,Y,Y,D,22,1,0,0,0,0,0,0,0,0,"- ","- ",35.3979,-118.87947,KERN,BAKERSFIELD,-118.87968528,35.398405240000002
84506378,2024,2024-12-17,1502,2024-12-13,2251,1523,,5,5,6,1502,0,0,0,,0,,"Q ST","24TH ST",0.00,,Y,A,-,N,,,,,,,,,,N,2,0,2,2,A,-,01,23152,A,F,D,C,A,A,H,-,C,A,0,,,,,Y,,A,01,1,0,1,0,0,0,0,0,0,"- ","- ",35.381458282470703,-119.01062774658203,KERN,BAKERSFIELD,-119.01056671142578,35.380970001220703
84526154,2024,2025-01-06,1502,2024-12-28,"209 ",P82,,6,5,6,1502,0,0,0,,0,METRO,"MONTEREY ST","NILES PL",83.00,W,N,A,-,N,,,,,,,,,,Y,2,0,2,1,A,-,01,23152,A,N,E,I,A,A,H,-,C,D,0,,,,,Y,Y,A,01,1,1,0,0,0,0,0,0,0,"- ","- ",35.383209228515625,-118.99918365478516,KERN,BAKERSFIELD,-118.99911499023438,35.3829345703125
84534445,2025,2025-01-13,1502,2025-01-09,"7   ",P63,,4,5,6,1502,0,0,0,,0,HILL,"24TH ST","OLIVE ST",90.00,E,N,A,-,N,,,,,,,,,,Y,2,0,2,2,A,-,01,23152,A,N,A,C,A,A,H,-,C,D,0,,,,,Y,Y,D,22,1,0,1,0,0,0,0,0,0,"- ","- ",35.381198883056641,-119.03675079345703,KERN,BAKERSFIELD,-119.03701782226562,35.381061553955078
84539072,2024,2025-01-15,1503,2024-10-20,"200 ",10198,,7,5,4,1503,0,0,0,,0,,"WEST CECIL AV","BRUTTON STREET",0.00,,Y,A,-,N,,,,,,,,,,Y,1,1,0,1,A,-,12,22450,,N,E,I,A,A,H,-,C,D,0,,,,,Y,Y,A,01,0,0,0,0,0,0,0,0,0,"- ","- ",35.775848388671875,-119.28301239013672,KERN,DELANO,-119.28302764892578,35.775829315185547
84558126,2024,2025-02-03,1502,2024-07-20,1027,P82,,6,5,6,1502,0,0,0,,0,VALLEY,"HUGHES LN","BLUE MOUNTAIN WY",668.00,N,N,A,-,N,,,,,,,,,,Y,2,0,1,1,A,-,03,22350,,N,E,I,A,A,H,-,A,D,0,,,Y,,Y,,C,02,1,0,0,0,0,0,0,0,1,"- ","- ",35.311298370361328,-119.03127288818359,KERN,BAKERSFIELD,-119.03006744384766,35.313812255859375
84574913,2025,2025-02-12,1502,2025-01-20,1400,1396,,1,5,6,1502,0,0,0,,0,METRO,"TRUXTUN AV","WILLIAMS ST",64.00,W,N,A,-,N,,,,,,,,,,N,2,0,2,2,A,-,05,21650,,N,A,G,A,A,H,-,A,D,0,,Y,,,Y,,L,04,1,0,1,0,0,0,1,0,0,"- ","- ",35.373310089111328,-118.9788818359375,KERN,BAKERSFIELD,-118.97890472412109,35.373081207275391
84647593,2024,2025-04-14,1502,2024-08-24,2043,1528,,6,5,6,1502,0,0,0,,0,VALLEY,"UNION AV","PANAMA LN",56.00,S,N,A,-,N,,,,,,,,,,N,1,1,0,2,A,-,11,21954,A,N,G,B,D,A,H,-,C,D,0,Y,,,,Y,Y,N,60,0,0,0,1,0,0,0,0,0,"- ","- ",35.294990539550781,-119.00446319580078,KERN,BAKERSFIELD,-119.00315093994141,35.295738220214844
8465660,2018,2019-03-01,1502,2018-10-19,1030,1195,,5,5,6,1502,0,0,0,,0,SOUTH,"OLD RIVER RD","CAMPUS PARK DR",489.00,S,N,A,-,N,,,,,,,,,,Y,1,1,0,1,A,-,03,22350,,N,E,I,A,A,H,-,A,D,0,,,,,Y,,A,01,0,0,0,0,0,0,0,0,0,"- ","- ",35.318000793457031,-119.10939025878906,KERN,BAKERSFIELD,-119.10946655273438,35.316349029541016
8465667,2018,2019-03-01,1503,2018-04-27,0550,1098,1009,5,5,4,1503,0,0,0,,0,,"COUNTY LINE RD","HEITT AV",0.00,,Y,A,-,N,,,,,,,,,,Y,1,1,2,2,A,-,09,21802,A,N,D,C,A,A,H,-,B,A,0,,,,,Y,,A,01,0,1,1,0,0,0,0,0,0,"- ","- ",35.790409088134766,-119.26766967773438,KERN,DELANO,-119.26766204833984,35.790401458740234
8465693,2018,2019-03-19,1502,2018-12-13,1356,1195,,4,5,6,1502,0,0,0,,0,SOUTH,"GOSFORD RD","MCCUTCHEN RD",35.00,N,N,A,-,N,,,,,,,,,,N,1,1,1,2,A,-,05,21460,A,N,B,C,A,A,H,-,A,A,0,,,Y,,Y,,C,02,0,0,1,0,0,0,0,1,0,"- ","- ",35.281841278076172,-119.09264373779297,KERN,BAKERSFIELD,-119.0921630859375,35.281707763671875
8465837,2019,2019-06-04,1506,2019-03-04,1810,6068,50,1,5,4,1506,0,0,0,,0,,"S MAHAN ST","DOLPHIN AV",36.00,W,N,A,-,N,,,,,,,,,,N,1,1,0,2,A,-,03,22350,,N,G,B,E,A,H,-,D,D,0,Y,,Y,,Y,,C,02,0,0,0,1,0,0,0,0,0,"- ","- ",35.600719451904297,-117.69696807861328,KERN,RIDGECREST,-117.69700622558594,35.600711822509766
84686457,2025,2025-05-14,1502,2025-05-12,1824,P63,,1,5,6,1502,0,0,0,,0,VALLEY,"MING AVE","H ST",0.00,,Y,A,-,N,,,,,,,,,,Y,2,0,1,2,A,-,12,21453,A,N,D,D,A,A,H,-,A,A,0,,,,,Y,,D,22,1,0,0,0,0,0,0,0,0,"- ","- ",35.339450836181641,-119.02114105224609,KERN,BAKERSFIELD,-119.02130889892578,35.339435577392578
84688247,2025,2025-05-15,1502,2025-05-11,2313,1408,,7,5,6,1502,0,0,0,,0,VALLEY,"CHESTER AVE","GENEVA AVE",173.00,S,N,A,-,N,,,,,,,,,,Y,2,0,1,1,A,-,08,22107,,N,E,I,A,A,H,-,C,D,0,,,,,Y,,A,07,1,0,0,0,0,0,0,0,0,"- ","- ",35.328769683837891,-119.01194763183594,KERN,BAKERSFIELD,-119.01166534423828,35.328422546386719
84691151,2025,2025-05-19,1502,2025-05-04,"147 ",1585,,7,5,6,1502,0,0,0,,0,CENTRA,"COFFEE RD","TRUXTUN AVE",0.00,,Y,A,-,N,,,,,,,,,,Y,2,0,3,2,A,-,09,21453,C,N,D,C,A,A,H,-,C,A,0,,,Y,,Y,,A,01,2,0,1,0,0,0,0,0,2,"- ","- ",35.361770629882812,-119.09232330322266,KERN,BAKERSFIELD,-119.09175109863281,35.361972808837891
84693408,2025,2025-05-20,1502,2025-05-11,1232,1469,,7,5,6,1502,0,0,0,,0,HILL,"COLUMBUS ST","LA CRESTA DR",0.00,,Y,A,-,N,,,,,,,,,,N,2,0,1,1,A,-,17,21461,A,N,F,A,A,A,H,-,D,A,0,,Y,,,Y,,L,04,1,0,0,0,0,0,1,0,0,"- ","- ",35.397861480712891,-118.99809265136719,KERN,BAKERSFIELD,-118.99810791015625,35.397476196289062