CASE_ID,ACCIDENT_YEAR,PROC_DATE,JURIS,COLLISION_DATE,COLLISION_TIME,OFFICER_ID,REPORTING_DISTRICT,DAY_OF_WEEK,CHP_SHIFT,POPULATION,CNTY_CITY_LOC,SPECIAL_COND,BEAT_TYPE,CHP_BEAT_TYPE,CITY_DIVISION_LAPD,CHP_BEAT_CLASS,BEAT_NUMBER,PRIMARY_RD,SECONDARY_RD,DISTANCE,DIRECTION,INTERSECTION,WEATHER_1,WEATHER_2,STATE_HWY_IND,CALTRANS_COUNTY,CALTRANS_DISTRICT,STATE_ROUTE,ROUTE_SUFFIX,POSTMILE_PREFIX,POSTMILE,LOCATION_TYPE,RAMP_INTERSECTION,SIDE_OF_HWY,TOW_AWAY,COLLISION_SEVERITY,NUMBER_KILLED,NUMBER_INJURED,PARTY_COUNT,PRIMARY_COLL_FACTOR,PCF_CODE_OF_VIOL,PCF_VIOL_CATEGORY,PCF_VIOLATION,PCF_VIOL_SUBSECTION,HIT_AND_RUN,TYPE_OF_COLLISION,MVIW,PED_ACTION,ROAD_SURFACE,ROAD_COND_1,ROAD_COND_2,LIGHTING,CONTROL_DEVICE,CHP_ROAD_TYPE,PEDESTRIAN_ACCIDENT,BICYCLE_ACCIDENT,MOTORCYCLE_ACCIDENT,TRUCK_ACCIDENT,NOT_PRIVATE_PROPERTY,ALCOHOL_INVOLVED,STWD_VEHTYPE_AT_FAULT,CHP_VEHTYPE_AT_FAULT,COUNT_SEVERE_INJ,COUNT_VISIBLE_INJ,COUNT_COMPLAINT_PAIN,COUNT_PED_KILLED,COUNT_PED_INJURED,COUNT_BICYCLIST_KILLED,COUNT_BICYCLIST_INJURED,COUNT_MC_KILLED,COUNT_MC_INJURED,PRIMARY_RAMP,SECONDARY_RAMP,LATITUDE,LONGITUDE,COUNTY,CITY,POINT_X,POINT_Y
84712310,2025,2025-06-04,1502,2025-06-03,1828,P63,,2,5,6,1502,0,0,0,,0,METRO,"PACIFIC ST","BEALE AVE",0.00,,Y,A,-,N,,,,,,,,,,N,2,0,1,2,A,-,08,22107,,N,H,G,A,A,H,-,A,A,0,,Y,,,Y,,L,04,1,0,0,0,0,0,1,0,0,"- ","- ",35.383689880371094,-118.98719787597656,KERN,BAKERSFIELD,-118.98725891113281,35.383399963378906
8472196,2017,2018-07-03,1507,2017-10-11,1611,237,,3,5,3,1507,0,0,0,,0,,"CENTRAL VALLEY HWY","NORTH SHAFTER AV",0.00,,Y,A,-,Y,KER,6,43,-,-,17.168,I,5,S,Y,2,0,1,2,A,-,09,21801,A,N,D,C,A,A,H,-,A,A,0,,,Y,,Y,,A,08,1,0,0,0,0,0,0,0,1,"- ","- ",35.505980000000001,-119.27824,KERN,SHAFTER,-119.27831028,35.506176259999997
84754650,2025,2025-07-31,1502,2025-06-21,2147,1528,,6,5,6,1502,0,0,0,,0,,"CHESTER AVE","WILSON AVE",0.00,,Y,A,-,N,,,,,,,,,,N,2,0,1,2,A,-,09,21801,A,N,D,C,A,A,H,-,C,A,0,,,Y,,Y,,A,01,1,0,0,0,0,0,0,0,1,"- ","- ",35.417301177978516,-119.0201416015625,KERN,BAKERSFIELD,-119.01412963867188,35.332191467285156
84756112,2024,2025-07-10,1502,2024-10-13,"540 ",1343,,7,5,6,1502,0,0,0,,0,METRO,"KERN ST","NILES ST",0.00,,Y,A,-,N,,,,,,,,,,Y,1,2,3,3,A,-,01,23152,G,N,D,D,A,A,H,-,C,A,0,,,,,Y,Y,A,01,1,2,0,0,0,0,0,0,0,"- ","- ",35.382740020751953,-118.99263000488281,KERN,BAKERSFIELD,-118.99258422851562,35.382400512695312
84811405,2025,2025-08-20,1503,2025-04-16,1339,10198,,3,5,4,1503,0,0,0,,0,,"HIGH ST","GARCES HWY",0.00,,Y,A,-,N,,,,,,,,,,N,1,1,0,2,A,-,12,22450,,N,G,B,B,A,H,-,A,A,0,Y,,,,Y,,A,81,0,0,0,1,0,0,0,0,0,"- ","- ",35.761409759521484,-119.24521636962891,KERN,DELANO,-119.24524688720703,35.761409759521484
84827653,2024,2025-09-03,1502,2024-12-17,1810,1396,,2,5,6,1502,0,0,0,,0,VALLEY,"WILSON RD","LARSON LN",0.00,,Y,A,-,N,,,,,,,,,,N,2,0,1,2,A,-,03,22350,,N,D,C,A,A,H,-,C,D,0,,,Y,,Y,,C,02,1,0,0,0,0,0,0,0,1,"- ","- ",35.332351684570312,-119.03820037841797,KERN,BAKERSFIELD,-119.03815460205078,35.332199096679688
8554412,2018,2018-07-06,1502,2018-02-10,1742,P45,,6,5,6,1502,0,0,0,,0,HILL,"24TH ST","OAK ST",24.00,W,N,A,-,N,,,,,,,,,,Y,2,0,1,2,A,-,05,21650,1,N,D,G,A,A,H,-,C,A,0,,Y,,,Y,,L,04,1,0,0,0,0,0,1,0,0,"- ","- ",35.381309509277344,-119.03804779052734,KERN,BAKERSFIELD,-119.03856658935547,35.381160736083984
8571820,2018,2018-03-13,1502,2018-02-18,0237,1241,,7,5,6,1502,0,0,0,,0,METRO,"4TH ST","P ST",0.00,,Y,A,-,N,,,,,,,,,,N,2,0,1,2,A,-,03,22350,,F,G,B,E,A,H,-,C,A,0,Y,,,,Y,,A,01,1,0,0,0,1,0,0,0,0,"- ","- ",35.360698699951172,-119.01155090332031,KERN,BAKERSFIELD,-119.01186370849609,35.36077880859375
8596184,2018,2018-04-19,1502,2018-04-02,1820,P45,,1,5,6,1502,0,0,0,,0,HILL,"AUBURN ST","FAIRFAX RD",0.00,,Y,B,-,N,,,,,,,,,,N,2,0,3,2,A,-,12,21453,A,N,D,C,A,A,H,-,A,A,0,,,,,Y,,A,01,1,0,2,0,0,0,0,0,0,"- ","- ",35.397850036621094,-118.92984771728516,KERN,BAKERSFIELD,-118.93000793457031,35.397979736328125
8632307,2018,2018-08-20,1508,2018-05-03,1800,112,5B,4,5,2,1508,0,0,0,,0,,"KERN ST","2ND ST",88.00,W,N,A,-,Y,KER,6,33,-,-,18.480,H,-,S,Y,2,0,1,2,A,-,09,21804,A,N,D,C,A,A,H,-,A,D,0,,,Y,,Y,,A,01,1,0,0,0,0,0,0,0,1,"- ","- ",35.141448974609375,-119.45414733886719,KERN,TAFT,-119.45440673828125,35.141483306884766
8640569,2018,2018-06-25,1502,2018-01-24,1844,1185,,3,5,6,1502,0,0,0,,0,CENTRA,"WHITE LN","SHELBY LOOP",0.00,,Y,A,-,N,,,,,,,,,,Y,2,0,1,2,A,-,03,22350,,N,D,C,A,A,H,-,C,D,0,,,Y,,Y,,C,02,1,0,0,0,0,0,0,0,1,"- ","- ",35.318271636962891,-119.07978820800781,KERN,BAKERSFIELD,-119.07977294921875,35.318279266357422
8640622,2018,2018-06-25,1503,2018-01-28,1635,10143,1503,7,5,4,1503,0,0,0,,0,ALL,"WEST COUNTY LINE RD","HIETT AV",20.00,E,N,A,-,N,,,,,,,,,,Y,2,0,2,2,A,-,12,22450,A,N,D,C,A,A,H,-,A,A,0,,,,,Y,,A,01,1,1,0,0,0,0,0,0,0,"- ","- ",,,KERN,DELANO,-119.26759338378906,35.790401458740234
8648168,2017,2018-09-20,1502,2017-12-21,1725,1185,,4,5,6,1502,0,0,0,,0,NORTH,"COFFEE RD","CENTENNIAL PLAZA WY",0.00,,Y,A,-,N,,,,,,,,,,Y,1,1,1,2,A,-,09,21804,A,N,D,C,A,A,H,-,D,D,0,,,,,Y,,D,22,0,0,1,0,0,0,0,0,0,"- ","- ",35.404139999999998,-119.09215,KERN,BAKERSFIELD,-119.09232994,35.404290060000001
8665548,2018,2018-07-31,1502,2018-07-03,1803,1258,,2,5,6,1502,0,0,0,,0,METRO,"M ST","6TH ST",227.00,N,N,A,-,N,,,,,,,,,,Y,2,0,1,2,A,-,11,21950,B,F,G,B,D,A,H,-,A,D,0,Y,,,,Y,,N,60,1,0,0,0,1,0,0,0,0,"- ","- ",35.362640380859375,-119.01499938964844,KERN,BAKERSFIELD,-119.01530456542969,35.363304138183594
8692098,2018,2018-09-21,1506,2018-09-01,1446,7166,38,6,5,4,1506,0,0,0,,0,,"S RENEE CT","EAST UPJOHN AV",0.00,,Y,A,-,N,,,,,,,,,,Y,2,0,2,2,A,-,01,23153,,N,D,C,A,A,H,-,A,D,0,,,,,Y,Y,A,07,1,1,0,0,0,0,0,0,0,"- ","- ",35.615478515625,-117.65838623046875,KERN,RIDGECREST,-117.65876770019531,35.615291595458984
8696107,2018,2018-10-18,1502,2018-08-26,0427,P24,,7,5,6,1502,0,0,0,,0,VALLEY,"UNION AV","PLANZ RD",198.00,S,N,A,-,N,,,,,,,,,,Y,2,0,1,1,A,-,08,22107,,F,E,I,A,A,H,-,C,A,0,,,,,Y,,A,01,1,0,0,0,0,0,0,0,0,"- ","- ",35.324790954589844,-119.00315856933594,KERN,BAKERSFIELD,-119.00312042236328,35.324375152587891
8741894,2018,2019-01-09,1507,2018-11-12,0550,274,27,1,5,3,1507,0,0,0,,0,,"EAST LERDO HWY","VULTEE ST",0.00,,Y,A,-,N,,,,,,,,,,Y,2,0,1,2,A,-,09,21801,A,F,D,C,A,A,H,-,B,D,0,,,,,Y,,-,,1,0,0,0,0,0,0,0,0,"- ","- ",35.499679565429688,-119.18173980712891,KERN,SHAFTER,-119.18177032470703,35.499809265136719
8758444,2018,2018-12-18,1502,2018-10-04,0714,1211,,4,5,6,1502,0,0,0,,0,SOUTH,"MC KEE RD","AKERS RD",23.00,E,N,A,-,N,,,,,,,,,,Y,2,0,1,2,A,-,03,22350,,N,G,B,B,A,H,-,A,A,0,Y,,,,Y,,A,01,1,0,0,0,1,0,0,0,0,"- ","- ",35.272998809814453,-119.04799652099609,KERN,BAKERSFIELD,-119.04774475097656,35.27423095703125
8766444,2018,2019-01-08,1502,2018-12-16,1440,1213,,7,5,6,1502,0,0,0,,0,CENTR,"STOCKDALE HWY","CHERRY HILLS DR",0.00,,Y,A,-,N,,,,,,,,,,Y,2,0,2,2,A,-,09,21802,A,N,D,C,A,A,H,-,A,A,0,,,,,Y,,A,07,1,0,1,0,0,0,0,0,0,"- ","- ",35.354000091552734,-119.06659698486328,KERN,BAKERSFIELD,-119.06710815429688,35.354339599609375
8770803,2019,2019-02-02,1502,2019-01-03,1745,1249,,4,5,6,1502,0,0,0,,0,CENTRA,"MING AV","LYMRIC WY",597.00,W,N,A,-,N,,,,,,,,,,N,2,0,1,2,A,-,11,21954,A,F,G,B,D,A,H,-,C,D,0,Y,,,,Y,,N,60,1,0,0,0,1,0,0,0,0,"- ","- ",35.339740753173828,-119.04615783691406,KERN,BAKERSFIELD,-119.04817962646484,35.339622497558594
8789093,2019,2019-02-04,1502,2019-01-01,2311,1172,,2,5,6,1502,0,0,0,,0,CENTRA,"GOSFORD RD","NEW HAVEN CT",30.00,S,N,A,-,N,,,,,,,,,,Y,2,0,1,1,A,-,08,22107,,N,E,I,A,A,H,-,C,D,0,,,,,Y,,D,22,1,0,0,0,0,0,0,0,0,"- ","- ",35.323001861572266,-119.09200286865234,KERN,BAKERSFIELD,-119.09226226806641,35.323268890380859
8795646,2019,2019-02-12,1502,2019-01-29,2046,P45,,2,5,6,1502,0,0,0,,0,NORTH,"COFFEE RD","BRIMHALL RD",128.00,S,N,A,-,N,,,,,,,,,,N,2,0,1,2,A,-,08,22107,,F,H,G,A,A,H,-,C,D,0,,Y,,,Y,,A,01,1,0,0,0,0,0,1,0,0,"- ","- ",35.368659973144531,-119.09264373779297,KERN,BAKERSFIELD,-119.09233856201172,35.368419647216797
8812733,2019,2019-03-14,1509,2019-02-24,1245,933,W,7,5,3,1509,0,0,0,,0,,"RED APPLE RD","TUCKER RD",285.00,W,N,A,-,N,,,,,,,,,,Y,2,0,1,2,A,-,11,21954,A,N,G,B,D,A,H,-,D,D,0,Y,,,,Y,,N,60,1,0,0,0,1,0,0,0,0,"- ","- ",35.131721496582031,-118.46732330322266,KERN,TEHACHAPI,-118.46823883056641,35.131721496582031
8819076,2019,2019-03-29,1506,2019-03-12,1135,1781,37,2,5,4,1506,0,0,0,,0,,"S CHINA LAKE BL","CHURCH AV",0.00,,Y,A,-,N,,,,,,,,,,N,2,0,2,2,A,-,12,21453,A,N,A,C,A,A,H,-,A,A,0,,,,,Y,,A,01,1,0,1,0,0,0,0,0,0,"- ","- ",,,KERN,RIDGECREST,-117.66999816894531,35.618881225585938
8829351,2019,2019-04-25,1502,2019-03-30,1720,1223,,6,5,6,1502,0,0,0,,0,CENTRA,"TRUXTUN AV","EMPIRE DR",0.00,,Y,A,-,N,,,,,,,,,,Y,2,0,2,2,A,-,12,21453,A,N,D,C,A,A,H,-,A,A,0,,,Y,,Y,,C,02,2,0,0,0,0,0,0,0,2,"- ","- ",35.373199462890625,-119.04701995849609,KERN,BAKERSFIELD,-119.04747009277344,35.372970581054688
8836625,2019,2019-04-17,1502,2019-03-14,0944,P17,,4,5,6,1502,0,0,0,,0,CENTRA,"STOCKDALE HWY","GOSFORD RD",682.00,W,N,A,-,N,,,,,,,,,,Y,2,0,2,3,A,-,12,21453,A,N,D,C,A,A,H,-,A,A,0,,,,,Y,,A,07,1,1,0,0,0,0,0,0,0,"- ","- ",35.354541778564453,-119.09178161621094,KERN,BAKERSFIELD,-119.09466552734375,35.354320526123047
8840653,2019,2019-04-19,1502,2019-04-07,1320,P45,,7,5,6,1502,0,0,0,,0,HILL,"MOUNT VERNON AV","NOBLE AV",17.00,N,N,B,-,N,,,,,,,,,,Y,2,0,1,3,A,-,01,23152,A,N,B,C,A,A,H,-,A,D,0,,,,,Y,Y,A,01,1,0,0,0,0,0,0,0,0,"- ","- ",35.400218963623047,-118.96733856201172,KERN,BAKERSFIELD,-118.96759796142578,35.400115966796875
8858399,2019,2019-06-10,1502,2019-05-05,0427,1167,,7,5,6,1502,0,0,0,,0,METRO,"OAK ST","TRUXTUN AV",0.00,,Y,A,-,N,,,,,,,,,,N,2,0,2,3,A,-,12,21453,A,N,B,C,A,A,H,-,C,A,0,,,,Y,Y,,F,26,1,0,1,0,0,0,0,0,0,"- ","- ",35.372879028320312,-119.03900909423828,KERN,BAKERSFIELD,-119.03867340087891,35.373538970947266
8863036,2019,2019-06-06,1502,2019-05-21,1211,1326,,2,5,6,1502,0,0,0,,0,,"CLAY PATRICK FARR WY","CHINOOK AV",170.00,N,N,B,C,N,,,,,,,,,,N,2,0,1,1,A,-,08,22107,,N,E,I,A,B,H,-,A,D,0,,,,,Y,,D,22,1,0,0,0,0,0,0,0,0,"- ","- ",35.394428253173828,-119.10428619384766,KERN,BAKERSFIELD,-119.10444641113281,35.394901275634766
8863697,2019,2019-05-21,1502,2019-05-01,2234,1293,,3,5,6,1502,0,0,0,,0,VALLEY,"PANAMA LN","COLONY ST",232.00,W,N,A,-,N,,,,,,,,,,,2,0,1,2,A,-,11,21954,A,N,G,B,D,A,H,-,C,D,0,Y,,,,Y,,N,60,1,0,0,0,1,0,0,0,0,"- ","- ",35.295928955078125,-119.02767944335938,KERN,BAKERSFIELD,-119.02798461914062,35.29595947265625
8863717,2019,2019-05-21,1502,2019-05-06,1658,P45,,1,5,6,1502,0,0,0,,0,CENTRA,"TRUXTUN AV","QUAILRIDGE RD",168.00,E,N,B,-,N,,,,,,,,,,,2,0,1,1,A,-,08,22107,,N,E,I,A,A,H,-,A,D,0,,,,,Y,,A,01,1,0,0,0,0,0,0,0,0,"- ","- ",35.362201690673828,-119.08953094482422,KERN,BAKERSFIELD,-119.08847808837891,35.362552642822266
8875375,2019,2020-01-02,1508,2019-05-20,1516,110,3B,1,5,2,1508,0,0,0,,0,,"6TH ST","RT 33",0.00,,Y,A,-,Y,KER,6,33,-,-,18.790,I,5,N,N,2,0,1,2,A,-,10,21950,,N,G,B,B,A,G,-,A,A,0,Y,,,,Y,,A,01,1,0,0,0,1,0,0,0,0,"- ","- ",35.143199920654297,-119.45986175537109,KERN,TAFT,-119.45942687988281,35.143104553222656
8888170,2019,2019-07-05,1502,2019-05-18,1917,1153,,6,5,6,1502,0,0,0,,0,CENTRA,"MING AV","NEW STINE RD",74.00,W,N,B,C,N,,,,,,,,,,Y,2,0,1,1,A,-,08,22107,,N,E,I,A,B,H,-,A,A,0,,,,,Y,,A,01,1,0,0,0,0,0,0,0,0,"- ","- ",35.337749481201172,-119.06166076660156,KERN,BAKERSFIELD,-119.06120300292969,35.338146209716797
8911086,2019,2020-05-29,1502,2019-06-05,1510,1293,,3,5,6,1502,0,0,0,,0,SOUTH,"RT 119","MOUNTAIN RIDGE DR",410.00,E,N,A,-,Y,KER,6,119,-,-,28.920,H,-,E,Y,1,1,1,2,A,-,05,21651,A,N,A,C,A,A,H,-,A,D,0,,,,Y,Y,,A,01,0,0,1,0,0,0,0,0,0,"- ","- ",35.266979217529297,-119.06619262695312,KERN,BAKERSFIELD,-119.06381988525391,35.267032623291016
8923624,2019,2020-01-03,1507,2019-07-09,0715,268,6,2,5,3,1507,0,0,0,,0,,"CENTRAL VALLEY HWY","FRESNO AV",235.00,S,N,A,-,Y,KER,6,43,-,-,17.930,H,-,N,Y,2,0,1,1,-,-,"- ",,,N,F,A,A,A,H,-,A,D,0,,,Y,,Y,,-,"- ",1,0,0,0,0,0,0,0,1,"- ","- ",,,KERN,SHAFTER,-119.28764343261719,35.513973236083984
8939529,2019,2021-05-25,1501,2019-02-15,1935,988,21,5,5,3,1501,0,0,0,,0,002,MEYER,"HANSON LN",33.00,S,N,C,-,N,,,,,,,,,,Y,1,1,1,2,A,-,05,21651,A,N,A,C,A,B,H,-,C,D,0,,,,,Y,Y,A,01,0,1,0,0,0,0,0,0,0,"- ","- ",35.199020385742188,-118.83315277099609,KERN,ARVIN,-118.8331298828125,35.198928833007812
90011394,2015,2015-10-19,9420,2015-08-17,2338,018117,,1,3,9,1500,0,1,3,,2,092,"SR-99 N/B","AIRPORT DR TO SR-99 S/B",150.00,S,N,A,-,Y,,,,,,,,,,Y,2,0,1,2,A,-,01,23152,A,M,C,C,A,A,H,-,C,D,0,,,,,Y,Y,A,01,1,0,0,0,0,0,0,0,0,"- ","- ",,,KERN,UNINCORPORATED,,
90011403,2015,2015-10-19,9420,2015-08-14,1845,016978,,5,2,9,1500,0,3,5,,2,060,"STINE ROAD","PECKHAM AVENUE",214.00,N,N,A,-,N,,,,,,,,,,N,2,0,1,3,A,-,03,22350,,F,C,C,A,A,H,-,A,D,0,,,Y,,Y,,A,01,1,0,0,0,0,0,0,0,1,"- ","- ",35.083559999999999,-119.96037,KERN,UNINCORPORATED,-119.04783999999999,35.352167209999998
90011714,2015,2015-10-19,9430,2015-08-24,1450,013402,,1,2,9,1500,0,1,1,,2,053,"I-5 S/B","GRAPEVINE RD",654.00,S,N,A,-,Y,,,5,,,,,,S,Y,2,0,2,2,A,-,03,22350,,N,C,C,A,A,H,-,A,D,0,,,,Y,Y,,D,22,2,0,0,0,0,0,0,0,0,"- ","- ",34.944400000000002,-118.9323,KERN,UNINCORPORATED,-118.93215263,34.944447289999999
9001179,2019,2020-01-08,1507,2019-11-29,0127,271,27,5,5,3,1507,0,0,0,,0,,"EAST LERDO HWY","CHERRY AV",2936.00,E,N,E,-,N,,,,,,,,,,N,2,0,1,1,A,-,01,23152,,N,E,I,A,A,H,-,C,D,0,,,Y,,Y,Y,C,02,1,0,0,0,0,0,0,0,1,"- ","- ",35.499858856201172,-119.24275207519531,KERN,SHAFTER,-119.23289489746094,35.499824523925781
90019361,2015,2015-10-19,9420,2015-09-11,1140,019206,,5,1,9,1500,0,3,5,,2,320,"SIERRA WAY","STATE ROUTE 178",7920.00,N,N,A,-,N,,,,,,,,,,Y,2,0,1,1,A,-,03,22350,,N,F,A,A,A,H,-,A,D,0,,,Y,,Y,,C,02,1,0,0,0,0,0,0,0,1,"- ","- ",35.673479999999998,-118.34310000000001,KERN,UNINCORPORATED,-118.33289323,35.672584440000001
90019455,2015,2015-10-19,9420,2015-09-12,0600,018909,,6,1,9,1500,0,1,3,,2,155,SR-155,"ZERKER ROAD",1654.00,E,N,A,-,Y,,,155,,,,,,,Y,2,0,2,2,A,-,03,22350,,N,C,C,A,A,H,-,B,D,0,,,,,Y,,A,01,2,0,0,0,0,0,0,0,0,"- ","- ",35.76155,-119.14660000000001,KERN,UNINCORPORATED,-119.1465999,35.761502180000001
90020844,2015,2015-10-19,9420,2015-08-16,1300,017870,9420,7,1,9,1500,0,2,4,,1,052,"ROBERTS LANE","FRONTIER STREET",10.00,W,N,A,-,N,,,,,,,,,,Y,1,1,0,2,A,-,01,23152,A,N,B,C,A,A,H,-,A,D,0,,,Y,Y,Y,Y,C,02,0,0,0,0,0,0,0,1,0,"- ","- ",35.408700000000003,-119.0163,KERN,UNINCORPORATED,-119.01642327,35.408676669999998
90025993,2015,2015-10-19,9830,2015-09-19,1420,014518,,6,2,9,1500,0,2,4,,1,034,"ROSAMOND BLVD","100TH STREET WEST",7392.00,W,N,A,-,N,,,,,,,,,,Y,2,0,1,1,A,-,08,22107,,N,F,A,A,A,H,-,A,D,0,,,,,Y,,A,07,1,0,0,0,0,0,0,0,0,"- ","- ",34.863329999999998,-118.33320000000001,KERN,UNINCORPORATED,-118.33354301,34.863282589999997
90027154,2015,2015-10-19,9420,2015-09-22,0610,014811,,2,1,9,1500,0,3,5,,2,671,"TEJON HIGHWAY","BUENA VISTA BOULEVARD",0.00,,Y,A,-,N,,,,,,,,,,Y,1,2,0,2,A,-,09,21802,A,N,D,C,A,A,H,-,B,A,0,,,,Y,Y,,D,22,0,0,0,0,0,0,0,0,0,"- ","- ",35.23901,-118.8246,KERN,UNINCORPORATED,-118.82456003999999,35.23820001
90029881,2015,2015-10-19,9830,2015-10-04,1058,015116,,7,1,9,1500,0,3,5,,2,004,"REDROCK RANDSBURG RD","CANTIL RD",4224.00,E,N,B,-,N,,,,,,,,,,Y,2,0,1,1,A,-,03,22350,,N,F,A,A,D,F,-,A,D,0,,,Y,,Y,,C,02,1,0,0,0,0,0,0,0,1,"- ","- ",35.3324,-117.9537,KERN,UNINCORPORATED,-117.95379722,35.332371799999997
90046201,2015,2015-11-06,9426,2015-10-29,1705,017581,,4,2,9,1500,0,3,5,,2,085,"CORCORAN RD","GARCES HWY",9504.00,N,N,A,-,N,,,,,,,,,,Y,2,0,1,1,A,-,08,22107,,N,E,I,A,A,H,-,A,D,0,,,,,Y,,A,01,1,0,0,0,0,0,0,0,0,"- ","- ",35.785730000000001,-119.5797,KERN,UNINCORPORATED,-119.57917289,35.786881800000003
90046817,2015,2015-11-09,9830,2015-10-08,1615,014565,,4,2,9,1500,0,3,5,,2,001,"TEHACHAPI WILLOW SPRINGS RD","HIGHLINE RD",15840.00,S,N,A,-,N,,,,,,,,,,Y,1,1,0,1,A,-,08,22107,,N,E,I,A,A,H,-,A,D,0,,,,,Y,,A,07,0,0,0,0,0,0,0,0,0,"- ","- ",35.069189999999999,-118.39631,KERN,UNINCORPORATED,-118.39531116000001,35.067189429999999
90050191,2015,2015-11-13,9420,2015-09-14,0545,019140,,1,3,9,1500,0,3,5,,2,520,"FAMOSO-PORTERVILLE HIGHWAY","SHERWOOD AVENUE",1584.00,N,N,B,-,N,,,,,,,,,,Y,1,1,3,2,A,-,05,21650,,N,A,C,A,A,H,-,D,D,0,,,,,Y,,A,01,1,0,2,0,0,0,0,0,0,"- ","- ",35.678089999999997,-119.10419,KERN,UNINCORPORATED,-119.184016,35.678503149999997
90059955,2015,2015-11-25,9430,2015-11-10,0700,016050,,2,1,9,1500,0,2,4,,1,021,"FRAZIER MTN. PARK RD.","MONTEREY TRL.",2640.00,W,N,B,-,N,,,,,,,,,,Y,1,1,0,1,A,-,03,22350,,N,E,I,A,C,H,-,A,D,0,,,,,Y,,A,07,0,0,0,0,0,0,0,0,0,"- ","- ",34.819980000000001,-118.95563,KERN,UNINCORPORATED,-118.95420842,34.820315049999998
90069786,2015,2015-12-10,9420,2015-12-04,0658,018807,,5,1,6,1502,0,1,3,,2,093,"SR-99 (SOUTHBOUND)","GILMORE AVENUE",2112.00,N,N,B,-,Y,,,99,,,,,,,Y,2,0,3,5,A,-,07,21658,A,N,C,C,A,A,H,-,A,D,0,,,,,Y,,A,07,1,0,2,0,0,0,0,0,0,"- ","- ",35.389600000000002,-119.0445,KERN,BAKERSFIELD,-119.04449135999999,35.389600110000003
90071483,2015,2015-12-11,9420,2015-11-28,1228,018643,,6,1,9,1500,0,2,4,,1,072,"EDISON HIGHWAY","OSWELL FRONTAGE STREET WEST",34.00,W,N,A,-,N,,,,,,,,,,Y,2,0,3,2,A,-,01,23152,A,N,C,C,A,A,H,-,A,A,0,,,,,Y,Y,A,01,3,0,0,0,0,0,0,0,0,"- ","- ",35.367040000000003,-118.95081,KERN,UNINCORPORATED,-118.95068049,35.366982290000003
90074948,2015,2015-12-16,9420,2015-12-03,1210,014811,,4,1,9,1500,0,3,5,,2,671,"COMANCHE DRIVE","PANAMA ROAD",2460.00,N,N,A,-,N,,,,,,,,,,Y,2,0,2,2,A,-,03,22350,,N,C,C,A,A,H,-,A,D,0,,,,,Y,,A,01,1,0,1,0,0,0,0,0,0,"- ","- ",35.274259999999998,-118.84277,KERN,UNINCORPORATED,-118.84281847,35.274079059999998
90080075,2015,2015-12-22,9420,2015-10-20,0100,019845,,2,3,9,1500,0,1,3,,2,090,"SR-99 SOUTHBOUND (GOLDEN STATE HIGHWAY)","KIMBERLINA ROAD",1345.00,N,N,A,-,Y,,,99,,,,,,S,Y,1,1,3,1,A,-,08,22107,,N,E,I,A,A,H,-,C,D,0,,,,,Y,,A,07,1,1,1,0,0,0,0,0,0,"- ","- ",35.561149999999998,-119.19887,KERN,UNINCORPORATED,-119.19855355,35.561304489999998
90083893,2015,2015-12-29,9830,2015-12-22,0605,014986,,2,1,9,1500,0,3,5,,2,003,"AVENUE A",SR-14,1056.00,W,N,B,-,N,,,,,,,,,,Y,2,0,2,2,A,-,05,21650,,N,A,C,A,A,H,-,B,D,0,,,,,Y,,A,01,2,0,0,0,0,0,0,0,0,"- ","- ",34.020440000000001,-118.17672,KERN,UNINCORPORATED,-118.17413104000001,34.820489999999999
90095039,2016,2016-01-14,9830,2016-01-06,2142,019367,,3,2,9,1500,0,2,4,,1,034,"ROSAMOND BLVD","ALBERTA ST.",528.00,W,N,B,-,N,,,,,,,,,,N,2,0,1,2,A,-,11,21956,,N,B,B,E,A,H,-,D,D,0,Y,,,,Y,Y,N,60,1,0,0,0,1,0,0,0,0,"- ","- ",34.864539999999998,-118.15416,KERN,UNINCORPORATED,-118.15340996,34.864526120000001
90112367,2016,2016-02-18,9420,2016-01-19,0650,017576,,2,1,9,1500,0,3,5,,2,530,"7TH STANDARD ROAD","BUSSELL ROAD",35.00,E,N,B,-,N,,,,,,,,,,Y,1,1,7,4,A,-,03,22350,,N,C,C,A,A,H,-,A,D,0,,,,,Y,,D,22,0,0,7,0,0,0,0,0,0,"- ","- ",35.441839999999999,-119.30492,KERN,UNINCORPORATED,-119.30491262,35.441850000000002
90112419,2016,2016-02-10,9420,2016-01-15,0500,017243,,5,3,9,1500,0,2,4,,1,075,"SOUTH UNION AVENUE","FAIRVIEW RD.",500.00,S,N,A,-,N,,,,,,,,,,N,2,0,1,2,A,-,11,21956,,F,G,B,E,A,H,-,D,D,0,Y,,,,Y,Y,N,60,1,0,0,0,1,0,0,0,0,"- ","- ",35.302070000000001,-119.00317,KERN,UNINCORPORATED,-119.00313482999999,35.301758049999997
90113777,2016,2016-02-11,9420,2016-02-09,1501,016973,,2,2,9,1500,0,2,4,,1,052,"ROBERTS LN.","AIRPORT DR.",0.00,,Y,A,-,N,,,,,,,,,,N,2,0,1,2,A,-,12,21453,A,N,D,G,A,A,H,-,A,A,0,,Y,,,Y,,L,04,1,0,0,0,0,0,1,0,0,"- ","- ",35.640529999999998,-119.21822,KERN,UNINCORPORATED,-119.03895002,35.408620040000002
90119402,2016,2016-02-22,9420,2016-02-14,1155,018813,,7,1,9,1500,0,1,3,,2,178,"SR-178 E/B","CALL BOX 2",15840.00,E,N,A,-,Y,,,178,,,,,,E,Y,2,0,1,1,A,-,03,22350,,N,F,A,A,A,H,-,A,D,0,,,Y,,Y,,C,02,1,0,0,0,0,0,0,0,1,"- ","- ",35.472540000000002,-118.714,KERN,UNINCORPORATED,-118.71401759,35.472570740000002