CASE_ID,ACCIDENT_YEAR,PROC_DATE,JURIS,COLLISION_DATE,COLLISION_TIME,OFFICER_ID,REPORTING_DISTRICT,DAY_OF_WEEK,CHP_SHIFT,POPULATION,CNTY_CITY_LOC,SPECIAL_COND,BEAT_TYPE,CHP_BEAT_TYPE,CITY_DIVISION_LAPD,CHP_BEAT_CLASS,BEAT_NUMBER,PRIMARY_RD,SECONDARY_RD,DISTANCE,DIRECTION,INTERSECTION,WEATHER_1,WEATHER_2,STATE_HWY_IND,CALTRANS_COUNTY,CALTRANS_DISTRICT,STATE_ROUTE,ROUTE_SUFFIX,POSTMILE_PREFIX,POSTMILE,LOCATION_TYPE,RAMP_INTERSECTION,SIDE_OF_HWY,TOW_AWAY,COLLISION_SEVERITY,NUMBER_KILLED,NUMBER_INJURED,PARTY_COUNT,PRIMARY_COLL_FACTOR,PCF_CODE_OF_VIOL,PCF_VIOL_CATEGORY,PCF_VIOLATION,PCF_VIOL_SUBSECTION,HIT_AND_RUN,TYPE_OF_COLLISION,MVIW,PED_ACTION,ROAD_SURFACE,ROAD_COND_1,ROAD_COND_2,LIGHTING,CONTROL_DEVICE,CHP_ROAD_TYPE,PEDESTRIAN_ACCIDENT,BICYCLE_ACCIDENT,MOTORCYCLE_ACCIDENT,TRUCK_ACCIDENT,NOT_PRIVATE_PROPERTY,ALCOHOL_INVOLVED,STWD_VEHTYPE_AT_FAULT,CHP_VEHTYPE_AT_FAULT,COUNT_SEVERE_INJ,COUNT_VISIBLE_INJ,COUNT_COMPLAINT_PAIN,COUNT_PED_KILLED,COUNT_PED_INJURED,COUNT_BICYCLIST_KILLED,COUNT_BICYCLIST_INJURED,COUNT_MC_KILLED,COUNT_MC_INJURED,PRIMARY_RAMP,SECONDARY_RAMP,LATITUDE,LONGITUDE,COUNTY,CITY,POINT_X,POINT_Y
90122238,2016,2016-02-23,9426,2016-02-14,1515,015633,,7,2,9,1500,0,1,3,,2,432,SR-43,"I-5 S/B TO SR-43",39.00,N,N,A,-,Y,,,43,,,,,,,Y,2,0,1,2,A,-,12,22450,A,N,F,A,A,A,H,-,A,A,0,,,Y,,Y,,M,47,1,0,0,0,0,0,0,0,1,"- ","- ",35.291409999999999,-119.25279,KERN,UNINCORPORATED,-119.2525399,35.291405269999998
90129425,2016,2016-03-04,9426,2016-02-24,0925,014850,,3,1,9,1500,0,1,3,,2,581,SR-58,"WASCO WAY",1637.00,E,N,A,-,Y,,,58,,,,,,,Y,2,0,1,2,A,-,05,21650,,N,B,C,A,A,H,-,A,D,0,,,,Y,Y,,A,01,1,0,0,0,0,0,0,0,0,"- ","- ",35.399039999999999,-119.44206,KERN,UNINCORPORATED,-119.44205977,35.3990869
9013685,2019,2020-02-14,1507,2019-12-15,1545,267,200,7,5,3,1507,0,0,0,,0,,"POPLAR AV","PHEASANT RUN DR",78.00,N,N,A,-,N,,,,,,,,,,Y,2,0,2,1,A,-,01,23152,G,N,E,I,A,A,H,-,A,A,0,,,,,Y,Y,A,07,1,1,0,0,0,0,0,0,0,"- ","- ",35.499008178710938,-119.29617309570312,KERN,SHAFTER,-119.29612731933594,35.498664855957031
90138891,2016,2016-03-17,9420,2016-03-08,1337,019686,,2,1,9,1500,0,3,5,,2,671,"COMANCHE DR.","PANAMA LN.",0.00,,Y,A,-,N,,,,,,,,,,Y,2,0,1,2,A,-,09,21802,A,N,D,C,A,A,H,-,A,D,0,,,,,Y,,A,07,1,0,0,0,0,0,0,0,0,"- ","- ",35.296410000000002,-118.8429,KERN,UNINCORPORATED,-118.84293008,35.296420019999999
90141743,2016,2016-03-29,9420,2016-02-28,0155,019649,,7,3,9,1500,0,1,3,,1,184,"STATE ROUTE 184 (WEEDPATCH HWY)","KERNITA ROAD",50.00,S,N,A,-,Y,,,,,,,,,,Y,1,1,0,3,A,-,01,23152,A,F,G,B,E,A,H,-,D,D,0,Y,,,,Y,Y,A,07,0,0,0,1,0,0,0,0,0,"- ","- ",35.204909999999998,-118.54516,KERN,UNINCORPORATED,,
90147657,2016,2016-03-30,9420,2016-03-25,1900,018805,,5,2,9,1500,0,2,4,,1,072,"NILES STREET W/B","OSWELL STREET",100.00,E,N,A,-,N,,,,,,,,,,N,2,0,1,2,A,-,11,21954,A,N,G,B,D,A,H,-,B,A,0,Y,,,,Y,Y,N,60,1,0,0,0,1,0,0,0,0,"- ","- ",35.375920000000001,-118.94923,KERN,UNINCORPORATED,-118.94948502,35.37597195
90153575,2016,2016-04-08,9420,2016-04-02,1445,019466,,6,2,9,1500,0,3,5,,2,310,"WOFFORD BLVD.","PANORAMA DRIVE",35.00,S,N,A,-,N,,,,,,,,,,N,2,0,1,2,A,-,11,21954,A,N,G,B,D,A,H,-,A,D,0,Y,,,,Y,,N,60,1,0,0,0,1,0,0,0,0,"- ","- ",35.708030000000001,-118.45367,KERN,UNINCORPORATED,-118.45375478,35.708327420000003
90169380,2016,2016-04-29,9420,2016-04-15,2158,017560,,5,2,9,1500,0,2,4,,1,072,"EDISON HIGHWAY","FAIRFAX RD. NORTH",875.00,E,N,A,-,N,,,,,,,,,,Y,2,0,2,2,A,-,09,21804,A,N,D,C,A,A,H,-,C,A,0,,,,Y,Y,Y,G,25,1,0,1,0,0,0,0,0,0,"- ","- ",35.361629999999998,-118.92833,KERN,UNINCORPORATED,-118.92879001999999,35.361788079999997
90179709,2016,2016-05-16,9420,2016-05-03,1335,019868,,2,1,9,1500,0,3,5,,2,070,"DEACON AVE","STERLING RD",0.00,,Y,A,-,N,,,,,,,,,,Y,2,0,1,2,A,-,12,22450,A,N,D,C,A,A,H,-,A,A,0,,,Y,,Y,,C,02,1,0,0,0,0,0,0,0,1,"- ","- ",35.361530000000002,-118.94087,KERN,UNINCORPORATED,-118.94090005,35.361460110000003
90180554,2016,2016-05-16,9426,2016-05-02,1353,014794,,1,1,9,1500,0,1,1,,2,506,"I-5 N/B",SR-223,3168.00,S,N,A,-,Y,,,,,,,,,,Y,2,0,4,1,A,-,08,22107,,N,F,A,A,A,H,-,A,D,0,,,,,Y,,A,08,1,1,2,0,0,0,0,0,0,"- ","- ",35.127000000000002,-119.92,KERN,UNINCORPORATED,,
90193394,2016,2016-06-02,9420,2016-05-22,1245,017576,,7,1,9,1500,0,3,5,,2,671,"MALAGA ROAD","DIGIORGIO ROAD",0.00,,Y,A,-,N,,,,,,,,,,Y,2,0,4,2,A,-,12,22450,A,N,D,C,A,A,H,-,A,A,0,,,,,Y,,A,01,1,2,1,0,0,0,0,0,0,"- ","- ",35.252589999999998,-118.86064,KERN,UNINCORPORATED,-118.86051003999999,35.252660110000001
90193470,2016,2016-06-02,9420,2016-05-29,0245,017146,,7,3,9,1500,0,3,5,,2,310,"OLD STATE RD.","SPRUCE DR.",5280.00,W,N,A,-,N,,,,,,,,,,Y,2,0,1,1,A,-,01,23152,,N,F,A,A,A,H,-,D,D,0,,,Y,,Y,Y,C,06,1,0,0,0,0,0,0,0,1,"- ","- ",35.716270000000002,-118.53832,KERN,UNINCORPORATED,-118.55516491,35.735435899999999
90195124,2016,2016-07-19,9420,2016-05-09,2140,018116,,1,2,9,1500,0,3,5,,2,510,"SR-155 (GARCES HIGHWAY)","BROWNING ROAD",29.00,E,N,A,-,Y,,,155,,,,,,,N,1,1,0,1,A,-,01,23152,A,N,E,I,A,A,H,-,C,D,0,,,Y,,Y,Y,C,02,0,0,0,0,0,0,0,1,0,"- ","- ",35.761789999999998,-119.22301,KERN,UNINCORPORATED,-119.22301078,35.761469949999999
90195953,2016,2016-06-07,9830,2016-05-09,2500,019332,,1,4,9,1500,0,3,5,,2,003,"STARBUCK AVENUE","172ND STREET WEST",0.00,,Y,A,-,N,,,,,,,,,,Y,1,1,0,1,A,-,03,22350,,N,E,I,A,A,H,-,A,D,0,,,,,Y,,A,08,0,0,0,0,0,0,0,0,0,"- ","- ",34.886209999999998,-118.43642,KERN,UNINCORPORATED,-118.43639195,34.886234569999999
90199954,2016,2016-06-13,9420,2016-06-01,1520,018643,,3,2,9,1500,0,2,4,,1,071,"FAIRFAX ROAD","COLLEGE AVENUE",25.00,S,N,A,-,N,,,,,,,,,,Y,2,0,1,2,A,-,03,22350,,N,E,I,A,A,H,-,A,D,0,,,,,Y,,A,01,1,0,0,0,0,0,0,0,0,"- ","- ",35.38317,-118.93044,KERN,UNINCORPORATED,-118.93027307,35.383276930000001
90200573,2016,2016-06-13,9426,2016-05-31,1905,017230,,2,2,9,1500,0,1,1,,2,500,"I-5 S/B","LOST HILLS RD",1584.00,N,N,A,-,Y,,,5,,,,,,S,Y,2,0,1,1,A,-,08,22107,,N,F,A,A,A,H,-,A,D,0,,,,,Y,,A,07,1,0,0,0,0,0,0,0,0,"- ","- ",35.669249999999998,-119.69257,KERN,UNINCORPORATED,-119.69277646,35.66909553
90217359,2016,2018-02-21,9426,2016-05-28,1730,019206,,6,2,9,1500,0,1,3,,2,330,"STATE ROUTE 33","TWISSELMAN ROAD",13200.00,N,N,A,-,Y,,,33,,,,,,,Y,1,1,0,1,A,-,08,22107,,N,F,A,A,A,H,-,A,D,0,,,,,Y,,D,22,0,0,0,0,0,0,0,0,0,"- ","- ",35.762120000000003,-119.96678,KERN,UNINCORPORATED,-119.96674738999999,35.762139830000002
90217954,2016,2016-07-07,9426,2016-05-14,1802,018023,,6,2,9,1500,0,1,3,,1,118,SR-119,"CHERRY AVENUE",337.00,E,N,A,-,Y,,,119,,,,,,,Y,1,1,0,2,A,-,06,21755,,N,C,C,A,A,H,-,A,D,0,,,Y,,Y,Y,C,02,0,0,0,0,0,0,0,1,0,"- ","- ",35.206060000000001,-119.41052000000001,KERN,UNINCORPORATED,-119.4104943,35.206021669999998
90219126,2016,2016-07-26,9420,2016-04-16,1250,020304,,6,1,9,1500,0,1,3,,2,155,"STATE ROUTE 155","HUNGRY GULCH ROAD",40.00,E,N,A,-,Y,,,155,,,,,,,Y,1,1,3,3,A,-,03,22350,,N,C,C,A,A,H,-,A,D,0,,,,,Y,,D,22,1,1,1,0,0,0,0,0,0,"- ","- ",35.67445,-118.47132000000001,KERN,UNINCORPORATED,-118.47122432,35.674428059999997
90223188,2016,2016-07-14,9420,2016-07-09,0136,018135,,6,3,9,1500,0,3,5,,2,070,"EDWARDS AVENUE","SANDY LANE",120.00,N,N,A,-,N,,,,,,,,,,Y,2,0,1,1,A,-,03,22350,,N,E,I,A,A,H,-,D,D,0,,,Y,,Y,,C,02,1,0,0,0,0,0,0,0,1,"- ","- ",35.387210000000003,-118.95813,KERN,UNINCORPORATED,-118.95791434,35.387340299999998
90224785,2016,2016-07-18,9420,2016-07-09,1850,019098,,6,2,9,1500,0,3,5,,2,620,"ALLEN ROAD","SR-58 (ROSEDALE HIGHWAY)",420.00,S,N,A,-,N,,,,,,,,,,Y,2,0,2,2,A,-,09,21804,A,N,D,C,A,A,H,-,A,D,0,,,,,Y,,A,01,1,0,1,0,0,0,0,0,0,"- ","- ",35.382269999999998,-119.14547,KERN,UNINCORPORATED,-119.14557695000001,35.38236294
90230130,2016,2016-09-12,9420,2016-07-01,0503,019311,,5,3,6,1502,0,1,3,,2,585,"SR-58, W/B FROM UNION AVENUE, S/B","UNION AVENUE",75.00,W,N,A,-,Y,,,58,,,,R,,W,Y,1,1,0,1,A,-,01,23152,A,N,E,I,A,A,H,-,C,D,0,,,,,Y,Y,A,01,0,0,0,0,0,0,0,0,0,"- ","- ",35.352699999999999,-119.00359,KERN,BAKERSFIELD,-119.00359,35.352699999999999
90230365,2016,2016-07-26,9420,2016-07-16,1125,018608,,6,1,9,1500,0,3,5,,2,040,"ALFRED HARRELL HWY., W/B","GOODMANVILLE ROAD",338.00,E,N,A,-,Y,,,,,,,,,,Y,2,0,1,1,A,-,03,22350,,N,F,A,A,A,H,-,A,D,0,,,Y,,Y,,C,02,1,0,0,0,0,0,0,0,1,"- ","- ",35.437559999999998,-118.93199,KERN,UNINCORPORATED,-118.93276,35.436039999999998
90230743,2016,2016-07-26,9426,2016-07-16,0735,014850,,6,1,9,1500,0,1,1,,2,502,"I-5 S/B","7TH STANDARD ROAD",6864.00,S,N,A,-,Y,,,5,,,,,,S,Y,2,0,1,1,A,-,08,22107,,N,F,A,A,A,H,-,A,D,0,,,,,Y,,A,01,1,0,0,0,0,0,0,0,0,"- ","- ",35.428910000000002,-119.4387,KERN,UNINCORPORATED,-119.43869463999999,35.428917370000001
90236437,2016,2016-08-09,9420,2016-07-27,2045,018643,,3,2,9,1500,0,3,5,,2,520,"STRADLEY AVENUE","HANAWALT AVENUE",1665.00,N,N,A,-,N,,,,,,,,,,N,2,0,1,2,A,-,11,21954,A,N,G,B,D,A,H,-,D,D,0,Y,,,,Y,,N,60,1,0,0,0,1,0,0,0,0,"- ","- ",35.664270000000002,-119.25879,KERN,UNINCORPORATED,-119.25880607000001,35.664369170000001
90237176,2016,2016-08-04,9420,2016-07-30,0855,018608,,6,1,9,1500,0,2,4,,1,072,"NILES STREET","TATE STREET",110.00,E,N,A,-,N,,,,,,,,,,Y,2,0,1,2,A,-,09,21801,A,N,D,C,A,A,H,-,D,D,0,,,Y,,Y,,A,01,1,0,0,0,0,0,0,0,1,"- ","- ",35.362749999999998,-118.90776,KERN,UNINCORPORATED,-118.94711152000001,35.375933320000001
90260070,2016,2016-10-18,9420,2016-08-27,1625,019868,,6,2,9,1500,0,2,4,,1,064,"OLIVE DR","VICTOR ST",20.00,E,N,A,-,N,,,,,,,,,,Y,2,0,4,2,A,-,01,23152,A,N,C,C,A,A,H,-,A,A,0,,,,,Y,Y,D,22,1,1,2,0,0,0,0,0,0,"- ","- ",35.412390000000002,-119.06198999999999,KERN,UNINCORPORATED,-119.06208296,35.412419579999998
90261542,2016,2016-09-06,9420,2016-08-27,0951,018626,,6,1,9,1500,0,3,5,,2,672,"BENA ROAD",SR-223,250.00,W,N,A,-,N,,,,,,,,,,Y,2,0,1,1,A,-,03,22350,,N,F,A,A,A,H,-,A,D,0,,,Y,,Y,,C,02,1,0,0,0,0,0,0,0,1,"- ","- ",35.263759999999998,-118.65869000000001,KERN,UNINCORPORATED,-118.65973055000001,35.26236025
90262818,2016,2016-09-07,9420,2016-08-28,0825,018068,,7,1,9,1500,0,3,5,,2,672,"COMANCHE DR","EDSION HWY",4752.00,N,N,A,-,N,,,,,,,,,,Y,2,0,1,1,A,-,08,22107,,N,F,A,A,A,H,-,A,D,0,,,Y,,Y,,C,02,1,0,0,0,0,0,0,0,1,"- ","- ",35.354599999999998,-118.84310000000001,KERN,UNINCORPORATED,-118.84321136,35.354267249999999
90274390,2016,2016-09-23,9420,2016-09-16,1638,019351,,5,2,9,1500,0,2,4,,1,072,"EDISON HWY","EXCHANGE ST.",18.00,W,N,A,-,N,,,,,,,,,,Y,2,0,1,2,A,-,08,22102,,N,D,C,A,A,H,-,A,D,0,,,Y,,Y,,A,01,1,0,0,0,0,0,0,0,1,"- ","- ",35.370579999999997,-118.96505999999999,KERN,UNINCORPORATED,-118.96516791000001,35.370523749999997
90276517,2016,2016-09-27,9420,2016-09-18,2209,018117,,7,3,9,1500,0,3,5,,2,050,"AIRPORT DR","ROBERTS LN",101.00,N,N,A,-,N,,,,,,,,,,Y,2,0,1,3,A,-,01,23152,A,N,C,C,A,A,H,-,C,A,0,,,,,Y,Y,A,07,1,0,0,0,0,0,0,0,0,"- ","- ",35.408909999999999,-119.03934,KERN,UNINCORPORATED,-119.03895955,35.408897029999999
90276844,2016,2016-09-27,9420,2016-09-23,1750,019845,,5,2,9,1500,0,3,5,,2,050,"W. DAY AVENUE","MCCRAY STREET",28.00,E,N,A,-,N,,,,,,,,,,N,2,0,2,1,A,-,03,22350,,N,E,I,A,A,H,-,A,D,0,,,Y,,Y,,C,02,1,1,0,0,0,0,0,0,2,"- ","- ",35.435780000000001,-119.0301,KERN,UNINCORPORATED,-119.03005613000001,35.435199490000002
90279126,2016,2016-09-29,9420,2016-09-26,0500,020784,,1,3,9,1500,0,1,3,,2,585,SR-58,"UNION AVE",1000.00,W,N,A,-,Y,,,,,,,,,,Y,2,0,1,1,A,-,08,22107,,N,E,I,A,A,H,-,C,D,0,,,,,Y,,A,01,1,0,0,0,0,0,0,0,0,"- ","- ",35.352440000000001,-119.00834,KERN,UNINCORPORATED,,
90283356,2016,2016-11-07,9420,2016-09-05,0102,019442,,1,3,9,1500,0,3,5,,2,530,"POPLAR AVENUE","SAN DIEGO STREET",364.00,S,N,A,-,N,,,,,,,,,,Y,1,1,0,1,A,-,01,23152,A,N,F,A,A,A,H,-,D,D,0,,,,,Y,Y,D,22,0,0,0,0,0,0,0,0,0,"- ","- ",35.461590000000001,-119.29649000000001,KERN,UNINCORPORATED,-119.29653809,35.462601030000002
90283482,2016,2016-10-04,9426,2016-09-24,0400,018633,,6,3,9,1500,0,1,3,,1,460,"SR-46 E/B","BITTERWATER VALLEY RD",1056.00,E,N,A,-,Y,,,46,,,,,,E,Y,2,0,3,1,A,-,08,22107,,N,F,A,A,A,H,-,D,D,0,,,,,Y,,A,07,1,2,0,0,0,0,0,0,0,"- ","- ",35.614429999999999,-119.9179,KERN,UNINCORPORATED,-119.91790161999999,35.614711409999998
90284892,2016,2016-10-05,9420,2016-09-28,1605,019316,,3,2,9,1500,0,2,4,,1,077,"SOUTH FAIRFAX ROAD","HERMOSA ROAD",1320.00,S,N,B,F,N,,,,,,,,,,Y,2,0,3,3,A,-,03,22350,,N,C,C,A,A,H,-,A,D,0,,,,,Y,,A,08,1,1,1,0,0,0,0,0,0,"- ","- ",35.309609999999999,-118.91249000000001,KERN,UNINCORPORATED,-118.93206005,35.30696829
90290558,2016,2016-10-12,9420,2016-10-06,0740,014811,,4,1,9,1500,0,3,5,,2,672,"PANAMA ROAD","COTTONWOOD ROAD",6864.00,E,N,A,-,N,,,,,,,,,,Y,2,0,3,3,A,-,06,21751,,F,A,C,A,A,H,-,A,D,0,,,,,Y,,A,01,1,0,2,0,0,0,0,0,0,"- ","- ",35.160330000000002,-118.1862,KERN,UNINCORPORATED,-118.96236664,35.26690945
90299831,2016,2016-10-24,9830,2016-10-11,0850,015252,,2,1,9,1500,0,1,3,,1,052,"STATE ROUTE 178 WESTBOUND","SAGUARO STREET",946.00,E,N,A,-,Y,,,,,,,,,,N,1,1,0,2,A,-,08,22107,,N,C,G,A,A,H,-,A,D,0,,Y,,Y,Y,,G,26,0,0,0,0,0,1,0,0,0,"- ","- ",35.39123,-117.46684999999999,KERN,UNINCORPORATED,,
90309540,2016,2016-11-02,9420,2016-10-25,1930,019442,,2,2,9,1500,0,3,5,,2,672,"PADRE ST.","SIMON RD.",164.00,E,N,A,-,N,,,,,,,,,,Y,2,0,2,4,A,-,01,23152,A,N,C,E,A,A,H,-,C,D,0,,,,,Y,Y,A,01,1,0,1,0,0,0,0,0,0,"- ","- ",35.35116,-118.97731,KERN,UNINCORPORATED,-118.97812084,35.351278120000003
90318486,2016,2017-03-29,9430,2016-10-21,0342,018721,,5,3,9,1500,0,1,1,,2,054,"I-5 S/B (GOLDEN STATE FREEWAY)","LAVAL ROAD OVERCROSSING",450.00,S,N,A,-,Y,,,5,,,,,,S,N,1,1,0,2,A,-,11,21954,A,N,G,B,E,A,H,-,C,D,0,Y,,,Y,Y,,N,60,0,0,0,1,0,0,0,0,0,"- ","- ",34.984250000000003,-118.94486999999999,KERN,UNINCORPORATED,-118.94478282999999,34.984280730000002
90321796,2016,2016-11-17,9420,2016-10-27,1903,016969,,4,2,9,1500,0,3,5,,2,672,"RANCHO RD","HERRING RD",6864.00,S,N,A,-,N,,,,,,,,,,Y,2,0,1,3,A,-,03,22350,,N,C,C,A,A,H,-,D,D,0,,,,,Y,,A,01,1,0,0,0,0,0,0,0,0,"- ","- ",35.130690000000001,-118.85068,KERN,UNINCORPORATED,-118.85067377999999,35.132058280000003
90336871,2016,2016-12-05,9830,2016-11-28,1745,014565,,1,2,9,1500,0,1,3,,1,040,"SR-14 N/B","SR-58 W/B TO SR-14",0.00,,Y,A,-,Y,,,14,,,,,,N,Y,2,0,3,2,A,-,09,21802,A,N,D,C,A,A,H,-,C,A,0,,,,,Y,,A,01,1,0,2,0,0,0,0,0,0,"- ","- ",35.100349999999999,-118.14306999999999,KERN,UNINCORPORATED,-118.14317578000001,35.100434530000001
90338241,2016,2016-12-07,9426,2016-09-24,1233,016804,,6,1,9,1500,0,1,1,,2,504,"INTERSTATE 5 SOUTHBOUND","STOCKDALE HIGHWAY",1910.00,N,N,A,-,Y,,,5,,,,,,S,Y,1,1,3,2,A,-,08,22107,,N,F,A,A,A,H,-,A,D,0,,,,,Y,,A,01,0,0,3,0,0,0,0,0,0,"- ","- ",35.363199999999999,-119.34650000000001,KERN,UNINCORPORATED,-119.34697814,35.362526199999998
90339169,2016,2016-12-07,9420,2016-10-09,1923,018116,,7,2,9,1500,0,3,5,,2,070,"FLOWER STREET","ROBINSON STREET",90.00,W,N,A,-,N,,,,,,,,,,N,1,1,0,2,A,-,11,21954,A,N,G,B,D,A,H,-,D,D,0,Y,,,,Y,Y,N,60,0,0,0,1,0,0,0,0,0,"- ","- ",35.384419999999999,-118.98224,KERN,UNINCORPORATED,-118.98212101999999,35.384454669999997
90343037,2016,2016-12-13,9420,2016-12-04,0154,019901,,7,3,9,1500,0,2,4,,1,051,"N CHESTER AVE.","ROBERTS LN.",330.00,S,N,A,-,N,,,,,,,,,,N,2,0,1,2,A,-,11,21954,A,F,G,B,D,A,H,-,D,D,0,Y,,,,Y,,N,60,1,0,0,0,1,0,0,0,0,"- ","- ",35.407609999999998,-119.02105,KERN,UNINCORPORATED,-119.02106275,35.407734619999999
90355222,2016,2016-12-27,9420,2016-12-18,2500,019686,,7,4,9,1500,0,3,5,,2,520,"SHERWOOD AVENUE","DRIVER RD.",557.00,E,N,A,-,N,,,,,,,,,,Y,2,0,1,1,A,-,08,22107,,N,F,A,A,A,H,-,D,D,0,,,,,Y,,D,22,1,0,0,0,0,0,0,0,0,"- ","- ",35.674660000000003,-119.20272,KERN,UNINCORPORATED,-119.20284669999999,35.674602139999998
90369267,2017,2017-01-13,9420,2017-01-11,0220,020093,,3,3,9,1500,0,1,3,,1,119,"SR-119 (TAFT HIGHWAY)","I-5 N/B TO SR-119",530.00,E,N,B,-,Y,,,119,,,,,,,Y,2,0,1,1,A,-,08,22107,,N,F,A,A,A,H,-,C,D,0,,,,,Y,,A,01,1,0,0,0,0,0,0,0,0,"- ","- ",35.267000000000003,-119.21850000000001,KERN,UNINCORPORATED,-119.21849962,35.267078849999997
9037178,2020,2020-03-04,1511,2020-01-07,0600,53323,9,2,5,2,1511,0,0,0,,0,DIRT,"TWENTY MULE TEAM PKWY","140TH ST",1056.00,W,N,A,-,N,,,,,,,,,,Y,2,0,1,2,A,-,05,21460,A,N,D,C,A,A,G,-,D,D,0,,,,,Y,,A,01,1,0,0,0,0,0,0,0,0,"- ","- ",35.155910491943359,-117.88313293457031,KERN,"CALIFORNIA CITY",-117.88289642333984,35.155979156494141
90381437,2017,2017-02-24,9420,2017-01-16,1755,019531,,1,2,9,1500,0,3,5,,2,672,"MADISON STREET","ADAMS STREET",139.00,N,N,A,-,N,,,,,,,,,,N,2,0,1,2,A,-,08,22107,,F,G,B,E,A,H,-,C,D,0,Y,,,,Y,,A,07,1,0,0,0,1,0,0,0,0,"- ","- ",35.343510000000002,-118.99428,KERN,UNINCORPORATED,-118.99421,35.343741399999999
90393466,2016,2017-02-15,9420,2016-12-04,1328,019184,,7,1,9,1500,0,2,4,,1,075,"SOUTH UNION AVENUE","EAST WHITE LANE",0.00,,Y,A,-,N,,,,,,,,,,Y,1,1,2,2,A,-,12,21453,A,N,D,C,A,A,H,-,A,A,0,,,,,Y,,A,01,1,0,1,0,0,0,0,0,0,"- ","- ",35.317729999999997,-119.00302000000001,KERN,UNINCORPORATED,-119.00299009,35.317680099999997
90394759,2017,2017-02-16,9420,2017-02-11,1200,018068,,6,1,6,1502,0,2,4,,1,072,"EDISON HWY","FAIRFAX RD NORTH FRONTAGE",130.00,W,N,B,-,N,,,,,,,,,,Y,2,0,1,1,A,-,03,22350,,N,E,I,A,B,F,-,A,A,0,,,,,Y,,D,22,1,0,0,0,0,0,0,0,0,"- ","- ",35.363100000000003,-118.9315,KERN,BAKERSFIELD,,
90399009,2017,2017-03-01,9830,2017-02-15,0104,019332,,3,3,9,1500,0,1,3,,1,020,"SIERRA HIGHWAY","MONO STREET",0.00,,Y,A,-,Y,,,,,,,,,,Y,2,0,1,1,A,-,01,23152,A,N,E,I,A,A,H,-,B,A,0,,,,,Y,Y,D,22,1,0,0,0,0,0,0,0,0,"- ","- ",35.05791,-118.17551,KERN,UNINCORPORATED,,
90399835,2017,2017-02-24,9420,2017-02-15,1330,015259,,3,1,9,1500,0,3,5,,2,520,"SHERWOOD AVENUE","STRADLEY AVENUE",1101.00,E,N,A,-,N,,,,,,,,,,Y,2,0,2,1,A,-,08,22107,,N,E,I,A,A,H,-,A,D,0,,,,,Y,,A,01,2,0,0,0,0,0,0,0,0,"- ","- ",35.674390000000002,-119.25421,KERN,UNINCORPORATED,-119.25503701,35.674350840000002
90403827,2017,2017-03-01,9830,2017-01-12,1105,019762,,4,1,9,1500,0,3,5,,2,002,"STATE ROUTE 14 SOUTHBOUND","BUSINESS ROUTE 58 EAST",528.00,S,N,B,C,Y,,,14,,,,,,S,Y,1,1,1,1,A,-,08,22107,,N,E,I,A,B,H,-,A,D,0,,,,,Y,,A,07,1,0,0,0,0,0,0,0,0,"- ","- ",35.044159999999998,-118.17102,KERN,UNINCORPORATED,-118.17109327999999,35.044136340000001
90407728,2017,2017-03-07,9830,2017-01-30,1905,014565,,1,2,9,1500,0,1,3,,1,040,"STATE ROUTE 14 SOUTHBOUND","BUSINESS 58 NORTH",457.00,N,N,A,-,Y,,,,,,,,,,N,1,1,1,3,A,-,11,21954,A,N,G,B,D,A,H,-,D,D,0,Y,,,,Y,,N,60,1,0,0,1,1,0,0,0,0,"- ","- ",34.067329999999998,-118.17682000000001,KERN,UNINCORPORATED,,
90421817,2017,2017-03-27,9420,2017-02-27,1728,017560,,1,2,9,1500,0,3,5,,2,070,"KENT DRIVE","SCOTT PLACE",0.00,,Y,B,-,N,,,,,,,,,,N,1,1,0,1,C,-,18,,,N,H,H,A,A,H,-,A,D,0,,,Y,,Y,,-,"- ",0,0,0,0,0,0,0,1,0,"- ","- ",35.385649999999998,-118.95595,KERN,UNINCORPORATED,-118.95595007,35.385590120000003
90424620,2017,2017-03-30,9420,2017-03-27,1735,017146,,1,2,9,1500,0,1,3,,2,178,SR-178,"KELSO VALLEY RD.",0.00,,Y,A,-,Y,,,178,,,,,,,Y,2,0,2,2,A,-,01,23152,A,N,D,C,A,A,H,-,A,A,0,,,,,Y,Y,D,22,2,0,0,0,0,0,0,0,0,"- ","- ",35.66422,-118.3034,KERN,UNINCORPORATED,-118.30339019,35.664142720000001
90425885,2017,2017-04-03,9420,2017-03-26,0655,018608,,7,1,9,1500,0,1,3,,2,178,SR-178,"COTTONWOOD CREEK",23232.00,E,N,B,-,Y,,,178,,,,,,,Y,2,0,1,1,A,-,03,22350,,N,F,A,A,A,H,-,A,D,0,,,Y,,Y,,C,02,1,0,0,0,0,0,0,0,1,"- ","- ",35.461109999999998,-118.76833000000001,KERN,UNINCORPORATED,-118.76832318,35.46105781
90429045,2017,2017-04-06,9830,2017-04-04,0455,020167,,2,3,9,1500,0,1,3,,2,030,"SR-14 N/B","BACKUS RD",1690.00,S,N,A,-,Y,,,14,,,,,,N,Y,2,0,1,2,A,-,03,22350,,N,C,C,A,A,H,-,D,D,0,,,,,Y,,A,07,1,0,0,0,0,0,0,0,0,"- ","- ",34.947540000000004,-118.16128999999999,KERN,UNINCORPORATED,-118.16129658,34.947540500000002