CASE_ID,ACCIDENT_YEAR,PROC_DATE,JURIS,COLLISION_DATE,COLLISION_TIME,OFFICER_ID,REPORTING_DISTRICT,DAY_OF_WEEK,CHP_SHIFT,POPULATION,CNTY_CITY_LOC,SPECIAL_COND,BEAT_TYPE,CHP_BEAT_TYPE,CITY_DIVISION_LAPD,CHP_BEAT_CLASS,BEAT_NUMBER,PRIMARY_RD,SECONDARY_RD,DISTANCE,DIRECTION,INTERSECTION,WEATHER_1,WEATHER_2,STATE_HWY_IND,CALTRANS_COUNTY,CALTRANS_DISTRICT,STATE_ROUTE,ROUTE_SUFFIX,POSTMILE_PREFIX,POSTMILE,LOCATION_TYPE,RAMP_INTERSECTION,SIDE_OF_HWY,TOW_AWAY,COLLISION_SEVERITY,NUMBER_KILLED,NUMBER_INJURED,PARTY_COUNT,PRIMARY_COLL_FACTOR,PCF_CODE_OF_VIOL,PCF_VIOL_CATEGORY,PCF_VIOLATION,PCF_VIOL_SUBSECTION,HIT_AND_RUN,TYPE_OF_COLLISION,MVIW,PED_ACTION,ROAD_SURFACE,ROAD_COND_1,ROAD_COND_2,LIGHTING,CONTROL_DEVICE,CHP_ROAD_TYPE,PEDESTRIAN_ACCIDENT,BICYCLE_ACCIDENT,MOTORCYCLE_ACCIDENT,TRUCK_ACCIDENT,NOT_PRIVATE_PROPERTY,ALCOHOL_INVOLVED,STWD_VEHTYPE_AT_FAULT,CHP_VEHTYPE_AT_FAULT,COUNT_SEVERE_INJ,COUNT_VISIBLE_INJ,COUNT_COMPLAINT_PAIN,COUNT_PED_KILLED,COUNT_PED_INJURED,COUNT_BICYCLIST_KILLED,COUNT_BICYCLIST_INJURED,COUNT_MC_KILLED,COUNT_MC_INJURED,PRIMARY_RAMP,SECONDARY_RAMP,LATITUDE,LONGITUDE,COUNTY,CITY,POINT_X,POINT_Y
90443728,2017,2017-04-27,9830,2017-04-19,0916,015116,,3,1,9,1500,0,1,3,,2,012,"STATE ROUTE 58 E/B","SAND CANYON RD",587.00,E,N,A,-,Y,,,58,,,,,,E,Y,2,0,1,1,A,-,08,22107,,N,E,I,A,A,H,-,A,D,0,,,,,Y,,A,07,1,0,0,0,0,0,0,0,0,"- ","- ",35.109400000000001,-118.3206,KERN,UNINCORPORATED,-118.32072133,35.109176609999999
90449262,2016,2017-05-04,9830,2016-11-27,0330,020167,,7,3,9,1500,0,3,5,,2,001,"TEHACHAPI WILLOW SPRINGS ROAD","CAMERON CANYON ROAD",10138.00,N,N,C,D,N,,,,,,,,,,Y,1,1,1,1,A,-,08,22107,,N,F,A,A,B,H,-,D,D,0,,,,,Y,,D,22,1,0,0,0,0,0,0,0,0,"- ","- ",35.06559,-118.39416,KERN,UNINCORPORATED,-118.39420617,35.065582360000001
90450996,2017,2017-05-08,9420,2017-03-28,2325,018117,,2,3,9,1500,0,2,4,,1,052,"ROBERTS LN","CASTAIC AVE",36.00,W,N,A,-,N,,,,,,,,,,Y,2,0,1,1,A,-,03,22350,,N,E,I,A,A,H,-,C,D,0,,,,,Y,,D,22,1,0,0,0,0,0,0,0,0,"- ","- ",35.415370000000003,-119.05276000000001,KERN,UNINCORPORATED,-119.05273855999999,35.415247090000001
90455544,2017,2017-05-15,9420,2017-04-30,1445,019459,,7,2,9,1500,0,3,5,,2,540,"POND ROAD","WILDWOOD ROAD",0.00,,Y,A,-,N,,,,,,,,,,Y,2,0,2,2,A,-,12,22450,A,N,D,C,A,A,H,-,A,D,0,,,,,Y,,D,22,1,1,0,0,0,0,0,0,0,"- ","- ",35.717480000000002,-119.4371,KERN,UNINCORPORATED,-119.43711995,35.71749002
90458729,2017,2017-05-18,9420,2017-05-15,2230,017146,,1,3,9,1500,0,2,4,,2,031,"LAKE ISABELLA BLVD.",SR-178,67.00,E,N,A,-,N,,,,,,,,,,Y,2,0,1,1,A,-,08,22107,,N,E,I,A,A,H,-,D,D,0,,,,,Y,,A,07,1,0,0,0,0,0,0,0,0,"- ","- ",35.642659999999999,-118.46142,KERN,UNINCORPORATED,-118.4617123,35.642772129999997
90459621,2017,2017-05-19,9426,2017-05-12,1130,017254,,5,1,9,1500,0,1,1,,2,506,"I-5 S/B",SR-166,0.00,,Y,A,-,Y,,,,,,,,,,Y,2,0,3,2,A,-,09,21802,A,N,D,C,A,A,H,-,A,D,0,,,,Y,Y,,A,01,1,1,1,0,0,0,0,0,0,"- ","- ",35.059330000000003,-119.00163000000001,KERN,UNINCORPORATED,,
90467508,2017,2017-05-30,9830,2017-05-23,1535,017834,,2,2,9,1500,0,3,5,,2,005,"BOWMAN ROAD","BROWN ROAD",3696.00,E,N,A,-,N,,,,,,,,,,Y,2,0,2,1,A,-,03,22350,,N,F,A,A,A,H,-,A,D,0,,,,,Y,,A,01,1,1,0,0,0,0,0,0,0,"- ","- ",35.60765,-117.79965,KERN,UNINCORPORATED,-117.78731601,35.607643199999998
90476835,2017,2017-06-13,9830,2017-05-10,0445,019592,,3,3,9,1500,0,1,3,,1,041,"SR-14 S/B","ABBOTT DR",1320.00,N,N,A,-,Y,,,14,,,,,,S,Y,1,1,0,1,A,-,08,22107,,N,E,I,A,A,H,-,D,D,0,,,,,Y,,D,22,0,0,0,0,0,0,0,0,0,"- ","- ",35.372169999999997,-117.98173,KERN,UNINCORPORATED,-117.98176092999999,35.372171379999997
90478028,2017,2017-06-14,9420,2017-05-31,1408,020501,,3,2,9,1500,0,3,5,,2,540,"DRIVER RD","NINTH AVE",0.00,,Y,A,-,N,,,,,,,,,,Y,2,0,4,2,A,-,12,22450,A,N,D,C,A,A,H,-,A,A,0,,,,,Y,,A,01,1,2,1,0,0,0,0,0,0,"- ","- ",35.768590000000003,-119.20519,KERN,UNINCORPORATED,-119.2052599,35.768619999999999
90479928,2017,2017-06-16,9426,2017-05-19,0620,016162,,5,1,9,1500,0,1,1,,2,500,"I-5 S/B","LOST HILLS RD O/C",2640.00,N,N,A,-,Y,,,5,,,,,,S,Y,1,1,0,2,A,-,08,22107,,N,A,C,A,A,H,-,B,D,0,,,,Y,Y,,A,08,0,0,0,0,0,0,0,0,0,"- ","- ",35.674239999999998,-119.69645,KERN,UNINCORPORATED,-119.69655241,35.674163780000001
90481607,2017,2017-06-20,9830,2017-06-11,2110,014565,,7,2,9,1500,0,2,4,,1,032,"SIERRA HWY","MARIE ST.",0.00,,Y,A,-,N,,,,,,,,,,Y,2,0,4,2,A,-,01,23152,A,N,D,C,A,A,H,-,D,A,0,,,,,Y,Y,A,01,1,3,0,0,0,0,0,0,0,"- ","- ",34.849890000000002,-118.16072,KERN,UNINCORPORATED,-118.16073009,34.84990011
90493134,2017,2017-07-03,9830,2017-06-24,2155,019716,,6,2,9,1500,0,1,2,,1,053,"U.S. 395","CHINA LAKE BLVD",8448.00,N,N,A,-,Y,,,,,,,,,,Y,2,0,2,1,A,-,08,22107,,N,F,A,A,A,H,-,D,D,0,,,,,Y,,A,01,1,1,0,0,0,0,0,0,0,"- ","- ",35.570259999999998,-117.73044,KERN,UNINCORPORATED,-117.73007188,35.56992116
90494528,2017,2017-07-05,9426,2017-07-02,1350,017230,,7,1,9,1500,0,1,3,,1,167,SR-166,"OLD RIVER RD",9504.00,W,N,A,-,Y,,,166,,,,,,,Y,2,0,3,2,A,-,03,22350,,N,C,C,A,A,H,-,A,D,0,,,,,Y,,A,01,1,0,2,0,0,0,0,0,0,"- ","- ",35.058549999999997,-119.17166,KERN,UNINCORPORATED,-119.17166028,35.058583540000001
90496018,2017,2017-07-07,9420,2017-05-28,0502,020093,,7,3,6,1502,0,1,3,,2,204,"STATE ROUTE 204, SOUTHBOUND","F STREET",1121.00,W,N,A,-,Y,,,204,,,,,,S,Y,1,1,0,2,A,-,11,21954,A,N,G,B,E,A,H,-,D,D,0,Y,,,,Y,,N,60,0,0,0,1,0,0,0,0,0,"- ","- ",35.391599999999997,-119.02590000000001,KERN,BAKERSFIELD,-119.02579306,35.391741410000002
90496206,2017,2017-07-07,9420,2017-07-01,1715,020501,,6,2,9,1500,0,1,3,,2,223,SR-223,"EDISON HWY",0.00,,Y,A,-,Y,,,223,,,,,,,Y,2,0,1,2,A,-,12,22450,A,N,D,C,A,A,H,-,A,A,0,,,,,Y,,A,01,1,0,0,0,0,0,0,0,0,"- ","- ",35.20881,-118.87805,KERN,UNINCORPORATED,-118.87805006000001,35.208819089999999
90496796,2017,2017-07-10,9420,2017-06-20,0030,020484,,2,3,9,1500,0,2,4,,1,052,"DECATUR STREET","SEQUOIA DRIVE",151.00,E,N,A,-,N,,,,,,,,,,Y,2,0,1,4,A,-,01,23152,A,N,C,E,A,A,H,-,D,D,0,,,,,Y,Y,A,01,1,0,0,0,0,0,0,0,0,"- ","- ",35.413690000000003,-119.03386999999999,KERN,UNINCORPORATED,-119.03393387,35.413609999999998
90498724,2017,2017-07-12,9420,2017-06-12,2020,019184,,1,2,9,1500,0,3,5,,2,060,"SNOW ROAD","QUAIL CREEK ROAD",0.00,,Y,A,-,N,,,,,,,,,,Y,1,1,0,2,A,-,12,22450,A,N,D,C,A,A,H,-,B,A,0,,,Y,,Y,,C,02,0,0,0,0,0,0,0,1,0,"- ","- ",35.427019999999999,-119.10122,KERN,UNINCORPORATED,-119.10114004,35.427010039999999
90516063,2017,2017-08-03,9420,2017-07-22,1425,019459,,6,2,9,1500,0,3,5,,2,630,"OLD RIVER ROAD","HOUGHTON ROAD",350.00,S,N,A,-,N,,,,,,,,,,Y,2,0,5,1,A,-,08,22107,,N,F,A,A,A,H,-,A,D,0,,,,,Y,,D,22,2,3,0,0,0,0,0,0,0,"- ","- ",35.237270000000002,-119.10984999999999,KERN,UNINCORPORATED,-119.10986545,35.237039549999999
90519467,2017,2017-08-09,9420,2017-06-03,2140,020484,,6,2,9,1500,0,1,3,,1,184,"STATE ROUTE 184","TRI DUNCAN AVENUE",230.00,S,N,A,-,Y,,,184,,,,,,,Y,1,1,0,2,A,-,01,23152,A,F,G,B,E,A,H,-,D,D,0,Y,,,,Y,Y,A,07,0,0,0,1,0,0,0,0,0,"- ","- ",35.243960000000001,-118.91431,KERN,UNINCORPORATED,-118.91443286000001,35.243960149999999
90543927,2017,2017-09-15,9420,2017-09-03,0543,018608,,7,3,9,1500,0,3,5,,2,040,"BERNARD STREET","ALTA VISTA DR",139.00,W,N,A,-,N,,,,,,,,,,N,1,1,0,2,A,-,11,21954,A,N,G,B,D,A,H,-,C,D,0,Y,,,,Y,,N,60,0,0,0,1,0,0,0,0,0,"- ","- ",35.390270000000001,-118.99538,KERN,UNINCORPORATED,-118.99528565,35.39025178
90543938,2017,2017-09-08,9420,2017-09-02,0653,016926,,6,1,9,1500,0,1,3,,2,093,"SR-99 S/B",SR-65,87.00,N,N,A,-,Y,,,99,,,,,,S,Y,2,0,3,1,A,-,07,21658,A,N,E,I,A,A,H,-,A,D,0,,,,,Y,,A,01,1,2,0,0,0,0,0,0,0,"- ","- ",35.434939999999997,-119.07625,KERN,UNINCORPORATED,-119.07631033,35.434864310000002
90543963,2017,2017-09-08,9426,2017-08-16,1646,015472,,3,2,9,1500,0,1,3,,2,581,SR-58,"LOKERN RD",666.00,E,N,A,-,Y,,,58,,,,,,,Y,1,1,1,2,A,-,03,22350,,N,D,C,A,A,H,-,A,A,0,,,,,Y,,A,01,0,0,1,0,0,0,0,0,0,"- ","- ",35.399500000000003,-119.5337,KERN,UNINCORPORATED,-119.53369771,35.399474699999999
90545159,2017,2017-09-11,9830,2017-09-03,2130,017146,,7,2,9,1500,0,1,3,,1,050,"SR-14 S/B","SR-178 E/B",1584.00,S,N,B,-,Y,,,14,,,,,,S,Y,2,0,4,1,A,-,08,22107,,N,F,A,A,B,H,-,D,D,0,,,,,Y,,A,01,2,1,1,0,0,0,0,0,0,"- ","- ",35.626629999999999,-117.89006999999999,KERN,UNINCORPORATED,-117.89014028,35.626666419999999
90549332,2017,2017-09-18,9420,2017-09-12,0520,019963,,2,3,9,1500,0,1,3,,2,091,"SR-99 S/B","KIMBERLINA ROAD",1400.00,N,N,A,-,Y,,,99,,,,,,S,Y,2,0,1,2,A,-,03,22350,,N,C,C,A,A,H,-,C,D,0,,,,Y,Y,,D,22,1,0,0,0,0,0,0,0,0,"- ","- ",35.556870000000004,-119.19692000000001,KERN,UNINCORPORATED,-119.19725982999999,35.556845549999998
90550959,2017,2017-10-23,9420,2017-08-11,1140,016767,,5,1,9,1500,0,1,3,,2,154,"STATE ROUTE 155 (GARCES HIGHWAY)","STATE ROUTE 65",21120.00,E,N,A,-,Y,,,155,,,,,,,Y,1,1,1,1,A,-,08,22107,,N,F,A,A,A,H,-,A,D,0,,,,,Y,,D,22,1,0,0,0,0,0,0,0,0,"- ","- ",35.745910000000002,-118.97942999999999,KERN,UNINCORPORATED,-118.97942930000001,35.745960629999999
90552496,2017,2017-11-03,9430,2017-09-08,0713,014796,,5,1,9,1500,0,1,1,,2,053,"I-5 N/B","GRAPEVINE ROAD U/C",11088.00,S,N,A,-,Y,,,5,,,,,,N,Y,2,0,2,3,A,-,08,22107,,N,B,C,A,A,H,-,A,A,0,,,,Y,Y,,D,22,1,1,0,0,0,0,0,0,0,"- ","- ",34.909970000000001,-118.92336,KERN,UNINCORPORATED,-118.92346118,34.909982149999998
90562829,2017,2017-10-04,9420,2017-09-24,1012,018030,,7,1,9,1500,0,3,5,,2,510,"CECIL AVE","DRIVER RD",0.00,,Y,A,-,N,,,,,,,,,,Y,2,0,4,2,A,-,12,22450,A,N,D,C,A,A,H,-,A,A,0,,,,,Y,,D,22,3,1,0,0,0,0,0,0,0,"- ","- ",35.7761,-119.20533,KERN,UNINCORPORATED,-119.20529996,35.775850069999997
90563383,2017,2017-10-05,9426,2017-09-23,0426,019723,,6,3,9,1500,0,1,1,,2,500,"I-5 S/B","WEISER RD",2112.00,N,N,A,-,Y,,,5,,,,,,S,Y,2,0,3,2,A,-,03,22350,,N,D,C,A,A,H,-,D,D,0,,,,,Y,,A,07,1,0,2,0,0,0,0,0,0,"- ","- ",35.717570000000002,-119.72896,KERN,UNINCORPORATED,-119.72890658,35.717609770000003
90566808,2017,2017-10-10,9420,2017-09-29,2325,019901,,5,3,9,1500,0,1,3,,1,583,"SR-58 W/B","LANDCO DR.",285.00,W,N,A,-,Y,,,58,,,,,,W,N,2,0,1,2,A,-,11,21954,A,F,G,B,D,A,H,-,D,D,0,Y,,,,Y,,N,60,1,0,0,0,1,0,0,0,0,"- ","- ",35.38335,-119.06014999999999,KERN,UNINCORPORATED,-119.06015013,35.383308360000001
90576865,2017,2017-10-24,9420,2017-09-09,2017,019353,,6,2,9,1500,0,1,3,,1,583,"STATE ROUTE 58 (ROSEDALE HIGHWAY)","NORD ROAD",727.00,E,N,A,-,Y,,,58,,,,,,,Y,1,1,3,4,A,-,05,21650,,N,B,C,A,A,H,-,D,D,0,,,,,Y,,D,22,0,2,1,0,0,0,0,0,0,"- ","- ",35.383459999999999,-119.19877,KERN,UNINCORPORATED,-119.19877004,35.383474100000001
90583051,2017,2017-10-30,9830,2017-10-18,0645,021907,,3,1,9,1500,0,1,3,,1,022,"SR-58 W/B","CALL BOX 58/1395",494.00,W,N,A,-,Y,,,58,,,,,,W,Y,2,0,1,2,A,-,03,22350,,N,C,C,A,A,H,-,A,D,0,,,,,Y,,A,01,1,0,0,0,0,0,0,0,0,"- ","- ",35.00665,-117.71451999999999,KERN,UNINCORPORATED,-117.71451879,35.00700191
90587078,2017,2017-11-03,9420,2017-11-01,1933,017560,,3,2,9,1500,0,2,4,,1,072,"E. CALIFORNIA AVE.","CHAMBERLAIN AVE.",0.00,,Y,A,-,N,,,,,,,,,,Y,2,0,4,2,A,-,12,21453,A,N,D,C,A,A,H,-,C,A,0,,,,,Y,,A,07,3,0,1,0,0,0,0,0,0,"- ","- ",35.368499999999997,-118.97029999999999,KERN,UNINCORPORATED,-118.97031002,35.368640030000002
90587651,2017,2017-11-06,9420,2017-08-31,0639,017560,,4,1,9,1500,0,3,5,,2,610,"PACHECO ROAD","SOUTH UNION AVENUE",180.00,W,N,A,-,N,,,,,,,,,,N,1,1,0,2,A,-,09,21804,A,N,A,G,A,A,H,-,A,D,0,,Y,,Y,Y,,L,04,0,0,0,0,0,1,0,0,0,"- ","- ",35.310369999999999,-119.00398,KERN,UNINCORPORATED,-119.00373254,35.310389999999998
90589416,2017,2017-11-07,9426,2017-11-06,0430,017230,,1,3,9,1500,0,3,5,,2,082,"WASCO WAY","7TH STANDARD RD",5808.00,S,N,A,-,N,,,,,,,,,,Y,2,0,1,1,A,-,08,22107,,N,F,A,A,A,H,-,D,D,0,,,,,Y,,A,07,1,0,0,0,0,0,0,0,0,"- ","- ",35.432789999999997,-119.44692999999999,KERN,UNINCORPORATED,-119.44698,35.433088890000001
90591142,2017,2017-11-09,9830,2017-08-26,1425,016971,,6,2,9,1500,0,1,3,,2,012,"STATE ROUTE 58","TEHACHAPI BLVD",214.00,N,N,A,-,Y,,,,,,,,,,Y,1,1,0,1,A,-,08,22107,,N,E,I,A,A,H,-,A,D,0,,,,Y,Y,,G,25,0,0,0,0,0,0,0,0,0,"- ","- ",35.073970000000003,-118.24419,KERN,UNINCORPORATED,,
90601662,2017,2017-11-24,9426,2017-11-11,0635,016162,,6,1,9,1500,0,1,1,,2,502,"I-5 N/B","LERDO HWY",7392.00,S,N,B,-,Y,,,5,,,,,,N,Y,1,1,1,2,A,-,03,22350,,N,C,C,A,A,H,-,B,D,0,,,,,Y,,A,07,0,0,1,0,0,0,0,0,0,"- ","- ",35.486400000000003,-119.51721999999999,KERN,UNINCORPORATED,-119.51724457,35.486366150000002
90603736,2017,2017-11-28,9420,2017-08-31,0016,019531,,4,3,9,1500,0,3,5,,2,672,"MADISON STREET","EAST BELLE TERRACE",50.00,S,N,A,-,N,,,,,,,,,,N,1,1,0,2,A,-,11,21954,A,F,G,B,D,A,H,-,D,D,0,Y,,,,Y,,N,60,0,0,0,1,0,0,0,0,0,"- ","- ",35.344549999999998,-118.99423,KERN,UNINCORPORATED,-118.99419099000001,35.346562810000002
90606255,2016,2017-11-30,9430,2016-12-04,0555,013402,,7,3,9,1500,0,1,1,,2,055,"INTERSTATE 5 N/B","SABODAN ST",6336.00,S,N,A,-,Y,,,5,,,,,,N,Y,1,2,3,2,A,-,08,22107,,N,C,E,A,A,H,-,D,D,0,,,,Y,Y,,G,25,2,1,0,0,0,0,0,0,0,"- ","- ",35.024160000000002,-118.96212,KERN,UNINCORPORATED,-118.96219191,35.024072539999999
90612425,2017,2017-12-07,9420,2017-10-10,1556,018607,,2,2,9,1500,0,1,3,,2,091,"STATE ROUTE 99, SOUTHBOUND","MERLE HAGGARD DRIVE",9504.00,N,N,A,-,Y,,,,,,,,,,Y,1,1,0,1,A,-,03,22350,,N,E,I,A,A,H,-,A,D,0,,,,,Y,,D,22,0,0,0,0,0,0,0,0,0,"- ","- ",35.273099999999999,-119.63795,KERN,UNINCORPORATED,,
90615451,2017,2017-12-12,9420,2017-09-08,2250,020529,,5,3,9,1500,0,3,5,,2,672,"COMANCHE DRIVE","PANAMA LANE",0.00,,Y,A,-,N,,,,,,,,,,Y,1,1,0,2,A,-,03,22350,,N,G,B,B,A,H,-,D,D,0,Y,,,,Y,Y,A,01,0,0,0,1,0,0,0,0,0,"- ","- ",35.296550000000003,-118.84296000000001,KERN,UNINCORPORATED,-118.84293008,35.296420019999999
90619671,2017,2017-12-18,9420,2017-12-11,2005,020634,,1,2,9,1500,0,2,4,,1,052,"NORRIS RD","SEQUOIA DRIVE",35.00,W,N,A,-,N,,,,,,,,,,N,2,0,1,2,A,-,08,22107,,N,B,G,A,A,H,-,D,D,0,,Y,,,Y,,L,04,1,0,0,0,0,0,1,0,0,"- ","- ",35.419600000000003,-118.0346,KERN,UNINCORPORATED,-119.03459732,35.419539999999998
90625049,2017,2018-02-27,9420,2017-12-07,2148,019140,,4,2,6,1502,0,1,3,,2,094,"STATE ROUTE 99 N/B","WILSON ROAD O/C",106.00,N,N,A,-,Y,,,99,,,,,,N,Y,1,1,0,1,A,-,08,22107,,N,E,J,A,A,H,-,E,D,0,,,,,Y,,A,01,0,0,0,0,0,0,0,0,0,"- ","- ",35.332320000000003,-119.03949,KERN,BAKERSFIELD,-119.03950622000001,35.332320000000003
90627256,2017,2018-02-07,9420,2017-12-10,0001,020163,,7,3,9,1500,0,1,3,,2,430,"STATE ROUTE 43","GARCES HIGHWAY",3696.00,S,N,A,-,Y,,,43,,,,,,,Y,1,1,0,1,A,-,01,23152,A,N,F,A,A,A,H,-,D,D,0,,,,,Y,Y,A,01,0,0,0,0,0,0,0,0,0,"- ","- ",35.751199999999997,-119.34157,KERN,UNINCORPORATED,-119.34160033000001,35.751196440000001
90640186,2017,2018-01-16,9420,2017-12-30,1844,019353,,6,2,6,1502,0,1,3,,2,093,"SR-99 S/B","SR-58 (ROSEDALE HIGHWAY)",1605.00,S,N,A,-,Y,,,,,,,,,,Y,2,0,4,2,A,-,03,22350,,N,C,C,A,A,H,-,D,D,0,,,,,Y,,A,07,1,3,0,0,0,0,0,0,0,"- ","- ",35.224499999999999,-119.241,KERN,BAKERSFIELD,,
90641427,2018,2018-01-17,9420,2018-01-16,0015,019598,,2,3,9,1500,0,2,4,,1,072,"NILES STREET","OSWELL STREET",0.00,,Y,A,-,N,,,,,,,,,,Y,2,0,2,2,A,-,01,23152,A,F,D,C,A,A,H,-,C,A,0,,,Y,,Y,Y,C,02,1,1,0,0,0,0,0,0,2,"- ","- ",35.375820159912109,-118.94979095458984,KERN,UNINCORPORATED,-118.94982147216797,35.375968933105469
90649540,2018,2018-01-26,9420,2018-01-21,1150,018445,,7,1,9,1500,0,3,5,,2,672,"BRECKENRIDGE ROAD","GOLDEN DRIVE",215.00,W,N,A,-,N,,,,,,,,,,Y,2,0,4,1,A,-,08,22107,,N,E,I,A,A,H,-,A,D,0,,,,,Y,,A,01,1,2,1,0,0,0,0,0,0,"- ","- ",35.361770629882812,-118.91204833984375,KERN,UNINCORPORATED,-118.9119873046875,35.361663818359375
90654032,2018,2018-02-02,9430,2018-01-25,1240,016050,,4,1,9,1500,0,1,1,,2,053,"I-5 (N/B)","#4 TURN THROUGH",77.00,N,N,B,C,Y,,,5,,,,,,,Y,2,0,1,1,A,-,03,22350,,N,E,I,A,B,H,-,A,D,0,,,,,Y,,A,01,1,0,0,0,0,0,0,0,0,"- ","- ",34.91400146484375,-118.92330169677734,KERN,UNINCORPORATED,-118.92343902587891,34.913967132568359
90654628,2018,2018-09-19,9420,2018-01-20,2025,016691,,6,2,9,1500,0,2,4,,1,051,"NORTH CHESTER AVENUE","NORRIS ROAD",0.00,,Y,A,-,N,,,,,,,,,,N,1,1,0,2,A,-,12,21453,A,N,D,G,A,A,H,-,C,A,0,,Y,,,Y,,L,04,0,0,0,0,0,1,0,0,0,"- ","- ",35.419601440429688,-119.02111053466797,KERN,UNINCORPORATED,-119.02126312255859,35.419609069824219
90656534,2018,2018-02-07,9830,2018-01-28,1815,014565,,7,2,9,1500,0,2,4,,1,032,"SIERRA HWY","ORANGE ST.",443.00,S,N,A,-,N,,,,,,,,,,Y,2,0,1,2,A,-,09,21801,A,N,D,C,A,A,H,-,D,D,0,,,Y,,Y,,A,01,1,0,0,0,0,0,0,0,1,"- ","- ",34.856071472167969,-118.16201782226562,KERN,UNINCORPORATED,-118.16201019287109,34.856086730957031
90658218,2018,2018-02-09,9426,2018-01-19,1347,016921,,5,1,9,1500,0,1,3,,1,332,"STATE ROUTE 33","ELKHORN GRADE ROAD",6336.00,S,N,B,-,Y,,,33,,,,,,,Y,1,1,1,3,A,-,06,21751,,N,A,C,A,B,H,-,A,D,0,,,,,Y,,A,01,0,0,1,0,0,0,0,0,0,"- ","- ",35.025749206542969,-119.41782379150391,KERN,UNINCORPORATED,-119.41777038574219,35.025764465332031
90659129,2018,2018-02-12,9420,2018-02-04,2130,019901,,7,2,9,1500,0,2,4,,1,051,"MANOR STREET","CHINA GRADE LOOP",110.00,S,N,A,-,N,,,,,,,,,,Y,2,0,2,1,A,-,03,22350,,N,F,A,A,A,H,-,D,D,0,,,Y,,Y,Y,C,02,1,0,1,0,0,0,0,0,2,"- ","- ",35.426090240478516,-119.01230621337891,KERN,UNINCORPORATED,-119.01243591308594,35.426460266113281
90659360,2018,2018-02-12,9830,2018-02-06,0945,015252,,2,1,9,1500,0,1,3,,1,052,"STATE ROUTE 178 EASTBOUND","CALVERT BOULEVARD",0.00,,Y,A,-,Y,,,178,,,,,,E,Y,2,0,5,2,A,-,09,21801,A,N,A,C,A,A,H,-,A,D,0,,,,,Y,,A,08,1,2,2,0,0,0,0,0,0,"- ","- ",35.651870727539062,-117.75865936279297,KERN,UNINCORPORATED,-117.75865936279297,35.651870727539062
90666766,2018,2018-02-22,9430,2018-02-19,1540,013402,,1,2,9,1500,0,3,5,,2,004,"WHEELER RIDGE RD","LEGRAY RD",0.00,,Y,B,-,N,,,,,,,,,,Y,2,0,1,2,A,-,09,21802,A,N,D,C,A,A,H,-,A,A,0,,,,,Y,,D,22,1,0,0,0,0,0,0,0,0,"- ","- ",35.045639038085938,-118.91748046875,KERN,UNINCORPORATED,-118.92646026611328,35.030879974365234
90671521,2018,2018-02-28,9830,2018-02-19,1620,021903,,1,2,9,1500,0,1,2,,1,053,"US-395 SOUTHBOUND","SEIBENTHAL RD",0.00,,Y,A,G,Y,,,395,,,,,,S,Y,2,0,11,2,A,-,09,21803,A,N,D,C,A,A,H,-,A,A,0,,,,,Y,,A,08,7,2,2,0,0,0,0,0,0,"- ","- ",35.703281402587891,-117.8680419921875,KERN,UNINCORPORATED,-117.86803436279297,35.703281402587891
90681971,2018,2018-03-14,9426,2018-03-05,2135,014716,,1,2,9,1500,0,1,1,,2,500,"I-5 N/B","LOST HILLS ROAD",4224.00,N,N,A,-,Y,,,5,,,,,,N,Y,2,0,1,1,A,-,01,23152,A,N,E,I,A,A,H,-,D,D,0,,,,,Y,Y,A,01,1,0,0,0,0,0,0,0,0,"- ","- ",35.676200866699219,-119.69754791259766,KERN,UNINCORPORATED,-119.69760894775391,35.676158905029297
90683890,2018,2018-05-24,9420,2018-03-13,0900,016828,,2,1,9,1500,0,3,5,,2,630,"7TH STANDARD ROAD","BROKEN COURT",66.00,E,N,A,-,N,,,,,,,,,,Y,2,0,1,2,A,-,01,23152,A,N,C,C,A,A,D,-,A,A,0,,,,,Y,Y,D,22,1,0,0,0,0,0,0,0,0,"- ","- ",35.441730499267578,-119.24765777587891,KERN,UNINCORPORATED,-119.24871826171875,35.441680908203125
90683896,2018,2018-03-16,9426,2018-03-12,2248,016780,,1,3,9,1500,0,3,5,,2,080,"ELK HILLS RD","CALIFORNIA AQUEDUCT",5808.00,S,N,B,-,N,,,,,,,,,,Y,2,0,3,2,A,-,05,21650,,N,B,C,A,B,H,-,D,D,0,,,,Y,Y,,A,01,1,1,1,0,0,0,0,0,0,"- ","- ",35.329830169677734,-119.46288299560547,KERN,UNINCORPORATED,-119.46281433105469,35.332061767578125
90686179,2017,2018-04-27,9430,2017-12-21,0330,018631,,4,3,9,1500,0,1,1,,2,053,"I-5 N/B","GRAPEVINE RD.",10560.00,S,N,A,-,Y,,,,,,,,,,Y,1,2,0,1,A,-,03,22350,,N,E,I,A,A,H,-,D,A,0,,,,Y,Y,,G,25,0,0,0,0,0,0,0,0,0,"- ","- ",34.91413,-118.96323,KERN,UNINCORPORATED,-118.92323239,34.912044180000002
90688432,2018,2018-03-23,9420,2018-03-17,2330,020093,,6,3,6,1502,0,1,3,,2,093,"SR-99 S/B","SR-58 (ROSEDALE HWY)",60.00,N,N,B,-,Y,,,99,,,,,,S,Y,2,0,1,2,A,-,08,22107,,N,C,C,A,B,H,-,C,D,0,,,,,Y,,A,07,1,0,0,0,0,0,0,0,0,"- ","- ",35.383201599121094,-119.04460144042969,KERN,BAKERSFIELD,-119.04467010498047,35.383201599121094