CASE_ID,ACCIDENT_YEAR,PROC_DATE,JURIS,COLLISION_DATE,COLLISION_TIME,OFFICER_ID,REPORTING_DISTRICT,DAY_OF_WEEK,CHP_SHIFT,POPULATION,CNTY_CITY_LOC,SPECIAL_COND,BEAT_TYPE,CHP_BEAT_TYPE,CITY_DIVISION_LAPD,CHP_BEAT_CLASS,BEAT_NUMBER,PRIMARY_RD,SECONDARY_RD,DISTANCE,DIRECTION,INTERSECTION,WEATHER_1,WEATHER_2,STATE_HWY_IND,CALTRANS_COUNTY,CALTRANS_DISTRICT,STATE_ROUTE,ROUTE_SUFFIX,POSTMILE_PREFIX,POSTMILE,LOCATION_TYPE,RAMP_INTERSECTION,SIDE_OF_HWY,TOW_AWAY,COLLISION_SEVERITY,NUMBER_KILLED,NUMBER_INJURED,PARTY_COUNT,PRIMARY_COLL_FACTOR,PCF_CODE_OF_VIOL,PCF_VIOL_CATEGORY,PCF_VIOLATION,PCF_VIOL_SUBSECTION,HIT_AND_RUN,TYPE_OF_COLLISION,MVIW,PED_ACTION,ROAD_SURFACE,ROAD_COND_1,ROAD_COND_2,LIGHTING,CONTROL_DEVICE,CHP_ROAD_TYPE,PEDESTRIAN_ACCIDENT,BICYCLE_ACCIDENT,MOTORCYCLE_ACCIDENT,TRUCK_ACCIDENT,NOT_PRIVATE_PROPERTY,ALCOHOL_INVOLVED,STWD_VEHTYPE_AT_FAULT,CHP_VEHTYPE_AT_FAULT,COUNT_SEVERE_INJ,COUNT_VISIBLE_INJ,COUNT_COMPLAINT_PAIN,COUNT_PED_KILLED,COUNT_PED_INJURED,COUNT_BICYCLIST_KILLED,COUNT_BICYCLIST_INJURED,COUNT_MC_KILLED,COUNT_MC_INJURED,PRIMARY_RAMP,SECONDARY_RAMP,LATITUDE,LONGITUDE,COUNTY,CITY,POINT_X,POINT_Y
90700137,2018,2018-06-22,9430,2018-03-08,1050,016050,,4,1,9,1500,0,1,1,,2,052,"I-5 (S/B)","ROCKFORD RD.",168.00,S,N,A,-,Y,,,5,,,,,,,Y,1,1,0,2,A,-,08,22107,,N,C,E,A,A,H,-,A,D,0,,,,Y,Y,,A,01,0,0,0,0,0,0,0,0,0,"- ","- ",34.876399993896484,-118.89440155029297,KERN,UNINCORPORATED,-118.89437103271484,34.876445770263672
90700262,2018,2018-04-06,9426,2018-03-29,1615,018023,,4,2,9,1500,0,3,5,,2,081,"GARDNER FIELD RD","BASIC SCHOOL RD",85.00,W,N,A,-,N,,,,,,,,,,Y,2,0,4,1,A,-,03,22350,,N,E,I,A,A,H,-,A,A,0,,,,,Y,,A,01,3,0,1,0,0,0,0,0,0,"- ","- ",35.101211547851562,-119.31394195556641,KERN,UNINCORPORATED,-119.31446838378906,35.101181030273438
90700520,2018,2018-04-06,9420,2018-03-30,0915,015261,,5,1,9,1500,0,3,5,,2,530,"LERDO HIGHWAY","MAGNOLIA AVENUE",114.00,E,N,A,-,N,,,,,,,,,,Y,2,0,1,2,A,-,08,22107,,N,C,C,A,A,H,-,A,D,0,,,,,Y,,A,01,1,0,0,0,0,0,0,0,0,"- ","- ",35.500289916992188,-119.3680419921875,KERN,UNINCORPORATED,-119.36759948730469,35.500118255615234
90706106,2018,2018-04-16,9495,2018-04-04,1215,019015,,3,1,9,1500,0,1,3,,1,011,"STATE ROUTE 41 SOUTHBOUND","SAN LUIS COUNTY LINE",6864.00,N,N,A,-,Y,,,41,,,,,,S,Y,2,0,2,1,C,-,18,,,N,F,A,A,A,H,-,A,D,0,,,Y,,Y,,-,"- ",1,1,0,0,0,0,0,0,2,"- ","- ",35.772659301757812,-120.17243957519531,KERN,UNINCORPORATED,-120.17243957519531,35.772701263427734
90707096,2018,2018-04-17,9420,2018-04-15,1615,020529,,7,2,9,1500,0,3,5,,2,520,"BENNER ST.","PETERSON RD.",2360.00,N,N,B,-,N,,,,,,,,,,N,2,0,2,1,C,-,18,,,N,H,A,A,A,H,-,A,D,0,,,,,Y,,-,"- ",1,1,0,0,0,0,0,0,0,"- ","- ",35.709739685058594,-119.31183624267578,KERN,UNINCORPORATED,-119.31189727783203,35.70965576171875
90711606,2018,2018-04-24,9420,2018-04-17,1221,013475,,2,1,9,1500,0,1,3,,1,583,"SR-58 (ROSEDALE HIGHWAY)","MOHAWK STREET",0.00,,Y,A,-,Y,,,58,,,,,,,Y,2,0,1,3,A,-,12,21453,A,F,D,C,A,A,H,-,A,A,0,,,,,Y,,A,07,1,0,0,0,0,0,0,0,0,"- ","- ",35.383430480957031,-119.06556701660156,KERN,UNINCORPORATED,-119.06556701660156,35.383327484130859
90717778,2018,2018-05-01,9426,2018-04-14,1625,018023,,6,2,9,1500,0,1,3,,2,582,"SR-58 E/B","NOBLE RD",0.00,,Y,A,-,Y,,,58,,,,,,E,Y,2,0,3,2,A,-,03,22350,,F,C,C,A,A,H,-,A,D,0,,,,,Y,,A,01,1,0,2,0,0,0,0,0,0,"- ","- ",35.3985595703125,-119.31404113769531,KERN,UNINCORPORATED,-119.31404113769531,35.398456573486328
90730608,2018,2018-05-21,9430,2018-04-27,0934,016825,,5,1,9,1500,0,1,1,,2,053,"I-5 N/B","GRAPEVINE LOOP RD",6864.00,S,N,A,-,Y,,,,,,,,,,Y,1,1,0,1,A,-,03,22350,,N,E,I,A,A,H,-,A,D,0,,,,,Y,,A,01,0,0,0,0,0,0,0,0,0,"- ","- ",34.900920867919922,-118.85597229003906,KERN,UNINCORPORATED,,
90761698,2018,2018-07-03,9830,2018-05-09,1213,019872,,3,1,9,1500,0,1,3,,1,022,"STATE ROUTE 58 WESTBOUND","ROSAMOND BOULEVARD",5280.00,W,N,A,-,Y,,,58,,,,,,W,Y,1,1,1,1,A,-,08,22107,,N,F,A,A,A,H,-,A,D,0,,,,,Y,,D,22,0,1,0,0,0,0,0,0,0,"- ","- ",35.010929107666016,-117.89900970458984,KERN,UNINCORPORATED,-117.89899444580078,35.011161804199219
90765302,2018,2018-07-09,9420,2018-07-02,0525,016767,,1,3,9,1500,0,3,5,,2,520,"FAMOSO PORTERVILLE HIGHWAY","WHISLER ROAD",150.00,S,N,A,-,N,,,,,,,,,,N,2,0,1,1,A,-,08,22107,,N,F,A,A,A,H,-,A,D,0,,,Y,,Y,,C,02,1,0,0,0,0,0,0,0,1,"- ","- ",35.645030975341797,-119.20101165771484,KERN,UNINCORPORATED,-119.20101928710938,35.645221710205078
90765562,2018,2018-07-09,9420,2018-03-25,2035,019459,,7,2,9,1500,0,1,3,,2,431,"STATE ROUTE 43 (CENTRAL VALLEY HIGHWAY)","WASCO AVENUE",95.00,N,N,A,-,Y,,,43,,,,,,,Y,1,5,1,2,A,-,01,23152,A,N,A,C,A,A,H,-,D,D,0,,,,,Y,Y,D,22,1,0,0,0,0,0,0,0,0,"- ","- ",35.546058654785156,-119.33120727539062,KERN,UNINCORPORATED,-119.33122253417969,35.546051025390625
90770317,2018,2018-07-16,9430,2018-07-08,1842,019900,,7,2,9,1500,0,1,1,,2,054,"I-5 N/B TO GRAPEVINE RD.","GRAPEVINE RD.",1056.00,N,N,A,-,Y,,,5,,,,R,,N,Y,2,0,2,1,A,-,03,22350,,N,E,I,A,A,H,-,A,D,0,,,,Y,Y,,G,25,1,0,1,0,0,0,0,0,0,"- ","- ",34.940879821777344,-118.93051147460938,KERN,UNINCORPORATED,-118.93051147460938,34.940879821777344
90774258,2018,2018-07-23,9420,2018-05-30,1615,018524,,3,2,9,1500,0,1,3,,2,430,"STATE ROUTE 43","MCCOMBS AVENUE",646.00,S,N,A,-,Y,,,43,,,,,,,Y,1,1,1,2,A,-,01,23152,A,N,A,C,A,A,H,-,A,D,0,,,,,Y,Y,A,01,0,1,0,0,0,0,0,0,0,"- ","- ",35.613128662109375,-119.33155822753906,KERN,UNINCORPORATED,-119.33131408691406,35.613128662109375
90776829,2018,2018-07-26,9420,2018-05-26,1815,021296,,6,2,9,1500,0,1,3,,2,178,"STATE ROUTE 178","DEMOCRAT ROAD",5280.00,W,N,A,-,Y,,,178,,,,,,,Y,1,1,1,2,A,-,01,23152,A,N,A,C,A,A,H,-,A,D,0,,,Y,,Y,Y,C,02,0,1,0,0,0,0,0,1,0,"- ","- ",35.528671264648438,-118.65666961669922,KERN,UNINCORPORATED,-118.65666198730469,35.528675079345703
90777116,2018,2019-01-10,9420,2018-05-03,2220,017972,,4,3,9,1500,0,2,4,,1,072,"EDISON HIGHWAY","EAST CALIFORNIA AVENUE",0.00,,Y,A,-,N,,,,,,,,,,Y,1,1,0,2,A,-,12,22450,A,N,C,C,A,A,H,-,C,A,0,,,Y,,Y,Y,D,22,0,0,0,0,0,0,0,1,0,"- ","- ",35.368640899658203,-118.95761108398438,KERN,UNINCORPORATED,-118.95703887939453,35.368579864501953
9077991,2020,2020-07-30,1506,2020-03-02,1812,7501,43,1,5,4,1506,0,0,0,,0,,"S NORMA ST","W BOWMAN RD",0.00,,Y,A,-,N,,,,,,,,,,N,2,0,1,2,A,-,"- ",,,M,A,G,A,A,H,-,A,A,0,,Y,,,Y,,L,04,1,0,0,0,0,0,1,0,0,"- ","- ",35.609031677246094,-117.69077301025391,KERN,RIDGECREST,-117.67904663085938,35.607810974121094
90785211,2018,2018-08-06,9420,2018-07-29,1912,019442,,7,2,9,1500,0,1,3,,2,091,"SR-99 S/B",SR-46,1930.00,N,N,A,-,Y,,,99,,,,,,S,Y,2,0,1,1,A,-,08,22107,,N,E,I,A,A,H,-,A,D,0,,,Y,,Y,,C,02,1,0,0,0,0,0,0,0,1,"- ","- ",35.603359222412109,-119.21163177490234,KERN,UNINCORPORATED,-119.21173095703125,35.603340148925781
90787375,2018,2018-08-23,9420,2018-06-18,1318,019459,,1,1,9,1500,0,3,5,,2,630,"OLD RIVER ROAD","STATE ROUTE 223",4752.00,S,N,A,-,N,,,,,,,,,,Y,1,2,1,2,A,-,06,21751,,N,A,C,A,A,H,-,A,D,0,,,,,Y,,A,01,1,0,0,0,0,0,0,0,0,"- ","- ",35.195449829101562,-119.10986328125,KERN,UNINCORPORATED,-119.10997772216797,35.195823669433594
90794650,2018,2018-08-21,9420,2018-08-15,0915,013402,,3,1,9,1500,0,1,3,,2,096,"SR-99 N/B",SR-223,1700.00,N,N,A,-,Y,,,99,,,,,,N,Y,2,0,3,2,A,-,03,22350,,N,C,C,A,A,H,-,A,D,0,,,,Y,Y,,D,22,3,0,0,0,0,0,0,0,0,"- ","- ",35.213130950927734,-119.01081085205078,KERN,UNINCORPORATED,-119.0108642578125,35.213119506835938
90795165,2018,2018-08-21,9426,2018-08-12,1925,014850,,7,2,9,1500,0,1,1,,2,504,"I-5 S/B",SR-43,3696.00,N,N,A,-,Y,,,5,,,,,,S,Y,2,0,2,1,A,-,08,22107,,N,F,A,A,A,H,-,A,D,0,,,,,Y,,A,07,1,1,0,0,0,0,0,0,0,"- ","- ",35.299270629882812,-119.25942993164062,KERN,UNINCORPORATED,-119.25946044921875,35.299232482910156
90799102,2018,2018-10-05,9420,2018-04-17,2246,019649,,2,3,9,1500,0,1,3,,1,119,"STATE ROUTE 119","ERRO RANCH ROAD",9926.00,E,N,A,-,Y,,,119,,,,,,,N,1,1,0,2,C,-,18,,,N,G,B,F,A,C,-,D,D,0,Y,,,,Y,,-,"- ",0,0,0,1,0,0,0,0,0,"- ","- ",35.267131805419922,-119.18415832519531,KERN,UNINCORPORATED,-119.18415832519531,35.267120361328125
90799957,2018,2018-09-18,9420,2018-06-26,2138,016828,,2,2,9,1500,0,1,3,,2,431,"STATE ROUTE 43 (BEECH AVENUE)","BURBANK STREET",0.00,,Y,A,-,Y,,,,,,,,,,Y,1,2,2,6,A,-,01,23152,A,M,D,C,A,A,H,-,C,D,0,,,,,Y,Y,A,07,2,0,0,0,0,0,0,0,0,"- ","- ",35.470760345458984,-119.29094696044922,KERN,UNINCORPORATED,,
90802025,2018,2018-08-30,9830,2018-08-23,1012,019317,,4,1,9,1500,0,1,3,,1,022,"SR-58 W/B","ROSAMOND BLVD",2112.00,E,N,A,-,Y,,,58,,,,,,W,Y,2,0,1,1,C,-,18,,,N,E,I,A,A,H,-,A,D,0,,,,,Y,,-,"- ",1,0,0,0,0,0,0,0,0,"- ","- ",35.0087890625,-117.86801910400391,KERN,UNINCORPORATED,-117.86800384521484,35.009002685546875
90809231,2018,2018-09-10,9830,2018-08-31,1540,016971,,5,2,9,1500,0,3,5,,2,003,"SILVER QUEEN RD","WHITE MOOR MINE RD",257.00,W,N,A,-,N,,,,,,,,,,Y,2,0,1,1,A,-,08,22107,,N,F,A,A,A,H,-,A,D,0,,,Y,,Y,,C,02,1,0,0,0,0,0,0,0,1,"- ","- ",34.995040893554688,-118.17716217041016,KERN,UNINCORPORATED,-118.1766357421875,34.995014190673828
90810998,2018,2018-09-12,9420,2018-08-31,0114,019311,,5,3,6,1502,0,1,3,,2,095,"SR-99 S/B","PACHECO ROAD",645.00,S,N,A,-,Y,,,,,,,,,,Y,2,0,2,4,A,-,01,23152,A,N,E,J,A,A,D,-,D,D,0,,,,Y,Y,Y,A,01,1,0,1,0,0,0,0,0,0,"- ","- ",35.183490753173828,-119.22769927978516,KERN,BAKERSFIELD,-119.03397369384766,35.308670043945312
90811580,2018,2018-09-25,9426,2018-07-05,0034,016780,,4,3,9,1500,0,1,1,,2,502,"INTERSTATE 5 NORTHBOUND","LERDO HIGHWAY",5280.00,S,N,A,-,Y,,,5,,,,,,N,Y,1,2,0,2,A,-,01,23152,A,N,A,C,A,A,H,-,D,D,0,,,,,Y,Y,A,01,0,0,0,0,0,0,0,0,0,"- ","- ",35.486801147460938,-119.51792144775391,KERN,UNINCORPORATED,-119.51789093017578,35.486835479736328
90812013,2018,2018-09-13,9420,2018-08-31,1340,015896,,5,1,9,1500,0,3,5,,2,610,"MADRID AVE","LYMRIC WAY",445.00,E,N,A,-,N,,,,,,,,,,Y,2,0,2,5,C,-,18,,,N,B,E,F,A,H,-,A,D,0,Y,,,,Y,,-,"- ",1,1,0,0,1,0,0,0,0,"- ","- ",35.341201782226562,-119.04460144042969,KERN,UNINCORPORATED,-119.04469299316406,35.341205596923828
90819788,2018,2018-09-24,9430,2018-09-16,1658,018416,,7,2,9,1500,0,3,5,,2,004,"I-5 N/B FROM LAVAL RD","WHEELER RIDGE RD.",750.00,W,N,A,-,Y,,,5,,,,R,,N,Y,2,0,1,1,A,-,03,22350,,N,F,A,A,A,H,-,A,D,0,,,Y,,Y,,C,02,1,0,0,0,0,0,0,0,1,"- ","- ",34.990161895751953,-118.94613647460938,KERN,UNINCORPORATED,-118.94613647460938,34.990161895751953
90824634,2018,2018-09-28,9420,2018-09-22,2254,021144,,6,3,9,1500,0,1,3,,1,184,SR-184,"MCKEE RD.",0.00,,Y,B,-,Y,,,184,,,,,,,Y,2,0,4,3,A,-,01,23152,A,F,C,C,A,A,H,-,D,D,0,,,,,Y,Y,A,01,3,1,0,0,0,0,0,0,0,"- ","- ",35.274341583251953,-118.9144287109375,KERN,UNINCORPORATED,-118.91439056396484,35.274341583251953
90826435,2018,2018-10-02,9420,2018-09-22,1730,020814,,6,2,9,1500,0,1,3,,2,096,"SR-99 N/B TO SR-119",SR-119,575.00,S,N,A,-,Y,,,99,,,,R,,N,N,2,0,2,1,A,-,08,22107,,N,E,I,A,A,H,-,A,D,0,,,Y,,Y,,C,02,1,0,1,0,0,0,0,0,2,"- ","- ",35.265308380126953,-119.02198028564453,KERN,UNINCORPORATED,-119.02198028564453,35.265308380126953
90844316,2018,2018-10-25,9830,2018-10-20,1243,019317,,6,1,9,1500,0,3,5,,2,003,"HOLT STREET","PURDY AVENUE",66.00,S,N,A,-,N,,,,,,,,,,Y,2,0,1,1,B,-,22,,,N,E,I,A,A,H,-,A,D,0,,,,,Y,,A,01,1,0,0,0,0,0,0,0,0,"- ","- ",35.024040222167969,-118.18566131591797,KERN,UNINCORPORATED,-118.18571472167969,35.024059295654297
90848448,2018,2018-10-30,9420,2018-10-17,1015,016828,,3,1,9,1500,0,2,4,,1,052,"ROBERTS LANE","BELMONT AVENUE",25.00,W,N,A,-,N,,,,,,,,,,Y,2,0,1,1,C,-,18,,,N,E,I,A,A,H,-,A,D,0,,,,,Y,,-,"- ",1,0,0,0,0,0,0,0,0,"- ","- ",35.408779144287109,-119.03716278076172,KERN,UNINCORPORATED,-119.03706359863281,35.408618927001953
90848860,2018,2018-12-14,9420,2018-10-23,1821,016691,,2,2,9,1500,0,3,5,,2,050,"WARREN AVE","CENTRAL AVE",245.00,W,N,A,-,N,,,,,,,,,,N,2,0,1,2,A,-,08,22107,,N,G,B,E,A,H,-,D,D,0,Y,,,,Y,,A,01,1,0,0,0,1,0,0,0,0,"- ","- ",35.412338256835938,-119.02423858642578,KERN,UNINCORPORATED,-119.02413177490234,35.412284851074219
90849160,2018,2018-10-30,9420,2018-06-22,1156,018643,,5,1,9,1500,0,2,4,,1,064,"OLIVE DRIVE","ROBERTS LANE",1029.00,E,N,A,-,N,,,,,,,,,,Y,1,1,0,2,A,-,09,21801,A,N,F,A,A,A,H,-,A,D,0,,,Y,,Y,,A,01,0,0,0,0,0,0,0,1,0,"- ","- ",35.412239074707031,-119.04518127441406,KERN,UNINCORPORATED,-119.04515838623047,35.412303924560547
90849536,2018,2018-11-01,9830,2018-07-01,1840,019872,,7,2,9,1500,0,3,5,,2,003,"TEHACHAPI WILLOW SPRINGS ROAD","OAK CREEK ROAD",17424.00,S,N,A,-,N,,,,,,,,,,Y,1,1,3,3,A,-,05,21460,A,F,A,C,A,A,H,-,A,D,0,,,,,Y,,A,01,1,0,2,0,0,0,0,0,0,"- ","- ",35.003650665283203,-118.33875274658203,KERN,UNINCORPORATED,-118.34145355224609,35.010231018066406
90850148,2018,2019-01-23,9830,2018-10-19,2133,020866,,5,2,9,1500,0,3,5,,2,003,"20TH STREET WEST","PENGILLEY AVENUE",53.00,S,N,A,-,N,,,,,,,,,,Y,2,0,1,1,A,-,03,22350,,N,E,J,A,A,H,-,D,D,0,,,,,Y,,A,01,1,0,0,0,0,0,0,0,0,"- ","- ",34.847431182861328,-118.16702270507812,KERN,UNINCORPORATED,-118.16703033447266,34.848953247070312
90853671,2018,2018-11-06,9420,2018-10-28,1755,021140,,7,2,9,1500,0,3,5,,2,040,"ALFRED HARRELL HWY","LILY DRIVE",1056.00,W,N,A,-,Y,,,,,,,,,,Y,2,0,1,2,A,-,01,23152,A,N,C,C,A,A,H,-,A,D,0,,,,,Y,Y,A,01,1,0,0,0,0,0,0,0,0,"- ","- ",34.445949554443359,-118.92546081542969,KERN,UNINCORPORATED,,
90856614,2018,2018-11-08,9420,2018-10-08,1930,021480,,1,2,9,1500,0,3,5,,2,672,"EDISON RD","HERMOSA RD",0.00,,Y,A,-,Y,,,,,,,,,,Y,2,0,2,2,A,-,09,21802,A,N,C,C,A,A,H,-,D,A,0,,,,,Y,,A,01,1,0,1,0,0,0,0,0,0,"- ","- ",35.310810089111328,-118.87857055664062,KERN,UNINCORPORATED,-118.87854766845703,35.310829162597656
90857464,2018,2018-11-09,9420,2018-09-28,1156,017243,,5,1,9,1500,0,3,5,,2,040,"RIVER BOULEVARD","NOBLE AVENUE",15.00,S,N,A,-,N,,,,,,,,,,N,1,1,1,3,A,-,11,21954,A,N,G,B,D,A,H,-,A,D,0,Y,,,,Y,,N,60,0,0,1,1,1,0,0,0,0,"- ","- ",35.399921417236328,-118.98526763916016,KERN,UNINCORPORATED,-118.98518371582031,35.399288177490234
90872299,2018,2018-11-30,9420,2018-11-08,1600,018643,,4,2,9,1500,0,1,3,,1,583,"SR-58 (ROSEDALE HIGHWAY)","FRUITVALE AVENUE",0.00,,Y,A,-,Y,,,58,,,,,,,Y,2,0,1,2,A,-,09,21453,C,N,D,C,A,A,H,-,A,A,0,,,Y,,Y,,A,01,1,0,0,0,0,0,0,0,1,"- ","- ",35.383399963378906,-119.07424163818359,KERN,UNINCORPORATED,-119.07424163818359,35.383350372314453
90876477,2018,2018-12-05,9430,2018-11-26,1338,016825,,1,1,9,1500,0,1,1,,2,053,"I-5 N/B","#4 TURN THROUGH",858.00,S,N,A,-,Y,,,5,,,,,,N,Y,2,0,1,2,A,-,01,23152,A,N,E,I,A,A,H,-,A,D,0,,,,,Y,Y,D,22,1,0,0,0,0,0,0,0,0,"- ","- ",34.913051605224609,-118.92337036132812,KERN,UNINCORPORATED,-118.92325592041016,34.913074493408203
90885427,2018,2018-12-18,9420,2018-12-12,1950,021260,,3,2,6,1502,0,1,3,,1,176,"STATE ROUTE 178 EASTBOUND","BAKER STREET",10.00,W,N,B,-,Y,,,178,,,,,,E,N,2,0,1,2,A,-,11,21954,A,N,G,B,D,A,H,-,C,D,0,Y,,,,Y,,N,60,1,0,0,0,1,0,0,0,0,"- ","- ",35.384960174560547,-118.9901123046875,KERN,BAKERSFIELD,-118.99009704589844,35.384918212890625
90885919,2018,2019-01-22,9420,2018-11-04,2105,020634,,7,2,9,1500,0,1,3,,2,589,"STATE ROUTE 58 WESTBOUND","STATE ROUTE 223",60.00,W,N,A,G,Y,,,58,,,,,,W,Y,1,1,0,2,A,-,11,21954,A,N,G,B,E,A,H,-,C,D,0,Y,,,,Y,,N,60,0,0,0,1,0,0,0,0,0,"- ","- ",35.264400482177734,-118.65889739990234,KERN,UNINCORPORATED,-118.65890502929688,35.26434326171875
90887805,2018,2018-12-21,9420,2018-12-16,0035,019531,,7,3,9,1500,0,1,3,,2,204,"SR-204 N/B TO SR-99 N/B","AIRPORT DRIVE",1056.00,N,N,A,-,Y,,,204,,,,R,,N,Y,2,0,2,1,A,-,01,23152,A,N,E,I,A,A,H,-,D,D,0,,,,,Y,Y,A,01,1,0,1,0,0,0,0,0,0,"- ","- ",35.404041290283203,-119.04512023925781,KERN,UNINCORPORATED,-119.04512023925781,35.404041290283203
90888097,2018,2018-12-21,9426,2018-12-15,1831,016953,,6,2,9,1500,0,1,3,,2,582,SR-58,"BRANDT ROAD",2640.00,E,N,A,-,Y,,,58,,,,,,,Y,2,0,2,2,A,-,01,23152,A,N,A,C,A,A,H,-,D,D,0,,,,,Y,Y,D,22,2,0,0,0,0,0,0,0,0,"- ","- ",35.398811340332031,-119.37001800537109,KERN,UNINCORPORATED,-119.37001800537109,35.398731231689453
90891809,2018,2018-12-27,9426,2018-11-12,2210,016579,,1,3,9,1500,0,1,3,,2,331,SR-33,"MIDWAY ROAD",2640.00,N,N,A,-,Y,,,33,,,,,,,Y,1,1,0,1,A,-,01,23152,A,N,E,I,A,A,H,-,E,D,0,,,,,Y,Y,A,01,0,0,0,0,0,0,0,0,0,"- ","- ",35.185020446777344,-119.53282928466797,KERN,UNINCORPORATED,-119.5328369140625,35.185009002685547
90899407,2019,2019-01-07,9830,2019-01-01,1510,020866,,2,2,9,1500,0,3,5,,2,001,"SAND CANYON RD","RABITISHA AVE",1056.00,N,N,A,-,N,,,,,,,,,,N,2,0,1,1,A,-,03,22350,,N,F,A,A,A,H,-,A,D,0,,,Y,,Y,,C,02,1,0,0,0,0,0,0,0,1,"- ","- ",35.136428833007812,-118.32328796386719,KERN,UNINCORPORATED,-118.32328796386719,35.136489868164062
90900042,2019,2019-01-08,9420,2019-01-05,0505,020814,,6,3,9,1500,0,1,3,,2,462,SR-46,SR-99,9504.00,W,N,A,-,Y,,,46,,,,,,,Y,2,0,2,1,A,-,01,23152,A,N,F,J,A,A,H,-,D,D,0,,,,,Y,Y,A,01,1,1,0,0,0,0,0,0,0,"- ","- ",35.602008819580078,-119.24372100830078,KERN,UNINCORPORATED,-119.24372100830078,35.601879119873047
90905380,2019,2019-01-16,9830,2019-01-11,1125,014518,,5,1,9,1500,0,1,3,,1,040,"SR-14 S/B","REDROCK RANDSBURG RD",0.00,,Y,B,-,Y,,,14,,,,,,S,Y,2,0,1,2,A,-,09,21802,A,N,C,C,A,A,H,-,A,D,0,,,Y,,Y,,A,01,1,0,0,0,0,0,0,0,1,"- ","- ",35.31201171875,-117.98712921142578,KERN,UNINCORPORATED,-117.98713684082031,35.312019348144531
90907252,2019,2019-01-18,9420,2019-01-13,1545,015977,,7,2,9,1500,0,1,3,,2,155,SR-155,SR-178,124.00,N,N,A,-,Y,,,155,,,,,,,Y,2,0,1,1,A,-,08,22107,,N,E,I,A,A,H,-,A,D,0,,,Y,,Y,,C,02,1,0,0,0,0,0,0,0,1,"- ","- ",35.628280639648438,-118.47882843017578,KERN,UNINCORPORATED,-118.478759765625,35.628383636474609
90907561,2019,2019-02-19,9420,2019-01-12,2050,020501,,6,2,9,1500,0,3,5,,2,671,"S. EDISON RD","E. PANAMA LN",627.00,S,N,A,-,N,,,,,,,,,,Y,2,0,2,1,A,-,03,22350,,N,E,J,A,A,H,-,D,D,0,,,,,Y,,A,01,1,1,0,0,0,0,0,0,0,"- ","- ",35.294498443603516,-118.87841033935547,KERN,UNINCORPORATED,-118.87852478027344,35.294548034667969
90907578,2019,2019-02-26,9830,2019-01-14,1740,014565,,1,2,9,1500,0,2,4,,1,032,"SIERRA HWY","LOCUST ST.",130.00,N,N,B,C,N,,,,,,,,,,N,2,0,1,2,A,-,11,21954,A,N,G,B,D,A,H,-,D,D,0,Y,,,,Y,Y,N,60,1,0,0,0,1,0,0,0,0,"- ","- ",34.863391876220703,-118.16306304931641,KERN,UNINCORPORATED,-118.16312408447266,34.863124847412109
90909509,2019,2019-01-23,9420,2019-01-15,2000,013475,,2,2,9,1500,0,3,5,,2,040,"ALFRED HARRELL HIGHWAY","RIVER ROAD",2640.00,W,N,A,-,N,,,,,,,,,,Y,2,0,1,1,A,-,08,22107,,N,E,I,A,A,H,-,D,D,0,,,,,Y,,D,22,1,0,0,0,0,0,0,0,0,"- ","- ",35.447650909423828,-118.92939758300781,KERN,UNINCORPORATED,-118.93000030517578,35.447826385498047
90915493,2019,2019-01-30,9426,2019-01-19,2220,018633,,6,3,9,1500,0,3,5,,2,082,"TRACY AVE","SULLIVAN RD",1584.00,S,N,A,-,N,,,,,,,,,,Y,2,0,1,1,A,-,01,23152,A,N,E,I,A,A,H,-,D,D,0,,,,,Y,,A,01,1,0,0,0,0,0,0,0,0,"- ","- ",35.409408569335938,-119.41062927246094,KERN,UNINCORPORATED,-119.41055297851562,35.409034729003906
90916000,2019,2019-01-30,9830,2019-01-18,0600,020113,,5,1,9,1500,0,1,2,,1,054,US-395,"BOUNDRY RD",1690.00,N,N,A,-,Y,,,395,,,,,,,Y,2,0,3,3,A,-,05,21460,C,N,A,C,A,A,H,-,D,D,0,,,,,Y,,A,01,1,1,1,0,0,0,0,0,0,"- ","- ",35.545291900634766,-117.69394683837891,KERN,UNINCORPORATED,-117.69395446777344,35.5452880859375
90921962,2019,2019-02-08,9420,2019-01-29,1645,016969,,2,2,9,1500,0,3,5,,2,520,"WALLACE RD","FAMOSO RD",0.00,,Y,B,-,N,,,,,,,,,,Y,2,0,4,2,A,-,12,22450,A,N,D,C,A,A,H,-,A,A,0,,,,,Y,,A,01,1,0,3,0,0,0,0,0,0,"- ","- ",35.602081298828125,-119.16883087158203,KERN,UNINCORPORATED,-119.16883850097656,35.602069854736328
90926017,2018,2019-02-13,9420,2018-10-30,2500,017243,,2,4,9,1500,0,1,3,,2,177,"STATE ROUTE 178","BAKERSFIELD CITY LIMIT",300.00,E,N,A,-,Y,,,,,,,,,,Y,1,1,0,1,A,-,08,22107,,N,E,I,A,A,H,-,A,D,0,,,,,Y,,A,01,0,0,0,0,0,0,0,0,0,"- ","- ",35.442550659179688,-118.77925872802734,KERN,UNINCORPORATED,,