CASE_ID,ACCIDENT_YEAR,PROC_DATE,JURIS,COLLISION_DATE,COLLISION_TIME,OFFICER_ID,REPORTING_DISTRICT,DAY_OF_WEEK,CHP_SHIFT,POPULATION,CNTY_CITY_LOC,SPECIAL_COND,BEAT_TYPE,CHP_BEAT_TYPE,CITY_DIVISION_LAPD,CHP_BEAT_CLASS,BEAT_NUMBER,PRIMARY_RD,SECONDARY_RD,DISTANCE,DIRECTION,INTERSECTION,WEATHER_1,WEATHER_2,STATE_HWY_IND,CALTRANS_COUNTY,CALTRANS_DISTRICT,STATE_ROUTE,ROUTE_SUFFIX,POSTMILE_PREFIX,POSTMILE,LOCATION_TYPE,RAMP_INTERSECTION,SIDE_OF_HWY,TOW_AWAY,COLLISION_SEVERITY,NUMBER_KILLED,NUMBER_INJURED,PARTY_COUNT,PRIMARY_COLL_FACTOR,PCF_CODE_OF_VIOL,PCF_VIOL_CATEGORY,PCF_VIOLATION,PCF_VIOL_SUBSECTION,HIT_AND_RUN,TYPE_OF_COLLISION,MVIW,PED_ACTION,ROAD_SURFACE,ROAD_COND_1,ROAD_COND_2,LIGHTING,CONTROL_DEVICE,CHP_ROAD_TYPE,PEDESTRIAN_ACCIDENT,BICYCLE_ACCIDENT,MOTORCYCLE_ACCIDENT,TRUCK_ACCIDENT,NOT_PRIVATE_PROPERTY,ALCOHOL_INVOLVED,STWD_VEHTYPE_AT_FAULT,CHP_VEHTYPE_AT_FAULT,COUNT_SEVERE_INJ,COUNT_VISIBLE_INJ,COUNT_COMPLAINT_PAIN,COUNT_PED_KILLED,COUNT_PED_INJURED,COUNT_BICYCLIST_KILLED,COUNT_BICYCLIST_INJURED,COUNT_MC_KILLED,COUNT_MC_INJURED,PRIMARY_RAMP,SECONDARY_RAMP,LATITUDE,LONGITUDE,COUNTY,CITY,POINT_X,POINT_Y
90928794,2019,2019-02-19,9420,2019-02-08,1830,019531,,5,2,9,1500,0,3,5,,2,671,"SOUTH COMANCHE DRIVE","MOUNTAIN VIEW ROAD",1100.00,S,N,A,-,N,,,,,,,,,,Y,2,0,1,1,A,-,08,22107,,N,E,I,A,A,H,-,D,D,0,,,,,Y,,A,01,1,0,0,0,0,0,0,0,0,"- ","- ",35.278759002685547,-118.84288787841797,KERN,UNINCORPORATED,-118.84284210205078,35.278842926025391
90933102,2019,2019-05-15,9430,2019-01-04,0545,016388,,5,3,9,1500,0,1,1,,2,053,"I-5 N/B (GOLDEN STATE FREEWAY)","GRAPEVINE ROAD",6336.00,S,N,G,-,Y,,,5,,,,,,N,Y,1,1,0,3,A,-,00,11550,A,N,G,B,E,A,H,-,D,D,0,Y,,,,Y,,N,60,0,0,0,1,0,0,0,0,0,"- ","- ",34.921329498291016,-118.92340087890625,KERN,UNINCORPORATED,-118.92343902587891,34.921340942382812
90933701,2019,2019-02-25,9420,2019-02-20,1820,019963,,3,2,9,1500,0,2,4,,1,072,"NILES STREET","ISABEL ROAD",55.00,W,N,B,-,N,,,,,,,,,,N,2,0,1,2,A,-,11,21954,A,N,G,B,D,A,H,-,C,D,0,Y,,,,Y,,N,60,1,0,0,0,1,0,0,0,0,"- ","- ",35.375869750976562,-118.94561004638672,KERN,UNINCORPORATED,-118.9454345703125,35.375949859619141
90937642,2019,2019-03-01,9420,2019-01-29,0935,021788,,2,1,9,1500,0,1,3,,2,155,"STATE ROUTE 155","AIRFORCE WAY",3696.00,W,N,A,-,Y,,,,,,,,,,Y,1,1,1,2,A,-,05,21460,A,N,A,C,A,A,H,-,A,D,0,,,,,Y,,A,01,1,0,0,0,0,0,0,0,0,"- ","- ",35.409408569335938,-118.28119659423828,KERN,UNINCORPORATED,-118.48461151123047,35.655490875244141
90938495,2019,2019-03-04,9420,2019-02-21,1530,019531,,4,2,9,1500,0,1,3,,1,184,SR-184,"MULLER ROAD",25.00,N,N,A,B,Y,,,184,,,,,,,Y,2,0,1,2,A,-,03,22350,,N,D,C,A,B,H,-,A,D,0,,,,,Y,,D,22,1,0,0,0,0,0,0,0,0,"- ","- ",35.325248718261719,-118.91423034667969,KERN,UNINCORPORATED,-118.91431427001953,35.325248718261719
90938624,2019,2019-03-04,9420,2019-02-24,1126,019098,,7,1,9,1500,0,2,4,,1,075,"S. UNION AVENUE","ADAMS STREET",210.00,N,N,A,-,Y,,,,,,,,,,N,2,0,3,2,A,-,11,21954,A,N,G,B,D,A,H,-,A,D,0,Y,,Y,,Y,,N,60,1,2,0,0,1,0,0,0,2,"- ","- ",35.343959808349609,-119.00315093994141,KERN,UNINCORPORATED,-119.00311279296875,35.344184875488281
90945260,2019,2019-03-13,9420,2019-03-09,1450,019845,,6,2,9,1500,0,3,5,,2,620,"NORD AVENUE","KRATZMEYER ROAD",2112.00,S,N,B,-,N,,,,,,,,,,N,2,0,1,1,A,-,03,22350,,N,E,I,A,A,A,-,A,D,0,,,Y,,Y,,C,02,1,0,0,0,0,0,0,0,1,"- ","- ",35.413898468017578,-119.19879913330078,KERN,UNINCORPORATED,-119.19871520996094,35.413993835449219
90948062,2019,2019-03-18,9420,2019-01-15,2500,017243,,2,4,9,1500,0,1,3,,2,177,"STATE ROUTE 178","DEMOCRAT ROAD",5280.00,W,N,B,C,Y,,,178,,,,,,,Y,1,1,0,1,A,-,08,22107,,N,E,I,A,B,H,-,D,D,0,,,,,Y,Y,D,22,0,0,0,0,0,0,0,0,0,"- ","- ",35.513759613037109,-118.68881988525391,KERN,UNINCORPORATED,-118.68870544433594,35.513442993164062
90948137,2019,2019-03-18,9420,2019-03-10,1955,019531,,7,2,9,1500,0,3,5,,2,671,"SOUTH VINELAND ROAD","EAST PANAMA ROAD",0.00,,Y,A,-,N,,,,,,,,,,N,2,0,1,1,A,-,12,22450,A,N,E,I,A,A,H,-,D,A,0,,,,,Y,,A,01,1,0,0,0,0,0,0,0,0,"- ","- ",35.26702880859375,-118.89633941650391,KERN,UNINCORPORATED,-118.8963623046875,35.267051696777344
90958773,2019,2019-04-08,9420,2019-03-23,2150,021144,,6,2,9,1500,0,1,3,,2,096,"SR-99 N/B","DAVID RD.",995.00,S,N,B,-,Y,,,99,,,,,,N,Y,2,0,5,2,A,-,08,22107,,N,B,C,A,A,H,-,D,D,0,,,,,Y,,A,01,2,3,0,0,0,0,0,0,0,"- ","- ",35.0914306640625,-118.97834014892578,KERN,UNINCORPORATED,-118.97838592529297,35.091415405273438
90961440,2019,2019-04-04,9430,2019-03-29,0945,017152,,5,1,9,1500,0,3,5,,2,004,"WHEELER RIDGE ROAD","LEGRAY RD",1584.00,S,N,A,B,N,,,,,,,,,,Y,2,0,3,3,A,-,03,22350,,N,C,C,A,A,H,-,A,D,0,,,,,Y,,A,07,1,0,2,0,0,0,0,0,0,"- ","- ",35.027088165283203,-118.92903137207031,KERN,UNINCORPORATED,-118.92898559570312,35.027061462402344
90971182,2019,2019-04-19,9426,2019-04-10,2355,017230,,3,3,9,1500,0,1,3,,1,118,"STATE HIGHWAY 119","GOLF COURSE RD",5280.00,E,N,A,-,Y,,,119,,,,,,,Y,2,0,1,1,A,-,01,23152,A,N,E,I,A,A,H,-,D,D,0,,,,,Y,Y,A,01,1,0,0,0,0,0,0,0,0,"- ","- ",35.240619659423828,-119.35639190673828,KERN,UNINCORPORATED,-119.35642242431641,35.240680694580078
90974411,2019,2019-04-24,9420,2019-04-21,1005,017256,,7,1,9,1500,0,1,3,,2,154,SR-155,SR-65,26400.00,E,N,A,-,Y,,,155,,,,,,,N,2,0,1,2,A,-,04,21703,,N,H,J,A,A,H,-,A,D,0,,Y,,,Y,,L,04,1,0,0,0,0,0,1,0,0,"- ","- ",35.745979309082031,-118.96784973144531,KERN,UNINCORPORATED,-118.96784973144531,35.746002197265625
90982202,2019,2019-05-06,9830,2019-04-29,0518,019872,,1,3,9,1500,0,2,4,,1,042,"BUSINESS ROUTE 58 NORTH",SR-58,750.00,S,N,B,-,N,,,,,,,,,,Y,2,0,1,1,A,-,03,22350,,N,F,A,A,B,H,-,B,D,0,,,Y,,Y,,C,02,1,0,0,0,0,0,0,0,1,"- ","- ",35.111709594726562,-118.18022155761719,KERN,UNINCORPORATED,-118.18006134033203,35.111637115478516
90986063,2019,2019-06-28,9420,2019-03-29,1605,019845,,5,2,9,1500,0,2,4,,2,074,"E. PANAMA ROAD","COMANCHE DRIVE",0.00,,Y,A,-,N,,,,,,,,,,Y,1,1,0,2,A,-,12,22450,A,N,D,C,A,A,H,-,A,A,0,,,,Y,Y,,A,01,0,0,0,0,0,0,0,0,0,"- ","- ",35.267410278320312,-118.84288787841797,KERN,UNINCORPORATED,-118.84278106689453,35.267330169677734
90986306,2019,2019-05-10,9420,2019-05-04,1935,021769,,6,2,9,1500,0,2,4,,2,021,"SIERRA WAY","BUENA VISTA DR",11088.00,N,N,A,-,N,,,,,,,,,,Y,2,0,3,1,A,-,08,22107,,N,E,I,A,A,H,-,D,D,0,,,,,Y,,A,01,1,0,2,0,0,0,0,0,0,"- ","- ",35.783500671386719,-118.443603515625,KERN,UNINCORPORATED,-118.44062042236328,35.781574249267578
90990893,2019,2019-05-17,9426,2019-05-12,1116,016780,,7,1,9,1500,0,1,3,,2,432,SR-43,"MUNZER RD",1056.00,S,N,A,-,Y,,,43,,,,,,,Y,2,0,1,1,A,-,08,22107,,N,F,A,A,A,H,-,A,D,0,,,,,Y,,A,01,1,0,0,0,0,0,0,0,0,"- ","- ",35.320960998535156,-119.25247955322266,KERN,UNINCORPORATED,-119.25228118896484,35.320964813232422
90992244,2019,2019-05-20,9420,2019-05-11,2305,021260,,6,3,9,1500,0,3,5,,2,050,"OLIVE DRIVE","STATE ROAD",517.00,E,N,A,-,N,,,,,,,,,,Y,2,0,1,2,A,-,09,21801,A,N,D,C,A,A,H,-,C,D,0,,,Y,,Y,,A,01,1,0,0,0,0,0,0,0,1,"- ","- ",35.412418365478516,-119.05094146728516,KERN,UNINCORPORATED,-119.05107879638672,35.412425994873047
90996773,2019,2019-05-28,9420,2019-02-19,0600,017256,,2,1,9,1500,0,3,5,,2,510,"WASCO POND ROAD","GARCES HIGHWAY",0.00,,Y,A,-,N,,,,,,,,,,Y,1,1,1,2,A,-,12,22450,A,N,D,C,A,A,H,-,D,A,0,,,,,Y,,D,22,0,0,1,0,0,0,0,0,0,"- ","- ",35.761280059814453,-119.32968902587891,KERN,UNINCORPORATED,-119.32975006103516,35.761260986328125
90998146,2019,2019-05-29,9420,2019-05-23,0545,014770,,4,3,9,1500,0,3,5,,2,671,"TEJON HWY.","PANAMA RD.",0.00,,Y,B,C,N,,,,,,,,,,Y,2,0,3,2,A,-,09,21801,A,N,A,C,A,B,H,-,A,D,0,,,,,Y,,A,01,1,0,2,0,0,0,0,0,0,"- ","- ",35.162620544433594,-118.49297332763672,KERN,UNINCORPORATED,-118.82491302490234,35.267360687255859
91002264,2019,2019-06-03,9420,2019-05-23,0955,017243,,4,1,9,1500,0,1,3,,2,177,SR-178,"MOUTH OF THE CANYON",4752.00,E,N,B,C,Y,,,178,,,,,,,Y,2,0,1,1,A,-,03,22350,,N,E,I,A,B,H,-,A,D,0,,,,,Y,,A,07,1,0,0,0,0,0,0,0,0,"- ","- ",35.461631774902344,-118.76219940185547,KERN,UNINCORPORATED,-118.76219940185547,35.461624145507812
91009083,2019,2019-06-13,9830,2019-06-06,0350,019977,,4,3,9,1500,0,1,3,,2,021,"SR-58 E/B","BUSINESS 58 EAST",3168.00,W,N,A,-,Y,,,,,,,,,,Y,2,0,2,2,A,-,01,23152,A,N,C,C,A,A,H,-,D,D,0,,,,Y,Y,Y,A,01,2,0,0,0,0,0,0,0,0,"- ","- ",35.246311187744141,-118.64463043212891,KERN,UNINCORPORATED,,
91029565,2019,2019-07-12,9420,2019-07-09,1900,021140,,2,2,9,1500,0,1,3,,2,177,SR-178,"UPPER RICHBAR",5280.00,E,N,A,-,Y,,,178,,,,,,,Y,2,0,2,2,A,-,05,21460,A,N,A,C,A,A,H,-,A,D,0,,,Y,,Y,,C,02,1,1,0,0,0,0,0,0,1,"- ","- ",35.477218627929688,-118.71071624755859,KERN,UNINCORPORATED,-118.71073150634766,35.477249145507812
91032544,2019,2019-07-17,9426,2019-07-11,0750,016162,,4,1,9,1500,0,1,1,,2,506,"I-5 S/B","COPUS RD",2640.00,N,N,A,-,Y,,,5,,,,,,S,Y,2,0,2,1,A,-,08,22107,,N,F,A,A,A,H,-,A,D,0,,,,,Y,,A,01,2,0,0,0,0,0,0,0,0,"- ","- ",35.099090576171875,-119.04196166992188,KERN,UNINCORPORATED,-119.04196166992188,35.099086761474609
91033927,2019,2019-07-19,9420,2019-07-09,2333,019311,,2,3,9,1500,0,2,4,,1,072,"MT. VERNON AVE","CALIFORNIA AVE",0.00,,Y,A,-,N,,,,,,,,,,Y,2,0,1,2,A,-,12,21453,A,N,A,C,A,A,H,-,C,D,0,,,,,Y,,D,22,1,0,0,0,0,0,0,0,0,"- ","- ",35.227020263671875,-118.58345794677734,KERN,UNINCORPORATED,-118.96762847900391,35.368679046630859
91035071,2019,2019-07-22,9420,2019-04-21,2027,020501,,7,2,9,1500,0,3,5,,2,050,"SEQUOIA DRIVE","WOODROW AVENUE",0.00,,Y,A,-,N,,,,,,,,,,Y,1,1,1,2,A,-,03,22350,,F,D,C,A,A,H,-,C,A,0,,,Y,,Y,,C,02,1,0,0,0,0,0,0,1,1,"- ","- ",35.416389465332031,-119.03446197509766,KERN,UNINCORPORATED,-119.03444671630859,35.416370391845703
91037958,2019,2019-07-25,9426,2019-07-20,2135,018023,,6,2,9,1500,0,3,5,,2,087,"OLD RIVER RD","HERRING RD",2112.00,S,N,A,-,N,,,,,,,,,,Y,2,0,1,1,A,-,08,22107,,N,F,A,A,A,H,-,D,D,0,,,,,Y,,D,22,1,0,0,0,0,0,0,0,0,"- ","- ",35.144668579101562,-119.11000061035156,KERN,UNINCORPORATED,-119.10980987548828,35.146152496337891
91040410,2019,2019-07-29,9830,2019-07-18,1605,020960,,4,2,9,1500,0,1,3,,2,030,SR14,"AVENUE A",7920.00,N,N,A,-,Y,,,14,,,,,,,Y,2,0,3,1,A,-,08,22107,,N,F,A,A,A,H,-,A,D,0,,,,,Y,,A,07,1,2,0,0,0,0,0,0,0,"- ","- ",34.843288421630859,-118.17108154296875,KERN,UNINCORPORATED,-118.17093658447266,34.843299865722656
91044925,2019,2019-08-05,9420,2019-07-20,1628,021480,,6,2,9,1500,0,1,3,,2,588,"SR-58 E/B","HART FLAT RD",1200.00,W,N,A,-,Y,,,58,,,,,,E,Y,2,0,1,1,A,-,03,22350,,N,E,I,A,A,H,-,A,D,0,,,Y,,Y,,C,02,1,0,0,0,0,0,0,0,1,"- ","- ",35.246330261230469,-118.59322357177734,KERN,UNINCORPORATED,-118.59328460693359,35.24627685546875
91047049,2019,2019-08-07,9420,2019-07-31,1925,019868,,3,2,9,1500,0,3,5,,2,070,"LOCUST RAVINE","QUINCY ST",0.00,,Y,A,-,N,,,,,,,,,,Y,2,0,1,3,A,-,01,23152,A,N,B,C,A,A,H,-,A,D,0,,,Y,,Y,Y,C,02,1,0,0,0,0,0,0,0,1,"- ","- ",35.378921508789062,-118.96279907226562,KERN,UNINCORPORATED,-118.96276092529297,35.378898620605469
91052978,2019,2019-10-18,9426,2019-07-07,1520,019896,,7,2,9,1500,0,1,3,,1,460,SR-46,"LOST HILLS RD",2112.00,E,N,A,-,Y,,,46,,,,,,,Y,1,1,2,2,A,-,03,22350,,N,A,C,A,A,H,-,A,D,0,,,,,Y,,A,01,1,1,0,0,0,0,0,0,0,"- ","- ",35.616020202636719,-119.68202972412109,KERN,UNINCORPORATED,-119.68202972412109,35.615993499755859
91058450,2019,2019-08-23,9830,2019-08-17,1435,019883,,6,2,9,1500,0,1,2,,1,053,US-395,"BOWMAN RD",4224.00,S,N,A,-,Y,,,,,,,,,,Y,2,0,4,2,A,-,08,22107,,N,A,C,A,A,H,-,A,D,0,,,,,Y,,A,07,2,0,2,0,0,0,0,0,0,"- ","- ",35.358081817626953,-117.45198059082031,KERN,UNINCORPORATED,-117.75450897216797,35.598152160644531
91066649,2019,2019-10-01,9420,2019-08-12,2015,020163,,1,2,9,1500,0,3,5,,2,671,"DI GIORGIO RD.","COTTONWOOD RD.",976.00,W,N,A,-,N,,,,,,,,,,Y,2,0,8,2,A,-,01,23152,A,N,A,C,A,A,H,-,D,D,0,,,,,Y,Y,D,22,5,3,0,0,0,0,0,0,0,"- ","- ",35.252288818359375,-118.98870849609375,KERN,UNINCORPORATED,-118.98859405517578,35.252296447753906
91069575,2019,2019-09-06,9426,2019-08-24,0957,014887,,6,1,9,1500,0,1,1,,2,504,"INTERSTATE 5 (SOUTHBOUND)","STATE ROUTE 58",9504.00,S,N,A,-,Y,,,5,,,,,,,Y,1,2,4,1,A,-,08,22107,,N,F,A,A,A,H,-,A,D,0,,,,,Y,,A,07,1,2,1,0,0,0,0,0,0,"- ","- ",35.381080627441406,-119.37323760986328,KERN,UNINCORPORATED,-119.37315368652344,35.381198883056641
91075824,2019,2019-10-28,9420,2019-09-07,2229,021133,,6,3,9,1500,0,2,4,,1,075,"SOUTH UNION AVENUE","ADAMS STREET",485.00,N,N,A,-,N,,,,,,,,,,N,1,1,0,2,A,-,05,21650,,F,H,G,A,A,H,-,C,D,0,,Y,,,Y,,L,04,0,0,0,0,0,1,0,0,0,"- ","- ",35.344978332519531,-119.0029296875,KERN,UNINCORPORATED,-119.00311279296875,35.344940185546875
91080273,2019,2019-09-23,9420,2019-09-15,0215,021133,,7,3,9,1500,0,2,4,,1,072,"EDISON HWY","S. VINELAND RD",2080.00,E,N,B,-,N,,,,,,,,,,Y,2,0,1,1,A,-,01,23152,A,N,E,J,A,A,H,-,D,D,0,,,,,Y,Y,A,01,1,0,0,0,0,0,0,0,0,"- ","- ",35.352439880371094,-118.88967132568359,KERN,UNINCORPORATED,-118.88977813720703,35.352428436279297
91081462,2019,2019-09-24,9420,2019-09-13,2000,019903,,5,2,9,1500,0,3,5,,2,510,"ROWLEE RD","GARCES HWY",5280.00,N,N,A,-,N,,,,,,,,,,Y,2,0,1,1,A,-,08,22107,,N,F,A,A,A,H,-,D,D,0,,,,Y,Y,,F,25,1,0,0,0,0,0,0,0,0,"- ","- ",35.765888214111328,-119.47682189941406,KERN,UNINCORPORATED,-119.472412109375,35.772823333740234
91082883,2019,2019-09-25,9426,2019-09-20,1330,014887,,5,1,9,1500,0,1,1,,2,500,"I-5 N/B","TWISSELMAN RD",1584.00,S,N,A,-,Y,,,5,,,,,,N,Y,2,0,3,2,A,-,08,22107,,N,F,A,A,A,H,-,A,D,0,,,,,Y,,M,47,2,1,0,0,0,0,0,0,0,"- ","- ",35.728599548339844,-119.73715972900391,KERN,UNINCORPORATED,-119.73683166503906,35.728843688964844
91083767,2019,2019-09-26,9420,2019-09-12,1915,017256,,4,2,9,1500,0,2,4,,1,064,"OLIVE DRIVE","STATE ROUTE 99",43.00,W,N,A,-,N,,,,,,,,,,N,2,0,1,2,A,-,11,21954,A,N,G,B,D,A,H,-,A,D,0,Y,,,,Y,,N,60,1,0,0,0,1,0,0,0,0,"- ","- ",35.412258148193359,-119.05532073974609,KERN,UNINCORPORATED,-119.05537414550781,35.412380218505859
91086104,2019,2019-10-07,9426,2019-07-17,0001,018633,,3,3,9,1500,0,1,1,,2,500,"I-5 S/B",SR-46,7392.00,N,N,A,-,Y,,,5,,,,,,S,Y,1,1,0,4,A,-,03,22350,,N,C,C,A,A,D,-,D,D,0,,,,Y,Y,,G,25,0,0,0,0,0,0,0,0,0,"- ","- ",35.63336181640625,-119.66609954833984,KERN,UNINCORPORATED,-119.66616821289062,35.633308410644531
91087750,2019,2019-11-18,9426,2019-08-09,2358,018610,,5,3,9,1500,0,1,1,,2,504,"I-5 S/B","STOCKDALE HWY",3696.00,S,N,A,-,Y,,,5,,,,,,S,Y,1,1,4,1,A,-,08,22107,,N,F,A,A,A,H,-,D,D,0,,,,,Y,,A,07,2,2,0,0,0,0,0,0,0,"- ","- ",35.346908569335938,-119.32472991943359,KERN,UNINCORPORATED,-119.32480621337891,35.346809387207031
91092369,2019,2019-10-08,9420,2019-09-29,1855,020402,,7,2,9,1500,0,3,5,,2,060,"VERDUGO LANE","MEACHAM ROAD",0.00,,Y,A,-,N,,,,,,,,,,Y,2,0,2,2,A,-,01,23152,A,N,D,C,A,A,H,-,B,A,0,,,,,Y,Y,A,01,2,0,0,0,0,0,0,0,0,"- ","- ",35.390708923339844,-119.11892700195312,KERN,UNINCORPORATED,-119.11897277832031,35.390708923339844
91097534,2019,2019-11-18,9426,2019-09-27,2345,018919,,5,3,9,1500,0,1,1,,2,502,"I-5 S/B","ROWLEE ROAD",3696.00,N,N,A,-,Y,,,5,,,,,,S,Y,1,1,0,1,A,-,01,23152,A,N,E,I,A,A,H,-,D,D,0,,,,,Y,Y,A,01,0,0,0,0,0,0,0,0,0,"- ","- ",35.462268829345703,-119.48468017578125,KERN,UNINCORPORATED,-119.48464202880859,35.462318420410156
91102072,2019,2019-10-21,9420,2019-10-07,1425,019140,,1,2,9,1500,0,3,5,,2,520,"FAMOSO PORTERVILLE HIGHWAY","WHISLER ROAD",0.00,,Y,A,-,N,,,,,,,,,,Y,2,0,1,1,A,-,03,22350,,N,F,A,A,A,H,-,A,D,0,,,,Y,Y,,G,25,1,0,0,0,0,0,0,0,0,"- ","- ",35.635261535644531,-119.19600677490234,KERN,UNINCORPORATED,-119.20073699951172,35.645549774169922
91107523,2019,2019-11-08,9420,2019-08-27,0525,018932,,2,3,9,1500,0,1,3,,2,223,"STATE ROUTE 223","CUDA STREET",301.00,W,N,A,-,Y,,,223,,,,,,,Y,1,2,3,2,A,-,05,21650,,N,A,C,A,A,H,-,D,D,0,,,,,Y,,A,01,3,0,0,0,0,0,0,0,0,"- ","- ",35.20880126953125,-118.87805938720703,KERN,UNINCORPORATED,-118.87805938720703,35.208820343017578
91112888,2019,2019-11-04,9420,2019-10-24,0548,016767,,4,3,9,1500,0,1,3,,2,430,SR-43,"MCCOMBS ROAD",0.00,,Y,A,-,Y,,,43,,,,,,,Y,2,0,1,4,A,-,03,22350,,N,D,E,A,A,H,-,D,D,0,,,,,Y,,A,07,1,0,0,0,0,0,0,0,0,"- ","- ",35.616001129150391,-119.33119964599609,KERN,UNINCORPORATED,-119.33128356933594,35.616001129150391
91123548,2019,2019-11-19,9420,2019-11-11,1050,019140,,1,1,9,1500,0,1,3,,2,177,"STATE ROUTE 178","LIVE OAK DAY USE ENTRANCE",15312.00,W,N,A,-,Y,,,,,,,,,,Y,2,0,1,1,A,-,08,22107,,N,F,A,A,A,H,-,A,D,0,,,Y,,Y,,C,02,1,0,0,0,0,0,0,0,1,"- ","- ",,,KERN,UNINCORPORATED,,
91128598,2019,2019-11-25,9420,2019-11-17,1825,021308,,7,2,9,1500,0,2,4,,1,072,"E. CALIFORNIA AVE. (2200 BLOCK)","MT. VERNON AVE.",528.00,E,N,A,-,N,,,,,,,,,,Y,2,0,3,2,A,-,01,23152,A,N,B,E,A,A,H,-,C,D,0,,,,,Y,Y,A,01,3,0,0,0,0,0,0,0,0,"- ","- ",35.368690490722656,-118.96620178222656,KERN,UNINCORPORATED,-118.96585845947266,35.368679046630859
91160565,2019,2020-01-23,9420,2019-10-22,2245,019903,,2,3,6,1502,0,1,3,,2,093,"STATE ROUTE 99 SOUTHBOUND","PALM STREET",34.00,N,N,A,-,Y,,,99,,,,,,S,Y,1,1,1,2,A,-,03,22350,,N,C,C,A,A,D,-,D,D,0,,,,Y,Y,,F,26,0,0,1,0,0,0,0,0,0,"- ","- ",35.362201690673828,-119.03970336914062,KERN,BAKERSFIELD,-119.03971862792969,35.362197875976562
91162868,2020,2020-01-10,9420,2020-01-02,2125,016828,,4,2,9,1500,0,1,3,,2,583,"SR-58 (ROSEDALE HIGHWAY)","WELCH DRIVE",528.00,E,N,A,-,Y,,,58,,,,,,,Y,2,0,2,2,A,-,09,21801,A,N,D,C,A,A,H,-,C,D,0,,,Y,,Y,,A,01,1,1,0,0,0,0,0,0,1,"- ","- ",35.38336181640625,-119.1580810546875,KERN,UNINCORPORATED,-119.1580810546875,35.383506774902344
91163420,2020,2020-01-14,9420,2020-01-09,1441,020782,,4,2,9,1500,0,3,5,,2,040,"MERLE HAGGARD DRIVE","WINGS WAY",792.00,E,N,B,-,N,,,,,,,,,,Y,1,1,1,2,A,-,05,21460,A,N,A,C,A,B,D,-,A,D,0,,,,,Y,,A,01,0,0,1,0,0,0,0,0,0,"- ","- ",35.441108703613281,-119.04492950439453,KERN,UNINCORPORATED,-119.04962158203125,35.441181182861328
91173414,2019,2020-01-24,9830,2019-10-23,0650,018450,,3,1,9,1500,0,1,3,,1,015,"STATE ROUTE 202","TAMARON DRIVE",1795.00,E,N,A,-,Y,,,202,,,,,,,Y,1,1,0,2,A,-,01,23152,F,N,B,C,A,A,H,-,A,D,0,,,,,Y,,A,01,0,0,0,0,0,0,0,0,0,"- ","- ",35.126529693603516,-118.54386901855469,KERN,UNINCORPORATED,-118.54386901855469,35.12652587890625
91174938,2019,2020-01-28,9420,2019-12-20,0600,016767,,5,1,9,1500,0,3,5,,2,550,"MCCOMBS ROAD","GUN CLUB ROAD",0.00,,Y,A,-,N,,,,,,,,,,Y,1,1,1,2,A,-,09,21802,A,N,D,C,A,A,H,-,D,A,0,,,,,Y,,D,22,1,0,0,0,0,0,0,0,0,"- ","- ",35.615699768066406,-119.50900268554688,KERN,UNINCORPORATED,-119.50908660888672,35.615699768066406
91176071,2019,2020-01-29,9420,2019-11-29,1146,019184,,5,1,9,1500,0,1,3,,2,588,"STATE ROUTE 58","STATE ROUTE 223",0.00,,Y,B,-,Y,,,58,,,,,,,Y,1,1,1,2,A,-,09,21801,A,N,D,C,A,B,H,-,A,D,0,,,,,Y,,A,01,0,0,1,0,0,0,0,0,0,"- ","- ",35.264198303222656,-118.65840148925781,KERN,UNINCORPORATED,-118.65840148925781,35.264171600341797
91176321,2020,2020-01-29,9420,2020-01-19,1538,021140,,7,2,9,1500,0,3,5,,2,070,"STERLING ROAD","CULVER STREET",90.00,S,N,A,-,N,,,,,,,,,,N,2,0,1,2,A,-,03,22350,,F,G,B,E,A,H,-,A,D,0,Y,,,,Y,,A,01,1,0,0,0,1,0,0,0,0,"- ","- ",35.373050689697266,-118.94084930419922,KERN,UNINCORPORATED,-118.94083404541016,35.372993469238281
91181331,2019,2020-02-06,9420,2019-10-26,2110,020402,,6,2,9,1500,0,1,3,,2,097,"STATE ROUTE 99 SOUTHBOUND","COPUS ROAD",2800.00,N,N,A,-,Y,,,99,,,,,,S,Y,1,1,5,2,A,-,08,22107,,N,D,C,A,A,H,-,D,D,0,,,,Y,Y,,A,01,0,5,0,0,0,0,0,0,0,"- ","- ",35.102058410644531,-118.98213195800781,KERN,UNINCORPORATED,-118.98210906982422,35.102066040039062
91188019,2020,2020-02-18,9420,2020-02-11,1905,019868,,2,2,9,1500,0,3,5,,2,070,"EUCALYPTUS DR","STEPHEN KELLY LN",40.00,E,N,A,-,N,,,,,,,,,,Y,2,0,1,2,A,-,11,21954,A,N,G,B,E,A,H,-,D,D,0,Y,,,,Y,,N,60,1,0,0,0,1,0,0,0,0,"- ","- ",35.365180969238281,-118.93065643310547,KERN,UNINCORPORATED,-118.93071746826172,35.365169525146484
91191831,2020,2020-02-24,9420,2020-02-08,0200,020093,,6,3,9,1500,0,2,4,,1,072,"EDISON HWY","FAIRFAX RD",754.00,E,N,A,-,Y,,,,,,,,,,Y,2,0,2,1,A,-,01,23152,A,F,E,I,A,A,H,-,C,D,0,,,,,Y,Y,D,22,2,0,0,0,0,0,0,0,0,"- ","- ",35.361801147460938,-118.92919921875,KERN,UNINCORPORATED,-118.92917633056641,35.361881256103516