CASE_ID,ACCIDENT_YEAR,PROC_DATE,JURIS,COLLISION_DATE,COLLISION_TIME,OFFICER_ID,REPORTING_DISTRICT,DAY_OF_WEEK,CHP_SHIFT,POPULATION,CNTY_CITY_LOC,SPECIAL_COND,BEAT_TYPE,CHP_BEAT_TYPE,CITY_DIVISION_LAPD,CHP_BEAT_CLASS,BEAT_NUMBER,PRIMARY_RD,SECONDARY_RD,DISTANCE,DIRECTION,INTERSECTION,WEATHER_1,WEATHER_2,STATE_HWY_IND,CALTRANS_COUNTY,CALTRANS_DISTRICT,STATE_ROUTE,ROUTE_SUFFIX,POSTMILE_PREFIX,POSTMILE,LOCATION_TYPE,RAMP_INTERSECTION,SIDE_OF_HWY,TOW_AWAY,COLLISION_SEVERITY,NUMBER_KILLED,NUMBER_INJURED,PARTY_COUNT,PRIMARY_COLL_FACTOR,PCF_CODE_OF_VIOL,PCF_VIOL_CATEGORY,PCF_VIOLATION,PCF_VIOL_SUBSECTION,HIT_AND_RUN,TYPE_OF_COLLISION,MVIW,PED_ACTION,ROAD_SURFACE,ROAD_COND_1,ROAD_COND_2,LIGHTING,CONTROL_DEVICE,CHP_ROAD_TYPE,PEDESTRIAN_ACCIDENT,BICYCLE_ACCIDENT,MOTORCYCLE_ACCIDENT,TRUCK_ACCIDENT,NOT_PRIVATE_PROPERTY,ALCOHOL_INVOLVED,STWD_VEHTYPE_AT_FAULT,CHP_VEHTYPE_AT_FAULT,COUNT_SEVERE_INJ,COUNT_VISIBLE_INJ,COUNT_COMPLAINT_PAIN,COUNT_PED_KILLED,COUNT_PED_INJURED,COUNT_BICYCLIST_KILLED,COUNT_BICYCLIST_INJURED,COUNT_MC_KILLED,COUNT_MC_INJURED,PRIMARY_RAMP,SECONDARY_RAMP,LATITUDE,LONGITUDE,COUNTY,CITY,POINT_X,POINT_Y
91191890,2020,2020-04-30,9830,2020-02-22,1255,019271,,6,1,9,1500,0,3,5,,2,001,"SAND CANYON RD","TEHACHAPI BLVD",9504.00,N,N,A,-,N,,,,,,,,,,Y,1,1,0,1,A,-,08,22107,,N,F,A,A,A,H,-,A,D,0,,,,,Y,,A,01,0,0,0,0,0,0,0,0,0,"- ","- ",35.192378997802734,-118.1923828125,KERN,UNINCORPORATED,-118.32349395751953,35.136146545410156
91201251,2020,2020-03-04,9830,2020-02-28,1339,019271,,5,1,9,1500,0,1,3,,2,010,"SR-58 W/B","KEENE RD",5280.00,E,N,A,-,Y,,,58,,,,,,W,Y,2,0,1,1,A,-,08,22107,,N,E,I,A,A,H,-,A,D,0,,,Y,,Y,,C,02,1,0,0,0,0,0,0,0,1,"- ","- ",35.216289520263672,-118.55214691162109,KERN,UNINCORPORATED,-118.55217742919922,35.216270446777344
91214675,2020,2020-03-24,9830,2020-03-14,2037,020866,,6,2,9,1500,0,3,5,,2,003,"60TH ST  W","ROSAMOND BLVD",170.00,N,N,B,-,N,,,,,,,,,,Y,2,0,2,2,A,-,01,23152,A,N,C,E,A,B,H,-,C,A,0,,,,,Y,Y,A,01,1,1,0,0,0,0,0,0,0,"- ","- ",34.864280700683594,-118.238037109375,KERN,UNINCORPORATED,-118.23801422119141,34.864227294921875
91218288,2020,2020-04-03,9420,2020-03-26,0322,021133,,4,3,9,1500,0,1,3,,2,094,"MING AVE. TO N/B SR-99","MING AVENUE",640.00,N,N,A,-,Y,,,,,,,,,,Y,2,0,3,1,A,-,01,23152,A,N,F,A,A,A,H,-,C,D,0,,,,,Y,Y,A,01,1,2,0,0,0,0,0,0,0,"- ","- ",35.341529846191406,-119.03031158447266,KERN,UNINCORPORATED,-119.14540863037109,35.340011596679688
91227306,2020,2020-04-20,9420,2020-04-11,2010,020402,,6,2,9,1500,0,1,3,,2,091,"SR-99 S/B","LERDO HWY",8448.00,S,N,A,-,Y,,,99,,,,,,S,Y,2,0,1,2,A,-,08,22107,,N,C,C,A,A,H,-,D,D,0,,,,Y,Y,,A,01,1,0,0,0,0,0,0,0,0,"- ","- ",35.482810974121094,-119.14230346679688,KERN,UNINCORPORATED,-119.14228820800781,35.482822418212891
91228918,2020,2020-04-23,9420,2020-04-17,1300,017256,,5,1,9,1500,0,1,3,,2,177,"STATE ROUTE 178","LIVE OAK CAMPGROUND",7920.00,W,N,B,C,Y,,,178,,,,,,,Y,2,0,1,1,A,-,08,22107,,N,E,I,A,B,H,-,A,D,0,,,,,Y,,A,01,1,0,0,0,0,0,0,0,0,"- ","- ",35.467178344726562,-118.755126953125,KERN,UNINCORPORATED,-118.75494384765625,35.467048645019531
91238333,2020,2020-05-15,9420,2020-05-14,0753,015255,,4,1,9,1500,0,3,5,,2,040,"IRENE STREET","N. TULARE STREET",0.00,,Y,A,-,N,,,,,,,,,,N,2,0,1,2,A,-,12,22450,A,F,H,G,A,A,H,-,A,A,0,,Y,,,Y,,L,04,1,0,0,0,0,0,1,0,0,"- ","- ",39.393329620361328,-118.99079132080078,KERN,UNINCORPORATED,-118.99079132080078,35.39337158203125
91239908,2020,2020-08-10,9420,2020-03-29,0920,017301,,7,1,9,1500,0,1,3,,2,090,"STATE ROUTE 99 NORTHBOUND","LERDO HIGHWAY",5280.00,S,N,B,-,Y,,,99,,,,,,N,Y,1,1,0,1,A,-,01,23152,A,N,E,I,A,A,H,-,A,D,0,,,,,Y,Y,A,01,0,0,0,0,0,0,0,0,0,"- ","- ",35.490890502929688,-119.15229034423828,KERN,UNINCORPORATED,-119.15240478515625,35.490741729736328
91248359,2020,2020-06-08,9420,2020-05-30,0957,019686,,6,1,9,1500,0,3,5,,2,672,"SOUTH COMANCHE DRIVE","MOUNTAIN VIEW ROAD",180.00,S,N,A,-,N,,,,,,,,,,Y,2,0,1,1,A,-,08,22107,,N,E,I,A,A,H,-,A,D,0,,,,,Y,,A,01,1,0,0,0,0,0,0,0,0,"- ","- ",35.280658721923828,-118.84288024902344,KERN,UNINCORPORATED,-118.84284973144531,35.281364440917969
91248439,2020,2020-08-06,9420,2020-05-11,1455,021547,,1,2,9,1500,0,1,3,,2,178,"STATE ROUTE 178","YANKEE CANYON DRIVE",3168.00,E,N,A,-,Y,,,178,,,,,,,Y,1,3,0,2,A,-,01,23152,A,N,A,C,A,A,H,-,A,D,0,,,,,Y,Y,A,01,0,0,0,0,0,0,0,0,0,"- ","- ",35.658000946044922,-118.43099212646484,KERN,UNINCORPORATED,-118.43098449707031,35.658008575439453
91255474,2020,2020-06-22,9430,2020-06-15,1845,021565,,1,2,9,1500,0,1,1,,2,054,"I-5 N/B","WHEELER RIDGE RD",104.00,N,N,A,-,Y,,,5,,,,,,N,Y,2,0,1,1,A,-,08,22107,,N,E,I,A,A,H,-,A,D,0,,,,,Y,,D,22,1,0,0,0,0,0,0,0,0,"- ","- ",34.986770629882812,-118.94577026367188,KERN,UNINCORPORATED,-118.94533538818359,34.986911773681641
91256892,2020,2020-06-24,9420,2020-06-15,0550,015259,,1,3,9,1500,0,3,5,,2,672,"HERRING ROAD","NORTH RANCHO DRIVE",0.00,,Y,A,-,N,,,,,,,,,,Y,2,0,3,3,A,-,12,22450,A,N,D,C,A,A,H,-,A,A,0,,,,,Y,,A,01,1,2,0,0,0,0,0,0,0,"- ","- ",35.150650024414062,-118.85082244873047,KERN,UNINCORPORATED,-118.850830078125,35.150890350341797
91264708,2020,2020-08-27,9420,2020-06-27,1725,020402,,6,2,6,1502,0,1,3,,2,095,"SR-99 SB TO PANAMA LN","PANAMA LANE",420.00,N,N,A,-,Y,,,99,,,,R,,S,Y,2,0,1,1,A,-,03,22350,,N,E,I,A,A,H,-,A,D,0,,,,,Y,,D,22,1,0,0,0,0,0,0,0,0,"- ","- ",35.296840667724609,-119.03175354003906,KERN,BAKERSFIELD,-119.03175354003906,35.296840667724609
91268249,2020,2020-08-10,9426,2020-05-28,1340,016162,,4,1,9,1500,0,1,3,,1,167,"STATE ROUTE 166","SHORT ROAD",2112.00,E,N,A,-,Y,,,166,,,,,,,Y,1,1,1,3,A,-,01,23152,A,N,B,C,A,A,H,-,A,D,0,,,,Y,Y,Y,D,22,1,0,0,0,0,0,0,0,0,"- ","- ",35.058208465576172,-119.360107421875,KERN,UNINCORPORATED,-119.360107421875,35.058185577392578
91268911,2020,2020-07-15,9420,2020-07-10,1240,015255,,5,1,6,1502,0,1,3,,2,094,"SR-99 N/B","WHITE LANE",1056.00,N,N,A,-,Y,,,99,,,,,,N,Y,2,0,2,2,A,-,08,22107,,F,F,A,A,A,H,-,A,D,0,,,,,Y,,A,01,1,1,0,0,0,0,0,0,0,"- ","- ",35.321540832519531,-119.03701782226562,KERN,BAKERSFIELD,-119.03710174560547,35.321517944335938
91270942,2020,2020-07-20,9420,2020-07-10,0305,019963,,5,3,9,1500,0,3,5,,2,671,"PANAMA LANE","VINELAND ROAD",0.00,,Y,A,-,N,,,,,,,,,,Y,2,0,1,2,A,-,01,23152,A,N,D,C,A,A,H,-,C,A,0,,,,,Y,Y,A,01,1,0,0,0,0,0,0,0,0,"- ","- ",35.296199798583984,-118.89610290527344,KERN,UNINCORPORATED,-118.89639282226562,35.296188354492188
91272809,2020,2020-07-22,9420,2020-07-17,1348,021503,,5,1,9,1500,0,3,5,,2,671,"OLD RIVER RD","MILLUX RD.",50.00,S,N,A,-,N,,,,,,,,,,Y,2,0,3,2,A,-,05,21460,A,N,A,A,A,A,H,-,A,D,0,,,,Y,Y,,A,01,2,1,0,0,0,0,0,0,0,"- ","- ",35.180240631103516,-119.11009979248047,KERN,UNINCORPORATED,-119.11000823974609,35.18048095703125
91273845,2020,2020-07-24,9420,2020-07-19,1032,020634,,7,1,9,1500,0,2,4,,2,074,"PANAMA RD","HABECKER RD.",0.00,,Y,A,-,N,,,,,,,,,,Y,2,0,2,2,A,-,01,23152,A,N,D,C,A,A,H,-,A,D,0,,,,,Y,Y,A,01,1,1,0,0,0,0,0,0,0,"- ","- ",35.266899108886719,-118.90529632568359,KERN,UNINCORPORATED,-118.90528106689453,35.267009735107422
91276368,2020,2020-07-29,9426,2020-07-23,0158,018023,,4,3,9,1500,0,3,5,,2,082,"CORN CAMP RD","7TH STANDARD RD",205.00,N,N,A,-,N,,,,,,,,,,Y,2,0,1,1,A,-,01,23152,A,N,E,I,A,A,H,-,C,A,0,,,,,Y,Y,A,07,1,0,0,0,0,0,0,0,0,"- ","- ",35.443199157714844,-119.51808929443359,KERN,UNINCORPORATED,-119.51779937744141,35.442138671875
91278915,2020,2020-07-31,9830,2020-07-27,2028,021534,,1,2,9,1500,0,1,3,,2,030,"SR-14 S/B","ROSAMOND BLVD",5280.00,S,N,A,-,Y,,,14,,,,,,S,Y,2,0,3,2,A,-,03,22350,,N,C,C,A,A,H,-,C,D,0,,,,,Y,,A,08,2,0,1,0,0,0,0,0,0,"- ","- ",34.848129272460938,-118.1717529296875,KERN,UNINCORPORATED,-118.17166900634766,34.848136901855469
91280598,2020,2020-08-04,9426,2020-06-28,1256,016804,,7,1,9,1500,0,1,3,,1,460,SR-46,"KECKS RD",16896.00,E,N,A,G,Y,,,,,,,,,,Y,1,1,0,1,A,-,08,22107,,N,E,I,A,A,H,-,A,D,0,,,,,Y,,A,01,0,0,0,0,0,0,0,0,0,"- ","- ",35.647731781005859,-119.00337982177734,KERN,UNINCORPORATED,-120.033203125,35.647518157958984
91283172,2020,2020-08-10,9420,2020-08-03,0525,019311,,1,3,9,1500,0,3,5,,2,672,"EDISON ROAD","SYCAMORE ROAD",0.00,,Y,A,-,N,,,,,,,,,,Y,2,0,3,2,A,-,09,21802,A,N,D,C,A,A,H,-,B,A,0,,,,,Y,,A,01,1,1,1,0,0,0,0,0,0,"- ","- ",35.113929748535156,-118.52413177490234,KERN,UNINCORPORATED,-118.87811279296875,35.194240570068359
91285190,2020,2020-08-12,9420,2020-03-22,0500,019598,,7,3,9,1500,0,3,5,,2,070,"EDISON HIGHWAY","FAIRFAX FRONTAGE ROAD EAST",515.00,E,N,A,-,Y,,,,,,,,,,Y,2,0,3,1,A,-,01,23152,A,N,E,I,A,A,H,-,C,A,0,,,,,Y,Y,D,22,3,0,0,0,0,0,0,0,0,"- ","- ",35.36199951171875,-118.92990112304688,KERN,UNINCORPORATED,-118.92943572998047,35.361946105957031
91287528,2020,2020-08-17,9430,2020-06-16,1825,021596,,2,2,9,1500,0,1,1,,2,054,"I-5 S/B (GOLDEN STATE FREEWAY)","GRAPEVINE ROAD",7920.00,N,N,A,-,Y,,,5,,,,,,S,Y,1,1,0,2,A,-,01,23152,A,N,B,C,A,A,H,-,A,D,0,,,,,Y,Y,D,22,0,0,0,0,0,0,0,0,0,"- ","- ",34.960819244384766,-118.93750762939453,KERN,UNINCORPORATED,-118.93734741210938,34.960872650146484
91288036,2020,2020-08-18,9420,2020-06-02,0001,021402,,2,3,9,1500,0,3,5,,2,672,"EAST BELLE TERRACE","BUNTING DRIVE",324.00,E,N,A,-,N,,,,,,,,,,Y,1,2,0,1,A,-,01,23152,A,N,E,I,A,A,H,-,D,D,0,,,,,Y,Y,A,07,0,0,0,0,0,0,0,0,0,"- ","- ",35.346660614013672,-118.99717712402344,KERN,UNINCORPORATED,-118.99751281738281,35.346591949462891
91289661,2020,2020-08-20,9420,2020-08-16,1230,019184,,7,1,9,1500,0,2,4,,1,051,"MERLE HAGGARD DR.","WINGS WAY",41.00,E,N,A,-,N,,,,,,,,,,Y,2,0,1,2,A,-,01,23152,A,N,C,C,A,A,H,-,A,A,0,,,,,Y,Y,B,01,1,0,0,0,0,0,0,0,0,"- ","- ",35.441398620605469,-119.05210113525391,KERN,UNINCORPORATED,-119.05213928222656,35.441356658935547
91297024,2020,2020-09-01,9426,2020-08-22,1403,019716,,6,2,9,1500,0,3,5,,2,081,"MARICOPA PL","BUENA VISTA PL",0.00,,Y,A,-,N,,,,,,,,,,N,2,0,1,2,A,-,05,21650,,N,A,C,A,A,H,-,A,D,0,,,Y,,Y,,C,02,1,0,0,0,0,0,0,0,1,"- ","- ",35.133518218994141,-119.46298217773438,KERN,UNINCORPORATED,-119.46280670166016,35.133159637451172
91297204,2020,2020-09-01,9420,2020-08-21,0200,015977,,5,3,9,1500,0,1,3,,2,179,SR-178,"LUPINE LANE",5280.00,W,N,A,-,Y,,,178,,,,,,,Y,2,0,1,1,A,-,08,22107,,N,F,A,A,A,H,-,D,D,0,,,Y,,Y,,C,02,1,0,0,0,0,0,0,0,1,"- ","- ",35.706508636474609,-118.06781768798828,KERN,UNINCORPORATED,-118.06781768798828,35.706508636474609
91299059,2020,2020-09-04,9420,2020-06-28,0400,021386,,7,3,9,1500,0,3,5,,2,671,"COMANCHE DRIVE","WOONER DRIVE",98.00,S,N,A,-,N,,,,,,,,,,Y,1,1,0,2,A,-,01,23152,A,N,A,E,A,A,H,-,C,D,0,,,,,Y,Y,A,01,0,0,0,0,0,0,0,0,0,"- ","- ",35.211208343505859,-118.84220123291016,KERN,UNINCORPORATED,-118.84219360351562,35.211139678955078
91299608,2020,2020-09-07,9830,2020-07-14,1405,019977,,2,2,9,1500,0,2,4,,1,034,"ROSAMOND BOULEVARD","DIVISION STREET",1082.00,E,N,A,-,N,,,,,,,,,,Y,1,1,0,2,A,-,03,22350,,N,C,C,A,A,H,-,A,D,0,,,,Y,Y,,D,22,0,0,0,0,0,0,0,0,0,"- ","- ",34.864830017089844,-118.12754821777344,KERN,UNINCORPORATED,-118.12808990478516,34.864860534667969
91300580,2020,2020-09-08,9426,2020-08-30,0148,018633,,7,3,9,1500,0,1,1,,2,506,"I-5 S/B","COPUS RD",5280.00,N,N,A,-,Y,,,5,,,,,,S,Y,2,0,1,1,A,-,08,22107,,N,F,A,A,A,H,-,D,D,0,,,,Y,Y,,F,26,1,0,0,0,0,0,0,0,0,"- ","- ",35.099380493164062,-119.04232025146484,KERN,UNINCORPORATED,-119.04229736328125,35.099399566650391
91301236,2020,2020-09-09,9420,2020-06-26,0330,018932,,5,3,9,1500,0,1,3,,2,430,"STATE ROUTE 43","SHERWOOD AVENUE",0.00,,Y,A,-,Y,,,43,,,,,,,Y,1,1,1,2,A,-,01,23152,A,N,D,C,A,A,H,-,D,A,0,,,,,Y,Y,A,01,0,0,1,0,0,0,0,0,0,"- ","- ",35.674110412597656,-119.33039855957031,KERN,UNINCORPORATED,-119.33040618896484,35.674110412597656
91306694,2020,2020-09-17,9830,2020-09-04,1915,021959,,5,2,9,1500,0,2,4,,1,032,"SIERRA HWY","DAWN RD",3696.00,S,N,A,-,N,,,,,,,,,,Y,2,0,1,1,A,-,08,22107,,N,F,A,A,A,H,-,D,D,0,,,,,Y,,D,22,1,0,0,0,0,0,0,0,0,"- ","- ",34.897129058837891,-118.15994262695312,KERN,UNINCORPORATED,-118.15853881835938,34.899341583251953
91310073,2020,2020-09-23,9420,2020-09-21,0605,014967,,1,1,9,1500,0,1,3,,2,431,"SR-43 (CENTRAL VALLEY HWY.)","JACK AVENUE",745.00,N,N,A,-,Y,,,43,,,,,,,Y,2,0,1,2,A,-,08,22107,,N,D,C,A,A,H,-,D,D,0,,,,Y,Y,,G,25,1,0,0,0,0,0,0,0,0,"- ","- ",35.537849426269531,-119.31670379638672,KERN,UNINCORPORATED,-119.31678771972656,35.537746429443359
91312065,2020,2020-09-25,9426,2020-08-29,0610,016162,,6,1,9,1500,0,3,5,,2,087,"HERRING ROAD","OLD RIVER ROAD",0.00,,Y,A,-,N,,,,,,,,,,Y,1,1,1,2,A,-,12,22450,A,N,D,C,A,A,H,-,B,A,0,,,,Y,Y,,D,22,0,1,0,0,0,0,0,0,0,"- ","- ",35.151958465576172,-119.10989379882812,KERN,UNINCORPORATED,-119.10980987548828,35.151950836181641
91320861,2020,2020-10-09,9420,2020-10-07,1800,016691,,3,2,9,1500,0,3,5,,2,040,SR-155,"WOODY RD",5280.00,E,N,A,-,Y,,,155,,,,,,,N,2,0,1,2,A,-,08,22107,,N,B,C,A,A,H,-,B,D,0,,,Y,,Y,,C,02,1,0,0,0,0,0,0,0,1,"- ","- ",35.7135009765625,-118.82096099853516,KERN,UNINCORPORATED,-118.82096099853516,35.713493347167969
91332571,2020,2020-10-27,9420,2020-10-20,2012,021260,,2,2,9,1500,0,2,4,,1,072,"EAST CALIFORNIA AVENUE","QUANTICO AVENUE",0.00,,Y,A,-,N,,,,,,,,,,Y,2,0,2,2,A,-,12,22450,A,N,D,C,A,A,H,-,D,A,0,,,,,Y,,D,22,1,1,0,0,0,0,0,0,0,"- ","- ",35.368610382080078,-118.95881652832031,KERN,UNINCORPORATED,-118.95861053466797,35.368640899658203
91333793,2020,2020-10-29,9420,2020-10-23,0545,014770,,5,3,9,1500,0,1,3,,2,430,SR-43,"GARCES HWY.",0.00,,Y,A,-,Y,,,43,,,,,,,Y,2,0,3,2,A,-,12,22450,A,N,D,C,A,A,H,-,D,A,0,,,,,Y,,D,22,1,0,2,0,0,0,0,0,0,"- ","- ",35.761219024658203,-119.34442901611328,KERN,UNINCORPORATED,-119.34442138671875,35.761222839355469
91336307,2020,2020-11-02,9420,2020-10-22,2315,019903,,4,3,9,1500,0,1,3,,2,583,"SR-58 (ROSEDALE HWY)","JENKINS ROAD",36.00,E,N,A,-,Y,,,58,,,,,,,Y,2,0,2,2,A,-,01,23152,A,N,C,C,A,A,H,-,C,A,0,,,,,Y,Y,A,01,2,0,0,0,0,0,0,0,0,"- ","- ",35.383560180664062,-119.15422058105469,KERN,UNINCORPORATED,-119.15422058105469,35.383510589599609
91341329,2020,2020-11-06,9420,2020-11-05,1335,019963,,4,1,9,1500,0,3,5,,2,040,"GRANITE ROAD","LIMOUSINE DRIVE",8976.00,N,N,A,-,N,,,,,,,,,,Y,2,0,1,1,A,-,08,22107,,N,E,I,A,A,H,-,A,D,0,,,Y,,Y,,C,02,1,0,0,0,0,0,0,0,1,"- ","- ",35.650470733642578,-118.77182006835938,KERN,UNINCORPORATED,-118.77629089355469,35.647991180419922
91341944,2020,2022-02-08,9420,2020-11-05,1340,019963,,4,1,9,1500,0,2,4,,1,052,"ROBERTS LANE","CENTRAL AVENUE",0.00,,Y,A,-,N,,,,,,,,,,N,2,0,1,2,A,-,12,22450,A,F,D,C,A,A,H,-,A,A,0,,,Y,,Y,,-,99,1,0,0,0,0,0,0,0,1,"- ","- ",35.408599853515625,-119.02320098876953,KERN,UNINCORPORATED,-119.02329254150391,35.40863037109375
91343742,2020,2020-11-12,9420,2020-09-30,0626,015259,,3,1,9,1500,0,1,3,,2,430,"STATE ROUTE 43 (CENTRAL VALLEY HIGHWAY)","MCCOMBS ROAD",0.00,,Y,A,-,Y,,,43,,,,,,,Y,1,2,0,2,A,-,09,21802,A,N,D,C,A,A,H,-,D,A,0,,,,Y,Y,,A,01,0,0,0,0,0,0,0,0,0,"- ","- ",35.616180419921875,-119.33132934570312,KERN,UNINCORPORATED,-119.33128356933594,35.616180419921875
91344557,2020,2020-11-13,9420,2020-08-21,1430,021140,,5,2,9,1500,0,3,5,,2,540,"GRANITE ROAD",SR-155,18480.00,S,N,A,-,N,,,,,,,,,,Y,1,1,0,1,A,-,08,22107,,N,E,J,A,A,H,-,A,D,0,,,Y,,Y,,C,02,0,0,0,0,0,0,0,1,0,"- ","- ",35.659881591796875,-118.75174713134766,KERN,UNINCORPORATED,-118.7415771484375,35.671291351318359
91351106,2020,2020-11-23,9420,2020-11-15,1732,021002,,7,2,9,1500,0,1,3,,1,119,SR-119,"BUENA VISTA BLVD.",0.00,,Y,A,-,Y,,,119,,,,,,,Y,2,0,1,2,A,-,09,21801,A,N,D,C,A,A,H,-,C,A,0,,,,Y,Y,,A,01,1,0,0,0,0,0,0,0,0,"- ","- ",35.267219543457031,-119.12831878662109,KERN,UNINCORPORATED,-119.12831878662109,35.267234802246094
91351461,2020,2020-11-23,9420,2020-11-14,1305,017301,,6,1,9,1500,0,3,5,,2,672,"S. EDISON ROAD","SYCAMORE ROAD",0.00,,Y,A,-,N,,,,,,,,,,Y,2,0,4,2,A,-,09,21802,A,N,D,C,A,A,H,-,A,D,0,,,,,Y,,D,22,2,1,1,0,0,0,0,0,0,"- ","- ",35.194278717041016,-118.87808227539062,KERN,UNINCORPORATED,-118.87811279296875,35.194240570068359
91357252,2020,2020-12-02,9420,2020-09-25,0618,019649,,5,1,9,1500,0,3,5,,2,671,"TEJON HIGHWAY","HERMOSA ROAD",3.00,S,N,A,-,N,,,,,,,,,,Y,1,1,1,2,A,-,05,21460,A,N,D,C,A,A,H,-,B,D,0,,,,,Y,,A,01,0,0,1,0,0,0,0,0,0,"- ","- ",35.310989379882812,-118.8253173828125,KERN,UNINCORPORATED,-118.82520294189453,35.311031341552734
91361788,2020,2020-12-09,9420,2020-12-08,0535,016973,,2,3,9,1500,0,3,5,,2,050,"MERLE HAGGARD DR.","WINGS WAY",2640.00,W,N,A,-,N,,,,,,,,,,Y,2,0,1,1,A,-,08,22107,,N,E,I,A,A,H,-,D,D,0,,,,,Y,,A,01,1,0,0,0,0,0,0,0,0,"- ","- ",35.443691253662109,-119.06082153320312,KERN,UNINCORPORATED,-119.05345153808594,35.441375732421875
91377006,2020,2020-12-29,9420,2020-12-18,1815,021600,,5,2,9,1500,0,2,4,,1,071,"MT. VERNON AVE.","OREGON ST.",115.00,S,N,A,-,N,,,,,,,,,,N,2,0,1,2,A,-,11,21954,A,N,G,B,D,A,H,-,C,D,0,Y,,,,Y,,N,60,1,0,0,0,1,0,0,0,0,"- ","- ",35.377220153808594,-118.96734619140625,KERN,UNINCORPORATED,-118.96756744384766,35.377216339111328
91379013,2020,2020-12-31,9830,2020-09-04,2230,022202,,5,3,9,1500,0,3,5,,2,003,"170TH STREET WEST","ROSAMOND BOULEVARD",1584.00,N,N,A,-,N,,,,,,,,,,Y,1,1,0,1,A,-,03,22350,,N,F,A,A,A,H,-,D,D,0,,,Y,,Y,,C,02,0,0,0,0,0,0,0,1,0,"- ","- ",34.867401123046875,-118.43219757080078,KERN,UNINCORPORATED,-118.43216705322266,34.866981506347656
91379117,2020,2021-01-01,9830,2020-09-04,2231,022202,,5,3,9,1500,0,3,5,,2,003,"170TH ST  W","ROSAMOND BLVD",1584.00,N,N,A,-,N,,,,,,,,,,Y,2,0,1,1,A,-,01,23152,A,N,E,I,A,A,H,-,D,D,0,,,Y,,Y,Y,C,02,1,0,0,0,0,0,0,0,1,"- ","- ",34.867401123046875,-118.43219757080078,KERN,UNINCORPORATED,-118.43216705322266,34.866981506347656
91379741,2021,2021-01-04,9420,2021-01-02,0035,019649,,6,3,9,1500,0,2,4,,1,072,"MOUNT VERNON AVENUE","NILES STREET",20.00,S,N,A,-,N,,,,,,,,,,Y,2,0,1,3,A,-,01,23152,A,F,D,C,A,A,H,-,C,A,0,,,,,Y,Y,A,01,1,0,0,0,0,0,0,0,0,"- ","- ",35.376121520996094,-118.96743011474609,KERN,UNINCORPORATED,-118.96758270263672,35.376354217529297
91380864,2020,2021-01-05,9426,2020-12-28,0545,018023,,1,3,9,1500,0,3,5,,2,081,"ELK HILLS RD","VALLEY WEST RD",10032.00,N,N,A,-,N,,,,,,,,,,Y,2,0,2,2,A,-,01,23152,A,N,A,C,A,B,H,-,D,D,0,,,,,Y,Y,A,01,1,1,0,0,0,0,0,0,0,"- ","- ",35.237510681152344,-119.44760131835938,KERN,UNINCORPORATED,-119.44696044921875,35.236854553222656
91385695,2021,2021-01-12,9830,2021-01-03,0920,020655,,7,1,9,1500,0,2,4,,1,032,"SIERRA HWY","CENTER ST",0.00,,Y,A,-,N,,,,,,,,,,Y,2,0,1,2,A,-,09,21801,A,N,D,C,A,A,H,-,A,A,0,,,Y,,Y,,A,01,1,0,0,0,0,0,0,0,1,"- ","- ",34.860141754150391,-118.16265869140625,KERN,UNINCORPORATED,-118.16265106201172,34.860176086425781
91386557,2021,2021-01-27,9420,2021-01-10,1315,018387,,7,1,9,1500,0,2,4,,1,071,"FAIRFAX ROAD","AVONDALE DRIVE",0.00,,Y,A,-,N,,,,,,,,,,Y,2,0,1,2,A,-,09,21802,A,N,D,C,A,A,H,-,A,D,0,,,,,Y,,A,07,1,0,0,0,0,0,0,0,0,"- ","- ",35.378639221191406,-118.93202972412109,KERN,UNINCORPORATED,-118.93203735351562,35.378425598144531
91391518,2020,2021-01-20,9420,2020-12-05,2107,020782,,6,2,9,1500,0,2,4,,1,072,"NILES STREET","OSWELL STREET",0.00,,Y,A,-,N,,,,,,,,,,Y,2,0,2,3,A,-,12,21453,A,F,D,C,A,A,H,-,C,A,0,,,,,Y,,A,07,2,0,0,0,0,0,0,0,0,"- ","- ",35.375839233398438,-118.94963836669922,KERN,UNINCORPORATED,-118.94982147216797,35.375968933105469
91394043,2020,2021-01-26,9420,2020-11-27,2020,021002,,5,2,6,1502,0,1,3,,2,094,"STATE ROUTE 99 NORTHBOUND","PACHECO ROAD",1263.00,S,N,A,-,Y,,,99,,,,,,N,Y,1,1,0,1,A,-,08,22107,,N,E,I,A,A,H,-,C,D,0,,,,,Y,,A,01,0,0,0,0,0,0,0,0,0,"- ","- ",35.306968688964844,-119.03311920166016,KERN,BAKERSFIELD,-119.03328704833984,35.306926727294922
91395234,2021,2021-01-27,9420,2021-01-22,1614,018225,,5,2,9,1500,0,3,5,,2,672,"TEJON HIGHWAY","HERMOSA ROAD",1584.00,S,N,C,-,N,,,,,,,,,,Y,2,0,1,1,A,-,03,22350,,N,E,I,A,B,H,-,A,D,0,,,,,Y,,A,01,1,0,0,0,0,0,0,0,0,"- ","- ",35.305858612060547,-118.82514190673828,KERN,UNINCORPORATED,-118.82517242431641,35.306713104248047