CASE_ID,ACCIDENT_YEAR,PROC_DATE,JURIS,COLLISION_DATE,COLLISION_TIME,OFFICER_ID,REPORTING_DISTRICT,DAY_OF_WEEK,CHP_SHIFT,POPULATION,CNTY_CITY_LOC,SPECIAL_COND,BEAT_TYPE,CHP_BEAT_TYPE,CITY_DIVISION_LAPD,CHP_BEAT_CLASS,BEAT_NUMBER,PRIMARY_RD,SECONDARY_RD,DISTANCE,DIRECTION,INTERSECTION,WEATHER_1,WEATHER_2,STATE_HWY_IND,CALTRANS_COUNTY,CALTRANS_DISTRICT,STATE_ROUTE,ROUTE_SUFFIX,POSTMILE_PREFIX,POSTMILE,LOCATION_TYPE,RAMP_INTERSECTION,SIDE_OF_HWY,TOW_AWAY,COLLISION_SEVERITY,NUMBER_KILLED,NUMBER_INJURED,PARTY_COUNT,PRIMARY_COLL_FACTOR,PCF_CODE_OF_VIOL,PCF_VIOL_CATEGORY,PCF_VIOLATION,PCF_VIOL_SUBSECTION,HIT_AND_RUN,TYPE_OF_COLLISION,MVIW,PED_ACTION,ROAD_SURFACE,ROAD_COND_1,ROAD_COND_2,LIGHTING,CONTROL_DEVICE,CHP_ROAD_TYPE,PEDESTRIAN_ACCIDENT,BICYCLE_ACCIDENT,MOTORCYCLE_ACCIDENT,TRUCK_ACCIDENT,NOT_PRIVATE_PROPERTY,ALCOHOL_INVOLVED,STWD_VEHTYPE_AT_FAULT,CHP_VEHTYPE_AT_FAULT,COUNT_SEVERE_INJ,COUNT_VISIBLE_INJ,COUNT_COMPLAINT_PAIN,COUNT_PED_KILLED,COUNT_PED_INJURED,COUNT_BICYCLIST_KILLED,COUNT_BICYCLIST_INJURED,COUNT_MC_KILLED,COUNT_MC_INJURED,PRIMARY_RAMP,SECONDARY_RAMP,LATITUDE,LONGITUDE,COUNTY,CITY,POINT_X,POINT_Y
91398396,2021,2021-01-29,9420,2021-01-25,1518,018225,,1,2,9,1500,0,3,5,,2,630,"HERRING ROAD","SR-99 S/B",1584.00,W,N,B,-,N,,,,,,,,,,Y,2,0,5,1,A,-,01,23152,A,N,E,I,A,A,H,-,A,D,0,,,,,Y,Y,A,01,2,1,2,0,0,0,0,0,0,"- ","- ",35.090301513671875,-119.00499725341797,KERN,UNINCORPORATED,,
91399780,2021,2021-02-01,9420,2021-01-23,0125,021365,,6,3,9,1500,0,3,5,,2,672,"S. EDISON ROAD","E. PANAMA LANE",305.00,S,N,A,-,N,,,,,,,,,,Y,2,0,1,1,A,-,08,22107,,N,E,I,A,B,H,-,D,D,0,,,,,Y,,A,01,1,0,0,0,0,0,0,0,0,"- ","- ",35.29541015625,-118.87864685058594,KERN,UNINCORPORATED,-118.87852478027344,35.295433044433594
91401117,2021,2021-02-02,9420,2021-01-22,1632,021296,,5,2,9,1500,0,2,4,,1,072,"NILES ST.","BRENTWOOD DR.",480.00,E,N,A,-,N,,,,,,,,,,Y,2,0,3,3,A,-,01,23152,A,N,C,C,A,B,C,-,A,D,0,,,,,Y,Y,A,01,3,0,0,0,0,0,0,0,0,"- ","- ",35.376270294189453,-118.92143249511719,KERN,UNINCORPORATED,-118.92149353027344,35.376239776611328
91401525,2020,2021-02-03,9830,2020-10-20,1515,020113,,2,2,9,1500,0,3,5,,2,005,"GARLOCK ROAD","UNITED STATES HIGHWAY 395",0.00,,Y,A,-,Y,,,,,,,,,,Y,1,1,0,2,A,-,09,21802,A,N,D,C,A,A,H,-,A,A,0,,,Y,Y,Y,,G,27,0,0,0,0,0,0,0,1,0,"- ","- ",35.433368682861328,-117.67176055908203,KERN,UNINCORPORATED,,
91401551,2021,2021-02-03,9830,2021-01-15,2230,021751,,5,3,9,1500,0,1,3,,2,010,"STATE ROUTE 58 WESTBOUND","BROOME ROAD",11616.00,E,N,A,-,Y,,,58,,,,,,W,Y,1,1,1,1,A,-,01,23152,G,N,E,I,A,A,H,-,D,D,0,,,,,Y,Y,A,01,1,0,0,0,0,0,0,0,0,"- ","- ",35.181610107421875,-118.49105834960938,KERN,UNINCORPORATED,-118.49105834960938,35.181621551513672
91413663,2021,2021-02-23,9426,2021-02-21,1255,016953,,7,1,9,1500,0,3,5,,2,087,"OLD RIVER ROAD","HERRING ROAD",2640.00,S,N,A,-,N,,,,,,,,,,Y,2,0,2,1,A,-,01,23152,A,N,E,I,A,A,H,-,A,D,0,,,,,Y,Y,A,01,1,1,0,0,0,0,0,0,0,"- ","- ",35.149681091308594,-119.10997009277344,KERN,UNINCORPORATED,-119.10981750488281,35.144706726074219
91415476,2020,2021-02-25,9420,2020-10-28,1150,016973,,3,1,6,1502,0,1,3,,2,093,"STATE ROUTE 99 S/B","SR-58 (ROSEDALE HIGHWAY)",580.00,N,N,A,-,Y,,,99,,,,,,S,Y,1,1,2,3,A,-,03,22350,,N,C,C,A,A,D,-,A,D,0,,,,Y,Y,,G,25,1,0,1,0,0,0,0,0,0,"- ","- ",35.385791778564453,-119.04463195800781,KERN,BAKERSFIELD,-119.04465484619141,35.385791778564453
91419580,2021,2021-03-03,9420,2021-02-16,2220,019649,,2,3,9,1500,0,3,5,,2,070,"WASHINGTON ST","EDISON HWY",0.00,,Y,A,-,N,,,,,,,,,,Y,2,0,1,1,A,-,01,23152,A,N,E,J,A,A,H,-,D,D,0,,,,,Y,Y,A,01,1,0,0,0,0,0,0,0,0,"- ","- ",35.373348236083984,-118.97630310058594,KERN,UNINCORPORATED,-118.97632598876953,35.372978210449219
91422144,2021,2021-03-08,9420,2021-02-21,0210,020573,,7,3,6,1502,0,1,3,,2,585,"SR-58 W/B TO SR-99 S/B","SR-99 S/B",300.00,W,N,A,-,Y,,,58,,,,R,,W,Y,2,0,5,1,A,-,01,23152,A,N,E,J,A,A,D,-,C,D,0,,,,,Y,Y,A,01,1,3,1,0,0,0,0,0,0,"- ","- ",35.352890014648438,-119.04060363769531,KERN,BAKERSFIELD,-119.04060363769531,35.352890014648438
91422381,2021,2021-03-08,9420,2021-01-16,1601,019649,,6,2,9,1500,0,3,5,,2,040,"ALFRED HARRELL HIGHWAY","FAIRFAX ROAD",3168.00,E,N,A,-,N,,,,,,,,,,Y,1,1,9,1,A,-,08,22107,,N,E,I,A,A,H,-,A,D,0,,,,,Y,,A,07,0,6,3,0,0,0,0,0,0,"- ","- ",35.426311492919922,-118.93827819824219,KERN,UNINCORPORATED,-118.938278,35.426310999999998
9142309,2020,2020-09-29,1501,2020-07-30,2019,998,20,4,5,3,1501,0,0,0,,0,002,"SYCAMORE RD","E WALNUT",636.00,E,N,A,-,N,,,,,,,,,,N,2,0,1,2,A,-,10,21950,C,N,G,B,E,A,H,-,D,D,0,Y,,,,Y,,A,08,1,0,0,0,1,0,0,0,0,"- ","- ",35.194499969482422,-118.83734893798828,KERN,ARVIN,-118.83540344238281,35.194484710693359
91438102,2021,2021-04-29,9420,2021-03-21,0049,021144,,7,3,9,1500,0,1,3,,2,584,"SR-58 E/B","COTTONWOOD RD. EXIT SIGN",362.00,W,N,B,-,Y,,,,,,,,,,Y,2,0,8,4,A,-,01,23152,A,N,B,C,E,A,H,-,D,D,0,Y,,,,Y,Y,A,01,1,5,2,0,1,0,0,0,0,"- ","- ",35.352249145507812,-118.99447631835938,KERN,UNINCORPORATED,-118.98657989501953,35.352268218994141
91442173,2021,2021-04-02,9430,2021-03-30,1625,021197,,2,2,9,1500,0,3,5,,2,002,"BANFF DR.","ZION WAY",352.00,W,N,A,-,N,,,,,,,,,,N,2,0,4,1,A,-,03,22350,,N,F,A,A,A,H,-,A,D,0,,,,,Y,,M,96,1,3,0,0,0,0,0,0,0,"- ","- ",34.837661743164062,-119.16487121582031,KERN,UNINCORPORATED,-119.16493225097656,34.837608337402344
91449079,2021,2021-04-13,9420,2021-04-10,1827,021365,,6,2,6,1502,0,1,3,,2,585,"SR-58 W/B","CHESTER AVENUE",2285.00,E,N,A,-,Y,,,58,,,,,,W,Y,2,0,4,1,A,-,01,23152,A,N,E,I,A,A,H,-,A,D,0,,,,,Y,Y,A,07,1,2,1,0,0,0,0,0,0,"- ","- ",35.352718353271484,-119.01146697998047,KERN,BAKERSFIELD,-119.01146697998047,35.352645874023438
91451032,2021,2021-04-15,9420,2021-04-08,2500,021547,,4,4,9,1500,0,1,3,,2,178,"STATE ROUTE 178","POPLAR STREET",3168.00,E,N,A,-,Y,,,178,,,,,,,Y,2,0,1,1,A,-,08,22107,,N,F,A,A,A,H,-,D,D,0,,,,,Y,,A,07,1,0,0,0,0,0,0,0,0,"- ","- ",35.633640289306641,-118.39032745361328,KERN,UNINCORPORATED,-118.39035797119141,35.633552551269531
91452180,2021,2021-04-16,9830,2021-02-18,1830,019400,,4,2,9,1500,0,3,5,,2,003,"TEHACHAPI WILLOW SPRINGS ROAD","BACKUS ROAD",2112.00,N,N,A,-,N,,,,,,,,,,Y,1,1,0,1,A,-,08,22107,,N,E,I,A,A,H,-,D,D,0,,,,,Y,,A,01,0,0,0,0,0,0,0,0,0,"- ","- ",34.956859588623047,-118.29177856445312,KERN,UNINCORPORATED,-118.29179382324219,34.956649780273438
91456909,2021,2021-04-23,9420,2021-04-17,1700,021547,,6,2,9,1500,0,2,4,,2,021,"SIERRA WAY","CYRUS CANYON",16368.00,S,N,A,-,N,,,,,,,,,,Y,2,0,1,2,A,-,05,21460,A,N,B,C,A,A,H,-,A,D,0,,,Y,,Y,,C,02,1,0,0,0,0,0,0,0,1,"- ","- ",35.676700592041016,-118.41535186767578,KERN,UNINCORPORATED,-118.40615081787109,35.677719116210938
91457804,2021,2021-04-26,9420,2021-04-10,0350,020573,,6,3,9,1500,0,2,4,,1,072,"NILES ST.","OSWELL ST.",0.00,,Y,A,-,N,,,,,,,,,,Y,2,0,2,2,A,-,01,23152,A,N,D,C,A,A,H,-,C,A,0,,,,,Y,Y,D,22,1,0,1,0,0,0,0,0,0,"- ","- ",35.376010894775391,-118.94966125488281,KERN,UNINCORPORATED,-118.94982147216797,35.375965118408203
91461516,2020,2021-05-12,9420,2020-11-29,0249,021386,,7,3,9,1500,0,3,5,,2,630,"PANAMA LANE","STATE ROUTE 43",8448.00,E,N,A,-,N,,,,,,,,,,Y,1,1,1,2,A,-,03,22350,,N,C,C,A,A,C,-,D,D,0,,,,,Y,Y,A,01,1,0,0,0,0,0,0,0,0,"- ","- ",35.296100616455078,-119.22392272949219,KERN,UNINCORPORATED,,
91465639,2021,2021-05-04,9420,2021-04-29,1929,021296,,4,2,9,1500,0,1,3,,1,184,"SR-184 N/B","BROOKS RD.",120.00,N,N,A,-,Y,,,184,,,,,,N,N,2,0,1,2,C,-,18,,,N,G,B,D,A,H,-,D,D,0,Y,,,,Y,,-,"- ",1,0,0,0,1,0,0,0,0,"- ","- ",35.298671722412109,-118.91433715820312,KERN,UNINCORPORATED,-118.91434478759766,35.298671722412109
91467773,2021,2021-05-07,9420,2021-04-30,2500,021547,,5,4,9,1500,0,3,5,,2,030,"CALIENTE BODFISH RD","BRECKENRIDGE RD",4224.00,S,N,A,-,N,,,,,,,,,,Y,2,0,1,1,A,-,08,22107,,N,F,A,A,A,H,-,A,D,0,,,Y,,Y,,C,02,1,0,0,0,0,0,0,0,1,"- ","- ",35.505241394042969,-118.52152252197266,KERN,UNINCORPORATED,-118.53157806396484,35.474594116210938
91469044,2021,2021-05-10,9420,2021-05-01,2002,021589,,6,2,9,1500,0,3,5,,2,040,"ALFRED HARRELL HWY","GOODMANVILLE RD",2270.00,S,N,A,-,N,,,,,,,,,,Y,2,0,1,1,A,-,08,22107,,N,F,A,A,A,H,-,D,D,0,,,,,Y,,A,07,1,0,0,0,0,0,0,0,0,"- ","- ",35.430549621582031,-118.93280029296875,KERN,UNINCORPORATED,-118.93305206298828,35.430709838867188
91469499,2021,2021-05-10,9830,2021-04-30,1255,020655,,5,1,9,1500,0,1,3,,1,040,"SR-14 S/B","SR-58 E/B TO SR-14",0.00,,Y,A,-,Y,,,14,,,,,,S,Y,2,0,2,2,A,-,09,21802,A,N,D,C,A,A,H,-,A,A,0,,,,,Y,,M,47,1,1,0,0,0,0,0,0,0,"- ","- ",35.097530364990234,-118.14556884765625,KERN,UNINCORPORATED,-118.14549255371094,35.09747314453125
91478046,2021,2021-05-27,9420,2021-05-14,1855,020163,,5,2,9,1500,0,1,3,,2,096,SR-99,SR-223,7920.00,N,N,A,-,Y,,,99,,,,,,,Y,2,0,1,1,A,-,08,22107,,N,F,A,A,A,H,-,A,D,0,,,Y,,Y,,C,02,1,0,0,0,0,0,0,0,1,"- ","- ",35.229148864746094,-119.01318359375,KERN,UNINCORPORATED,-119.01339721679688,35.229114532470703
91483322,2021,2021-05-27,9420,2021-05-23,1552,020782,,7,2,9,1500,0,2,4,,1,051,"MANOR STREET","DAY AVENUE",1056.00,N,N,A,-,N,,,,,,,,,,Y,2,0,1,1,A,-,03,22350,,N,F,A,A,A,H,-,A,D,0,,,Y,,Y,,C,02,1,0,0,0,0,0,0,0,1,"- ","- ",35.43804931640625,-119.01373291015625,KERN,UNINCORPORATED,-119.0137939453125,35.437843322753906
91487684,2021,2021-06-02,9420,2021-05-25,2500,019140,,2,4,9,1500,0,1,3,,2,178,"STATE ROUTE 178","DELONEGHA DAY USE AREA ENTRANCE",2112.00,E,N,A,-,Y,,,,,,,,,,Y,2,0,1,1,A,-,08,22107,,N,E,A,A,A,H,-,D,D,0,,,,,Y,,D,22,1,0,0,0,0,0,0,0,0,"- ","- ",35.640419006347656,-118.41338348388672,KERN,UNINCORPORATED,-118.61787414550781,35.543937683105469
91487896,2021,2021-06-02,9830,2021-02-23,1215,019271,,2,1,9,1500,0,1,3,,1,022,"STATE ROUTE 58 WESTBOUND","BORON AVENUE",792.00,W,N,A,-,Y,,,58,,,,,,W,Y,1,1,1,1,A,-,08,22107,,N,F,A,A,A,H,-,A,D,0,,,,,Y,,A,01,0,1,0,0,0,0,0,0,0,"- ","- ",35.010120391845703,-117.65264129638672,KERN,UNINCORPORATED,-117.65265655517578,35.010372161865234
91488298,2021,2021-06-03,9420,2021-05-26,2143,019021,,3,2,9,1500,0,1,3,,1,184,SR-184,"SUNSET BLVD",1518.00,N,N,A,-,Y,,,184,,,,,,,Y,2,0,2,2,A,-,01,23152,A,N,B,C,A,A,H,-,C,D,0,,,,,Y,Y,A,08,1,1,0,0,0,0,0,0,0,"- ","- ",35.227378845214844,-118.91448974609375,KERN,UNINCORPORATED,-118.91446685791016,35.227378845214844
91490756,2021,2021-06-07,9830,2021-06-01,1913,019762,,2,2,9,1500,0,1,3,,2,030,"SR-14 N/B","BACKUS RD.",7920.00,S,N,A,-,Y,,,14,,,,,,N,Y,2,0,1,1,A,-,01,23152,A,N,E,I,A,A,D,-,A,D,0,,,,,Y,Y,A,01,1,0,0,0,0,0,0,0,0,"- ","- ",34.9293212890625,-118.16255950927734,KERN,UNINCORPORATED,-118.16265869140625,34.929325103759766
91492324,2021,2021-06-08,9830,2021-05-22,1035,020866,,6,1,9,1500,0,3,5,,2,001,"WOODFORD TEHACHAPI RD.","PUT RD.",2640.00,E,N,A,-,N,,,,,,,,,,N,2,0,1,1,A,-,03,22350,,N,E,I,A,A,H,-,A,D,0,,,Y,,Y,,C,02,1,0,0,0,0,0,0,0,1,"- ","- ",35.194358825683594,-118.52942657470703,KERN,UNINCORPORATED,-118.55156707763672,35.209705352783203
91492969,2021,2021-06-09,9420,2021-05-25,1555,019098,,2,2,6,1502,0,1,3,,2,092,"SR-99 N/B","STOCKDALE HIGHWAY",164.00,N,N,A,-,Y,,,99,,,,,,N,Y,2,0,1,1,A,-,08,22107,,N,E,I,A,A,D,H,A,D,0,,,,,Y,,D,22,1,0,0,0,0,0,0,0,0,"- ","- ",35.354728698730469,-119.03948974609375,KERN,BAKERSFIELD,-119.03939819335938,35.354728698730469
91493959,2021,2021-06-10,9830,2021-05-31,1628,022202,,1,2,9,1500,0,3,5,,2,003,"TEHACHAPI WILLOW SPRINGS RD","TRUMAN DR",2640.00,N,N,A,-,N,,,,,,,,,,Y,2,0,3,1,A,-,08,22107,,N,F,A,A,A,H,-,A,D,0,,,,,Y,,A,01,1,2,0,0,0,0,0,0,0,"- ","- ",34.879859924316406,-118.29358673095703,KERN,UNINCORPORATED,,
91497779,2021,2021-06-15,9830,2021-06-07,1718,021870,,1,2,9,1500,0,1,3,,2,030,"SR-14 NORTHBOUND","AVENUE A",5280.00,N,N,A,-,Y,,,14,,,,,,N,Y,2,0,1,1,A,-,08,22107,,N,F,A,A,A,H,-,A,D,0,,,,,Y,,A,07,1,0,0,0,0,0,0,0,0,"- ","- ",34.831069946289062,-118.17008209228516,KERN,UNINCORPORATED,-118.17003631591797,34.831073760986328
91506062,2021,2021-06-24,9430,2021-05-09,0430,021596,,7,3,9,1500,0,1,1,,2,052,"I-5 NORTHBOUND (GOLDEN STATE FREEWAY)","SOUTH OF LEBEC SERVICE ROAD",94.00,S,N,A,-,Y,,,5,,,,,,N,Y,1,1,0,1,A,-,08,22107,,N,E,I,A,A,H,-,D,A,0,,,,,Y,,A,07,0,0,0,0,0,0,0,0,0,"- ","- ",34.835559844970703,-118.86331176757812,KERN,UNINCORPORATED,-118.86341857910156,34.835624694824219
91512574,2021,2021-07-05,9830,2021-06-27,1750,021534,,7,2,9,1500,0,3,5,,2,003,"OAK CREEK ROAD","TEHACHAPI WILLOW SPRINGS RD",5280.00,E,N,A,-,N,,,,,,,,,,Y,2,0,1,1,A,-,08,22107,,N,E,I,A,A,H,-,A,D,0,,,Y,,Y,,C,02,1,0,0,0,0,0,0,0,1,"- ","- ",35.052539825439453,-118.33788299560547,KERN,UNINCORPORATED,-118.37058258056641,35.045692443847656
91513509,2021,2021-07-06,9420,2021-04-27,1827,019098,,2,2,6,1502,0,1,3,,2,093,"SR-99 SOUTHBOUND","GILMORE AVENUE",525.00,N,N,A,-,Y,,,99,,,,,,S,Y,1,1,0,2,A,-,08,22107,,N,B,C,A,A,D,E,A,D,0,,,Y,Y,Y,,C,02,0,0,0,0,0,0,0,1,0,"- ","- ",35.390949249267578,-119.04472351074219,KERN,BAKERSFIELD,-119.04470062255859,35.390949249267578
91518009,2021,2021-08-20,9830,2021-06-06,2311,021534,,7,3,9,1500,0,1,3,,2,010,"STATE ROUTE 58 EASTBOUND","BROOME ROAD",10560.00,E,N,A,-,Y,,,58,,,,,,E,Y,1,1,2,2,A,-,01,23152,A,N,A,2,A,A,H,-,D,D,0,,,,,Y,Y,A,07,2,0,0,0,0,0,0,0,0,"- ","- ",35.16571044921875,-118.47353363037109,KERN,UNINCORPORATED,-118.47354125976562,35.16571044921875
91519183,2021,2021-07-13,9420,2021-07-08,1605,019868,,4,2,9,1500,0,3,5,,2,510,"BROWNING RD",SR-155,1584.00,S,N,A,-,N,,,,,,,,,,Y,2,0,3,2,A,-,01,23152,A,N,D,C,A,A,H,-,A,D,0,,,,,Y,Y,A,01,1,0,2,0,0,0,0,0,0,"- ","- ",35.757038116455078,-119.22318267822266,KERN,UNINCORPORATED,-119.22306060791016,35.761550903320312
91519900,2021,2021-07-14,9420,2021-05-16,2500,021140,,7,4,9,1500,0,3,5,,2,050,"ROUND MOUNTAIN ROAD","CHINA GRADE LOOP",3168.00,E,N,A,-,N,,,,,,,,,,Y,1,1,0,1,A,-,01,23152,A,N,E,J,A,A,H,-,D,D,0,,,,,Y,Y,A,71,0,0,0,0,0,0,0,0,0,"- ","- ",35.428241729736328,-118.95510864257812,KERN,UNINCORPORATED,-118.95718383789062,35.427684783935547
91520698,2021,2021-07-15,9830,2021-07-06,1740,019400,,2,2,9,1500,0,1,3,,2,012,"W/B SR-58","TEHACHAPI WILLOW SPRINGS ROAD",2112.00,W,N,A,-,Y,,,58,,,,,,,Y,2,0,1,1,A,-,08,22107,,N,E,I,A,A,H,-,A,D,0,,,,,Y,,D,22,1,0,0,0,0,0,0,0,0,"- ","- ",35.122020721435547,-118.40274810791016,KERN,UNINCORPORATED,-118.40276336669922,35.121974945068359
91523361,2021,2021-07-19,9830,2021-07-10,2330,021632,,6,3,9,1500,0,1,3,,1,041,"STATE ROUTE 14 NORTHBOUND","STATE ROUTE 58",2112.00,N,N,A,-,Y,,,14,,,,,,N,Y,2,0,5,1,A,-,08,22107,,N,F,A,A,A,H,-,D,D,0,,,,,Y,Y,A,07,4,1,0,0,0,0,0,0,0,"- ","- ",35.105358123779297,-118.13915252685547,KERN,UNINCORPORATED,-118.13926696777344,35.105445861816406
91524861,2021,2021-07-20,9426,2021-06-20,0002,019896,,7,3,9,1500,0,1,3,,2,432,"SR-43 (ENOS LANE)","MUNZER ROAD",452.00,S,N,A,-,Y,,,43,,,,,,,Y,1,1,0,1,A,-,01,23152,A,N,E,8,A,A,D,-,D,D,0,,,,,Y,Y,D,22,0,0,0,0,0,0,0,0,0,"- ","- ",35.324180603027344,-119.25244140625,KERN,UNINCORPORATED,-119.25234222412109,35.324180603027344
91530038,2021,2021-07-27,9426,2021-07-16,0557,017230,,5,3,9,1500,0,1,3,,2,331,"RT 33","SHALE ROAD",4752.00,N,N,A,-,Y,,,33,,,,,,,N,2,0,1,2,A,-,03,22350,,N,D,C,A,A,H,-,A,D,0,,,Y,Y,Y,,C,02,1,0,0,0,0,0,0,0,1,"- ","- ",35.231449127197266,-119.57952117919922,KERN,UNINCORPORATED,-119.57949066162109,35.231475830078125
91531852,2021,2021-07-29,9830,2021-05-30,2230,021632,,7,3,9,1500,0,2,4,,1,034,"WEST ROSAMOND BOULEVARD","DIVISION STREET",42240.00,E,N,A,-,N,,,,,,,,,,Y,1,1,5,1,A,-,01,23152,A,N,E,I,A,A,H,-,C,A,0,,,,,Y,Y,A,07,2,2,1,0,0,0,0,0,0,"- ","- ",34.871818542480469,-117.99019622802734,KERN,UNINCORPORATED,-118.13505554199219,34.864604949951172
91537683,2021,2021-08-05,9420,2021-07-19,1855,021572,,1,2,9,1500,0,2,4,,1,051,"WOODROW AVE","SHELDON DR",0.00,,Y,A,-,N,,,,,,,,,,Y,2,0,1,2,A,-,09,21802,A,N,D,C,A,A,H,-,A,A,0,,,Y,,Y,,D,22,1,0,0,0,0,0,0,0,1,"- ","- ",35.416370391845703,-119.04953002929688,KERN,UNINCORPORATED,-119.04951477050781,35.416366577148438
91538431,2021,2021-08-06,9420,2021-07-22,2000,019868,,4,2,9,1500,0,3,5,,2,060,"CALLOWAY DR","SNOW RD",0.00,,Y,A,-,N,,,,,,,,,,Y,2,0,2,2,A,-,01,23152,A,N,D,C,A,A,H,-,A,A,0,,,,,Y,Y,A,01,1,0,1,0,0,0,0,0,0,"- ","- ",35.427089691162109,-119.10997772216797,KERN,UNINCORPORATED,-119.11000061035156,35.427078247070312
91541366,2021,2021-08-10,9420,2021-08-01,0330,021600,,7,3,9,1500,0,3,5,,2,520,"WILDWOOD RD.","MCCOMBS RD.",5920.00,N,N,A,-,N,,,,,,,,,,Y,2,0,4,1,A,-,08,22107,,N,E,I,A,A,H,-,D,A,0,,,,,Y,,A,01,1,0,3,0,0,0,0,0,0,"- ","- ",35.632850646972656,-119.43765258789062,KERN,UNINCORPORATED,-119.43769073486328,35.632137298583984
91542148,2021,2021-08-11,9420,2021-07-24,1835,021386,,6,2,9,1500,0,3,5,,2,672,"PANAMA ROAD","COTTONWOOD ROAD",0.00,,Y,A,-,N,,,,,,,,,,Y,2,0,2,2,A,-,01,23152,A,N,D,C,A,A,H,-,A,A,0,,,,,Y,Y,A,07,1,1,0,0,0,0,0,0,0,"- ","- ",35.266880035400391,-118.98535919189453,KERN,UNINCORPORATED,-118.98532867431641,35.266876220703125
91544704,2021,2021-08-13,9420,2021-07-22,2340,020484,,4,3,9,1500,0,3,5,,2,671,"PANAMA LANE","SALINAS STREET",912.00,W,N,A,-,N,,,,,,,,,,N,2,0,1,2,A,-,11,21954,A,N,G,B,D,A,H,-,D,D,0,Y,,,,Y,Y,N,60,1,0,0,0,1,0,0,0,0,"- ","- ",35.296188354492188,-118.94300079345703,KERN,UNINCORPORATED,-118.94286346435547,35.296024322509766
91545349,2021,2021-08-16,9420,2021-08-02,1230,016828,,1,1,9,1500,0,3,5,,2,672,"MOUNTAIN VIEW ROAD",SR-184,1670.00,E,N,A,-,N,,,,,,,,,,Y,2,0,1,2,A,-,08,22107,,N,D,C,A,A,H,-,A,D,0,,,Y,,Y,,C,02,1,0,0,0,0,0,0,0,1,"- ","- ",38.819801330566406,-121.02760314941406,KERN,UNINCORPORATED,-118.90880584716797,35.281585693359375
91550008,2021,2021-08-20,9420,2021-08-10,2145,020484,,2,2,9,1500,0,1,3,,2,585,"SR-58 W/B TO UNION AVE","UNION AVE",300.00,S,N,A,-,Y,,,,,,,,,,Y,2,0,2,1,A,-,03,22350,,N,E,I,A,A,H,-,C,D,0,,,,,Y,,A,01,1,0,1,0,0,0,0,0,0,"- ","- ",35.353160858154297,-119.00112915039062,KERN,UNINCORPORATED,-119.00292205810547,35.352588653564453
91558425,2021,2021-08-30,9420,2021-08-22,2352,020366,,7,3,9,1500,0,1,3,,2,585,"STATE ROUTE 58 (SR-58 W/B)","UNION AVENUE",1780.00,E,N,A,-,Y,,,,,,,,,,Y,2,0,1,1,A,-,03,22350,,N,E,J,A,A,C,-,D,D,0,,,,,Y,,A,01,1,0,0,0,0,0,0,0,0,"- ","- ",35.3525390625,-118.99685668945312,KERN,UNINCORPORATED,-118.99695587158203,35.352550506591797
91560707,2021,2021-09-01,9426,2021-07-08,0510,018023,,4,3,9,1500,0,1,3,,2,432,SR-43,"MUNZER ROAD",800.00,S,N,A,-,Y,,,43,,,,,,,Y,1,1,1,2,A,-,08,22107,,N,A,C,A,A,D,-,B,A,0,,,,Y,Y,,M,46,1,0,0,0,0,0,0,0,0,"- ","- ",35.322849273681641,-119.25244140625,KERN,UNINCORPORATED,-119.2523193359375,35.322853088378906
91566130,2021,2021-09-09,9420,2021-09-02,1840,020402,,4,2,9,1500,0,2,4,,1,052,"ROBERTS LANE","PLYMOUTH AVE",0.00,,Y,A,-,N,,,,,,,,,,Y,2,0,1,3,A,-,03,22350,,F,B,C,A,A,H,-,A,A,0,,,Y,,Y,,C,02,1,0,0,0,0,0,0,0,1,"- ","- ",35.408580780029297,-119.02549743652344,KERN,UNINCORPORATED,-119.02554321289062,35.408626556396484
91568478,2021,2021-11-02,9830,2021-09-04,0310,021642,,6,3,9,1500,0,2,4,,1,032,"SIERRA HWY","SILVER QUEEN RD",60.00,N,N,A,-,N,,,,,,,,,,Y,1,1,1,2,A,-,08,22107,,N,D,C,A,A,H,-,D,D,0,,,,,Y,,A,07,0,0,1,0,0,0,0,0,0,"- ","- ",34.996131896972656,-118.15638732910156,KERN,UNINCORPORATED,-118.15627288818359,34.995708465576172
91574246,2021,2022-01-28,9420,2021-08-28,0049,021133,,6,3,9,1500,0,2,4,,1,072,"NILES STREET","VIRGINIA STREET",0.00,,Y,A,-,N,,,,,,,,,,Y,2,0,5,2,A,-,01,23152,A,F,D,C,A,A,H,-,C,A,0,,,,,Y,Y,E,22,3,2,0,0,0,0,0,0,0,"- ","- ",35.378650665283203,-118.97557067871094,KERN,UNINCORPORATED,-118.97555541992188,35.378307342529297
91574530,2021,2021-09-20,9420,2021-09-14,0528,018225,,2,3,9,1500,0,1,3,,2,177,SR-178,"LIVE OAK CAMPGROUND",5280.00,W,N,A,-,Y,,,178,,,,,,,Y,2,0,1,2,A,-,05,21460,A,N,E,I,A,A,H,-,D,D,0,,,Y,,Y,,C,02,1,0,0,0,0,0,0,0,1,"- ","- ",35.473918914794922,-118.71237182617188,KERN,UNINCORPORATED,-118.71244049072266,35.473972320556641