CASE_ID,ACCIDENT_YEAR,PROC_DATE,JURIS,COLLISION_DATE,COLLISION_TIME,OFFICER_ID,REPORTING_DISTRICT,DAY_OF_WEEK,CHP_SHIFT,POPULATION,CNTY_CITY_LOC,SPECIAL_COND,BEAT_TYPE,CHP_BEAT_TYPE,CITY_DIVISION_LAPD,CHP_BEAT_CLASS,BEAT_NUMBER,PRIMARY_RD,SECONDARY_RD,DISTANCE,DIRECTION,INTERSECTION,WEATHER_1,WEATHER_2,STATE_HWY_IND,CALTRANS_COUNTY,CALTRANS_DISTRICT,STATE_ROUTE,ROUTE_SUFFIX,POSTMILE_PREFIX,POSTMILE,LOCATION_TYPE,RAMP_INTERSECTION,SIDE_OF_HWY,TOW_AWAY,COLLISION_SEVERITY,NUMBER_KILLED,NUMBER_INJURED,PARTY_COUNT,PRIMARY_COLL_FACTOR,PCF_CODE_OF_VIOL,PCF_VIOL_CATEGORY,PCF_VIOLATION,PCF_VIOL_SUBSECTION,HIT_AND_RUN,TYPE_OF_COLLISION,MVIW,PED_ACTION,ROAD_SURFACE,ROAD_COND_1,ROAD_COND_2,LIGHTING,CONTROL_DEVICE,CHP_ROAD_TYPE,PEDESTRIAN_ACCIDENT,BICYCLE_ACCIDENT,MOTORCYCLE_ACCIDENT,TRUCK_ACCIDENT,NOT_PRIVATE_PROPERTY,ALCOHOL_INVOLVED,STWD_VEHTYPE_AT_FAULT,CHP_VEHTYPE_AT_FAULT,COUNT_SEVERE_INJ,COUNT_VISIBLE_INJ,COUNT_COMPLAINT_PAIN,COUNT_PED_KILLED,COUNT_PED_INJURED,COUNT_BICYCLIST_KILLED,COUNT_BICYCLIST_INJURED,COUNT_MC_KILLED,COUNT_MC_INJURED,PRIMARY_RAMP,SECONDARY_RAMP,LATITUDE,LONGITUDE,COUNTY,CITY,POINT_X,POINT_Y
91574771,2021,2021-09-20,9420,2021-09-15,1515,020409,,3,2,9,1500,0,1,3,,2,096,"SR-99 NORTHBOUND","HOUGHTON ROAD",1256.00,N,N,A,-,Y,,,99,,,,,,N,Y,2,0,4,1,A,-,08,22107,,N,E,8,A,A,H,-,A,D,0,,,,,Y,,A,07,1,1,2,0,0,0,0,0,0,"- ","- ",35.24163818359375,-119.01631164550781,KERN,UNINCORPORATED,-119.01615142822266,35.241680145263672
91576564,2021,2021-09-22,9420,2021-07-11,2146,019598,,7,2,6,1502,0,1,3,,1,176,"STATE ROUTE 178 WESTBOUND TO BEALE AVENUE","BEALE AVENUE",1109.00,E,N,A,-,Y,,,178,,,,R,,W,Y,1,1,1,1,A,-,08,22107,,N,E,J,A,A,C,-,C,D,0,,,,,Y,,A,01,0,0,1,0,0,0,0,0,0,"- ","- ",35.388008117675781,-118.98371887207031,KERN,BAKERSFIELD,-118.98371887207031,35.388008117675781
91576780,2021,2021-09-22,9420,2021-09-15,1210,014770,,3,1,9,1500,0,1,3,,2,091,"SR-99 S/B","MERCED AVENUE",5280.00,N,N,A,-,Y,,,99,,,,,,S,Y,2,0,4,1,A,-,08,22107,,N,F,A,A,A,H,-,A,D,0,,,,,Y,,A,07,4,0,0,0,0,0,0,0,0,"- ","- ",35.543560028076172,-119.19497680664062,KERN,UNINCORPORATED,-119.19481658935547,35.543598175048828
91579199,2021,2021-09-24,9420,2021-09-18,2200,020093,,6,3,9,1500,0,3,5,,2,630,"PANAMA LN","WINDERMERE ST",14256.00,W,N,A,-,N,,,,,,,,,,Y,2,0,1,1,A,-,01,23152,A,N,E,I,A,A,H,-,D,D,0,,,,,Y,Y,D,22,1,0,0,0,0,0,0,0,0,"- ","- ",35.296100616455078,-119.18524932861328,KERN,UNINCORPORATED,-119.18472290039062,35.296138763427734
91580949,2021,2021-09-27,9430,2021-09-15,1858,020255,,3,2,9,1500,0,1,1,,2,053,"I-5 N/B (GOLDEN STATE FWY)","FORT TEJON RD.",10085.00,N,N,A,-,Y,,,5,,,,,,N,Y,2,0,1,1,A,-,08,22107,,N,E,8,A,A,H,-,B,D,0,,,,,Y,,A,07,1,0,0,0,0,0,0,0,0,"- ","- ",34.894969940185547,-118.91832733154297,KERN,UNINCORPORATED,-118.91838836669922,34.894882202148438
91582476,2021,2021-09-29,9426,2021-09-20,0504,016579,,1,3,9,1500,0,1,3,,1,118,SR-119,"VALLEY WEST ROAD",0.00,,Y,A,-,Y,,,119,,,,,,,Y,2,0,2,2,A,-,12,22450,A,F,D,C,A,A,H,-,D,A,0,,,,,Y,Y,A,01,1,1,0,0,0,0,0,0,0,"- ","- ",35.209720611572266,-119.40512847900391,KERN,UNINCORPORATED,-119.40508270263672,35.209651947021484
91582674,2021,2021-09-29,9420,2021-07-12,1610,020672,,1,2,9,1500,0,1,3,,2,093,"STATE ROUTE 99 SOUTHBOUND (BYPASS LANE)","GETTY STREET",137.00,N,N,A,-,Y,,,99,,,,,,S,Y,1,1,7,4,A,-,03,22350,,N,C,C,A,A,D,-,A,D,0,,,,,Y,,D,22,3,1,3,0,0,0,0,0,0,"- ","- ",35.393749237060547,-119.04461669921875,KERN,UNINCORPORATED,-119.04473876953125,35.393745422363281
91586806,2021,2021-10-04,9420,2021-09-24,0820,018387,,5,1,9,1500,0,3,5,,2,040,"ALFRED HARRELL HWY","GOODMANVILLE RD",2112.00,W,N,A,-,N,,,,,,,,,,Y,2,0,1,1,A,-,01,23152,A,N,E,I,A,A,H,-,A,D,0,,,,,Y,Y,A,01,1,0,0,0,0,0,0,0,0,"- ","- ",35.433868408203125,-118.93168640136719,KERN,UNINCORPORATED,-118.93276214599609,35.436038970947266
91591513,2021,2021-10-08,9420,2021-09-25,2356,021144,,6,3,9,1500,0,3,5,,2,672,"N. WHEELER RIDGE RD.","DAVID RD.",1103.00,N,N,A,-,N,,,,,,,,,,Y,2,0,1,3,A,-,03,22350,,N,G,B,E,A,H,-,D,D,0,Y,,,,Y,Y,A,07,1,0,0,0,1,0,0,0,0,"- ","- ",35.095710754394531,-118.91470336914062,KERN,UNINCORPORATED,-118.91468811035156,35.095935821533203
91597344,2021,2021-10-15,9420,2021-10-03,0405,019903,,7,3,9,1500,0,1,3,,2,093,"SR-99 SOUTHBOUND","7TH STANDARD ROAD",7920.00,S,N,A,-,Y,,,,,,,,,,Y,2,0,1,1,A,-,08,22107,,N,E,8,A,A,H,-,C,D,0,,,,,Y,,A,01,1,0,0,0,0,0,0,0,0,"- ","- ",,,KERN,UNINCORPORATED,-119.08384704589844,35.440971374511719
91602769,2020,2021-10-21,9420,2020-12-13,0040,021144,,7,3,9,1500,0,3,5,,2,671,"DI GIORGIO ROAD","MYRTLE AVENUE",810.00,E,N,B,-,N,,,,,,,,,,N,1,1,0,2,A,-,08,22107,,N,H,G,A,A,H,-,C,D,0,,Y,,,Y,Y,A,01,0,0,0,0,0,1,0,0,0,"- ","- ",35.252449035644531,-118.90724182128906,KERN,UNINCORPORATED,-118.9071044921875,35.252437591552734
91616172,2021,2021-11-04,9420,2021-11-02,1300,016973,,2,1,9,1500,0,3,5,,2,040,"GRANITE RD.","WOODY RD.",21120.00,E,N,A,-,N,,,,,,,,,,Y,2,0,1,1,A,-,08,22107,,N,F,A,A,A,H,-,A,D,0,,,Y,,Y,,C,02,1,0,0,0,0,0,0,0,1,"- ","- ",35.610820770263672,-118.88899230957031,KERN,UNINCORPORATED,-118.85959625244141,35.615802764892578
91618640,2021,2021-11-08,9420,2021-10-31,0100,020093,,7,3,9,1500,0,3,5,,2,671,"DI GIORGIO RD","S VINELAND RD",1584.00,W,N,B,-,N,,,,,,,,,,Y,2,0,1,1,A,-,08,22107,,N,E,I,A,A,H,-,D,D,0,,,,,Y,,A,01,1,0,0,0,0,0,0,0,0,"- ","- ",35.252201080322266,-118.90337371826172,KERN,UNINCORPORATED,-118.90158081054688,35.252452850341797
91619041,2021,2021-11-08,9420,2021-09-27,0730,016767,,1,1,9,1500,0,3,5,,2,671,"COMANCHE DRIVE","BUENA VISTA BOULEVARD",2534.00,S,N,B,-,N,,,,,,,,,,N,1,1,0,2,A,-,03,22350,,N,G,B,D,A,H,-,A,D,0,Y,,,,Y,,A,01,0,0,0,1,0,0,0,0,0,"- ","- ",35.230941772460938,-118.84243011474609,KERN,UNINCORPORATED,-118.84243774414062,35.231178283691406
91621973,2021,2021-11-10,9830,2021-10-31,0851,020866,,7,1,9,1500,0,1,3,,1,031,"SR-14 N/B","BUSINESS 58 EAST",150.00,S,N,A,-,Y,,,14,,,,,,N,N,2,0,1,2,A,-,01,23152,A,N,B,C,A,A,H,-,A,A,0,,,Y,,Y,Y,A,01,1,0,0,0,0,0,0,0,1,"- ","- ",35.047569274902344,-118.17205047607422,KERN,UNINCORPORATED,-118.17205047607422,35.047569274902344
91623108,2021,2021-11-12,9420,2021-10-28,1640,021601,,4,2,9,1500,0,1,3,,2,584,"SR-58 W/B","S. CHESTER AVENUE",200.00,E,N,A,-,Y,,,,,,,,,,Y,2,0,4,3,A,-,03,22350,,F,C,C,A,A,H,-,A,A,0,,,,,Y,,-,99,1,2,1,0,0,0,0,0,0,"- ","- ",35.352649688720703,-119.01822662353516,KERN,UNINCORPORATED,-119.01860046386719,35.352695465087891
91627306,2021,2021-11-17,9430,2021-11-10,0214,021486,,3,3,9,1500,0,1,3,,2,090,"SR-99 S/B  (GOLDEN STATE HIGHWAY)",SR-166,1147.00,S,N,A,-,Y,,,99,,,,,,S,Y,2,0,1,2,A,-,03,22350,,N,C,2,A,A,H,-,C,D,0,,,,Y,Y,,G,25,1,0,0,0,0,0,0,0,0,"- ","- ",35.054920196533203,-118.9671630859375,KERN,UNINCORPORATED,-118.96717071533203,35.054916381835938
91631082,2021,2021-11-22,9830,2021-11-17,1810,019977,,3,2,9,1500,0,1,3,,1,020,"SIERRA HWY","OAK CREEK RD",1056.00,N,N,A,G,Y,,,,,,,,,,N,2,0,1,2,A,-,08,22107,,N,D,G,A,A,H,-,D,D,0,,Y,,,Y,,L,04,1,0,0,0,0,0,1,0,0,"- ","- ",35.061271667480469,-118.17648315429688,KERN,UNINCORPORATED,-118.17641448974609,35.060932159423828
91636868,2021,2022-03-08,9420,2021-11-15,2204,021480,,1,3,9,1500,0,1,3,,1,650,SR-65,"BURBANK ST",2250.00,S,N,E,-,Y,,,65,,,,,,,N,1,1,0,2,A,-,08,22107,,N,A,C,A,B,H,-,D,D,0,,,,Y,Y,,A,07,0,0,0,0,0,0,0,0,0,"- ","- ",35.463798522949219,-119.07466888427734,KERN,UNINCORPORATED,-119.07466888427734,35.463798522949219
91638383,2021,2021-11-30,9420,2021-11-15,0615,018225,,1,1,9,1500,0,3,5,,2,040,"ALFRED HARRELL HWY","GOODMANVILLE RD",528.00,E,N,E,-,N,,,,,,,,,,Y,2,0,1,1,A,-,08,22107,,N,F,A,A,B,H,-,B,D,0,,,,,Y,,D,22,1,0,0,0,0,0,0,0,0,"- ","- ",35.436279296875,-118.93121337890625,KERN,UNINCORPORATED,-118.93276214599609,35.436038970947266
91641953,2021,2021-12-03,9420,2021-11-22,1755,020409,,1,2,9,1500,0,2,4,,1,075,"SOUTH UNION AVE","ADAMS STREET",0.00,,Y,A,-,N,,,,,,,,,,N,2,0,1,2,A,-,11,21954,A,N,G,B,D,A,H,-,D,D,0,Y,,,,Y,,N,60,1,0,0,0,1,0,0,0,0,"- ","- ",35.343490600585938,-119.00289916992188,KERN,UNINCORPORATED,-119.00295257568359,35.343612670898438
91643328,2021,2021-12-06,9830,2021-10-17,2500,020524,,7,4,9,1500,0,2,4,,1,032,"SIERRA HIGHWAY","PATTERSON ROAD",317.00,N,N,A,-,N,,,,,,,,,,N,1,1,0,2,A,-,08,22107,,F,G,B,E,A,H,-,D,D,0,Y,,,,Y,,-,99,0,0,0,1,0,0,0,0,0,"- ","- ",,,KERN,UNINCORPORATED,-118.15855407714844,34.836193084716797
91644952,2021,2021-12-07,9420,2021-10-03,1140,018387,,7,1,9,1500,0,3,5,,2,672,"COMANCHE DRIVE","EDISON HIGHWAY",159.00,N,N,A,-,N,,,,,,,,,,Y,1,1,3,3,A,-,01,23152,A,N,H,A,A,A,H,-,A,D,0,,,Y,,Y,Y,A,01,0,3,0,0,0,0,0,0,0,"- ","- ",35.341571807861328,-118.84326171875,KERN,UNINCORPORATED,-118.84322357177734,35.341667175292969
91662593,2021,2021-12-27,9420,2021-11-16,1745,020163,,2,2,9,1500,0,3,5,,2,070,"EUCALYPTUS DRIVE","FAIRFAX ROAD",800.00,E,N,A,-,N,,,,,,,,,,N,1,1,0,2,A,-,09,21801,A,N,H,G,A,A,H,-,C,D,0,,Y,,,Y,,L,04,0,0,0,0,0,1,0,0,0,"- ","- ",35.365238189697266,-118.92926788330078,KERN,UNINCORPORATED,-118.92926025390625,35.365188598632812
91663673,2021,2021-12-28,9420,2021-12-22,2100,020402,,3,2,9,1500,0,2,4,,1,051,"OILDALE DRIVE","EL TEJON AVENUE",0.00,,Y,B,C,N,,,,,,,,,,Y,2,0,3,2,A,-,09,21802,A,N,D,C,A,B,H,-,C,A,0,,,,,Y,Y,A,07,2,1,0,0,0,0,0,0,0,"- ","- ",35.418190002441406,-119.03003692626953,KERN,UNINCORPORATED,-119.030029296875,35.418212890625
91665668,2021,2021-12-29,9420,2021-12-19,1905,021534,,7,2,9,1500,0,2,4,,1,075,"S. UNION AVE","BELLE TERRACE",2640.00,S,N,B,-,N,,,,,,,,,,N,2,0,1,2,A,-,08,22107,,F,G,B,E,A,H,-,C,D,0,Y,,,,Y,,-,99,1,0,0,0,1,0,0,0,0,"- ","- ",35.344200134277344,-119.00289154052734,KERN,UNINCORPORATED,-119.00310516357422,35.339454650878906
91674356,2022,2022-01-10,9420,2022-01-01,0113,021144,,6,3,9,1500,0,1,3,,1,184,SR-184,"SEGRUE RD.",0.00,,Y,B,-,Y,KER,,184,,,1.263,H,,R,N,2,0,1,2,A,-,12,21453,A,N,H,G,A,B,H,-,C,A,0,,Y,,,Y,,L,04,1,0,0,0,0,0,1,0,0,"- ","- ",35.256141662597656,-118.91451263427734,KERN,UNINCORPORATED,-118.91436767578125,35.256137847900391
91675803,2021,2022-01-11,9426,2021-11-17,1520,019335,,3,2,9,1500,0,1,1,,2,500,"INTERSTATE 5 S/B","STATE ROUTE 46",5280.00,N,N,A,-,Y,,,5,,,,,,S,Y,1,1,1,2,A,-,01,23152,A,N,A,C,A,A,H,-,A,D,0,,,,,Y,Y,A,01,1,0,0,0,0,0,0,0,0,"- ","- ",35.630550384521484,-119.66407775878906,KERN,UNINCORPORATED,-119.66410827636719,35.630531311035156
91679943,2021,2022-01-18,9420,2021-10-17,0519,021144,,7,3,9,1500,0,1,3,,2,586,"STATE ROUTE 58 EASTBOUND","TEJON HIGHWAY",832.00,E,N,A,-,Y,,,58,,,,,,E,Y,1,1,0,2,A,-,01,23152,A,N,C,C,A,A,H,-,D,D,0,,,,Y,Y,Y,A,01,0,0,0,0,0,0,0,0,0,"- ","- ",35.333198547363281,-118.82254028320312,KERN,UNINCORPORATED,-118.82254028320312,35.333209991455078
91681906,2021,2022-01-20,9426,2021-11-19,0950,017230,,5,1,9,1500,0,1,1,,2,506,"I-5 N/B FROM STATE ROUTE 166","STATE ROUTE 166",100.00,N,N,A,-,Y,,,5,,,,R,,N,Y,1,1,0,2,A,-,09,21803,A,N,B,C,A,A,H,-,A,A,0,,,Y,Y,Y,,C,02,0,0,0,0,0,0,0,1,0,"- ","- ",35.059600830078125,-118.99697113037109,KERN,UNINCORPORATED,-118.99697113037109,35.059600830078125
91682574,2021,2022-01-21,9426,2021-11-26,1656,019335,,5,2,9,1500,0,3,5,,2,086,"PALM AVENUE","FRESNO AVENUE",1056.00,N,N,A,-,N,,,,,,,,,,Y,1,1,1,2,A,-,03,22350,,N,F,A,A,A,H,-,A,D,0,,,Y,,Y,,C,02,0,1,0,0,0,0,0,1,0,"- ","- ",35.516319274902344,-119.34989929199219,KERN,UNINCORPORATED,-119.34994506835938,35.517459869384766
91688206,2022,2022-01-28,9420,2022-01-14,1853,019686,,5,2,9,1500,0,1,3,,2,177,SR-178,"DEMOCRAT ROAD",21120.00,W,N,A,-,Y,KER,,178,,,21.785,H,,R,Y,2,0,4,2,A,-,08,22107,,N,A,C,A,A,H,-,D,D,0,,,,,Y,,-,"- ",4,0,0,0,0,0,0,0,0,"- ","- ",35.486480712890625,-118.71112823486328,KERN,UNINCORPORATED,-118.71113586425781,35.486476898193359
91695269,2020,2022-02-07,9420,2020-09-19,1057,019649,,6,1,9,1500,0,1,3,,2,177,"STATE ROUTE 178","UPPER RICHBAR",1700.00,E,N,A,-,Y,,,178,,,,,,,Y,1,1,0,2,A,-,08,22107,,N,F,A,A,A,H,-,A,D,0,,,Y,,Y,,C,02,0,0,0,0,0,0,0,1,0,"- ","- ",35.474929809570312,-118.73121643066406,KERN,UNINCORPORATED,-118.73122406005859,35.474929809570312
91696207,2021,2022-02-08,9420,2021-11-02,2220,019686,,2,3,9,1500,0,3,5,,2,030,"BODFISH CANYON ROAD","MOBILE LANE",111.00,W,N,A,-,N,,,,,,,,,,Y,1,1,0,2,A,-,09,21801,A,N,A,C,A,A,H,-,D,D,0,,,Y,,Y,,A,07,0,0,0,0,0,0,0,1,0,"- ","- ",35.583770751953125,-118.47103118896484,KERN,UNINCORPORATED,-118.47072601318359,35.583778381347656
91697659,2022,2022-02-10,9420,2022-01-12,0118,019311,,3,3,9,1500,0,2,4,,1,071,"MT. VERNON AVE.","E. CALIFORNIA AVE.",113.00,N,N,A,-,N,,,,,,,,,,Y,2,0,1,1,A,-,08,22107,,F,E,J,A,A,H,-,C,A,0,,,,,Y,,A,08,1,0,0,0,0,0,0,0,0,"- ","- ",35.36907958984375,-118.96768951416016,KERN,UNINCORPORATED,-118.96762084960938,35.368858337402344
91710430,2022,2022-02-28,9426,2022-02-12,1835,018610,,6,2,9,1500,0,3,5,,2,081,"HARRISON STREET","GREVILLEA STREET",0.00,,Y,A,-,N,,,,,,,,,,Y,2,0,1,2,A,-,17,24250,,N,D,C,A,A,H,-,C,D,0,,,,,Y,,M,96,1,0,0,0,0,0,0,0,0,"- ","- ",35.161128997802734,-119.4564208984375,KERN,UNINCORPORATED,-119.45635986328125,35.160823822021484
91717476,2021,2022-03-08,9420,2021-07-23,0010,020093,,5,3,9,1500,0,3,5,,2,050,"MERLE HAGGARD DRIVE","WINGS WAY",2640.00,W,N,A,-,N,,,,,,,,,,Y,1,1,0,2,A,-,05,21651,B,N,B,C,A,A,H,-,D,D,0,,,Y,Y,Y,,G,25,0,0,0,0,0,0,0,1,0,"- ","- ",35.443508148193359,-119.06175994873047,KERN,UNINCORPORATED,-119.06068420410156,35.443351745605469
91719478,2022,2022-03-10,9420,2022-02-27,0220,019903,,7,3,9,1500,0,2,4,,2,062,"ROSEDALE HWY","LANDCO DRIVE",29.00,W,N,A,-,N,,,,,,,,,,Y,2,0,1,2,A,-,01,23152,A,F,C,C,A,A,H,-,C,A,0,,,,,Y,Y,A,01,1,0,0,0,0,0,0,0,0,"- ","- ",35.383281707763672,-119.05930328369141,KERN,UNINCORPORATED,-119.05910491943359,35.383380889892578
91721914,2021,2022-03-14,9420,2021-12-21,1545,018481,,2,2,9,1500,0,3,5,,2,672,"DAVID ROAD","METTLER FRONTAGE ROAD EAST",1300.00,E,N,A,-,N,,,,,,,,,,Y,1,1,2,2,A,-,06,21751,,N,D,C,A,A,H,-,A,D,0,,,,,Y,,D,22,1,0,1,0,0,0,0,0,0,"- ","- ",35.093391418457031,-118.97293090820312,KERN,UNINCORPORATED,-118.97341156005859,35.093475341796875
91725043,2022,2022-03-17,9830,2022-03-09,2130,021751,,3,2,9,1500,0,1,3,,2,030,"STATE ROUTE 14 SOUTHBOUND","SILVER QUEEN ROAD",6600.00,S,N,A,-,Y,KER,,14,,R,10.896,H,,L,Y,2,0,1,1,A,-,01,23152,G,N,E,8,A,A,D,-,D,D,0,,,,,Y,Y,A,01,1,0,0,0,0,0,0,0,0,"- ","- ",34.977310180664062,-118.15959167480469,KERN,UNINCORPORATED,-118.15940856933594,34.977298736572266
91727657,2022,2022-03-21,9420,2022-03-08,1400,021981,,2,2,9,1500,0,1,3,,2,177,"STATE ROUTE 178","LOWER RICH BAR CAMPGROUND",19008.00,W,N,A,-,Y,KER,,178,,,16.702,H,,R,Y,2,0,2,2,A,-,03,22350,,N,C,C,A,A,H,-,A,D,0,,,,,Y,,A,01,2,0,0,0,0,0,0,0,0,"- ","- ",35.464900970458984,-118.75930786132812,KERN,UNINCORPORATED,-118.75929260253906,35.464839935302734
91730759,2021,2022-03-24,9420,2021-12-08,1445,021503,,3,2,6,1502,0,1,3,,1,176,"STATE ROUTE 178 WESTBOUND","UNION AVENUE",1584.00,W,N,A,-,Y,,,178,,,,,,W,Y,1,1,0,2,A,-,08,22107,,N,B,2,A,A,H,-,A,D,0,,,,,Y,,A,01,0,0,0,0,0,0,0,0,0,"- ","- ",35.383369445800781,-119.00727081298828,KERN,BAKERSFIELD,-119.00726318359375,35.383342742919922
91730891,2022,2022-03-24,9420,2022-01-07,2110,021547,,5,2,9,1500,0,1,3,,2,177,"STATE ROUTE 178","RANCHERIA ROAD",30624.00,E,N,A,-,Y,KER,,178,,,17.828,H,,R,Y,1,1,3,1,A,-,01,23152,A,N,E,I,A,A,H,-,D,D,0,,,,,Y,Y,A,01,2,1,0,0,0,0,0,0,0,"- ","- ",35.476299285888672,-118.75257873535156,KERN,UNINCORPORATED,-118.75258636474609,35.476299285888672
91733650,2022,2022-03-25,9420,2022-03-09,1035,019140,,3,1,9,1500,0,1,3,,2,178,"STATE ROUTE 178","DEMOCRAT ROAD",2112.00,W,N,A,-,Y,KER,,178,,,26.172,H,,R,Y,2,0,3,2,A,-,05,21460,A,N,A,C,A,A,H,-,A,D,0,,,Y,,Y,,C,02,1,0,2,0,0,0,0,0,1,"- ","- ",35.526691436767578,-118.66478729248047,KERN,UNINCORPORATED,-118.66474151611328,35.526653289794922
91736194,2022,2022-03-29,9420,2022-03-21,0548,021981,,1,3,9,1500,0,1,3,,2,179,"STATE ROUTE 178","MALLORY ROAD",104.00,W,N,A,-,Y,,,,,,,,,,Y,2,0,1,1,A,-,08,22107,,N,F,A,A,A,H,-,B,D,0,,,,,Y,,A,07,1,0,0,0,0,0,0,0,0,"- ","- ",35.379619598388672,-118.12233734130859,KERN,UNINCORPORATED,-118.12234497070312,35.739612579345703
91743360,2022,2022-04-07,9830,2022-03-28,2330,021642,,1,3,9,1500,0,3,5,,2,003,"LONE BUTTE RD","SOPP RD",0.00,S,N,A,-,N,,,,,,,,,,Y,2,0,1,1,A,-,01,23152,A,N,E,I,A,B,H,-,D,D,0,,,,,Y,Y,A,07,1,0,0,0,0,0,0,0,0,"- ","- ",34.937599182128906,-118.14073181152344,KERN,UNINCORPORATED,-118.14070129394531,34.937694549560547
91744242,2022,2022-04-08,9426,2022-03-08,2000,016315,,2,2,9,1500,0,3,5,,2,081,"N. LINCOLN STREET","CEDAR STREET",82.00,N,N,A,-,N,,,,,,,,,,Y,1,1,1,2,A,-,05,21460,A,N,A,C,A,A,H,-,D,D,0,,,,,Y,,A,01,0,1,0,0,0,0,0,0,0,"- ","- ",35.154788970947266,-119.46520233154297,KERN,UNINCORPORATED,-119.46518707275391,35.154766082763672
91744815,2022,2022-04-11,9426,2022-03-28,1220,017230,,1,1,9,1500,0,3,5,,2,087,"SOUTH LAKE ROAD","GARDNER FIELD ROAD",15312.00,E,N,B,-,N,,,,,,,,,,Y,1,1,2,2,A,-,08,22107,,N,A,C,A,B,H,-,A,D,0,,,,,Y,,A,07,2,0,0,0,0,0,0,0,0,"- ","- ",35.122871398925781,-119.30870819091797,KERN,UNINCORPORATED,-119.36115264892578,35.123119354248047
91746309,2022,2022-04-12,9420,2022-04-09,1520,021547,,6,2,9,1500,0,1,3,,2,177,SR-178,"UPPER RICHBAR RECREATION ACCESS ROAD",4752.00,W,N,A,-,Y,,,,,,,,,,Y,2,0,1,1,A,-,08,22107,,N,F,A,A,A,H,-,A,D,0,,,Y,,Y,,C,02,1,0,0,0,0,0,0,0,1,"- ","- ",35.447071075439453,-118.71092987060547,KERN,UNINCORPORATED,-118.73324584960938,35.479053497314453
91758183,2022,2022-09-14,9426,2022-02-25,0355,019592,,5,3,9,1500,0,3,5,,2,087,"OLD RIVER ROAD","HERRING ROAD",0.00,,Y,A,-,N,,,,,,,,,,Y,1,2,1,2,A,-,01,23152,A,N,D,C,A,A,H,-,D,A,0,,,,Y,Y,,A,01,1,0,0,0,0,0,0,0,0,"- ","- ",35.151950836181641,-119.1097412109375,KERN,UNINCORPORATED,-119.10981750488281,35.151947021484375
91766197,2022,2022-05-06,9420,2022-01-04,1255,016978,,2,1,9,1500,0,3,5,,2,672,"SOUTH EDISON ROAD","MULLER ROAD",0.00,,Y,A,-,N,,,,,,,,,,Y,1,1,2,2,A,-,09,21802,A,N,D,C,A,A,H,-,A,A,0,,,,Y,Y,,A,01,2,0,0,0,0,0,0,0,0,"- ","- ",35.325420379638672,-118.87863159179688,KERN,UNINCORPORATED,-118.87858581542969,35.325386047363281
91766417,2021,2022-05-06,9420,2021-10-12,1715,019686,,2,2,9,1500,0,1,3,,2,177,SR-178,"DEMOCRAT RD.",15840.00,W,N,A,-,Y,,,178,,,,,,,Y,1,1,1,2,A,-,08,22107,,N,A,C,A,A,H,-,B,D,0,,,,,Y,,A,01,1,0,0,0,0,0,0,0,0,"- ","- ",35.502250671386719,-118.69270324707031,KERN,UNINCORPORATED,-118.69272613525391,35.502265930175781
91771620,2022,2022-05-13,9830,2022-04-30,2030,021191,,6,2,3,1509,0,3,5,,2,001,"WOODFORD TEHACHAPI RD","STATE ROUTE 202",100.00,S,N,A,-,N,,,,,,,,,,N,2,0,1,2,A,-,05,21460,A,M,A,C,A,A,H,-,D,D,0,,,Y,,Y,,C,02,1,0,0,0,0,0,0,0,1,"- ","- ",34.125450134277344,-118.49490356445312,KERN,TEHACHAPI,-118.49486541748047,35.124027252197266
91786071,2022,2022-07-07,9420,2022-05-29,2210,021534,,7,3,9,1500,0,3,5,,2,050,"MANOR STREET","CIRCLE DRIVE",25.00,N,N,A,-,N,,,,,,,,,,Y,2,0,2,3,A,-,03,22350,,N,C,C,A,A,H,-,C,D,0,,,,,Y,,A,01,1,1,0,0,0,0,0,0,0,"- ","- ",35.429531097412109,-119.01239776611328,KERN,UNINCORPORATED,-119.01242828369141,35.42926025390625
91789770,2022,2022-06-07,9420,2022-03-07,0252,019598,,1,3,9,1500,0,2,4,,1,075,"SOUTH UNION AVENUE","WHITE LANE",712.00,S,N,A,-,N,,,,,,,,,,N,1,1,0,2,A,-,01,23152,A,F,H,G,A,A,H,-,C,D,0,,Y,,,Y,Y,A,01,0,0,0,0,0,1,0,0,0,"- ","- ",35.315540313720703,-119.00316619873047,KERN,UNINCORPORATED,-119.00312805175781,35.315654754638672
91793731,2022,2022-06-13,9830,2022-05-21,1135,021191,,6,1,9,1500,0,3,5,,2,005,"BACKUS ROAD","MOJAVE TROPICO ROAD",0.00,,Y,A,-,N,,,,,,,,,,N,2,0,1,2,A,-,09,21801,A,F,D,C,A,A,H,-,A,A,0,,,Y,,Y,,-,99,1,0,0,0,0,0,0,0,1,"- ","- ",34.950839996337891,-118.21266174316406,KERN,UNINCORPORATED,-118.21260833740234,34.950832366943359