CASE_ID,ACCIDENT_YEAR,PROC_DATE,JURIS,COLLISION_DATE,COLLISION_TIME,OFFICER_ID,REPORTING_DISTRICT,DAY_OF_WEEK,CHP_SHIFT,POPULATION,CNTY_CITY_LOC,SPECIAL_COND,BEAT_TYPE,CHP_BEAT_TYPE,CITY_DIVISION_LAPD,CHP_BEAT_CLASS,BEAT_NUMBER,PRIMARY_RD,SECONDARY_RD,DISTANCE,DIRECTION,INTERSECTION,WEATHER_1,WEATHER_2,STATE_HWY_IND,CALTRANS_COUNTY,CALTRANS_DISTRICT,STATE_ROUTE,ROUTE_SUFFIX,POSTMILE_PREFIX,POSTMILE,LOCATION_TYPE,RAMP_INTERSECTION,SIDE_OF_HWY,TOW_AWAY,COLLISION_SEVERITY,NUMBER_KILLED,NUMBER_INJURED,PARTY_COUNT,PRIMARY_COLL_FACTOR,PCF_CODE_OF_VIOL,PCF_VIOL_CATEGORY,PCF_VIOLATION,PCF_VIOL_SUBSECTION,HIT_AND_RUN,TYPE_OF_COLLISION,MVIW,PED_ACTION,ROAD_SURFACE,ROAD_COND_1,ROAD_COND_2,LIGHTING,CONTROL_DEVICE,CHP_ROAD_TYPE,PEDESTRIAN_ACCIDENT,BICYCLE_ACCIDENT,MOTORCYCLE_ACCIDENT,TRUCK_ACCIDENT,NOT_PRIVATE_PROPERTY,ALCOHOL_INVOLVED,STWD_VEHTYPE_AT_FAULT,CHP_VEHTYPE_AT_FAULT,COUNT_SEVERE_INJ,COUNT_VISIBLE_INJ,COUNT_COMPLAINT_PAIN,COUNT_PED_KILLED,COUNT_PED_INJURED,COUNT_BICYCLIST_KILLED,COUNT_BICYCLIST_INJURED,COUNT_MC_KILLED,COUNT_MC_INJURED,PRIMARY_RAMP,SECONDARY_RAMP,LATITUDE,LONGITUDE,COUNTY,CITY,POINT_X,POINT_Y
91796816,2022,2022-06-16,9830,2022-06-04,0620,020524,,6,1,9,1500,0,3,5,,2,002,"TEHACHAPI WILLOW SRINGS ROAD","MCCONNELL AVENUE",96.00,N,N,A,-,N,,,,,,,,,,N,2,0,1,1,A,-,08,22107,,N,F,A,A,A,H,-,A,D,0,,,Y,,Y,,C,02,1,0,0,0,0,0,0,0,1,"- ","- ",34.915439605712891,-118.29142761230469,KERN,UNINCORPORATED,-118.29140472412109,34.914794921875
91797388,2022,2022-06-17,9420,2022-05-24,2040,019311,,2,2,9,1500,0,3,5,,2,671,"DI GIORGIO ROAD","MYRTLE AVENUE",530.00,E,N,A,-,N,,,,,,,,,,Y,2,0,1,2,A,-,01,23152,A,N,A,C,A,A,H,-,D,D,0,,,,,Y,Y,D,22,1,0,0,0,0,0,0,0,0,"- ","- ",35.158809661865234,-118.54287719726562,KERN,UNINCORPORATED,-118.90803527832031,35.252433776855469
91810372,2022,2022-07-05,9420,2022-06-23,1640,019311,,4,2,9,1500,0,3,5,,2,672,"SYCAMORE RD.","S. EDISON RD.",0.00,,Y,A,-,N,,,,,,,,,,N,2,0,5,2,A,-,09,21802,A,N,D,C,A,A,H,-,C,A,0,,,,,Y,,A,01,2,2,1,0,0,0,0,0,0,"- ","- ",35.194301605224609,-118.87809753417969,KERN,UNINCORPORATED,-118.87811279296875,35.194240570068359
91813956,2021,2022-07-11,9420,2021-12-03,1512,021134,,5,2,9,1500,0,3,5,,2,671,"TEJON HIGHWAY","SUNSET BOULEVARD",0.00,,Y,A,-,N,,,,,,,,,,Y,1,1,2,2,A,-,12,22450,A,N,D,C,A,A,H,-,A,A,0,,,,,Y,,A,01,0,0,2,0,0,0,0,0,0,"- ","- ",35.223701477050781,-118.82443237304688,KERN,UNINCORPORATED,-118.82438659667969,35.223651885986328
91822003,2022,2022-07-21,9420,2022-07-07,0255,021480,,4,3,9,1500,0,3,5,,2,510,"CASEY ROAD","CECIL AVENUE",2038.00,N,N,A,-,N,,,,,,,,,,N,2,0,1,1,A,-,08,22107,,N,E,I,A,A,H,-,C,D,0,,,,,Y,Y,A,07,1,0,0,0,0,0,0,0,0,"- ","- ",35.779579162597656,-119.29434967041016,KERN,UNINCORPORATED,-119.29428100585938,35.781421661376953
91822146,2022,2022-07-21,9830,2022-06-16,2315,022390,,4,3,9,1500,0,1,3,,1,052,"STATE ROUTE-178","STRECKER STREET",90.00,E,N,A,-,Y,KER,,178,,,95.136,H,,R,N,1,1,0,2,A,-,11,21954,A,N,G,B,E,A,H,-,D,D,0,Y,,,,Y,,N,60,0,0,0,1,0,0,0,0,0,"- ","- ",35.651859283447266,-117.76715087890625,KERN,UNINCORPORATED,-117.76715087890625,35.651905059814453
91824248,2022,2022-07-25,9420,2022-07-18,1548,021140,,1,2,9,1500,0,3,5,,2,050,"OILDALE DRIVE","LINCOLN AVENUE",0.00,,Y,A,-,N,,,,,,,,,,Y,2,0,1,2,A,-,09,21802,A,N,D,C,A,A,H,-,A,A,0,,,Y,,Y,,A,01,1,0,0,0,0,0,0,0,1,"- ","- ",35.414630889892578,-119.02999877929688,KERN,UNINCORPORATED,-119.02999877929688,35.414630889892578
91829114,2022,2022-07-29,9830,2022-07-23,1230,020427,,6,1,9,1500,0,3,5,,2,001,"TEHACHAPI WILLOW SPRINGS RD","HIGHLINE RD",10560.00,S,N,A,-,N,,,,,,,,,,Y,2,0,1,1,A,-,01,23152,A,N,F,A,A,A,H,-,A,D,0,,,,,Y,Y,A,01,1,0,0,0,0,0,0,0,0,"- ","- ",35.080959320068359,-118.39537048339844,KERN,UNINCORPORATED,-118.39515686035156,35.081069946289062
91832882,2022,2022-08-04,9420,2022-07-27,2128,020093,,3,2,9,1500,0,3,5,,2,050,"DECATUR ST","SEQUOIA DR",55.00,E,N,A,-,N,,,,,,,,,,N,2,0,1,2,A,-,11,21954,A,N,G,B,D,A,H,-,D,D,0,Y,,,,Y,,N,60,1,0,0,0,1,0,0,0,0,"- ","- ",35.413570404052734,-119.03421020507812,KERN,UNINCORPORATED,-119.03425598144531,35.413608551025391
91833005,2022,2022-08-04,9420,2022-08-02,1600,020634,,2,2,9,1500,0,3,5,,2,672,"CALIENTE CREEK ROAD","CAL BODFISH ROAD",6336.00,E,N,A,-,N,,,,,,,,,,Y,2,0,2,1,A,-,08,22107,,N,E,I,A,A,H,-,A,D,0,,,,,Y,,A,01,1,1,0,0,0,0,0,0,0,"- ","- ",35.311458587646484,-118.56591796875,KERN,UNINCORPORATED,-118.56792900000001,35.311039000000001
91839262,2022,2022-08-12,9830,2022-05-06,1435,022390,,5,2,9,1500,0,1,2,,1,053,"UNITED STATES HIGHWAY-395","GARLOCK ROAD",5280.00,N,N,A,-,Y,KER,,395,,,6.332,H,,R,Y,1,1,0,2,A,-,03,22350,,N,C,C,A,A,H,-,A,D,0,,,Y,Y,Y,,C,02,0,0,0,0,0,0,0,1,0,"- ","- ",35.445869445800781,-117.66152191162109,KERN,UNINCORPORATED,-117.66156005859375,35.445892333984375
91844830,2022,2022-08-22,9830,2022-08-12,1415,021851,,5,2,9,1500,0,3,5,,2,004,"CALIFORNIA CITY BLVD","FOREST BLVD",425.00,S,N,A,-,N,,,,,,,,,,N,2,0,1,1,A,-,01,23152,A,N,E,I,A,A,H,-,A,A,0,,,Y,,Y,Y,C,02,1,0,0,0,0,0,0,0,1,"- ","- ",35.103099822998047,-117.91908264160156,KERN,UNINCORPORATED,-117.91808319091797,35.102199554443359
91845936,2022,2022-08-22,9420,2022-07-30,2125,021534,,6,2,4,1503,0,1,3,,2,090,"STATE ROUTE 99 NORTHBOUND","NINTH AVENUE",30.00,S,N,B,-,Y,KER,,99,,,55.903,H,,R,N,1,1,0,3,A,-,11,21954,A,N,G,B,D,A,H,-,C,D,0,Y,,,,Y,,N,60,0,0,0,1,0,0,0,0,0,"- ","- ",35.766849517822266,-119.25023651123047,KERN,DELANO,-119.25025177001953,35.766849517822266
91859132,2022,2022-09-07,9830,2022-06-28,0643,019872,,2,1,9,1500,0,3,5,,2,003,"TEHACHAPI WILLOW SPRINGS ROAD","ROBERT RANCH ROAD",798.00,N,N,A,-,N,,,,,,,,,,Y,1,1,2,3,A,-,08,22107,,N,A,C,A,A,H,-,A,D,0,,,,,Y,,A,01,0,2,0,0,0,0,0,0,0,"- ","- ",35.054019927978516,-118.36231994628906,KERN,UNINCORPORATED,-118.31876373291016,34.985401153564453
91860641,2022,2022-09-09,9420,2022-04-24,0223,021566,,7,3,9,1500,0,1,3,,2,095,"STATE ROUTE 99 NORTHBOUND","STATE ROUTE 46",5169.00,N,N,A,-,Y,KER,,99,,,45.278,H,,R,Y,1,2,1,2,A,-,03,22350,,N,C,C,A,A,H,-,D,D,0,,,,Y,Y,,A,01,1,0,0,0,0,0,0,0,0,"- ","- ",35.616039276123047,-119.21248626708984,KERN,UNINCORPORATED,-119.21248626708984,35.616039276123047
91861126,2022,2022-09-09,9430,2022-06-26,2145,020875,,7,2,9,1500,0,1,1,,2,053,"INTERSTATE 5 N/B (GOLDEN STATE FREEWAY)","GRAPEVINE ROAD U/C",1160.00,S,N,A,-,Y,KER,,5,,,9.926,H,,R,Y,1,1,2,3,A,-,08,22107,,N,B,C,A,A,H,-,D,D,0,,,,Y,Y,,D,22,0,1,1,0,0,0,0,0,0,"- ","- ",34.936271667480469,-118.92751312255859,KERN,UNINCORPORATED,-118.92755126953125,34.936252593994141
91861583,2022,2022-09-12,9420,2022-08-27,0050,021761,,6,3,9,1500,0,3,5,,2,671,"BUENA VISTA BLVD","ADOBE RD.",0.00,,Y,A,-,N,,,,,,,,,,Y,2,0,2,3,A,-,08,22100,,N,D,C,A,A,H,-,D,A,0,,,,Y,Y,,A,01,2,0,0,0,0,0,0,0,0,"- ","- ",35.237781524658203,-118.96764373779297,KERN,UNINCORPORATED,-118.96766662597656,35.237800598144531
91863010,2022,2022-09-13,9420,2022-08-29,1200,017256,,1,1,9,1500,0,3,5,,2,530,"7TH STANDARD ROAD","GOLDEN STATE HIGHWAY",108.00,E,N,A,-,N,,,,,,,,,,Y,2,0,2,4,A,-,03,22350,,N,C,C,A,A,H,-,A,A,0,,,,,Y,,A,01,1,0,1,0,0,0,0,0,0,"- ","- ",35.441349029541016,-119.08616638183594,KERN,UNINCORPORATED,-119.0863037109375,35.441326141357422
9187191,2020,2021-02-09,1500,2020-11-07,0324,202473,WA02,6,5,3,1510,0,0,0,,0,4401,"RT 43","JACKSON AV",0.00,,Y,A,-,Y,KER,6,43,-,-,16.500,H,-,N,Y,2,0,1,1,A,-,08,22107,,N,F,-,A,A,H,-,D,D,0,,,,,Y,,D,22,1,0,0,0,0,0,0,0,0,"- ","- ",,,KERN,WASCO,-119.26969909667969,35.499359130859375
91874787,2022,2022-09-27,9420,2022-09-24,1820,020634,,6,2,9,1500,0,3,5,,2,050,"WASHINGTON AVENUE","SHELDON DRIVE",0.00,,Y,A,-,N,,,,,,,,,,N,2,0,1,2,A,-,09,21801,A,N,A,C,A,A,H,-,A,D,0,,,,,Y,,A,01,1,0,0,0,0,0,0,0,0,"- ","- ",35.415500640869141,-119.04949188232422,KERN,UNINCORPORATED,-119.04951477050781,35.415504455566406
91875377,2022,2022-09-28,9830,2022-07-01,1128,019872,,5,1,3,1509,0,1,3,,2,012,"STATE ROUTE 58 EASTBOUND","DENNISON ROAD",225.00,W,N,A,-,Y,KER,,58,,R,92.804,H,,R,Y,1,1,0,1,A,-,01,23152,A,N,E,8,A,A,H,-,A,D,0,,,,,Y,Y,D,22,0,0,0,0,0,0,0,0,0,"- ","- ",35.138069152832031,-118.43122100830078,KERN,TEHACHAPI,-118.43116760253906,35.138156890869141
91875429,2022,2022-09-28,9420,2022-09-16,1500,017243,,5,2,9,1500,0,3,5,,2,320,"GOLDEN SPUR ST","WAGON WHEEL DR",0.00,,Y,A,-,N,,,,,,,,,,N,2,0,1,1,A,-,03,22350,,N,E,I,A,A,H,-,A,D,0,,,Y,,Y,,C,02,1,0,0,0,0,0,0,0,1,"- ","- ",35.628688812255859,-118.47112274169922,KERN,UNINCORPORATED,-118.47121429443359,35.628715515136719
91887054,2022,2022-10-11,9830,2022-10-03,2140,021751,,1,2,9,1500,0,3,5,,2,001,"OLD TOWN ROAD","MARIPOSA ROAD",1584.00,N,N,A,-,N,,,,,,,,,,N,2,0,1,1,A,-,08,22107,,N,E,I,A,A,H,-,D,D,0,,,,,Y,,A,07,1,0,0,0,0,0,0,0,0,"- ","- ",35.138141632080078,-118.50064086914062,KERN,UNINCORPORATED,-118.503662109375,35.136810302734375
91891387,2022,2022-10-17,9420,2022-10-04,0205,021667,,2,3,9,1500,0,3,5,,2,060,"VICTOR STREET","OLIVE DRIVE",825.00,N,N,A,-,Y,,,,,,,,,,N,2,0,1,2,A,-,08,22107,,N,C,E,A,A,H,-,C,D,0,,,,,Y,,A,01,1,0,0,0,0,0,0,0,0,"- ","- ",35.414710998535156,-119.06243133544922,KERN,UNINCORPORATED,-119.06230926513672,35.414554595947266
91896025,2022,2022-10-21,9420,2022-10-08,1745,021983,,6,2,9,1500,0,3,5,,2,070,"COLLEGE AVE","MANLEY AVE",0.00,,Y,A,-,N,,,,,,,,,,Y,2,0,3,2,A,-,01,23152,A,N,D,C,A,A,H,-,A,D,0,,,,,Y,Y,A,01,1,1,1,0,0,0,0,0,0,"- ","- ",35.383121490478516,-118.96253967285156,KERN,UNINCORPORATED,-118.96250915527344,35.383041381835938
91898571,2022,2022-10-25,9426,2022-10-21,1735,017254,,5,2,9,1500,0,3,5,,2,085,"LERDO HWY",SR-33,7392.00,E,N,A,-,N,,,,,,,,,,Y,2,0,1,2,A,-,01,23152,A,N,D,C,A,A,H,-,A,D,0,,,,Y,Y,Y,A,07,1,0,0,0,0,0,0,0,0,"- ","- ",35.4993896484375,-119.71394348144531,KERN,UNINCORPORATED,-119.71458435058594,35.499134063720703
91901328,2022,2022-10-27,9420,2022-10-15,2035,020782,,6,2,9,1500,0,1,3,,2,155,SR-155,"DAEDRICH RANCH ROAD",3696.00,W,N,A,-,Y,KER,,155,,,67.779,H,,R,Y,2,0,1,1,A,-,01,23152,A,N,E,I,A,A,H,-,D,D,0,,,Y,,Y,Y,C,02,1,0,0,0,0,0,0,0,1,"- ","- ",35.664108276367188,-118.47106170654297,KERN,UNINCORPORATED,-118.47111511230469,35.664115905761719
91904409,2022,2022-10-28,9420,2022-10-21,1908,021144,,5,2,9,1500,0,2,4,,1,051,"N. CHESTER AVE.","ROBERTS LN.",0.00,,Y,A,-,N,,,,,,,,,,N,2,0,1,2,A,-,11,21954,A,N,G,B,D,A,H,-,C,A,0,Y,,,,Y,,N,60,1,0,0,0,1,0,0,0,0,"- ","- ",35.408790588378906,-119.03096771240234,KERN,UNINCORPORATED,-119.02108001708984,35.408638000488281
91907608,2022,2022-11-02,9420,2022-10-27,0645,016229,,4,1,9,1500,0,3,5,,2,550,"LERDO HIGHWAY","ZERKER ROAD",2640.00,E,N,A,-,N,,,,,,,,,,Y,2,0,4,2,A,-,09,21801,A,N,A,C,A,A,H,-,A,D,0,,,,,Y,,A,08,1,2,1,0,0,0,0,0,0,"- ","- ",35.49951171875,-119.14347839355469,KERN,UNINCORPORATED,-119.14366149902344,35.499580383300781
91913523,2022,2022-11-09,9420,2022-11-01,1705,021133,,2,2,9,1500,0,3,5,,2,070,"STERLING ROAD","EL MEDIO AVENUE",0.00,,Y,A,-,N,,,,,,,,,,Y,2,0,1,2,A,-,08,22107,,N,B,C,A,A,H,-,B,D,0,,,Y,,Y,,C,06,1,0,0,0,0,0,0,0,1,"- ","- ",35.381301879882812,-118.94074249267578,KERN,UNINCORPORATED,-118.94078826904297,35.381313323974609
91921343,2022,2022-11-18,9420,2022-11-09,1730,021140,,3,2,9,1500,0,2,4,,1,075,"S UNION AVENUE","PACHECO ROAD",1320.00,N,N,A,-,N,,,,,,,,,,N,2,0,1,2,A,-,11,21954,A,N,G,B,D,A,H,-,D,D,0,Y,,,,Y,,N,60,1,0,0,0,1,0,0,0,0,"- ","- ",35.314109802246094,-119.00315856933594,KERN,UNINCORPORATED,-119.00312805175781,35.314010620117188
91924451,2022,2022-11-22,9830,2022-09-21,2320,021751,,3,3,9,1500,0,3,5,,2,004,"PHILLIPS ROAD","NEURALIA ROAD",4224.00,W,N,A,-,N,,,,,,,,,,Y,1,3,1,1,A,-,08,22107,,N,E,I,A,A,H,-,D,D,0,,,,,Y,,A,07,0,0,1,0,0,0,0,0,0,"- ","- ",35.198661804199219,-118.00016784667969,KERN,UNINCORPORATED,-117.99994659423828,35.198703765869141
91930005,2022,2022-11-30,9426,2022-11-17,1842,021948,,4,2,9,1500,0,1,3,,1,460,SR-46,"HOLLOWAY RD",2510.00,E,N,A,-,Y,KER,,46,,,27.968,H,,R,Y,2,0,4,2,A,-,06,21751,,N,D,C,A,A,H,-,D,D,0,,,,,Y,,A,01,2,1,1,0,0,0,0,0,0,"- ","- ",35.615879058837891,-119.73442077636719,KERN,UNINCORPORATED,-119.73442077636719,35.61578369140625
91931539,2022,2022-12-01,9430,2022-10-30,0025,017152,,7,3,9,1500,0,2,4,,1,021,"FRAZIER MOUNTAIN PARK RD","CUDDY CANYON ROAD",3168.00,E,N,A,-,N,,,,,,,,,,Y,1,1,0,1,A,-,08,22107,,N,E,I,A,A,H,-,D,D,0,,,,,Y,,A,01,0,0,0,0,0,0,0,0,0,"- ","- ",34.817909240722656,-118.89240264892578,KERN,UNINCORPORATED,-118.89239501953125,34.817958831787109
91941832,2022,2022-12-15,9420,2022-09-01,0045,019021,,4,3,9,1500,0,3,5,,2,671,"DI GIORGIO ROAD","MALAGA ROAD",3696.00,W,N,A,-,N,,,,,,,,,,Y,1,1,0,2,A,-,09,21804,A,N,D,C,A,A,H,-,D,D,0,,,Y,,Y,,C,02,0,0,0,0,0,0,0,1,0,"- ","- ",35.252620697021484,-118.87319946289062,KERN,UNINCORPORATED,-118.87287139892578,35.252593994140625
91952799,2022,2022-12-27,9420,2022-12-12,2220,021766,,1,3,9,1500,0,2,4,,1,075,"S. UNION AVE.","WILSON ROAD",0.00,,Y,A,-,N,,,,,,,,,,Y,2,0,1,2,A,-,12,21453,A,N,B,C,A,A,H,-,C,A,0,,,,,Y,,A,07,1,0,0,0,0,0,0,0,0,"- ","- ",35.332218170166016,-119.00312805175781,KERN,UNINCORPORATED,-119.00311279296875,35.332183837890625
91955651,2022,2022-12-29,9430,2022-10-09,1625,021296,,7,2,9,1500,0,1,1,,2,051,"I-5 N/B","LEBEC SERVICE ROAD",200.00,S,N,A,-,Y,KER,,5,,,1.576,H,,R,Y,1,1,1,2,A,-,03,22350,,N,F,I,A,A,H,-,A,D,0,,,Y,Y,Y,,C,02,1,0,0,0,0,0,0,1,1,"- ","- ",34.835220336914062,-118.86358642578125,KERN,UNINCORPORATED,-118.86365509033203,34.835250854492188
91956228,2022,2022-12-30,9420,2022-12-23,2250,021596,,5,3,6,1502,0,1,3,,2,093,"SR-99 SOUTHBOUND","ROSEDALE HIGHWAY",425.00,N,N,B,-,Y,KER,,99,,,25.835,H,,L,Y,2,0,1,1,A,-,01,23152,A,N,E,I,A,A,H,-,C,D,0,,,,,Y,Y,A,01,1,0,0,0,0,0,0,0,0,"- ","- ",35.385738372802734,-119.04483795166016,KERN,BAKERSFIELD,-119.04465484619141,35.385738372802734
91965468,2022,2023-01-11,9420,2022-10-20,2255,021503,,4,3,9,1500,0,2,4,,1,072,"EDISON HIGHWAY","STATE ROUTE 184",2640.00,W,N,A,-,Y,,,,,,,,,,N,1,1,0,2,A,-,11,21954,A,F,G,B,D,A,H,-,D,D,0,Y,,,,Y,,N,60,0,0,0,1,0,0,0,0,0,"- ","- ",35.360679626464844,-118.92404174804688,KERN,UNINCORPORATED,-118.92269134521484,35.360347747802734
91965721,2023,2023-01-11,9420,2023-01-01,2150,021596,,7,2,9,1500,0,2,4,,1,052,"ROBERTS LANE","HIGGINS DRIVE",50.00,E,N,A,-,N,,,,,,,,,,N,2,0,1,2,A,-,11,21954,A,F,G,B,D,A,H,-,C,D,0,Y,,,,Y,,N,60,1,0,0,0,1,0,0,0,0,"- ","- ",35.408668518066406,-119.03205108642578,KERN,UNINCORPORATED,-119.03195190429688,35.40863037109375
91971796,2022,2023-01-19,9420,2022-11-17,0455,020573,,4,3,9,1500,0,3,5,,2,510,"DRIVER ROAD","9TH AVENUE",0.00,,Y,A,-,N,,,,,,,,,,Y,1,1,1,2,A,-,12,22450,A,N,D,C,A,A,H,-,D,A,0,,,,Y,Y,,D,22,0,1,0,0,0,0,0,0,0,"- ","- ",35.768608093261719,-119.20529174804688,KERN,UNINCORPORATED,-119.20526123046875,35.768619537353516
9197230,2020,2021-01-30,1507,2020-11-28,2205,282,16,6,5,3,1507,0,0,0,,0,,"ATKINSON AV","ATKINSON AV 100 BLK",0.00,,N,A,-,N,,,,,,,,,,Y,2,0,2,2,A,-,01,23152,B,N,C,E,A,A,H,-,C,D,0,,,,,Y,Y,D,22,2,0,0,0,0,0,0,0,0,"- ","- ",35.494419097900391,-119.27838134765625,KERN,SHAFTER,,
91978380,2023,2023-01-26,9420,2023-01-14,1330,021134,,6,1,9,1500,0,3,5,,2,671,"DI GIORGIO RD","S VINELAND RD",0.00,,Y,B,C,N,,,,,,,,,,Y,2,0,2,2,A,-,01,23152,A,F,D,C,A,B,H,-,A,A,0,,,,,Y,Y,A,01,1,1,0,0,0,0,0,0,0,"- ","- ",35.252521514892578,-118.89630889892578,KERN,UNINCORPORATED,-118.89627838134766,35.252479553222656
91980199,2023,2023-01-27,9420,2023-01-18,1200,017243,,3,1,9,1500,0,3,5,,2,070,"VIRGINIA AVE.","EASTER ST",60.00,E,N,B,-,N,,,,,,,,,,N,2,0,1,2,A,-,03,22350,,F,G,B,D,A,H,-,A,D,0,Y,,,,Y,,-,99,1,0,0,0,1,0,0,0,0,"- ","- ",35.36138916015625,-118.96282196044922,KERN,UNINCORPORATED,-118.96231079101562,35.361339569091797
91981694,2023,2023-01-30,9420,2023-01-17,1527,019316,,2,2,9,1500,0,2,4,,1,051,"NORTH CHESTER AVENUE","BELLE AVENUE",0.00,,Y,A,-,N,,,,,,,,,,N,2,0,1,2,A,-,11,21954,A,N,G,B,D,A,H,-,A,D,0,Y,,,,Y,,N,60,1,0,0,0,1,0,0,0,0,"- ","- ",35.41046142578125,-119.02107238769531,KERN,UNINCORPORATED,-119.02108764648438,35.410480499267578
91999210,2023,2023-02-21,9420,2023-02-18,1850,021802,,6,2,9,1500,0,3,5,,2,070,"HILL ST.","CENTER ST",225.00,N,N,A,-,N,,,,,,,,,,Y,2,0,4,4,A,-,01,23152,A,N,B,2,A,A,H,-,C,A,0,,,,,Y,Y,A,07,1,3,0,0,0,0,0,0,0,"- ","- ",35.373001098632812,-118.94622039794922,KERN,UNINCORPORATED,-118.94622039794922,35.372917175292969
92000154,2023,2023-04-07,9420,2023-02-15,1255,017256,,3,1,9,1500,0,3,5,,2,070,"EUCALYPTUS DRIVE","ROYAL WAY",0.00,,Y,A,-,N,,,,,,,,,,N,1,1,1,2,A,-,03,22350,,N,D,C,A,A,A,H,A,A,0,,,,,Y,,A,01,0,0,1,0,0,0,0,0,0,"- ","- ",35.365329742431641,-118.9097900390625,KERN,UNINCORPORATED,-118.90975952148438,35.365318298339844
92010223,2023,2023-03-06,9420,2023-02-22,"725 ",016978,,3,1,9,1500,0,2,4,,1,072,"EDISON HIGHWAY","OGDEN STREET",0.00,,Y,C,-,N,,,,,,,,,,Y,2,0,3,2,A,-,05,21460,A,N,A,C,A,A,H,-,A,D,0,,,,,Y,,D,22,1,2,0,0,0,0,0,0,0,"- ","- ",35.372608184814453,-118.97409820556641,KERN,UNINCORPORATED,-118.97402954101562,35.372646331787109
92013966,2023,2023-03-30,9420,2023-01-14,2046,021134,,6,2,9,1500,0,3,5,,2,672,"HERRING ROAD","EDISON ROAD",4224.00,W,N,B,-,N,,,,,,,,,,Y,1,1,3,1,A,-,03,22350,,N,F,A,A,B,H,-,D,D,0,,,,,Y,,A,01,2,1,0,0,0,0,0,0,0,"- ","- ",35.150600433349609,-118.89331817626953,KERN,UNINCORPORATED,-118.89215850830078,35.150623321533203
92020881,2022,2023-07-21,9420,2022-11-22,0315,021773,,2,3,9,1500,0,1,3,,1,184,"STATE ROUTE 184","KERRNITA RD",390.00,S,N,A,-,Y,KER,,184,,,7.512,H,,R,N,1,1,0,2,A,-,03,22350,,F,G,B,E,A,H,-,D,D,0,Y,,,,Y,,-,99,0,0,0,1,0,0,0,0,0,"- ","- ",35.345939636230469,-118.91432189941406,KERN,UNINCORPORATED,-118.91427612304688,35.345939636230469
92025615,2023,2023-03-22,9420,2023-03-12,1958,021144,,7,2,9,1500,0,2,4,,1,072,"NILES ST.","OSWELL ST.",0.00,,Y,A,-,N,,,,,,,,,,N,2,0,1,2,A,-,12,21453,A,N,D,C,A,A,H,-,C,A,0,,,,,Y,,A,01,1,0,0,0,0,0,0,0,0,"- ","- ",35.375869750976562,-118.94965362548828,KERN,UNINCORPORATED,-118.94982147216797,35.375965118408203
92031494,2023,2023-03-29,9420,2023-03-22,1425,020402,,3,2,9,1500,0,2,4,,1,052,"N. CHESTER AVENUE","ROBERTS LANE",0.00,,Y,B,-,N,,,,,,,,,,Y,2,0,3,5,A,-,12,21453,A,N,D,C,A,A,H,-,A,A,0,,,,,Y,,A,01,1,1,1,0,0,0,0,0,0,"- ","- ",35.408618927001953,-119.02105712890625,KERN,UNINCORPORATED,-119.02108001708984,35.408638000488281
92036568,2023,2023-04-04,9420,2023-04-03,"607 ",019868,,1,1,9,1500,0,3,5,,2,520,"FAMOSO POTERVILLE HWY","WHISLER RD",2640.00,N,N,A,-,N,,,,,,,,,,Y,2,0,1,1,C,-,18,,,N,E,J,A,A,H,-,D,D,0,,,,,Y,,-,"- ",1,0,0,0,0,0,0,0,0,"- ","- ",35.652591705322266,-119.19568634033203,KERN,UNINCORPORATED,-119.19564819335938,35.648944854736328
92047384,2023,2023-04-18,9420,2023-02-04,"720 ",019868,,6,1,9,1500,0,3,5,,2,040,"ALTA VISTA DRIVE","IRENE STREET",0.00,,Y,A,-,N,,,,,,,,,,Y,1,1,2,2,A,-,01,23152,A,F,D,C,A,A,H,-,A,A,0,,,,,Y,Y,A,01,1,1,0,0,0,0,0,0,0,"- ","- ",35.393421173095703,-118.99407196044922,KERN,UNINCORPORATED,-118.99398803710938,35.393409729003906
92052828,2023,2023-04-25,9420,2023-04-20,2055,021601,,4,2,9,1500,0,2,4,,1,051,"AIRPORT DRIVE","NORRIS ROAD",905.00,N,N,C,-,N,,,,,,,,,,N,1,1,0,2,A,-,05,21202,A,N,H,G,A,A,H,-,C,A,0,,Y,,,Y,,L,04,0,0,0,0,0,1,0,0,0,"- ","- ",35.422229766845703,-119.03907012939453,KERN,UNINCORPORATED,-119.0391845703125,35.422046661376953
92066429,2023,2023-05-11,9420,2023-04-27,"354 ",019903,,4,3,9,1500,0,2,4,,1,052,"ROBERTS LANE","PLYMOUTH AVENUE",581.00,W,N,A,-,N,,,,,,,,,,Y,2,0,1,2,A,-,02,21654,A,F,C,C,A,A,H,-,C,D,0,,,Y,,Y,,C,03,1,0,0,0,0,0,0,0,1,"- ","- ",35.408710479736328,-119.02752685546875,KERN,UNINCORPORATED,-119.02748870849609,35.40863037109375