CASE_ID,ACCIDENT_YEAR,PROC_DATE,JURIS,COLLISION_DATE,COLLISION_TIME,OFFICER_ID,REPORTING_DISTRICT,DAY_OF_WEEK,CHP_SHIFT,POPULATION,CNTY_CITY_LOC,SPECIAL_COND,BEAT_TYPE,CHP_BEAT_TYPE,CITY_DIVISION_LAPD,CHP_BEAT_CLASS,BEAT_NUMBER,PRIMARY_RD,SECONDARY_RD,DISTANCE,DIRECTION,INTERSECTION,WEATHER_1,WEATHER_2,STATE_HWY_IND,CALTRANS_COUNTY,CALTRANS_DISTRICT,STATE_ROUTE,ROUTE_SUFFIX,POSTMILE_PREFIX,POSTMILE,LOCATION_TYPE,RAMP_INTERSECTION,SIDE_OF_HWY,TOW_AWAY,COLLISION_SEVERITY,NUMBER_KILLED,NUMBER_INJURED,PARTY_COUNT,PRIMARY_COLL_FACTOR,PCF_CODE_OF_VIOL,PCF_VIOL_CATEGORY,PCF_VIOLATION,PCF_VIOL_SUBSECTION,HIT_AND_RUN,TYPE_OF_COLLISION,MVIW,PED_ACTION,ROAD_SURFACE,ROAD_COND_1,ROAD_COND_2,LIGHTING,CONTROL_DEVICE,CHP_ROAD_TYPE,PEDESTRIAN_ACCIDENT,BICYCLE_ACCIDENT,MOTORCYCLE_ACCIDENT,TRUCK_ACCIDENT,NOT_PRIVATE_PROPERTY,ALCOHOL_INVOLVED,STWD_VEHTYPE_AT_FAULT,CHP_VEHTYPE_AT_FAULT,COUNT_SEVERE_INJ,COUNT_VISIBLE_INJ,COUNT_COMPLAINT_PAIN,COUNT_PED_KILLED,COUNT_PED_INJURED,COUNT_BICYCLIST_KILLED,COUNT_BICYCLIST_INJURED,COUNT_MC_KILLED,COUNT_MC_INJURED,PRIMARY_RAMP,SECONDARY_RAMP,LATITUDE,LONGITUDE,COUNTY,CITY,POINT_X,POINT_Y
92071747,2023,2023-05-18,9420,2023-05-07,1630,021601,,7,2,9,1500,0,3,5,,2,040,"ALFRED HARRELL HWY","GOODMANVILLE ROAD",475.00,E,N,A,-,N,,,,,,,,,,N,2,0,1,1,A,-,08,22107,,N,F,A,A,A,H,-,A,D,0,,,Y,,Y,,C,02,1,0,0,0,0,0,0,0,1,"- ","- ",35.437801361083984,-118.93203735351562,KERN,UNINCORPORATED,-118.93276214599609,35.436038970947266
92074004,2023,2023-05-22,9420,2023-04-08,"129 ",020093,,6,3,9,1500,0,1,3,,1,650,"STATE ROUTE 65 SOUTHBOUND","IMPERIAL AVENUE",545.00,S,N,B,-,Y,,,,,,,,,,N,1,1,0,2,A,-,11,21954,A,N,G,B,E,A,H,-,D,D,0,Y,,,Y,Y,,N,60,0,0,0,1,0,0,0,0,0,"- ","- ",34.446090698242188,-119.07476806640625,KERN,UNINCORPORATED,-119.07469177246094,35.454353332519531
92080356,2023,2023-05-29,9420,2023-05-14,2330,021667,,7,3,9,1500,0,3,5,,2,070,"VIRGINIA AVENUE","TANNER STREET",99.00,W,N,A,-,N,,,,,,,,,,Y,2,0,2,2,A,-,08,22107,,N,A,C,A,A,H,-,C,D,0,,,,,Y,,-,"- ",1,1,0,0,0,0,0,0,0,"- ","- ",35.361278533935547,-118.97293853759766,KERN,UNINCORPORATED,-118.97283172607422,35.36126708984375
92087975,2023,2023-06-07,9430,2023-05-26,1340,017187,,5,1,9,1500,0,3,5,,2,002,"FRAZIER MOUNTAIN PARK FRONTAGE ROAD","LEBEC ROAD",730.00,W,N,A,-,N,,,,,,,,,,Y,2,0,2,2,A,-,09,21804,A,N,D,C,A,A,H,-,A,A,0,,,Y,,Y,,C,02,1,0,1,0,0,0,0,0,1,"- ","- ",34.817909240722656,-118.88728332519531,KERN,UNINCORPORATED,,
92091689,2023,2023-06-12,9426,2023-05-26,"517 ",022015,,5,3,9,1500,0,1,3,,2,432,SR-43,"I-5 S/B",685.00,S,N,A,-,N,,,,,,,,,,Y,2,0,6,2,A,-,09,21801,A,N,D,2,A,A,H,-,B,D,0,,,,,Y,,D,22,1,0,5,0,0,0,0,0,0,"- ","- ",35.291080474853516,-119.25250244140625,KERN,UNINCORPORATED,-119.25254821777344,35.291080474853516
92093778,2023,2023-06-14,9420,2023-06-02,1642,019686,,5,2,9,1500,0,2,4,,1,072,"EDISON HIGHWAY","QUANTICO AVENUE",0.00,,Y,A,-,N,,,,,,,,,,Y,2,0,2,2,A,-,12,22450,A,N,D,C,A,A,H,-,A,A,0,,,,,Y,,A,01,1,0,1,0,0,0,0,0,0,"- ","- ",35.368930816650391,-118.95858764648438,KERN,UNINCORPORATED,-118.95861053466797,35.368946075439453
92101729,2023,2023-06-26,9420,2023-06-13,"738 ",019311,,2,1,9,1500,0,3,5,,2,050,"MERLE HAGGARD DR","SPECTRUM PARK WAY",0.00,,Y,B,-,N,,,,,,,,,,Y,2,0,1,2,A,-,01,23152,A,N,D,C,A,A,H,-,A,A,0,,,Y,,Y,Y,A,01,1,0,0,0,0,0,0,0,1,"- ","- ",35.441261291503906,-119.07647705078125,KERN,UNINCORPORATED,-119.07656860351562,35.441299438476562
92111687,2023,2023-07-07,9830,2023-04-05,1525,019883,,3,2,9,1500,0,1,3,,1,052,"STATE ROUTE 178 EASTBOUND","PINTO STREET",0.00,,Y,A,-,Y,KER,,178," "," ",96.263,H,,R,Y,1,1,2,2,A,-,09,21801,A,N,D,C,A,A,H,-,A,D,0,,,,,Y,,A,01,1,1,0,0,0,0,0,0,0,"- ","- ",35.651901245117188,-117.74710083007812,KERN,UNINCORPORATED,-117.74710083007812,35.651836395263672
92116145,2023,2023-07-13,9426,2023-07-07,2040,019896,,5,2,9,1500,0,3,5,,2,086,"SULLIVAN RD","GATSON ST",0.00,,Y,A,-,N,,,,,,,,,,N,2,0,3,1,A,-,08,22107,,N,F,A,A,A,H,-,D,D,0,,,Y,,Y,,C,06,1,0,2,0,0,0,0,0,3,"- ","- ",35.412879943847656,-119.31629180908203,KERN,UNINCORPORATED,-119.31632995605469,35.412857055664062
92116238,2023,2023-07-13,9420,2023-06-10,2500,020163,,6,4,9,1500,0,1,3,,2,589,"STATE ROUTE 58","BENA ROAD",1680.00,W,N,B,-,Y,,,,,,,,,,Y,1,1,0,1,A,-,01,23152,A,N,E,I,A,A,H,-,D,D,0,,,,,Y,Y,A,07,0,0,0,0,0,0,0,0,0,"- ","- ",35.270370483398438,-118.68818664550781,KERN,UNINCORPORATED,-118.68812561035156,35.269985198974609
92118388,2023,2023-07-17,9420,2023-06-26,"500 ",021667,,1,3,9,1500,0,1,3,,2,223,SR-223,SR-58,8976.00,W,N,A,-,Y,KER,,223," "," ",30.258,H,,R,N,2,0,2,1,A,-,08,22107,,N,F,A,A,A,H,-,B,D,0,,,,,Y,,A,01,2,0,0,0,0,0,0,0,0,"- ","- ",35.245368957519531,-118.67726898193359,KERN,UNINCORPORATED,-118.67732238769531,35.24542236328125
92118910,2023,2023-07-17,9430,2023-04-08,"620 ",018627,,6,1,9,1500,0,1,1,,2,054,"I-5 N/B","MPM 15.00",328.00,N,N,A,-,Y,KER,,5," "," ",15.051,H,,R,Y,1,1,3,3,A,-,21,22106,,N,C,G,A,A,H,-,B,D,0,,,,,Y,,D,22,1,2,0,0,0,0,0,0,0,"- ","- ",35.007808685302734,-118.95175933837891,KERN,UNINCORPORATED,-118.95178985595703,35.007804870605469
92121971,2023,2023-07-20,9420,2023-07-14,1115,020402,,5,1,9,1500,0,2,4,,1,072,"NILES STREET","NORMANDY DRIVE",0.00,,Y,A,-,N,,,,,,,,,,N,2,0,1,2,A,-,08,22107,,N,F,G,A,A,H,-,A,A,0,,Y,,,Y,,L,04,1,0,0,0,0,0,1,0,0,"- ","- ",35.375930786132812,-118.93968963623047,KERN,UNINCORPORATED,-118.93968963623047,35.375965118408203
92126807,2023,2023-07-26,9420,2023-07-15,"537 ",019686,,6,3,9,1500,0,1,3,,2,090,"SR-99 N/B",SR-46,1000.00,S,N,A,-,Y,KER,,99," ",R,43.903,H,,R,N,2,0,1,1,A,-,03,22350,,N,E,I,A,A,H,-,A,D,0,,,Y,,Y,,C,02,1,0,0,0,0,0,0,0,1,"- ","- ",35.596199035644531,-119.20976257324219,KERN,UNINCORPORATED,-119.20966339111328,35.596229553222656
92133935,2023,2023-08-02,9420,2023-07-31,1720,018481,,1,2,9,1500,0,1,3,,2,090,"SR-99 N/B TO FREMONT ST.","FREMONT ST.",50.00,S,N,A,-,Y,KER,,99," "," ",56.269,H,,R,Y,2,0,1,1,A,-,03,22350,,N,F,A,A,A,H,-,A,D,0,,,Y,,Y,,C,02,1,0,0,0,0,0,0,0,1,"- ","- ",35.772121429443359,-119.25125122070312,KERN,UNINCORPORATED,-119.25148010253906,35.772083282470703
92159918,2023,2023-08-31,9420,2023-08-28,1330,020402,,1,1,9,1500,0,2,4,,1,075,"S. UNION AVE","HOUGHTON RD",870.00,N,N,A,-,N,,,,,,,,,,Y,2,0,1,1,A,-,03,22350,,N,E,8,A,A,H,-,A,D,0,,,,,Y,,-,"- ",1,0,0,0,0,0,0,0,0,"- ","- ",35.240150451660156,-119.00322723388672,KERN,UNINCORPORATED,-119.00319671630859,35.240116119384766
92162519,2023,2023-09-05,9420,2023-08-24,1558,021596,,4,2,9,1500,0,2,4,,1,072,"E/B CALIFORNIA AVENUE","EXCHANGE STREET",0.00,,Y,A,-,N,,,,,,,,,,Y,2,0,1,3,A,-,09,21802,A,N,D,C,A,A,H,-,A,D,0,,,,,Y,,D,22,1,0,0,0,0,0,0,0,0,"- ","- ",35.368560791015625,-118.96539306640625,KERN,UNINCORPORATED,-118.96528625488281,35.368579864501953
92164272,2023,2023-09-07,9420,2023-08-23,"551 ",020366,,3,3,9,1500,0,3,5,,2,672,"TEJON HWY","MOUNTAIN VIEW ROAD",262.00,S,N,A,-,N,,,,,,,,,,Y,2,0,1,1,A,-,08,22107,,N,F,I,A,A,H,-,B,D,0,,,,,Y,,D,22,1,0,0,0,0,0,0,0,0,"- ","- ",35.281120300292969,-118.82492828369141,KERN,UNINCORPORATED,-118.82497406005859,35.281200408935547
92166838,2023,2023-10-09,9420,2023-08-28,"215 ",021667,,1,3,9,1500,0,2,4,,1,051,"CHESTER AVENUE","BEARDSLEY AVENUE",200.00,S,N,A,-,N,,,,,,,,,,N,2,0,1,2,A,-,11,21954,A,N,G,B,D,A,H,-,C,D,0,Y,,,,Y,,N,60,1,0,0,0,1,0,0,0,0,"- ","- ",35.404319763183594,-119.02076721191406,KERN,UNINCORPORATED,-119.0208740234375,35.4044189453125
92169894,2023,2023-09-14,9420,2023-09-03,1215,021480,,7,1,9,1500,0,2,4,,1,072,"EDISON HIGHWAY","CHANBERLAIN AVENUE",172.00,E,N,A,-,N,,,,,,,,,,Y,2,0,2,2,A,-,01,23153,A,F,D,C,A,A,H,-,A,D,0,,,,,Y,Y,A,01,1,1,0,0,0,0,0,0,0,"- ","- ",35.371578216552734,-118.96965789794922,KERN,UNINCORPORATED,-118.96974182128906,35.371612548828125
92171029,2023,2023-09-15,9426,2023-09-06,2124,018919,,3,2,9,1500,0,1,1,,2,502,"I-5 NB",SR-58,1584.00,N,N,A,-,Y,KER,,5," "," ",52.429,H,,R,Y,2,0,2,2,A,-,05,21651,B,N,A,C,A,A,H,-,C,D,0,,,,,Y,,D,22,1,1,0,0,0,0,0,0,0,"- ","- ",35.401679992675781,-119.40093231201172,KERN,UNINCORPORATED,-119.40087890625,35.401725769042969
92173851,2023,2023-09-19,9420,2023-09-09,"44  ",021802,,6,3,9,1500,0,3,5,,2,672,"MONTEREY ST (2300 BLOCK)","NILES ST",450.00,E,N,A,-,N,,,,,,,,,,Y,2,0,1,3,A,-,01,23152,A,M,B,C,A,A,H,-,C,D,0,,,,,Y,Y,A,01,1,0,0,0,0,0,0,0,0,"- ","- ",35.374961853027344,-118.96558380126953,KERN,UNINCORPORATED,-118.99911499023438,35.3829345703125
92180239,2023,2023-09-26,9420,2023-09-17,2355,021802,,7,3,9,1500,0,1,3,,1,176,"SR-178 (E/B) TO MORNING DR.","MORNING DR.",533.00,W,N,A,-,Y,,,,,,,,,,Y,2,0,1,1,A,-,01,23152,A,N,F,I,A,A,H,-,C,D,0,,,,,Y,Y,A,07,1,0,0,0,0,0,0,0,0,"- ","- ",35.396068572998047,-118.91506195068359,KERN,UNINCORPORATED,-118.91504669189453,35.396884918212891
92197283,2023,2023-10-12,9420,2023-10-05,"415 ",019901,,4,3,9,1500,0,1,3,,2,223,SR-223,"FAIRFAX RD.",0.00,,Y,A,-,Y,KER,,223," ",R,15.006,H,,R,Y,2,0,3,2,A,-,09,21802,A,N,D,C,A,A,H,-,D,A,0,,,,,Y,,A,01,1,2,0,0,0,0,0,0,0,"- ","- ",35.208690643310547,-118.93215942382812,KERN,UNINCORPORATED,-118.93215942382812,35.208671569824219
92199984,2023,2023-10-16,9426,2023-10-03,1810,022015,,2,2,9,1500,0,1,1,,2,502,"I-5 N/B","MERCED AVE",2640.00,S,N,A,-,Y,KER,,5," "," ",64.748,H,,R,Y,2,0,1,1,A,-,08,22107,,N,E,8,A,A,H,-,A,D,0,,,Y,,Y,,C,02,1,0,0,0,0,0,0,0,1,"- ","- ",35.52362060546875,-119.56015777587891,KERN,UNINCORPORATED,-119.56023406982422,35.523567199707031
92201360,2023,2023-10-17,9420,2023-09-11,1420,020402,,1,2,9,1500,0,3,5,,2,672,"CALIENTE BODFISH ROAD","CALIENTE CREEK ROAD",8448.00,N,N,B,-,N,,,,,,,,,,N,1,1,3,1,A,-,03,22350,,N,F,A,A,A,H,-,A,D,0,,,,Y,Y,,F,55,0,3,0,0,0,0,0,0,0,"- ","- ",35.325321197509766,-118.59079742431641,KERN,UNINCORPORATED,-118.59101867675781,35.32373046875
92207321,2023,2023-10-24,9420,2023-10-16,"410 ",022153,,1,3,9,1500,0,3,5,,2,040,"JAMES ROAD","AIRPORT DRIVE",10560.00,W,N,A,-,N,,,,,,,,,,N,2,0,1,2,A,-,11,21954,A,N,G,B,D,A,H,-,D,C,0,Y,,,,Y,,N,60,1,0,0,0,1,0,0,0,0,"- ","- ",35.454471588134766,-118.04042053222656,KERN,UNINCORPORATED,-119.06599426269531,35.470188140869141
92223126,2023,2023-10-31,9430,2023-10-23,1125,018631,,1,1,9,1500,0,1,1,,2,053,"I-5 S/B","GRAPEVINE ROAD UNDERCROSSING",330.00,S,N,C,-,Y,KER,,5," "," ",10.112,H,,L,Y,2,0,2,2,A,-,03,22350,,N,D,C,A,B,H,-,A,D,0,,,,Y,Y,,A,01,1,0,1,0,0,0,0,0,0,"- ","- ",34.938220977783203,-118.93080139160156,KERN,UNINCORPORATED,-118.93071746826172,34.938217163085938
92232253,2023,2023-11-09,9420,2023-04-03,"100 ",021773,,1,3,9,1500,0,1,3,,2,093,"STATE ROUTE 99 SOUTHBOUND","7TH STANDARD ROAD",686.00,S,N,A,-,Y,KER,,99," ",R,30.352,H,,L,N,1,1,0,2,A,-,11,21954,A,F,G,B,E,A,H,-,C,D,0,Y,,,,Y,,N,60,0,0,0,1,0,0,0,0,0,"- ","- ",35.439521789550781,-119.08219146728516,KERN,UNINCORPORATED,-119.08216094970703,35.439544677734375
92236824,2023,2023-11-15,9420,2023-07-14,"120 ",021667,,5,3,6,1502,0,1,3,,2,092,"STATE ROUTE 99","ROSEDALE HIGHWAY",2700.00,S,N,A,-,Y,KER,,99," "," ",25.129,H,,R,N,1,1,0,2,A,-,11,21954,A,N,G,B,E,A,H,-,C,D,0,Y,,,Y,Y,,N,60,0,0,0,1,0,0,0,0,0,"- ","- ",35.37554931640625,-119.044189453125,KERN,BAKERSFIELD,-119.04430389404297,35.375541687011719
92244788,2023,2023-11-27,9420,2023-11-06,1710,019140,,1,2,9,1500,0,3,5,,2,020,"MOBIL DRIVE","STATE ROUTE 178",75.00,S,N,A,-,N,,,,,,,,,,N,2,0,2,3,A,-,08,22107,,N,G,B,D,A,H,-,A,D,0,Y,,,,Y,,A,01,2,0,0,0,2,0,0,0,0,"- ","- ",35.64324951171875,-118.41327667236328,KERN,UNINCORPORATED,-118.41319274902344,35.643291473388672
92261294,2023,2024-06-20,9426,2023-12-08,"740 ",016953,,5,1,9,1500,0,1,1,,2,504,"I-5 S/B","HAGEMAN RD",5280.00,S,N,A,-,Y,KER,,5," "," ",51.112,H,,L,Y,2,0,2,1,A,-,08,22107,,N,F,I,A,A,H,-,A,D,0,,,,,Y,,A,07,2,0,0,0,0,0,0,0,0,"- ","- ",35.388881683349609,-119.38394927978516,KERN,UNINCORPORATED,-119.38389587402344,35.388931274414062
92267523,2023,2023-12-20,9420,2023-08-26,2018,021534,,6,2,9,1500,0,3,5,,2,672,"EAST PANAMA LANE","STATE ROUTE 184",1584.00,E,N,A,-,N,,,,,,,,,,Y,1,1,0,1,A,-,08,22107,,N,F,I,A,A,H,-,D,D,0,,,,,Y,,A,07,0,0,0,0,0,0,0,0,0,"- ","- ",35.296230316162109,-118.90836334228516,KERN,UNINCORPORATED,-118.90904998779297,35.296142578125
92268035,2023,2023-12-21,9420,2023-08-24,1833,021534,,4,2,6,1502,1,4,S,,2,901,"MOUNT VERNON AVENUE","BELLE TERRACE",3696.00,S,N,A,-,N,,,,,,,,,,Y,1,1,3,2,A,-,01,23152,A,N,A,C,A,A,H,-,A,D,0,,,,,Y,Y,A,08,0,2,1,0,0,0,0,0,0,"- ","- ",35.338680267333984,-118.96769714355469,KERN,BAKERSFIELD,-118.96765899658203,35.336780548095703
92273575,2023,2023-12-28,9420,2023-12-19,1730,020634,,2,2,9,1500,0,2,4,,1,052,"NORRIS ROAD","CALIFORNIA ST",0.00,,Y,B,-,N,,,,,,,,,,N,2,0,1,2,A,-,11,21954,A,N,G,B,D,A,H,-,C,B,0,Y,,,,Y,,N,60,1,0,0,0,1,0,0,0,0,"- ","- ",35.419479370117188,-119.02359008789062,KERN,UNINCORPORATED,-119.0234375,35.419509887695312
92276860,2023,2024-01-02,9420,2023-12-20,1728,017243,,3,2,6,1502,0,3,5,,2,510,"WALLACE RD.","SHERWOOD AVE",0.00,,Y,B,C,N,,,,,,,,,,N,2,0,3,2,A,-,12,22450,A,N,D,C,A,B,H,-,D,A,0,,,,,Y,,A,01,1,2,0,0,0,0,0,0,0,"- ","- ",35.674629211425781,-119.16935729980469,KERN,BAKERSFIELD,-119.16937255859375,35.674633026123047
92278206,2023,2024-01-03,9426,2023-10-25,1213,016804,,3,1,9,1500,0,1,3,,2,432,"STATE ROUTE 43","PANAMA LANE",3696.00,N,N,A,-,Y,KER,,58," ",R,36.200,H,,R,Y,1,1,0,2,A,-,08,22107,,N,A,2,A,A,H,-,A,D,0,,,,Y,Y,,A,01,0,0,0,0,0,0,0,0,0,"- ","- ",35.354709625244141,-119.30625152587891,KERN,UNINCORPORATED,-119.30625152587891,35.354717254638672
92297193,2024,2024-01-25,9420,2024-01-19,1715,021895,,5,2,9,1500,0,1,3,,2,430,SR-43,"WHILSER RD",2640.00,S,N,A,-,Y,KER,,43," "," ",27.813,H,,R,Y,2,0,2,2,A,-,08,22107,,N,A,2,A,A,H,-,B,D,0,,,,,Y,,A,01,1,1,0,0,0,0,0,0,0,"- ","- ",35.637378692626953,-119.33109283447266,KERN,UNINCORPORATED,-119.33108520507812,35.637378692626953
92300506,2024,2024-01-30,9420,2024-01-25,1913,019316,,4,2,9,1500,0,2,4,,1,051,"NORTH CHESTER AVENUE","MINNER AVENUE",6.00,S,N,A,-,N,,,,,,,,,,N,2,0,1,2,A,-,11,21954,A,N,G,B,D,A,H,-,D,D,0,Y,,,,Y,,N,60,1,0,0,0,1,0,0,0,0,"- ","- ",35.418910980224609,-119.0211181640625,KERN,UNINCORPORATED,-119.02124786376953,35.418891906738281
92306858,2024,2024-02-06,9420,2024-01-20,2223,023531,,6,3,6,1502,0,1,3,,2,093,"SR-99 S/B","OLIVE DR",300.00,N,N,C,-,Y,KER,,99," ",R,28.301,H,,L,Y,2,0,1,2,A,-,03,22350,,N,G,B,F,B,H,-,C,D,0,Y,,,,Y,,A,01,1,0,0,0,1,0,0,0,0,"- ","- ",35.417278289794922,-119.06002044677734,KERN,BAKERSFIELD,-119.05992889404297,35.417308807373047
92313093,2024,2024-02-13,9420,2024-01-30,2213,019311,,2,3,6,1502,0,1,3,,2,094,"SR-99 N/B","MING AVE",600.00,N,N,A,-,Y,KER,,99," "," ",22.734,H,,R,N,2,0,1,2,A,-,03,22350,,N,C,C,A,A,D,-,C,D,0,,,,,Y,,A,01,1,0,0,0,0,0,0,0,0,"- ","- ",35.341350555419922,-119.03943634033203,KERN,BAKERSFIELD,-119.03945922851562,35.341350555419922
92323223,2024,2024-02-26,9420,2024-01-26,1158,020163,,5,1,9,1500,0,2,4,,1,076,"SOUTH DR. MARTIN LUTHER KING JR.  BOULEVARD","MARDI GRAS CT.",352.00,N,N,A,-,N,,,,,,,,,,N,2,0,1,1,A,-,08,22107,,N,F,A,A,A,H,-,A,D,0,,Y,,,Y,,L,04,1,0,0,0,0,0,1,0,0,"- ","- ",35.345470428466797,-118.98533630371094,KERN,UNINCORPORATED,,
92331513,2024,2024-03-06,9426,2024-02-12,"333 ",018023,,1,3,9,1500,0,1,1,,2,502,"INTERSTATE 5 S/B TO LERDO HIGHWAY","LERDO HIGHWAY",705.00,N,N,A,-,Y,KER,,5," "," ",62.784,H,,L,Y,1,1,2,2,A,-,08,22107,,N,C,E,A,A,H,-,C,D,0,,,,Y,Y,Y,A,07,1,1,0,0,0,0,0,0,0,"- ","- ",35.502048492431641,-119.53768920898438,KERN,UNINCORPORATED,-119.53748321533203,35.502201080322266
92331556,2024,2024-03-06,9830,2024-02-24,"130 ",021751,,6,3,9,1500,0,3,5,,2,003,"60TH STREET WEST","AVENUE A",1740.00,N,N,A,-,N,,,,,,,,,,Y,2,0,1,1,A,-,01,23152,A,N,E,I,A,A,H,-,D,D,0,,,,,Y,Y,A,01,1,0,0,0,0,0,0,0,0,"- ","- ",34.824958801269531,-118.23764801025391,KERN,UNINCORPORATED,-118.23773193359375,34.824901580810547
92339677,2023,2024-03-15,9830,2023-12-20,2020,020655,,3,2,9,1500,0,1,3,,1,050,"STATE ROUTE 14","RED ROCK CANYON ROAD",12619.00,N,N,C,-,Y,KER,,14," "," ",47.465,H,,R,Y,1,1,2,3,A,-,08,22107,,N,B,C,A,B,H,-,D,D,0,,,,Y,Y,,D,22,1,1,0,0,0,0,0,0,0,"- ","- ",35.461990356445312,-117.96646118164062,KERN,UNINCORPORATED,-117.96646118164062,35.461990356445312
92341719,2024,2024-03-19,9420,2024-03-04,2220,020093,,1,3,9,1500,0,1,3,,2,096,"SR-99 N/B",SR-223,1003.00,N,N,B,-,Y,KER,,99," "," ",13.559,H,,R,Y,2,0,2,1,A,-,08,22107,,N,E,I,A,A,H,-,C,D,0,,,,,Y,,A,01,1,1,0,0,0,0,0,0,0,"- ","- ",35.210670471191406,-119.01040649414062,KERN,UNINCORPORATED,-119.01047515869141,35.210662841796875
92342249,2023,2024-03-19,9430,2023-10-08,1143,022087,,7,1,9,1500,0,1,1,,2,053,"I-5 S/B (GOLDEN STATE FREEWAY)","FORT TEJON ROAD OVERCROSSING",5808.00,N,N,A,-,Y,KER,,5," "," ",6.174,H,,L,Y,1,1,1,3,A,-,03,22350,,N,C,C,A,A,C,-,A,D,0,,,Y,,Y,,C,02,1,0,0,0,0,0,0,1,1,"- ","- ",34.888618469238281,-118.90847778320312,KERN,UNINCORPORATED,-118.90850830078125,34.888587951660156
92348280,2024,2024-03-27,9420,2024-03-23,2230,022464,,6,3,9,1500,0,3,5,,2,030,"SR-178 E/B","MM 26",75.00,E,N,C,-,N,,,,,,,,,,Y,2,0,2,1,A,-,03,22350,,N,E,I,A,B,H,-,D,D,0,,,,,Y,,A,07,1,0,1,0,0,0,0,0,0,"- ","- ",35.525428771972656,-118.6649169921875,KERN,UNINCORPORATED,-118.66489410400391,35.525409698486328
92354211,2024,2024-04-03,9420,2024-03-18,1810,023401,,1,2,9,1500,0,1,3,,2,178,SR-178,"FORD ST.",490.00,W,N,A,-,Y,KER,,178," "," ",52.332,H,,R,Y,2,0,1,1,A,-,08,22107,,N,F,A,A,A,H,-,B,D,0,,,,,Y,,A,07,1,0,0,0,0,0,0,0,0,"- ","- ",35.639110565185547,-118.37428283691406,KERN,UNINCORPORATED,-118.37423706054688,35.639087677001953
92357627,2024,2024-04-05,9430,2024-03-23,1955,022349,,6,2,9,1500,0,1,1,,2,053,"I-5 N/B","GRAPEVINE RD E.",2035.00,N,N,C,D,Y,KER,,5," "," ",8.777,H,,L,Y,2,0,3,2,A,-,08,22107,,F,C,C,A,B,H,-,D,D,0,,,,,Y,,D,22,1,2,0,0,0,0,0,0,0,"- ","- ",34.920131683349609,-118.92536926269531,KERN,UNINCORPORATED,-118.92528533935547,34.920135498046875
92377020,2024,2024-04-29,9830,2024-04-26,2340,023087,,5,3,9,1500,0,3,5,,2,005,"CHINA LAKE BLVD","CATALINA LN",135.00,W,N,A,-,N,,,,,,,,,,Y,2,0,1,1,A,-,01,23152,A,N,F,A,A,A,H,-,D,D,0,,,,,Y,Y,A,07,1,0,0,0,0,0,0,0,0,"- ","- ",35.579071044921875,-117.71199035644531,KERN,UNINCORPORATED,-117.71189117431641,35.579296112060547
92379736,2024,2024-05-01,9420,2024-04-21,1310,021981,,7,1,9,1500,0,3,5,,2,030,"CALIENTE BODFISH ROAD","LARKSPUR ROAD",3168.00,S,N,A,-,N,,,,,,,,,,Y,2,0,1,1,A,-,08,22107,,N,F,A,A,A,H,-,A,D,0,,,Y,,Y,,C,02,1,0,0,0,0,0,0,0,1,"- ","- ",35.460609436035156,-118.52837371826172,KERN,UNINCORPORATED,-118.52866363525391,35.460845947265625
92404555,2024,2024-06-03,9426,2024-02-23,1456,018610,,5,2,9,1500,0,3,5,,2,086,"HAGEMAN ROAD","BRANDT ROAD",28.00,W,N,B,-,N,,,,,,,,,,Y,1,1,0,2,A,-,08,22107,,N,A,C,A,A,H,-,A,D,0,,,Y,,Y,,-,"- ",0,0,0,0,0,0,0,1,0,"- ","- ",35.398761749267578,-119.37702941894531,KERN,UNINCORPORATED,,
92405847,2024,2025-01-29,9420,2024-03-30,1025,021144,,6,1,9,1500,0,1,3,,2,179,"STATE ROUTE 178","DOYLE RANCH ROAD",1368.00,W,N,B,-,Y,KER,,178," "," ",61.301,H,,R,Y,1,1,3,2,A,-,01,23152,F,N,A,C,A,B,H,-,A,D,0,,,,,Y,,A,01,3,0,0,0,0,0,0,0,0,"- ","- ",35.686798095703125,-118.23799896240234,KERN,UNINCORPORATED,-118.23800659179688,35.686824798583984
92407996,2024,2024-06-06,9830,2024-01-14,"804 ",020866,,7,1,9,1500,0,1,3,,1,022,"STATE ROUTE 58","CLAYMINE ROAD",6864.00,E,N,A,-,Y,KER,,58," ",R,133.337,H,,R,Y,1,1,0,1,A,-,01,23152,E,N,E,8,A,A,H,-,A,D,0,,,,,Y,,A,01,0,0,0,0,0,0,0,0,0,"- ","- ",35.005111694335938,-117.81675720214844,KERN,UNINCORPORATED,-117.81676483154297,35.005077362060547
92411603,2024,2024-06-11,9830,2024-05-25,1848,023380,,6,2,9,1500,0,1,3,,1,041,"REDROCK RANDSBURG ROAD","MESQUITE CANYON ROAD",0.00,,Y,A,-,N,,,,,,,,,,Y,2,0,1,2,A,-,09,21804,A,N,D,C,A,A,H,-,A,D,0,,,Y,,Y,,C,06,1,0,0,0,0,0,0,0,1,"- ","- ",35.38848876953125,-117.81687164306641,KERN,UNINCORPORATED,-117.81690979003906,35.388504028320312