CASE_ID,ACCIDENT_YEAR,PROC_DATE,JURIS,COLLISION_DATE,COLLISION_TIME,OFFICER_ID,REPORTING_DISTRICT,DAY_OF_WEEK,CHP_SHIFT,POPULATION,CNTY_CITY_LOC,SPECIAL_COND,BEAT_TYPE,CHP_BEAT_TYPE,CITY_DIVISION_LAPD,CHP_BEAT_CLASS,BEAT_NUMBER,PRIMARY_RD,SECONDARY_RD,DISTANCE,DIRECTION,INTERSECTION,WEATHER_1,WEATHER_2,STATE_HWY_IND,CALTRANS_COUNTY,CALTRANS_DISTRICT,STATE_ROUTE,ROUTE_SUFFIX,POSTMILE_PREFIX,POSTMILE,LOCATION_TYPE,RAMP_INTERSECTION,SIDE_OF_HWY,TOW_AWAY,COLLISION_SEVERITY,NUMBER_KILLED,NUMBER_INJURED,PARTY_COUNT,PRIMARY_COLL_FACTOR,PCF_CODE_OF_VIOL,PCF_VIOL_CATEGORY,PCF_VIOLATION,PCF_VIOL_SUBSECTION,HIT_AND_RUN,TYPE_OF_COLLISION,MVIW,PED_ACTION,ROAD_SURFACE,ROAD_COND_1,ROAD_COND_2,LIGHTING,CONTROL_DEVICE,CHP_ROAD_TYPE,PEDESTRIAN_ACCIDENT,BICYCLE_ACCIDENT,MOTORCYCLE_ACCIDENT,TRUCK_ACCIDENT,NOT_PRIVATE_PROPERTY,ALCOHOL_INVOLVED,STWD_VEHTYPE_AT_FAULT,CHP_VEHTYPE_AT_FAULT,COUNT_SEVERE_INJ,COUNT_VISIBLE_INJ,COUNT_COMPLAINT_PAIN,COUNT_PED_KILLED,COUNT_PED_INJURED,COUNT_BICYCLIST_KILLED,COUNT_BICYCLIST_INJURED,COUNT_MC_KILLED,COUNT_MC_INJURED,PRIMARY_RAMP,SECONDARY_RAMP,LATITUDE,LONGITUDE,COUNTY,CITY,POINT_X,POINT_Y
92411864,2024,2024-06-19,9420,2024-06-09,1420,023401,,7,2,9,1500,0,1,3,,2,179,"STATE ROUTE 178","LOS PINOS ROAD",380.00,E,N,A,-,Y,KER,,178," "," ",68.921,H,,R,Y,1,1,0,1,A,-,08,22107,,N,F,I,A,A,H,-,A,D,0,,,,,Y,,A,01,0,0,0,0,0,0,0,0,0,"- ","- ",35.728569030761719,-118.13789367675781,KERN,UNINCORPORATED,-118.13790893554688,35.728610992431641
92421494,2024,2024-06-24,9420,2024-05-12,1600,023401,,7,2,9,1500,0,1,3,,2,177,"STATE ROUTE 178","178 KER 25.00",1584.00,W,N,A,-,Y,KER,,178," "," ",24.821,H,,R,Y,1,2,0,1,A,-,08,22107,,N,E,I,A,A,H,-,A,D,0,,,Y,,Y,,C,02,0,0,0,0,0,0,0,2,0,"- ","- ",35.515880584716797,-118.68283081054688,KERN,UNINCORPORATED,-118.68278503417969,35.515857696533203
92422904,2024,2024-06-25,9420,2024-06-12,1549,019686,,3,2,9,1500,0,3,5,,2,671,"COMANCHE DRIVE","DI GIORGIO ROAD",1056.00,S,N,A,-,N,,,,,,,,,,Y,2,0,4,4,A,-,03,22350,,N,C,C,A,A,H,-,A,D,0,,,,,Y,,D,22,1,0,3,0,0,0,0,0,0,"- ","- ",35.247501373291016,-118.84262084960938,KERN,UNINCORPORATED,-118.84262084960938,35.249782562255859
92425321,2024,2024-06-27,9420,2024-06-17,1500,022355,,1,2,9,1500,0,1,3,,1,176,"LAKE MING ROAD","CAMPGROUND ROAD",450.00,E,N,A,-,N,,,,,,,,,,N,2,0,2,1,A,-,01,23152,F,N,E,I,A,A,H,-,A,D,0,,,,,Y,,A,08,1,0,1,0,0,0,0,0,0,"- ","- ",35.434619903564453,-118.86585235595703,KERN,UNINCORPORATED,-118.86486053466797,35.436325073242188
92434892,2024,2024-07-10,9420,2024-07-05,"230 ",021983,,5,3,9,1500,0,2,4,,1,077,"FAIRFAX RD","EUCALYPTUS AVE",600.00,S,N,A,-,N,,,,,,,,,,Y,2,0,1,1,A,-,01,23152,A,N,F,8,A,A,H,-,C,D,0,,,,,Y,Y,A,01,1,0,0,0,0,0,0,0,0,"- ","- ",35.363731384277344,-118.93173980712891,KERN,UNINCORPORATED,-118.93201446533203,35.363548278808594
92440789,2024,2024-07-16,9830,2024-07-03,2045,021788,,3,2,9,1500,0,3,5,,2,005,"RIDGECREST BOULEVARD","GROSS STREET",432.00,W,N,A,-,N,,,,,,,,,,Y,2,0,2,3,A,-,08,22107,,N,D,C,A,A,H,-,D,D,0,,,,,Y,,A,07,1,1,0,0,0,0,0,0,0,"- ","- ",35.622539520263672,-117.69937133789062,KERN,UNINCORPORATED,-117.69927978515625,35.622512817382812
92441324,2024,2024-08-14,9830,2024-07-09,1520,020655,,2,2,9,1500,0,3,5,,2,003,"10TH ST  W","ORANGE ST.",70.00,N,N,A,-,N,,,,,,,,,,Y,2,0,2,1,B,-,22,,,N,F,A,A,A,H,-,A,D,0,,,,,Y,,A,07,1,0,1,0,0,0,0,0,0,"- ","- ",34.857490539550781,-118.14942932128906,KERN,UNINCORPORATED,-118.14942932128906,34.857501983642578
92442777,2024,2024-07-18,9420,2024-07-04,1809,021845,,4,2,9,1500,0,3,5,,2,530,"CENTRAL VALLEY HWY","RIVERSIDE ST.",525.00,S,N,A,-,N,,,,,,,,,,Y,2,0,4,4,A,-,08,22107,,N,B,C,A,A,H,-,A,D,0,,,,Y,Y,,A,01,2,1,1,0,0,0,0,0,0,"- ","- ",35.484218597412109,-119.25112915039062,KERN,UNINCORPORATED,-119.25118255615234,35.484199523925781
9270435,2021,2021-06-07,1509,2021-05-12,1709,58030,B,3,5,3,1509,0,0,0,,0,,"BEAR VALLEY RD","JACARANDA DR",30.00,E,N,A,-,N,,,,,,,,,,N,2,0,1,3,A,-,12,22450,A,N,D,G,A,A,H,-,A,A,0,,Y,,,Y,,L,04,1,0,0,0,0,0,1,0,0,"- ","- ",35.169139862060547,-118.60877990722656,KERN,TEHACHAPI,-118.61008453369141,35.169754028320312
9291958,2021,2021-07-16,1511,2021-06-16,1602,53316,5,3,5,2,1511,0,0,0,,0,00A,"CALIFORNIA CITY BL","82ND ST",0.00,,Y,A,-,N,,,,,,,,,,Y,2,0,2,2,A,-,09,21802,A,N,D,C,A,A,H,-,A,A,0,,,,,Y,,A,01,1,1,0,0,0,0,0,0,0,"- ","- ",35.125770568847656,-117.98179626464844,KERN,"CALIFORNIA CITY",-117.98178100585938,35.125633239746094
9301436,2021,2021-09-03,1508,2021-07-21,0541,111,5B,3,5,2,1508,0,0,0,,0,,"RT 119","AIRPORT RD",100.00,N,N,A,-,Y,KER,6,119,-,-,4.970,H,-,W,N,2,0,1,2,A,-,03,22350,,F,H,G,F,A,H,-,A,D,0,Y,,,,Y,,A,01,1,0,0,0,1,0,0,0,0,"- ","- ",35.1409912109375,-119.44722747802734,KERN,TAFT,-119.42869567871094,35.193840026855469
9321147,2023,2025-06-28,1508,2023-01-27,2020,33,5B,5,5,2,1508,0,0,0,,0,,"E. KERN ST",RT-119,0.00,,Y,A,-,Y,KER,6,33,-,-,17.889,I,5,S,N,1,1,0,2,A,-,10,21950,A,N,G,B,D,A,H,-,C,A,0,Y,,,,Y,,-,99,0,0,0,1,0,0,0,0,0,"- ","- ",35.065219879150391,-119.40162658691406,KERN,TAFT,-119.44747161865234,35.135822296142578
93395143,2024,2024-08-02,9420,2024-07-25,1620,023401,,4,2,9,1500,0,1,3,,2,155,SR-155,"MILLER RD.",235.00,W,N,A,-,Y,KER,,155," ",R,59.368,H,,R,Y,2,0,1,1,A,-,08,22107,,N,E,I,A,A,H,-,A,D,0,,,,Y,Y,,G,26,1,0,0,0,0,0,0,0,0,"- ","- ",35.711860656738281,-118.47701263427734,KERN,UNINCORPORATED,-118.47699737548828,35.711921691894531
93734422,2024,2024-08-06,9420,2024-07-28,1845,021534,,7,2,9,1500,0,3,5,,2,060,"ALLEN ROAD","HAGEMAN ROAD",5.00,N,N,A,-,N,,,,,,,,,,N,2,0,2,2,A,-,08,22107,,N,B,C,A,A,H,-,A,A,0,,,Y,,Y,,C,02,2,0,0,0,0,0,0,0,2,"- ","- ",35.399501800537109,-119.14555358886719,KERN,UNINCORPORATED,-119.1455078125,35.399394989013672
94020912,2024,2024-08-12,9420,2024-06-27,1013,019868,,4,1,9,1500,0,3,5,,2,040,"RIVER BOULEVARD","IRENE STREET",280.00,S,N,A,-,N,,,,,,,,,,Y,1,1,0,4,A,-,08,22107,,N,A,4,A,A,H,-,A,D,0,,,,,Y,,D,22,0,0,0,0,0,0,0,0,0,"- ","- ",35.392559051513672,-118.98506927490234,KERN,UNINCORPORATED,-118.98516082763672,35.392650604248047
9405470,2022,2022-02-10,1506,2022-01-20,1856,1080,35,4,5,4,1506,0,0,0,,0,,"S GORDON ST","W UPJOHN AV",5.00,S,N,A,-,N,,,,,,,,,,N,2,0,1,2,A,-,10,21950,,N,G,B,B,A,H,-,D,D,0,Y,,,,Y,Y,A,01,1,0,0,0,1,0,0,0,0,"- ","- ",35.615230560302734,-117.68576812744141,KERN,RIDGECREST,-117.68576812744141,35.615207672119141
9408429,2022,2022-03-01,1508,2022-01-06,1739,33,4B,4,5,2,1508,0,0,0,,0,00B,"6TH ST","LUCARD ST",6.00,N,N,A,-,N,,,,,,,,,,N,2,0,2,3,-,-,"- ",,A,N,G,B,B,A,H,-,C,A,0,Y,,,,Y,,A,01,2,0,0,0,2,0,0,0,0,"- ","- ",35.144081115722656,-119.45919036865234,KERN,TAFT,-119.45918273925781,35.144084930419922
94353649,2024,2024-08-14,9420,2024-07-27,1740,021882,,6,2,9,1500,0,3,5,,2,040,"GRANITE RD","FAMOSO RD",90.00,S,N,A,-,N,,,,,,,,,,Y,2,0,1,1,A,-,03,22350,,N,F,J,A,A,H,-,A,D,0,,,Y,,Y,,C,02,1,0,0,0,0,0,0,0,1,"- ","- ",35.604808807373047,-118.95028686523438,KERN,UNINCORPORATED,-118.94831848144531,35.607250213623047
94359806,2024,2024-08-19,9420,2024-08-06,1150,019868,,2,1,9,1500,0,3,5,,2,520,"STRADLEY AVE","PETERSON RD",230.00,S,N,A,-,N,,,,,,,,,,Y,2,0,1,1,A,-,08,22107,,N,E,8,A,A,H,-,A,D,0,,,,,Y,,A,01,1,0,0,0,0,0,0,0,0,"- ","- ",35.702629089355469,-119.25858306884766,KERN,UNINCORPORATED,-119.25852203369141,35.702659606933594
94361366,2024,2024-08-20,9420,2024-04-21,"234 ",022093,,7,3,9,1500,0,3,5,,2,530,"KIMBERLINA ROAD","WASCO AVENUE",305.00,W,N,A,-,N,,,,,,,,,,Y,1,3,0,2,A,-,01,23152,A,N,E,I,A,A,H,-,D,A,0,,,,,Y,Y,A,01,0,0,0,0,0,0,0,0,0,"- ","- ",35.558010101318359,-119.33016967773438,KERN,UNINCORPORATED,-119.33306121826172,35.557998657226562
94376938,2024,2024-08-30,9420,2024-08-17,1810,022774,,6,2,6,1502,0,1,3,,1,176,"SR-178 E/B","ALTA VISTA DR",300.00,N,N,A,-,Y,KER,,178," ",R,2.867,H,,R,Y,2,0,1,3,A,-,03,22350,,N,C,C,A,A,H,-,A,D,0,,,Y,,Y,,C,02,1,0,0,0,0,0,0,0,1,"- ","- ",35.383670806884766,-118.99507904052734,KERN,BAKERSFIELD,-118.99507141113281,35.383644104003906
94379098,2024,2024-09-03,9420,2024-08-16,"348 ",022153,,5,3,9,1500,0,1,3,,2,091,"SHAFTER AVENUE S/B","DRESSER AVENUE",295.00,S,N,A,-,N,,,,,,,,,,N,2,0,1,1,A,-,01,23152,A,N,E,I,A,A,H,-,D,D,0,,,,,Y,Y,A,01,1,0,0,0,0,0,0,0,0,"- ","- ",35.542850494384766,-119.27799987792969,KERN,UNINCORPORATED,-119.27763366699219,35.542881011962891
94380049,2024,2024-09-03,9420,2024-08-07,1444,019686,,3,2,9,1500,0,3,5,,2,510,"WOOLLOMES AVENUE","DRIVER ROAD",1584.00,E,N,A,-,N,,,,,,,,,,Y,2,0,1,1,A,-,01,23152,A,N,E,I,A,A,H,-,A,D,0,,,,,Y,Y,A,01,1,0,0,0,0,0,0,0,0,"- ","- ",35.746860504150391,-119.19933319091797,KERN,UNINCORPORATED,-119.19987487792969,35.746852874755859
94387215,2024,2024-09-09,9426,2024-08-31,2034,021365,,6,2,9,1500,0,3,5,,2,086,"MEACHAM ROAD",SR-43,900.00,W,N,A,-,N,,,,,,,,,,N,2,0,2,2,A,-,01,23152,A,N,G,B,E,A,H,-,D,D,0,Y,,Y,,Y,Y,C,02,1,1,0,0,1,0,0,0,1,"- ","- ",35.390720367431641,-119.255126953125,KERN,UNINCORPORATED,-119.25508880615234,35.3907470703125
94387845,2024,2024-09-10,9830,2024-07-01,"45  ",023087,,1,3,9,1500,0,3,5,,2,005,"RIDGECREST BOULEVARD","GOSS STREET",517.00,W,N,A,-,N,,,,,,,,,,N,1,1,0,2,A,-,00,21221,,N,C,J,A,A,H,-,D,D,0,,,,,Y,,M,94,0,0,0,0,0,0,0,0,0,"- ","- ",35.622478485107422,-117.69937133789062,KERN,UNINCORPORATED,-117.69956207275391,35.622512817382812
94388899,2024,2024-09-10,9426,2024-08-13,1414,016162,,2,2,9,1500,0,1,3,,2,330,"STATE ROUTE 33","TWISSELMAN ROAD",6336.00,S,N,A,-,Y,KER,,33," "," ",68.008,H,,R,Y,1,1,1,1,A,-,08,22107,,N,F,A,A,A,H,-,A,D,0,,,,,Y,,A,01,0,1,0,0,0,0,0,0,0,"- ","- ",35.715919494628906,-119.93512725830078,KERN,UNINCORPORATED,-119.93498992919922,35.715976715087891
94392901,2024,2024-09-13,9420,2024-08-27,1647,022387,,2,2,9,1500,0,1,3,,2,589,"SR-58 WB","GENERAL BEALE RD",6864.00,E,N,A,-,Y,KER,,58," "," ",71.085,H,,L,Y,2,0,2,2,A,-,03,22350,,F,C,C,A,A,H,-,A,D,0,,,,,Y,,A,01,1,1,0,0,0,0,0,0,0,"- ","- ",35.283908843994141,-118.73188781738281,KERN,UNINCORPORATED,-118.73191070556641,35.283889770507812
94394251,2024,2024-09-16,9420,2024-09-03,1300,016978,,2,1,9,1500,0,3,5,,2,671,"MYRTLE AVENUE","PALM AVENUE",500.00,S,N,A,-,N,,,,,,,,,,N,2,0,1,2,A,-,03,22350,,N,D,C,A,A,H,-,A,D,0,,,,,Y,,M,94,1,0,0,0,0,0,0,0,0,"- ","- ",35.256561279296875,-118.90976715087891,KERN,UNINCORPORATED,-118.90981292724609,35.256526947021484
94413777,2024,2024-10-01,9430,2024-09-24,"600 ",018631,,2,1,9,1500,0,1,3,,2,167,SR-166,"OLD RIVER ROAD",10560.00,W,N,A,-,Y,KER,,166," "," ",12.829,H,,R,Y,2,0,1,2,A,-,03,22350,,N,C,C,A,A,H,-,B,D,0,,,,Y,Y,,D,22,1,0,0,0,0,0,0,0,0,"- ","- ",35.058609008789062,-119.17510223388672,KERN,UNINCORPORATED,-119.17510223388672,35.058620452880859
94422923,2024,2024-10-08,9420,2024-09-25,"255 ",021144,,3,3,9,1500,0,1,3,,2,092,"SR-99 N/B TO SR-65","SR-65 S/B OVER-CROSS (O/C)",597.00,S,N,A,-,Y,KER,,99," ",R,29.767,H,,R,Y,2,0,1,2,A,-,08,22107,,N,C,E,A,A,H,-,D,D,0,,,,Y,Y,Y,A,01,1,0,0,0,0,0,0,0,0,"- ","- ",35.433868408203125,-119.0743408203125,KERN,UNINCORPORATED,-119.07459259033203,35.433704376220703
94423367,2024,2024-10-08,9420,2024-09-28,2342,021632,,6,3,9,1500,0,2,4,,1,075,"S. UNION AVENUE","LIEB LANE",25.00,N,N,A,-,N,,,,,,,,,,N,2,0,1,2,A,-,11,21954,A,N,G,1,D,A,H,-,D,D,0,Y,,,,Y,,N,60,1,0,0,0,1,0,0,0,0,"- ","- ",35.273708343505859,-119.00303649902344,KERN,UNINCORPORATED,-119.00301361083984,35.273567199707031
94426886,2024,2024-10-10,9830,2024-10-02,1655,019883,,3,2,9,1500,0,3,5,,2,005,"BROWN RD","THREE PINES CANYON AVE",140.00,N,N,A,-,N,,,,,,,,,,Y,2,0,1,2,A,-,08,22107,,N,A,C,A,A,H,-,A,D,0,,,Y,,Y,,D,22,1,0,0,0,0,0,0,0,1,"- ","- ",35.674198150634766,-117.82039642333984,KERN,UNINCORPORATED,-117.82044219970703,35.674373626708984
94439272,2024,2024-10-21,9420,2024-10-12,"230 ",021773,,6,3,9,1500,0,3,5,,2,672,"E. CASA LOMA DR","LOTUS LN",315.00,E,N,A,-,N,,,,,,,,,,Y,2,0,1,1,A,-,13,22515,A,N,E,I,A,A,H,-,C,D,0,,,,,Y,,A,01,1,0,0,0,0,0,0,0,0,"- ","- ",35.339401245117188,-118.98873901367188,KERN,UNINCORPORATED,-118.98898315429688,35.339458465576172
94446774,2024,2024-10-28,9830,2024-10-11,1815,023147,,5,2,9,1500,0,3,5,,2,005,"BROWN RD","ATHEL STREET",0.00,,Y,A,-,N,,,,,,,,,,Y,2,0,4,2,A,-,09,21801,A,N,A,C,A,A,H,-,D,D,0,,,,,Y,,A,01,3,1,0,0,0,0,0,0,0,"- ","- ",35.681289672851562,-117.82256317138672,KERN,UNINCORPORATED,-117.82250213623047,35.681293487548828
94447740,2024,2024-10-28,9426,2024-09-24,1233,021948,,2,1,9,1500,0,3,5,,2,080,"STATION ROAD","TUPMAN ROAD",1530.00,E,N,A,-,N,,,,,,,,,,Y,1,1,0,1,A,-,08,22107,,N,E,I,A,A,H,-,A,D,0,,,,,Y,,A,01,0,0,0,0,0,0,0,0,0,"- ","- ",35.333011627197266,-119.37155914306641,KERN,UNINCORPORATED,-119.37161254882812,35.33306884765625
94459761,2024,2024-11-06,9830,2024-10-28,2014,019400,,1,2,9,1500,0,1,3,,1,040,"SR-14 S/B","JAWBONE CANYON ROAD",16896.00,S,N,G,-,Y,KER,,14," "," ",32.142,H,,L,Y,2,0,1,2,A,-,03,22350,,N,D,C,A,A,H,-,D,D,0,,,,Y,Y,,D,22,1,0,0,0,0,0,0,0,0,"- ","- ",35.264030456542969,-118.03611755371094,KERN,UNINCORPORATED,-118.03617858886719,35.264045715332031
94463830,2024,2024-11-08,9420,2024-11-01,"620 ",020163,,5,1,9,1500,0,3,5,,2,070,"E. BRUNDAGE LN","OSWELL ST",890.00,E,N,A,-,N,,,,,,,,,,Y,2,0,1,1,A,-,03,22350,,N,E,I,A,A,H,-,D,D,0,,,Y,,Y,,C,02,1,0,0,0,0,0,0,0,1,"- ","- ",35.354160308837891,-118.946533203125,KERN,UNINCORPORATED,-118.94693756103516,35.354228973388672
9448901,2022,2022-06-16,1506,2022-05-01,2106,1080,19,7,5,4,1506,0,0,0,,0,,"N DOWNS AV","LAS FLORES AV",0.00,,Y,A,-,N,,,,,,,,,,Y,2,0,1,1,A,-,03,22350,,N,E,I,A,A,H,-,C,D,0,,,Y,,Y,Y,C,02,1,0,0,0,0,0,0,0,1,"- ","- ",35.62982177734375,-117.68762969970703,KERN,RIDGECREST,-117.68778228759766,35.62982177734375
94497035,2024,2024-12-13,9420,2024-11-16,2355,021766,,6,3,9,1500,0,3,5,,2,671,"DIGIORGIO RD.","VINELAND RD.",0.00,,Y,A,-,N,,,,,,,,,,Y,2,0,3,2,A,-,01,23152,A,F,D,C,A,A,H,-,C,A,0,,,,,Y,Y,A,07,1,2,0,0,0,0,0,0,0,"- ","- ",35.252468109130859,-118.89629364013672,KERN,UNINCORPORATED,-118.89627838134766,35.252479553222656
94505130,2024,2024-12-16,9420,2024-09-19,1739,019316,,4,2,9,1500,0,2,4,,1,051,"NORTH CHESTER AVENUE","BEARDSLEY AVENUE",64.00,S,N,A,-,N,,,,,,,,,,Y,1,1,0,2,A,-,09,21453,B,N,C,C,A,A,H,-,A,A,0,,,Y,,Y,,A,01,0,0,0,0,0,0,0,1,0,"- ","- ",35.404788970947266,-119.02097320556641,KERN,UNINCORPORATED,-119.02100372314453,35.404777526855469
94510500,2024,2024-12-19,9420,2024-12-12,1000,019901,,4,1,4,1503,0,1,3,,2,091,"SR-99 S/B","11TH AVE",200.00,N,N,B,C,Y,KER,,99," "," ",56.159,H,,L,Y,2,0,1,1,A,-,03,22350,,N,E,I,A,B,H,-,A,D,0,,,,,Y,,D,22,1,0,0,0,0,0,0,0,0,"- ","- ",35.770488739013672,-119.25124359130859,KERN,DELANO,-119.25132751464844,35.770477294921875
94511804,2024,2024-12-20,9830,2024-10-24,2500,019872,,4,4,9,1500,0,3,5,,2,003,"BACKUS ROAD","85TH STREET WEST",1320.00,E,N,A,-,N,,,,,,,,,,Y,1,1,0,1,A,-,01,23152,F,N,F,0,A,A,H,-,D,D,0,,,,,Y,,A,01,0,0,0,0,0,0,0,0,0,"- ","- ",34.948070526123047,-118.27903747558594,KERN,UNINCORPORATED,-118.27854919433594,34.948169708251953
94518497,2024,2024-12-27,9420,2024-12-16,1115,021981,,1,1,9,1500,0,3,5,,2,310,"KELSO VALLEY ROAD","OLD ADOBE ROAD",1584.00,S,N,A,-,N,,,,,,,,,,Y,2,0,1,1,A,-,08,22107,,N,E,I,A,A,H,-,A,D,0,,,,,Y,,D,22,1,0,0,0,0,0,0,0,0,"- ","- ",35.526050567626953,-118.19959259033203,KERN,UNINCORPORATED,,
94527387,2024,2025-01-06,9830,2024-12-28,1145,022390,,6,1,9,1500,0,3,5,,2,005,"DOVE SPRING CANYON RD","LOS ANGELES AQUEDUCT RD",7920.00,W,N,A,-,N,,,,,,,,,,Y,2,0,5,2,A,-,03,38305,,N,A,C,A,A,H,-,A,D,0,,,,,Y,,-,"- ",1,4,0,0,0,0,0,0,0,"- ","- ",35.436229705810547,-118.04136657714844,KERN,UNINCORPORATED,-118.04012298583984,35.436088562011719
94527412,2024,2025-01-06,9420,2024-12-22,"535 ",022173,,7,3,9,1500,0,1,3,,1,650,SR-65,"SNOW QUEEN",1000.00,N,N,A,-,Y,KER,,65," "," ",19.770,H,,R,N,2,0,2,2,A,-,05,21460,,N,A,C,A,A,H,-,B,D,0,,,,,Y,,A,01,1,1,0,0,0,0,0,0,0,"- ","- ",35.714191436767578,-119.06494903564453,KERN,UNINCORPORATED,-119.06494903564453,35.714191436767578
94531927,2024,2025-01-09,9426,2024-11-26,"537 ",017281,,2,3,9,1500,0,1,3,,2,330,"STATE ROUTE 33","PRIVATE DRIVEWAY",0.00,,Y,B,C,Y,KER,,33," "," ",62.742,H,,R,Y,1,1,1,3,A,-,09,21804,A,N,D,2,A,B,H,-,D,A,0,,,,,Y,,A,01,0,1,0,0,0,0,0,0,0,"- ","- ",35.64862060546875,-119.89077758789062,KERN,UNINCORPORATED,-119.89084625244141,35.648590087890625
94547335,2024,2025-01-23,9420,2024-11-26,1120,019140,,2,1,9,1500,0,1,3,,2,178,"STATE ROUTE 178","MOBILE DRIVE",2640.00,W,N,B,C,Y,KER,,178," "," ",49.231,H,,R,Y,1,1,1,1,A,-,03,22350,,N,E,I,A,B,H,-,A,D,0,,,,,Y,,D,22,1,0,0,0,0,0,0,0,0,"- ","- ",35.648628234863281,-118.41909790039062,KERN,UNINCORPORATED,-118.41903686523438,35.648609161376953
94547861,2025,2025-01-23,9426,2025-01-19,1835,021572,,7,2,9,1500,0,1,3,,1,118,SR-119,"HARRISON ST",470.00,E,N,A,-,Y,,,,,,,,,,Y,2,0,2,2,A,-,01,23152,A,N,A,C,A,A,H,-,D,D,0,,,,,Y,Y,A,07,2,0,0,0,0,0,0,0,0,"- ","- ",35.118129730224609,-119.43760681152344,KERN,UNINCORPORATED,-119.45319366455078,35.164302825927734
94572188,2025,2025-02-10,9426,2025-02-07,"435 ",022535,,5,3,9,1500,0,3,5,,2,081,"NORTH LINCOLN ST","MIDWAY RD",3696.00,S,N,B,-,N,,,,,,,,,,Y,2,0,2,2,A,-,08,22107,,N,A,C,A,A,H,-,C,D,0,,,,,Y,,A,01,2,0,0,0,0,0,0,0,0,"- ","- ",35.168609619140625,-119.46523284912109,KERN,UNINCORPORATED,-119.46527862548828,35.170497894287109
94577987,2024,2025-02-13,9430,2024-10-05,1225,020255,,6,1,9,1500,0,1,1,,2,052,"I-5 N/B (GOLDEN STATE FWY)","LEBEC SERVICE ROAD",970.00,S,N,A,-,Y,KER,,5," "," ",1.411,H,,R,Y,1,3,1,1,A,-,08,22107,,N,E,I,A,A,D,-,A,D,0,,,,,Y,,A,01,1,0,0,0,0,0,0,0,0,"- ","- ",34.833400726318359,-118.86547088623047,KERN,UNINCORPORATED,-118.86542510986328,34.833370208740234
94582831,2024,2025-02-18,9426,2024-09-23,1540,017321,,1,2,9,1500,0,1,3,,1,332,"STATE ROUTE 33","GROCER GRADE BRAKE CHECK",150.00,S,N,A,-,Y,,,,,,,,,,Y,1,1,2,2,A,-,05,21650,,N,A,C,A,A,H,-,A,D,0,,,,Y,Y,,G,25,1,0,1,0,0,0,0,0,0,"- ","- ",34.09722900390625,-119.043701171875,KERN,UNINCORPORATED,,
94585049,2025,2025-02-20,9830,2025-02-13,1648,018700,,4,2,9,1500,0,3,5,,2,001,"TEHACHAPI WILLOW SPRINGS ROAD","HIGHLINE ROAD",0.00,,Y,B,C,N,,,,,,,,,,Y,2,0,5,2,A,-,09,21801,A,N,A,C,A,B,H,-,A,D,0,,,,,Y,,A,07,2,0,3,0,0,0,0,0,0,"- ","- ",35.109630584716797,-118.39669799804688,KERN,UNINCORPORATED,-118.39667510986328,35.109710693359375
94591798,2025,2025-03-18,9426,2025-02-01,"535 ",019896,,6,3,9,1500,0,3,5,,2,082,"BUTTONWILLOW DRIVE","SULLIVAN ROAD",634.00,N,N,A,-,N,,,,,,,,,,Y,1,1,0,1,A,-,01,23152,A,N,F,I,A,A,H,-,D,D,0,,,,,Y,Y,A,01,0,0,0,0,0,0,0,0,0,"- ","- ",35.415699005126953,-119.47395324707031,KERN,UNINCORPORATED,-119.4739990234375,35.415008544921875
94594469,2025,2025-03-03,9426,2025-02-15,1615,019611,,6,2,9,1500,0,3,5,,2,087,"CYPRESS ST","WALNUT ST",1320.00,E,N,A,-,N,,,,,,,,,,N,2,0,1,1,A,-,03,22350,,N,F,I,A,A,G,-,A,D,0,,,Y,,Y,,C,02,1,0,0,0,0,0,0,0,1,"- ","- ",35.209808349609375,-119.39814758300781,KERN,UNINCORPORATED,-119.40531921386719,35.204769134521484
94595085,2025,2025-03-03,9426,2025-02-16,1802,021572,,7,2,9,1500,0,1,3,,1,460,"STATE ROUTE 46","MARTIN AVENUE",0.00,,Y,A,-,Y,KER,,46," "," ",30.386,H,,R,Y,1,1,1,2,A,-,03,22350,,N,D,C,A,A,H,-,D,D,0,,,Y,,Y,,C,02,0,1,0,0,0,0,0,1,0,"- ","- ",35.616031646728516,-119.69146728515625,KERN,UNINCORPORATED,-119.69146728515625,35.616077423095703
94597466,2024,2025-03-05,9420,2024-12-06,"610 ",016978,,5,1,9,1500,0,1,3,,2,097,"STATE ROUTE 99 (SOUTHBOUND)","STATE ROUTE 166",2079.00,N,N,A,-,Y,KER,,99," "," ",3.109,H,,R,Y,1,1,0,2,A,-,11,21954,A,N,G,B,E,A,H,-,D,D,0,Y,,,,Y,,N,60,0,0,0,1,0,0,0,0,0,"- ","- ",35.063060760498047,-118.96965789794922,KERN,UNINCORPORATED,-118.96945190429688,35.063106536865234