CASE_ID,ACCIDENT_YEAR,PROC_DATE,JURIS,COLLISION_DATE,COLLISION_TIME,OFFICER_ID,REPORTING_DISTRICT,DAY_OF_WEEK,CHP_SHIFT,POPULATION,CNTY_CITY_LOC,SPECIAL_COND,BEAT_TYPE,CHP_BEAT_TYPE,CITY_DIVISION_LAPD,CHP_BEAT_CLASS,BEAT_NUMBER,PRIMARY_RD,SECONDARY_RD,DISTANCE,DIRECTION,INTERSECTION,WEATHER_1,WEATHER_2,STATE_HWY_IND,CALTRANS_COUNTY,CALTRANS_DISTRICT,STATE_ROUTE,ROUTE_SUFFIX,POSTMILE_PREFIX,POSTMILE,LOCATION_TYPE,RAMP_INTERSECTION,SIDE_OF_HWY,TOW_AWAY,COLLISION_SEVERITY,NUMBER_KILLED,NUMBER_INJURED,PARTY_COUNT,PRIMARY_COLL_FACTOR,PCF_CODE_OF_VIOL,PCF_VIOL_CATEGORY,PCF_VIOLATION,PCF_VIOL_SUBSECTION,HIT_AND_RUN,TYPE_OF_COLLISION,MVIW,PED_ACTION,ROAD_SURFACE,ROAD_COND_1,ROAD_COND_2,LIGHTING,CONTROL_DEVICE,CHP_ROAD_TYPE,PEDESTRIAN_ACCIDENT,BICYCLE_ACCIDENT,MOTORCYCLE_ACCIDENT,TRUCK_ACCIDENT,NOT_PRIVATE_PROPERTY,ALCOHOL_INVOLVED,STWD_VEHTYPE_AT_FAULT,CHP_VEHTYPE_AT_FAULT,COUNT_SEVERE_INJ,COUNT_VISIBLE_INJ,COUNT_COMPLAINT_PAIN,COUNT_PED_KILLED,COUNT_PED_INJURED,COUNT_BICYCLIST_KILLED,COUNT_BICYCLIST_INJURED,COUNT_MC_KILLED,COUNT_MC_INJURED,PRIMARY_RAMP,SECONDARY_RAMP,LATITUDE,LONGITUDE,COUNTY,CITY,POINT_X,POINT_Y
94627192,2025,2025-03-26,9420,2025-03-13,"500 ",022464,,4,3,9,1500,0,3,5,,2,610,"SOUTH CHESTER AVENUE","SOUTHGATE DRIVE",0.00,,Y,B,C,N,,,,,,,,,,N,2,0,1,2,A,-,11,21954,A,N,G,B,C,B,F,-,C,A,0,Y,,,,Y,,N,60,1,0,0,0,1,0,0,0,0,"- ","- ",35.335620880126953,-119.01622772216797,KERN,UNINCORPORATED,-119.01651000976562,35.335800170898438
94629376,2025,2025-04-08,9420,2025-03-19,1657,021845,,3,2,9,1500,0,2,4,,1,071,"OSWELL ST","FERNVALE RD",50.00,N,N,B,-,N,,,,,,,,,,N,1,1,0,2,A,-,08,22107,,N,B,G,A,A,H,-,A,D,0,,Y,,,Y,,L,04,0,0,0,0,0,1,0,0,0,"- ","- ",35.380649566650391,-118.94970703125,KERN,UNINCORPORATED,-118.94976806640625,35.380577087402344
94629483,2025,2025-03-27,9420,2025-01-04,2308,021826,,6,3,9,1500,0,1,3,,2,096,"STATE ROUTE 99 SOUTHBOUND","STATE ROUTE 223",5416.00,S,N,A,-,Y,KER,,99," "," ",12.439,H,,L,Y,1,1,0,1,A,-,08,22107,,N,E,I,A,A,H,-,D,D,0,,,,,Y,,A,01,0,0,0,0,0,0,0,0,0,"- ","- ",35.194488525390625,-119.00827026367188,KERN,UNINCORPORATED,-119.00818634033203,35.194499969482422
94631928,2025,2025-03-31,9420,2025-03-23,1700,022615,,7,2,9,1500,0,2,4,,1,051,"MANOR ST NORTHBOUND","DAY AVE",320.00,N,N,A,-,N,,,,,,,,,,Y,2,0,1,1,A,-,08,22107,,N,F,J,A,A,H,-,A,D,0,,,Y,,Y,,C,02,1,0,0,0,0,0,0,0,1,"- ","- ",35.436210632324219,-119.01246643066406,KERN,UNINCORPORATED,-119.01261138916016,35.436111450195312
94634187,2025,2025-04-02,9830,2025-03-29,2049,022390,,6,2,9,1500,0,3,5,,2,005,"LOS ANGELES AQUEDUCT RD",SR-178W,2640.00,S,N,G,-,N,,,,,,,,,,Y,2,0,2,1,A,-,01,23152,A,N,E,I,A,A,H,-,D,D,0,,,,,Y,Y,D,22,1,1,0,0,0,0,0,0,0,"- ","- ",35.597259521484375,-117.92475128173828,KERN,UNINCORPORATED,-117.91847991943359,35.596172332763672
94636032,2025,2025-04-03,9420,2025-03-25,"510 ",021773,,2,3,9,1500,0,2,4,,1,072,"EDISON HWY","FAIRFAX RD",0.00,,Y,A,-,N,,,,,,,,,,Y,2,0,1,1,A,-,01,23152,F,N,E,J,A,A,H,-,C,A,0,,,,,Y,,A,07,1,0,0,0,0,0,0,0,0,"- ","- ",35.362491607666016,-118.93122863769531,KERN,UNINCORPORATED,,
94637397,2025,2025-04-04,9420,2025-03-25,"900 ",019184,,2,1,9,1500,0,3,5,,2,060,"ROSEDALE HWY","NORD AVE.",0.00,,Y,A,-,N,,,,,,,,,,Y,2,0,2,2,A,-,01,23152,A,N,D,C,A,A,H,-,A,A,0,,,,,Y,Y,D,22,1,0,1,0,0,0,0,0,0,"- ","- ",35.383499145507812,-119.19879913330078,KERN,UNINCORPORATED,-119.19878387451172,35.38348388671875
94637953,2024,2025-04-04,9420,2024-03-28,1218,016978,,4,1,6,1502,0,1,3,,2,585,"STATE ROUTE 58 (WESTBOUND)","WASHINGTON STREET",500.00,W,N,B,-,Y,KER,,58," ",R,55.856,H,,L,Y,1,1,1,2,A,-,08,22107,,N,C,E,A,A,H,-,A,D,0,,,,,Y,,A,07,0,1,0,0,0,0,0,0,0,"- ","- ",35.352611541748047,-118.97760772705078,KERN,BAKERSFIELD,-118.97760772705078,35.352561950683594
9463880,2022,2022-09-20,1501,2022-05-14,1926,990,12,6,5,3,1501,0,0,0,,0,001,"BEAR MOUNTAIN BL","MEYER ST",12.00,E,N,A,-,Y,KER,6,223,-,-,20.660,I,5,E,N,2,0,3,2,A,-,12,21453,A,N,H,G,A,A,H,-,A,A,0,,Y,,,Y,,L,04,1,2,0,0,0,0,1,0,0,"- ","- ",35.209018707275391,-118.83319854736328,KERN,ARVIN,-118.83321380615234,35.209022521972656
9464346,2022,2022-08-23,1511,2022-07-11,0302,53082,1,1,5,2,1511,0,0,0,,0,00A,"CALIFORNIA CITY BL","MAVRICK ST",2640.00,E,N,A,-,N,,,,,,,,,,Y,1,1,0,1,A,-,08,22107,,N,F,A,A,A,H,-,D,D,0,,,,,Y,,A,01,0,0,0,0,0,0,0,0,0,"- ","- ",35.125480651855469,-118.08384704589844,KERN,"CALIFORNIA CITY",-118.0750732421875,35.125499725341797
94646146,2025,2025-04-11,9420,2025-03-21,"550 ",020782,,5,3,9,1500,0,1,3,,1,184,"STATE ROUTE 184","KERRNITA ROAD",145.00,S,N,A,-,Y,KER,,184," "," ",7.559,H,,R,N,1,1,0,2,A,-,11,21954,A,N,G,B,E,A,H,-,D,D,0,Y,,,,Y,,N,60,0,0,0,1,0,0,0,0,0,"- ","- ",35.346641540527344,-118.91425323486328,KERN,UNINCORPORATED,-118.91427612304688,35.346641540527344
94652259,2025,2025-04-16,9420,2025-04-04,2244,022819,,5,3,9,1500,0,2,4,,1,051,"WORTHINGTON AVE S/B","DAY AVE",101.00,S,N,A,-,N,,,,,,,,,,N,2,0,1,4,A,-,01,23152,A,N,A,2,E,A,H,-,C,D,0,Y,,,,Y,Y,D,22,1,0,0,0,1,0,0,0,0,"- ","- ",35.434871673583984,-119.01915740966797,KERN,UNINCORPORATED,-119.01918792724609,35.434913635253906
94653230,2025,2025-04-17,9420,2025-03-28,"440 ",022567,,5,3,9,1500,0,3,5,,2,040,"HEIGHT STREET","NELSON STREET",150.00,E,N,A,-,N,,,,,,,,,,N,2,0,1,2,A,-,11,21954,A,N,G,B,E,A,H,-,C,D,0,Y,,,,Y,,N,60,1,0,0,0,1,0,0,0,0,"- ","- ",35.393890380859375,-118.97982025146484,KERN,UNINCORPORATED,-118.98027038574219,35.393901824951172
94660386,2025,2025-04-23,9420,2025-04-06,2101,023204,,7,2,9,1500,0,1,3,,1,176,SR-176,"MORNING DRIVE",1765.00,E,N,A,-,Y,KER,,178," ",R,8.087,H,,L,Y,2,0,1,2,A,-,03,22350,,N,C,C,A,A,H,-,D,D,0,,,Y,,Y,,C,02,1,0,0,0,0,0,0,0,1,"- ","- ",35.396980285644531,-118.90702819824219,KERN,UNINCORPORATED,-118.90702819824219,35.396961212158203
94664533,2025,2025-04-25,9830,2025-01-01,"530 ",020866,,3,3,9,1500,0,1,3,,1,022,"STATE ROUTE 58 EASTBOUND","CLAY MINE ROAD",5280.00,W,N,A,-,Y,KER,,58," ",R,130.629,H,,R,N,1,1,1,2,A,-,05,21651,B,N,A,C,A,A,H,-,D,D,0,,,,,Y,,A,07,1,0,0,0,0,0,0,0,0,"- ","- ",35.008419036865234,-117.86434936523438,KERN,UNINCORPORATED,-117.86434936523438,35.008403778076172
94670395,2025,2025-04-30,9420,2025-04-21,2500,023089,,1,4,9,1500,0,3,5,,2,510,"WOOLLOMES AVE","WALLACE RD",1820.00,W,N,A,-,N,,,,,,,,,,Y,2,0,1,1,A,-,01,23152,A,M,E,I,A,A,H,-,D,D,0,,,,,Y,Y,A,01,1,0,0,0,0,0,0,0,0,"- ","- ",35.74700927734375,-119.17572021484375,KERN,UNINCORPORATED,-119.17564392089844,35.746955871582031
94676735,2025,2025-05-06,9420,2025-04-24,2221,022464,,4,3,9,1500,0,2,4,,2,062,"ROSEDALE HWY","JEWETTA AVE",0.00,,Y,A,-,Y,,,,,,,,,,Y,2,0,2,2,A,-,09,21801,A,N,A,2,A,A,H,-,C,D,0,,,,,Y,,A,07,1,1,0,0,0,0,0,0,0,"- ","- ",35.383560180664062,-119.1248779296875,KERN,UNINCORPORATED,-119.12489318847656,35.383563995361328
94677110,2025,2025-05-06,9420,2025-04-23,1430,021667,,3,2,9,1500,0,3,5,,2,060,"NORRIS ROAD","QUAIL CREEK ROAD",0.00,,Y,A,-,N,,,,,,,,,,N,2,0,1,2,A,-,05,21650,,N,G,G,A,A,H,-,A,A,0,,Y,,,Y,,A,01,1,0,0,0,0,0,1,0,0,"- ","- ",35.41986083984375,-119.10121154785156,KERN,UNINCORPORATED,-119.10114288330078,35.419780731201172
94705399,2025,2025-05-29,9420,2025-05-16,1700,023030,,5,2,9,1500,0,1,3,,2,431,SR-43,"ORANGE ST",0.00,,Y,A,-,N,,,,,,,,,,Y,2,0,1,2,A,-,09,21802,A,N,D,C,A,A,H,-,A,D,0,,,Y,,Y,,D,22,1,0,0,0,0,0,0,0,1,"- ","- ",35.478031158447266,-119.26081848144531,KERN,UNINCORPORATED,-119.26083374023438,35.478019714355469
94712589,2025,2025-06-04,9830,2025-04-02,2038,023400,,3,2,9,1500,0,2,4,,1,034,"ROSAMOND BOULEVARD","35TH STREET WEST",0.00,,Y,A,-,N,,,,,,,,,,Y,1,1,1,2,A,-,01,23152,G,N,D,2,A,A,H,-,C,A,0,,,,,Y,Y,A,07,0,1,0,0,0,0,0,0,0,"- ","- ",34.863941192626953,-118.19361877441406,KERN,UNINCORPORATED,-118.19367218017578,34.863903045654297
94718649,2025,2025-06-09,9830,2025-05-10,2134,023380,,6,2,3,1509,0,3,5,,2,001,"BEAR VALLEY RD","ROOST AVENUE",2500.00,N,N,A,-,N,,,,,,,,,,Y,2,0,1,1,A,-,08,22107,,N,E,I,A,A,H,-,C,D,0,,,,,Y,Y,A,01,1,0,0,0,0,0,0,0,0,"- ","- ",35.145198822021484,-118.57460784912109,KERN,TEHACHAPI,-118.57457733154297,35.144954681396484
94719601,2025,2025-06-10,9830,2025-05-25,"405 ",023400,,7,3,9,1500,0,3,5,,2,002,"CALIFORNIA CITY BLVD","BAGLEY AVE",515.00,S,N,A,-,N,,,,,,,,,,Y,2,0,1,1,A,-,08,22107,,N,F,A,A,A,H,-,D,D,0,,,Y,,Y,,C,02,1,0,0,0,0,0,0,0,1,"- ","- ",35.101238250732422,-117.91745758056641,KERN,UNINCORPORATED,,
94725057,2025,2025-06-13,9830,2025-06-01,"920 ",024380,,7,1,9,1500,0,3,5,,2,002,"PANAMINT ST","M ST",30.00,E,N,A,-,N,,,,,,,,,,Y,2,0,1,3,A,-,01,23152,A,N,C,E,A,A,H,-,A,D,0,,,,,Y,Y,A,01,1,0,0,0,0,0,0,0,0,"- ","- ",35.051891326904297,-118.16905212402344,KERN,UNINCORPORATED,-118.16921997070312,35.051948547363281
94735707,2025,2025-06-23,9420,2025-06-13,"715 ",021870,,5,1,9,1500,0,3,5,,2,610,"S CHESTER AVE","DORIAN DRIVE",23.00,S,N,A,-,N,,,,,,,,,,N,2,0,1,2,A,-,11,21954,A,N,G,B,D,A,H,-,A,D,0,Y,,,,Y,,N,60,1,0,0,0,1,0,0,0,0,"- ","- ",35.330860137939453,-119.01326751708984,KERN,UNINCORPORATED,-119.01327514648438,35.330883026123047
94737978,2025,2025-06-24,9420,2025-06-14,2110,022615,,6,2,9,1500,0,3,5,,2,050,"ALLEY WAY NORTH OF DECATUR ST","CHESTER AVE",70.00,W,N,A,-,N,,,,,,,,,,N,2,0,2,3,A,-,03,22350,,F,G,1,E,A,H,-,C,D,0,Y,,,,Y,,A,01,1,1,0,0,2,0,0,0,0,"- ","- ",35.414108276367188,-119.02155303955078,KERN,UNINCORPORATED,-119.01419067382812,35.359821319580078
94740707,2025,2025-06-26,9420,2025-06-11,"310 ",021905,,3,3,9,1500,0,3,5,,2,610,"BELLE TERRACE","IRVIN STREET",137.00,W,N,A,-,N,,,,,,,,,,Y,2,0,1,3,A,-,01,23152,A,N,C,E,A,A,H,-,D,D,0,,,,,Y,Y,A,01,1,0,0,0,0,0,0,0,0,"- ","- ",35.346649169921875,-119.02726745605469,KERN,UNINCORPORATED,-119.02716827392578,35.346691131591797
94747368,2025,2025-08-05,9830,2025-06-08,1330,019367,,7,1,9,1500,0,2,4,,1,032,"SIERRA HWY.","AVENUE A",0.00,,Y,A,-,N,,,,,,,,,,Y,2,0,2,2,A,-,05,21752,D,N,D,C,A,A,H,-,A,D,0,,,,,Y,,A,01,1,1,0,0,0,0,0,0,0,"- ","- ",34.820709228515625,-118.15608978271484,KERN,UNINCORPORATED,-118.15608215332031,34.820674896240234
94749278,2025,2025-07-07,9420,2025-04-28,1520,022415,,1,2,9,1500,0,2,4,,1,077,"SOUTH FAIRFAX ROAD","VIA DEL MAR",0.00,,Y,A,-,N,,,,,,,,,,Y,1,1,0,2,A,-,09,21801,A,N,D,C,A,A,H,-,A,D,0,,,Y,,Y,,A,07,0,0,0,0,0,0,0,1,0,"- ","- ",35.345481872558594,-118.93190765380859,KERN,UNINCORPORATED,-118.93201446533203,35.345428466796875
94752248,2025,2025-07-07,9830,2025-06-13,2153,024285,,5,2,9,1500,0,1,3,,1,015,"STATE ROUTE 202","CUMMINGS VALLEY ROAD",1594.00,W,N,A,-,Y,KER,,202," ",R,4.587,H,,R,Y,2,0,1,1,C,-,18,,,N,E,H,A,A,H,-,D,D,0,,,,,Y,,-,"- ",1,0,0,0,0,0,0,0,0,"- ","- ",35.119731903076172,-118.53404998779297,KERN,UNINCORPORATED,-118.53404998779297,35.119728088378906
94755665,2025,2025-07-09,9420,2025-05-20,1915,021144,,2,2,9,1500,0,2,4,,1,052,"CHINA GRADE LOOP","MANOR ST.",0.00,,Y,A,-,N,,,,,,,,,,Y,2,0,8,2,A,-,01,23152,F,N,D,2,A,A,H,-,A,A,0,,,,,Y,,A,01,5,3,0,0,0,0,0,0,0,"- ","- ",35.426799774169922,-119.01236724853516,KERN,UNINCORPORATED,-119.01244354248047,35.426761627197266
94775508,2025,2025-07-24,9420,2025-06-15,2335,022674,,7,3,9,1500,0,2,4,,1,051,"ROBERTS LANE (200 BLOCK)","PLYMOUTH AVENUE",212.00,E,N,A,-,N,,,,,,,,,,N,1,1,0,2,A,-,05,21650,,N,A,G,A,A,H,-,D,D,0,,Y,,,Y,,L,04,0,0,0,0,0,1,0,0,0,"- ","- ",35.408699035644531,-119.02464294433594,KERN,UNINCORPORATED,-119.02482604980469,35.40863037109375
9504152,2021,2023-06-20,1506,2021-12-23,2357,1304,29,4,5,4,1506,0,0,0,,0,,"RT 178","NORTH CHINA LAKE BL",229.00,E,N,B,-,Y,KER,6,178,-,-,102.640,H,-,W,Y,1,1,0,2,A,-,01,23152,G,N,E,I,A,B,H,-,C,D,0,,,,,Y,Y,A,07,0,0,0,0,0,0,0,0,0,"- ","- ",,,KERN,RIDGECREST,-117.66943359375,35.622570037841797
9505425,2022,2022-10-19,1508,2022-09-13,1728,126,6B,2,5,2,1508,0,0,0,,0,,"CADET RD","PETROLEUM CLUB RD",0.00,,Y,A,-,N,,,,,,,,,,Y,2,0,1,2,A,-,09,21802,A,N,B,D,A,A,H,-,A,D,0,,,,,Y,,A,01,1,0,0,0,0,0,0,0,0,"- ","- ",35.098758697509766,-119.40241241455078,KERN,TAFT,-119.40238189697266,35.098766326904297
9506656,2022,2022-11-01,1500,2022-09-07,1515,201730,WA-02,3,5,3,1510,0,0,0,,0,4401,"RT 46","SCOFIELD AV",115.00,W,N,A,-,Y,KER,6,46,-,-,46.990,H,-,E,Y,2,0,1,2,A,-,09,21802,A,N,C,C,A,A,H,-,A,A,0,,,,Y,Y,,A,01,1,0,0,0,0,0,0,0,0,"- ","- ",,,KERN,WASCO,-119.40300750732422,35.601490020751953
9516327,2022,2022-12-19,1506,2022-11-05,1249,1304,3,6,5,4,1506,0,0,0,,0,,"W GRAAF AV","N DOWNS ST",0.00,,Y,A,-,N,,,,,,,,,,N,2,0,1,2,A,-,00,21954,,N,G,B,E,A,H,-,A,D,0,Y,,,,Y,,N,60,1,0,0,0,1,0,0,0,0,"- ","- ",35.648029327392578,-117.6876220703125,KERN,RIDGECREST,-117.68777465820312,35.648036956787109
9520216,2021,2023-01-12,1502,2021-12-06,0457,1225,,1,5,6,1502,0,0,0,,0,HILL,"ALFRED HARRELL HWY","ALLEGHENY CT",2112.00,N,N,E,-,N,,,,,,,,,,Y,1,1,0,1,A,-,01,23152,F,N,F,A,A,A,H,-,D,D,0,,,,,Y,,A,01,0,0,0,0,0,0,0,0,0,"- ","- ",35.426830291748047,-118.86016082763672,KERN,BAKERSFIELD,-118.86077299999999,35.427250000000001
9520668,2022,2023-07-05,1502,2022-02-22,2239,1268,,2,5,6,1502,0,0,0,,0,CENTRA,"CALIFORNIA AV","CHESTER LN",0.00,,Y,A,-,N,,,,,,,,,,Y,1,1,0,2,A,-,11,21453,D,N,G,B,B,A,H,-,C,A,0,Y,,,,Y,,N,60,0,0,0,1,0,0,0,0,0,"- ","- ",35.367321014404297,-119.04736328125,KERN,BAKERSFIELD,-119.04775238037109,35.367362976074219
9520669,2022,2023-07-24,1502,2022-01-10,2057,1268,,1,5,6,1502,0,0,0,,0,HILL,"BUCK OWENS BL","GILMORE AV",352.00,S,N,A,-,N,,,,,,,,,,Y,1,1,1,2,A,-,11,21954,A,N,G,B,D,A,H,-,C,D,0,Y,,,,Y,,N,60,0,0,1,1,0,0,0,0,0,"- ","- ",35.387939453125,-119.04331970214844,KERN,BAKERSFIELD,-119.04315185546875,35.388465881347656
9520673,2022,2023-07-06,1502,2022-07-01,0256,1338,,5,5,6,1502,0,0,0,,0,VALLEY,"BELLE TR","H ST",0.00,,Y,A,-,N,,,,,,,,,,Y,1,1,1,2,A,-,01,23153,A,N,D,D,A,A,A,-,C,A,0,,,,,Y,Y,A,01,1,0,0,0,0,0,0,0,0,"- ","- ",35.346698760986328,-119.02104949951172,KERN,BAKERSFIELD,-119.02130126953125,35.3466796875
9556741,2023,2023-04-05,1506,2023-03-01,2220,7566,38,3,5,4,1506,0,0,0,,0,,"E RIDGECREST BL","S AMERICAN ST",78.00,E,N,A,-,Y,KER,6,178,-,-,103.290,H,-,E,N,2,0,1,2,A,-,03,22350,A,N,C,E,A,A,H,-,C,D,0,,,Y,,Y,,C,02,1,0,0,0,0,0,0,0,1,"- ","- ",35.622169494628906,-117.65647888183594,KERN,RIDGECREST,-117.65772247314453,35.6224365234375
9558216,2023,2023-08-25,1507,2023-02-09,1446,293,200,4,5,3,1507,0,0,0,,0,,"SANTA FE WY","RIVERSIDE ST",0.00,,Y,A,-,N,,,,,,,,,,Y,2,0,1,2,A,-,09,21801,B,N,D,D,A,A,H,-,A,D,0,,,Y,,Y,,C,02,1,0,0,0,0,0,0,0,1,"- ","- ",35.485260009765625,-119.25241851806641,KERN,SHAFTER,-119.25238037109375,35.485271453857422
9583550,2023,2023-07-26,1508,2023-06-17,2300,110,5B,6,5,2,1508,0,0,0,,0,,"RT 33",GARDNERFIELD,1179.00,S,N,A,-,Y,KER,6,33,-,-,17.730,H,-,N,Y,2,0,3,2,A,-,01,23153,A,N,A,C,A,A,H,-,D,D,0,,,,,Y,Y,A,01,2,1,0,0,0,0,0,0,0,"- ","- ",35.136878967285156,-119.44737243652344,KERN,TAFT,-119.44718933105469,35.133777618408203
9623204,2023,2023-12-12,1500,2023-10-20,1847,202421,WA-02,5,5,3,1510,0,0,0,,0,4401,BROADWAY,"3RD ST",154.00,S,N,A,-,N,,,,,,,,,,N,2,0,1,2,D,-,00,,,F,C,G,A,-,H,-,C,D,0,,Y,,,Y,,-,"- ",1,0,0,0,0,0,1,0,0,"- ","- ",,,KERN,WASCO,-119.33816528320312,35.597969055175781
9639340,2023,2023-11-28,1501,2023-09-29,1552,639,19,5,5,3,1501,0,0,0,,0,002,"SOUTH HILL ST","HAVEN DR",0.00,,Y,A,-,N,,,,,,,,,,Y,2,0,1,2,A,-,09,21801,A,N,B,C,A,A,H,-,A,A,0,,,,,Y,,A,08,1,0,0,0,0,0,0,0,0,"- ","- ",35.205448150634766,-118.83094787597656,KERN,ARVIN,-118.83094024658203,35.205425262451172
9640025,2022,2023-11-28,1502,2022-02-20,0329,1223,,7,5,6,1502,0,0,0,,0,CENTRA,"WHITE LN","DOVEWOOD ST",97.00,W,N,A,-,N,,,,,,,,,,N,1,1,0,2,A,-,11,21954,A,N,G,B,D,A,H,-,C,D,0,Y,,,,Y,,N,60,0,0,0,1,0,0,0,0,0,"- ","- ",35.317581176757812,-119.05206298828125,KERN,BAKERSFIELD,-119.05204772949219,35.317829132080078
9640314,2024,2024-07-24,1508,2024-02-04,"703 ",142,6B,7,5,2,1508,0,0,0,,0,,"GARDNER FIELD RD","COMMERCE WY",165.00,W,N,C,-,N,,,,,,,,,,N,1,1,0,2,D,-,00,,,F,H,G,A,B,H,-,D,D,0,,Y,,,Y,,-,"- ",0,0,0,0,0,1,0,0,0,"- ","- ",35.14263916015625,-119.45693206787109,KERN,TAFT,-119.44273376464844,35.136905670166016
9697786,2024,2024-05-29,1509,2024-04-16,"721 ",1024,W,2,5,3,1509,0,0,0,,0,,"W TEHACHAPI BL","SOUTH CURRY ST",42.00,E,N,A,-,N,,,,,,,,,,Y,2,0,2,2,A,-,12,22450,A,N,H,C,A,A,H,-,A,-,0,,,,,Y,,A,01,2,0,0,0,0,0,0,0,0,"- ","- ",35.132331848144531,-118.44908142089844,KERN,TEHACHAPI,-118.44895935058594,35.132297515869141
9707307,2024,2024-06-18,1506,2024-04-30,1141,1304,34,2,5,4,1506,0,0,0,,0,,"W UPJOHN AV","S MAHAN ST",0.00,,Y,A,-,N,,,,,,,,,,Y,2,0,1,1,A,-,03,22350,,N,F,A,A,A,H,-,A,D,0,,,Y,,Y,,C,02,1,0,0,0,0,0,0,0,1,"- ","- ",35.615200042724609,-117.69671630859375,KERN,RIDGECREST,-117.69676208496094,35.615215301513672
9723705,2024,2024-10-15,1507,2024-09-27,"644 ",315,200,5,5,3,1507,0,0,0,,0,,"E RIVERSIDE AV","SANTA FE WY",41.00,N,N,A,-,N,,,,,,,,,,N,2,0,1,2,A,-,03,22350,,N,C,C,A,A,H,-,A,D,0,,,,,Y,,A,01,1,0,0,0,0,0,0,0,0,"- ","- ",35.485260009765625,-119.25241851806641,KERN,SHAFTER,-119.25238037109375,35.485271453857422
9728369,2024,2024-09-18,1501,2024-08-01,1253,626,14,4,5,3,1501,0,0,0,,0,001,"BEAR MOUNTAIN BL","WALNUT DR",450.00,W,N,A,-,N,,,,,,,,,,Y,2,0,2,2,A,-,04,21703,,N,C,C,A,A,H,-,A,D,0,,,,,Y,Y,A,01,1,1,0,0,0,0,0,0,0,"- ","- ",35.208488464355469,-118.83952331542969,KERN,ARVIN,-118.83918762207031,35.208984375
9768454,2024,2025-01-08,1507,2024-11-18,1451,302,46,1,5,3,1507,0,0,0,,0,,"GOSSAMER GROVE BL","7TH STANDARD RD",0.00,,Y,A,-,N,,,,,,,,,,Y,2,0,1,3,A,-,03,22350,,N,C,C,A,A,H,-,A,A,0,,,,,Y,,D,22,1,0,0,0,0,0,0,0,0,"- ","- ",35.441448211669922,-119.11876678466797,KERN,SHAFTER,-119.11878204345703,35.441478729248047
9786074,2024,2025-04-02,1511,2024-10-23,1640,53301,4,3,5,2,1511,0,0,0,,0,00A,"9567 CALIFORNIA CITY BL","CONSTITUTION DR",0.00,,Y,A,-,N,,,,,,,,,,N,1,2,0,2,A,-,03,22350,,N,H,C,A,A,H,-,A,D,0,,,,,Y,,A,01,0,0,0,0,0,0,0,0,0,"- ","- ",35.126270294189453,-117.95777893066406,KERN,"CALIFORNIA CITY",-117.95648956298828,35.125885009765625
9786103,2024,2025-04-09,1502,2024-03-29,2120,1225,,5,5,6,1502,0,0,0,,0,HILL,"BUCK OWENS BL","SILLECT AV",429.00,N,N,A,-,N,,,,,,,,,,N,1,1,0,2,A,-,11,21954,A,F,G,B,D,A,H,-,C,A,0,Y,,,,Y,,N,60,0,0,0,1,0,0,0,0,0,"- ","- ",35.38555908203125,-119.04335021972656,KERN,BAKERSFIELD,-119.04313659667969,35.387336730957031
9786277,2024,2025-07-16,1502,2024-08-22,"420 ",P63,,4,5,6,1502,0,0,0,,0,CENTRA,"STOCKDALE HWY","RT 99",36.00,E,N,A,-,Y,KER,6,99,-,-,23.780,R,4,S,N,1,1,0,2,A,-,07,21658,A,N,H,G,A,A,H,-,C,A,0,,Y,,Y,Y,,L,04,0,0,0,0,0,1,0,0,0,"- ",SF,35.353538513183594,-119.04080200195312,KERN,BAKERSFIELD,-119.03961944580078,35.356491088867188
9786399,2024,2025-07-17,1502,2024-03-27,1654,1213,,3,5,6,1502,0,0,0,,0,SOUTH,"HARRIS RD","ASHE RD",89.00,E,N,A,-,N,,,,,,,,,,Y,1,1,3,3,A,-,05,21651,B,N,A,C,A,A,H,-,A,D,0,,,,,Y,,A,01,0,1,2,0,0,0,0,0,0,"- ","- ",35.303329467773438,-119.07466125488281,KERN,BAKERSFIELD,-119.07427215576172,35.303291320800781
9800869,2025,2025-07-11,1507,2025-04-17,"546 ",336,,4,5,3,1507,0,0,0,,0,,"SANTA FE WY","CHERRY AV",0.00,,Y,A,-,N,,,,,,,,,,N,2,0,4,2,A,-,09,21804,A,N,D,C,A,A,H,-,D,A,0,,,,,Y,,A,01,1,3,0,0,0,0,0,0,0,"- ","- ",35.47760009765625,-119.24285125732422,KERN,SHAFTER,-119.24305725097656,35.477611541748047
9808354,2025,2025-07-21,1508,2025-06-22,"45  ",65,3B,7,5,2,1508,0,0,0,,0,,"6TH ST","NORTH ST",17.00,N,N,A,-,N,,,,,,,,,,N,2,0,1,1,A,-,08,22107,,N,E,J,A,A,H,-,C,D,0,,,Y,,Y,,C,03,1,0,0,0,0,0,0,0,1,"- ","- ",35.142269134521484,-119.46006011962891,KERN,TAFT,-119.46002960205078,35.142314910888672
9829053,2025,2025-07-09,1506,2025-05-12,1728,7181,30,1,5,4,1506,0,0,0,,0,002,"RIDGECREST BL","SUNLAND ST",0.00,,Y,A,-,Y,KER,6,178,-,-,103.120,I,5,E,Y,2,0,5,2,A,-,12,22450,A,N,D,C,A,A,H,-,A,A,0,,,,Y,Y,,A,07,3,2,0,0,0,0,0,0,0,"- ","- ",35.622489929199219,-117.66104125976562,KERN,RIDGECREST,-117.66102600097656,35.622432708740234